Statistic Label,Year,Type of Ownership,Engine Capacity cc,Fuel Type,County of Ownership,Year of Registration,UNIT,VALUE
Vehicle Population,2018,All owners,Up to 1000 cc,Petrol,Co. Carlow,All years,Number,1607
Vehicle Population,2018,All owners,Up to 1000 cc,Petrol,Co. Cavan,All years,Number,1752
Vehicle Population,2018,All owners,Up to 1000 cc,Petrol,Co. Clare,All years,Number,3493
Vehicle Population,2018,All owners,Up to 1000 cc,Petrol,Co. Cork,All years,Number,19213
Vehicle Population,2018,All owners,Up to 1000 cc,Petrol,Co. Donegal,All years,Number,3704
Vehicle Population,2018,All owners,Up to 1000 cc,Petrol,Co. Dublin,All years,Number,44721
Vehicle Population,2018,All owners,Up to 1000 cc,Petrol,Co. Galway,All years,Number,6394
Vehicle Population,2018,All owners,Up to 1000 cc,Petrol,Co. Kerry,All years,Number,4426
Vehicle Population,2018,All owners,Up to 1000 cc,Petrol,Co. Kildare,All years,Number,6850
Vehicle Population,2018,All owners,Up to 1000 cc,Petrol,Co. Kilkenny,All years,Number,2837
Vehicle Population,2018,All owners,Up to 1000 cc,Petrol,Co. Laois,All years,Number,1998
Vehicle Population,2018,All owners,Up to 1000 cc,Petrol,Co. Leitrim,All years,Number,815
Vehicle Population,2018,All owners,Up to 1000 cc,Petrol,Co. Limerick,All years,Number,6145
Vehicle Population,2018,All owners,Up to 1000 cc,Petrol,Co. Longford,All years,Number,1009
Vehicle Population,2018,All owners,Up to 1000 cc,Petrol,Co. Louth,All years,Number,3827
Vehicle Population,2018,All owners,Up to 1000 cc,Petrol,Co. Mayo,All years,Number,3469
Vehicle Population,2018,All owners,Up to 1000 cc,Petrol,Co. Meath,All years,Number,4898
Vehicle Population,2018,All owners,Up to 1000 cc,Petrol,Co. Monaghan,All years,Number,1188
Vehicle Population,2018,All owners,Up to 1000 cc,Petrol,Co. Offaly,All years,Number,2107
Vehicle Population,2018,All owners,Up to 1000 cc,Petrol,Co. Roscommon,All years,Number,2304
Vehicle Population,2018,All owners,Up to 1000 cc,Petrol,Co. Sligo,All years,Number,1939
Vehicle Population,2018,All owners,Up to 1000 cc,Petrol,Co. Tipperary,All years,Number,4872
Vehicle Population,2018,All owners,Up to 1000 cc,Petrol,Co. Waterford,All years,Number,4732
Vehicle Population,2018,All owners,Up to 1000 cc,Petrol,Co. Westmeath,All years,Number,2345
Vehicle Population,2018,All owners,Up to 1000 cc,Petrol,Co. Wexford,All years,Number,4866
Vehicle Population,2018,All owners,Up to 1000 cc,Petrol,Co. Wicklow,All years,Number,4832
Vehicle Population,2018,All owners,Up to 1000 cc,Diesel,Co. Carlow,All years,Number,1
Vehicle Population,2018,All owners,Up to 1000 cc,Diesel,Co. Cavan,All years,Number,2
Vehicle Population,2018,All owners,Up to 1000 cc,Diesel,Co. Clare,All years,Number,5
Vehicle Population,2018,All owners,Up to 1000 cc,Diesel,Co. Cork,All years,Number,16
Vehicle Population,2018,All owners,Up to 1000 cc,Diesel,Co. Donegal,All years,Number,4
Vehicle Population,2018,All owners,Up to 1000 cc,Diesel,Co. Dublin,All years,Number,80
Vehicle Population,2018,All owners,Up to 1000 cc,Diesel,Co. Galway,All years,Number,12
Vehicle Population,2018,All owners,Up to 1000 cc,Diesel,Co. Kerry,All years,Number,4
Vehicle Population,2018,All owners,Up to 1000 cc,Diesel,Co. Kildare,All years,Number,6
Vehicle Population,2018,All owners,Up to 1000 cc,Diesel,Co. Kilkenny,All years,Number,2
Vehicle Population,2018,All owners,Up to 1000 cc,Diesel,Co. Laois,All years,Number,1
Vehicle Population,2018,All owners,Up to 1000 cc,Diesel,Co. Leitrim,All years,Number,0
Vehicle Population,2018,All owners,Up to 1000 cc,Diesel,Co. Limerick,All years,Number,2
Vehicle Population,2018,All owners,Up to 1000 cc,Diesel,Co. Longford,All years,Number,1
Vehicle Population,2018,All owners,Up to 1000 cc,Diesel,Co. Louth,All years,Number,4
Vehicle Population,2018,All owners,Up to 1000 cc,Diesel,Co. Mayo,All years,Number,3
Vehicle Population,2018,All owners,Up to 1000 cc,Diesel,Co. Meath,All years,Number,4
Vehicle Population,2018,All owners,Up to 1000 cc,Diesel,Co. Monaghan,All years,Number,5
Vehicle Population,2018,All owners,Up to 1000 cc,Diesel,Co. Offaly,All years,Number,2
Vehicle Population,2018,All owners,Up to 1000 cc,Diesel,Co. Roscommon,All years,Number,0
Vehicle Population,2018,All owners,Up to 1000 cc,Diesel,Co. Sligo,All years,Number,2
Vehicle Population,2018,All owners,Up to 1000 cc,Diesel,Co. Tipperary,All years,Number,7
Vehicle Population,2018,All owners,Up to 1000 cc,Diesel,Co. Waterford,All years,Number,3
Vehicle Population,2018,All owners,Up to 1000 cc,Diesel,Co. Westmeath,All years,Number,5
Vehicle Population,2018,All owners,Up to 1000 cc,Diesel,Co. Wexford,All years,Number,5
Vehicle Population,2018,All owners,Up to 1000 cc,Diesel,Co. Wicklow,All years,Number,3
Vehicle Population,2018,All owners,Up to 1000 cc,Other fuel types,Co. Carlow,All years,Number,36
Vehicle Population,2018,All owners,Up to 1000 cc,Other fuel types,Co. Cavan,All years,Number,29
Vehicle Population,2018,All owners,Up to 1000 cc,Other fuel types,Co. Clare,All years,Number,91
Vehicle Population,2018,All owners,Up to 1000 cc,Other fuel types,Co. Cork,All years,Number,429
Vehicle Population,2018,All owners,Up to 1000 cc,Other fuel types,Co. Donegal,All years,Number,42
Vehicle Population,2018,All owners,Up to 1000 cc,Other fuel types,Co. Dublin,All years,Number,1407
Vehicle Population,2018,All owners,Up to 1000 cc,Other fuel types,Co. Galway,All years,Number,196
Vehicle Population,2018,All owners,Up to 1000 cc,Other fuel types,Co. Kerry,All years,Number,86
Vehicle Population,2018,All owners,Up to 1000 cc,Other fuel types,Co. Kildare,All years,Number,232
Vehicle Population,2018,All owners,Up to 1000 cc,Other fuel types,Co. Kilkenny,All years,Number,46
Vehicle Population,2018,All owners,Up to 1000 cc,Other fuel types,Co. Laois,All years,Number,42
Vehicle Population,2018,All owners,Up to 1000 cc,Other fuel types,Co. Leitrim,All years,Number,14
Vehicle Population,2018,All owners,Up to 1000 cc,Other fuel types,Co. Limerick,All years,Number,107
Vehicle Population,2018,All owners,Up to 1000 cc,Other fuel types,Co. Longford,All years,Number,21
Vehicle Population,2018,All owners,Up to 1000 cc,Other fuel types,Co. Louth,All years,Number,76
Vehicle Population,2018,All owners,Up to 1000 cc,Other fuel types,Co. Mayo,All years,Number,52
Vehicle Population,2018,All owners,Up to 1000 cc,Other fuel types,Co. Meath,All years,Number,199
Vehicle Population,2018,All owners,Up to 1000 cc,Other fuel types,Co. Monaghan,All years,Number,28
Vehicle Population,2018,All owners,Up to 1000 cc,Other fuel types,Co. Offaly,All years,Number,25
Vehicle Population,2018,All owners,Up to 1000 cc,Other fuel types,Co. Roscommon,All years,Number,24
Vehicle Population,2018,All owners,Up to 1000 cc,Other fuel types,Co. Sligo,All years,Number,21
Vehicle Population,2018,All owners,Up to 1000 cc,Other fuel types,Co. Tipperary,All years,Number,87
Vehicle Population,2018,All owners,Up to 1000 cc,Other fuel types,Co. Waterford,All years,Number,84
Vehicle Population,2018,All owners,Up to 1000 cc,Other fuel types,Co. Westmeath,All years,Number,79
Vehicle Population,2018,All owners,Up to 1000 cc,Other fuel types,Co. Wexford,All years,Number,116
Vehicle Population,2018,All owners,Up to 1000 cc,Other fuel types,Co. Wicklow,All years,Number,218
Vehicle Population,2018,All owners,1001 - 1200 cc,Petrol,Co. Carlow,All years,Number,1575
Vehicle Population,2018,All owners,1001 - 1200 cc,Petrol,Co. Cavan,All years,Number,1437
Vehicle Population,2018,All owners,1001 - 1200 cc,Petrol,Co. Clare,All years,Number,3113
Vehicle Population,2018,All owners,1001 - 1200 cc,Petrol,Co. Cork,All years,Number,16804
Vehicle Population,2018,All owners,1001 - 1200 cc,Petrol,Co. Donegal,All years,Number,2783
Vehicle Population,2018,All owners,1001 - 1200 cc,Petrol,Co. Dublin,All years,Number,45979
Vehicle Population,2018,All owners,1001 - 1200 cc,Petrol,Co. Galway,All years,Number,5661
Vehicle Population,2018,All owners,1001 - 1200 cc,Petrol,Co. Kerry,All years,Number,3960
Vehicle Population,2018,All owners,1001 - 1200 cc,Petrol,Co. Kildare,All years,Number,7239
Vehicle Population,2018,All owners,1001 - 1200 cc,Petrol,Co. Kilkenny,All years,Number,2645
Vehicle Population,2018,All owners,1001 - 1200 cc,Petrol,Co. Laois,All years,Number,1765
Vehicle Population,2018,All owners,1001 - 1200 cc,Petrol,Co. Leitrim,All years,Number,703
Vehicle Population,2018,All owners,1001 - 1200 cc,Petrol,Co. Limerick,All years,Number,5289
Vehicle Population,2018,All owners,1001 - 1200 cc,Petrol,Co. Longford,All years,Number,750
Vehicle Population,2018,All owners,1001 - 1200 cc,Petrol,Co. Louth,All years,Number,3753
Vehicle Population,2018,All owners,1001 - 1200 cc,Petrol,Co. Mayo,All years,Number,2451
Vehicle Population,2018,All owners,1001 - 1200 cc,Petrol,Co. Meath,All years,Number,5568
Vehicle Population,2018,All owners,1001 - 1200 cc,Petrol,Co. Monaghan,All years,Number,1098
Vehicle Population,2018,All owners,1001 - 1200 cc,Petrol,Co. Offaly,All years,Number,1704
Vehicle Population,2018,All owners,1001 - 1200 cc,Petrol,Co. Roscommon,All years,Number,2122
Vehicle Population,2018,All owners,1001 - 1200 cc,Petrol,Co. Sligo,All years,Number,1563
Vehicle Population,2018,All owners,1001 - 1200 cc,Petrol,Co. Tipperary,All years,Number,4174
Vehicle Population,2018,All owners,1001 - 1200 cc,Petrol,Co. Waterford,All years,Number,4277
Vehicle Population,2018,All owners,1001 - 1200 cc,Petrol,Co. Westmeath,All years,Number,2156
Vehicle Population,2018,All owners,1001 - 1200 cc,Petrol,Co. Wexford,All years,Number,4670
Vehicle Population,2018,All owners,1001 - 1200 cc,Petrol,Co. Wicklow,All years,Number,5405
Vehicle Population,2018,All owners,1001 - 1200 cc,Diesel,Co. Carlow,All years,Number,67
Vehicle Population,2018,All owners,1001 - 1200 cc,Diesel,Co. Cavan,All years,Number,61
Vehicle Population,2018,All owners,1001 - 1200 cc,Diesel,Co. Clare,All years,Number,115
Vehicle Population,2018,All owners,1001 - 1200 cc,Diesel,Co. Cork,All years,Number,539
Vehicle Population,2018,All owners,1001 - 1200 cc,Diesel,Co. Donegal,All years,Number,140
Vehicle Population,2018,All owners,1001 - 1200 cc,Diesel,Co. Dublin,All years,Number,576
Vehicle Population,2018,All owners,1001 - 1200 cc,Diesel,Co. Galway,All years,Number,156
Vehicle Population,2018,All owners,1001 - 1200 cc,Diesel,Co. Kerry,All years,Number,95
Vehicle Population,2018,All owners,1001 - 1200 cc,Diesel,Co. Kildare,All years,Number,244
Vehicle Population,2018,All owners,1001 - 1200 cc,Diesel,Co. Kilkenny,All years,Number,148
Vehicle Population,2018,All owners,1001 - 1200 cc,Diesel,Co. Laois,All years,Number,91
Vehicle Population,2018,All owners,1001 - 1200 cc,Diesel,Co. Leitrim,All years,Number,34
Vehicle Population,2018,All owners,1001 - 1200 cc,Diesel,Co. Limerick,All years,Number,133
Vehicle Population,2018,All owners,1001 - 1200 cc,Diesel,Co. Longford,All years,Number,54
Vehicle Population,2018,All owners,1001 - 1200 cc,Diesel,Co. Louth,All years,Number,166
Vehicle Population,2018,All owners,1001 - 1200 cc,Diesel,Co. Mayo,All years,Number,107
Vehicle Population,2018,All owners,1001 - 1200 cc,Diesel,Co. Meath,All years,Number,155
Vehicle Population,2018,All owners,1001 - 1200 cc,Diesel,Co. Monaghan,All years,Number,86
Vehicle Population,2018,All owners,1001 - 1200 cc,Diesel,Co. Offaly,All years,Number,82
Vehicle Population,2018,All owners,1001 - 1200 cc,Diesel,Co. Roscommon,All years,Number,64
Vehicle Population,2018,All owners,1001 - 1200 cc,Diesel,Co. Sligo,All years,Number,55
Vehicle Population,2018,All owners,1001 - 1200 cc,Diesel,Co. Tipperary,All years,Number,142
Vehicle Population,2018,All owners,1001 - 1200 cc,Diesel,Co. Waterford,All years,Number,118
Vehicle Population,2018,All owners,1001 - 1200 cc,Diesel,Co. Westmeath,All years,Number,112
Vehicle Population,2018,All owners,1001 - 1200 cc,Diesel,Co. Wexford,All years,Number,157
Vehicle Population,2018,All owners,1001 - 1200 cc,Diesel,Co. Wicklow,All years,Number,142
Vehicle Population,2018,All owners,1001 - 1200 cc,Other fuel types,Co. Carlow,All years,Number,75
Vehicle Population,2018,All owners,1001 - 1200 cc,Other fuel types,Co. Cavan,All years,Number,83
Vehicle Population,2018,All owners,1001 - 1200 cc,Other fuel types,Co. Clare,All years,Number,148
Vehicle Population,2018,All owners,1001 - 1200 cc,Other fuel types,Co. Cork,All years,Number,881
Vehicle Population,2018,All owners,1001 - 1200 cc,Other fuel types,Co. Donegal,All years,Number,146
Vehicle Population,2018,All owners,1001 - 1200 cc,Other fuel types,Co. Dublin,All years,Number,1599
Vehicle Population,2018,All owners,1001 - 1200 cc,Other fuel types,Co. Galway,All years,Number,220
Vehicle Population,2018,All owners,1001 - 1200 cc,Other fuel types,Co. Kerry,All years,Number,217
Vehicle Population,2018,All owners,1001 - 1200 cc,Other fuel types,Co. Kildare,All years,Number,420
Vehicle Population,2018,All owners,1001 - 1200 cc,Other fuel types,Co. Kilkenny,All years,Number,91
Vehicle Population,2018,All owners,1001 - 1200 cc,Other fuel types,Co. Laois,All years,Number,76
Vehicle Population,2018,All owners,1001 - 1200 cc,Other fuel types,Co. Leitrim,All years,Number,26
Vehicle Population,2018,All owners,1001 - 1200 cc,Other fuel types,Co. Limerick,All years,Number,216
Vehicle Population,2018,All owners,1001 - 1200 cc,Other fuel types,Co. Longford,All years,Number,30
Vehicle Population,2018,All owners,1001 - 1200 cc,Other fuel types,Co. Louth,All years,Number,197
Vehicle Population,2018,All owners,1001 - 1200 cc,Other fuel types,Co. Mayo,All years,Number,40
Vehicle Population,2018,All owners,1001 - 1200 cc,Other fuel types,Co. Meath,All years,Number,372
Vehicle Population,2018,All owners,1001 - 1200 cc,Other fuel types,Co. Monaghan,All years,Number,43
Vehicle Population,2018,All owners,1001 - 1200 cc,Other fuel types,Co. Offaly,All years,Number,62
Vehicle Population,2018,All owners,1001 - 1200 cc,Other fuel types,Co. Roscommon,All years,Number,62
Vehicle Population,2018,All owners,1001 - 1200 cc,Other fuel types,Co. Sligo,All years,Number,61
Vehicle Population,2018,All owners,1001 - 1200 cc,Other fuel types,Co. Tipperary,All years,Number,162
Vehicle Population,2018,All owners,1001 - 1200 cc,Other fuel types,Co. Waterford,All years,Number,188
Vehicle Population,2018,All owners,1001 - 1200 cc,Other fuel types,Co. Westmeath,All years,Number,147
Vehicle Population,2018,All owners,1001 - 1200 cc,Other fuel types,Co. Wexford,All years,Number,257
Vehicle Population,2018,All owners,1001 - 1200 cc,Other fuel types,Co. Wicklow,All years,Number,159
Vehicle Population,2018,All owners,1201 - 1400 cc,Petrol,Co. Carlow,All years,Number,4799
Vehicle Population,2018,All owners,1201 - 1400 cc,Petrol,Co. Cavan,All years,Number,4593
Vehicle Population,2018,All owners,1201 - 1400 cc,Petrol,Co. Clare,All years,Number,10503
Vehicle Population,2018,All owners,1201 - 1400 cc,Petrol,Co. Cork,All years,Number,53424
Vehicle Population,2018,All owners,1201 - 1400 cc,Petrol,Co. Donegal,All years,Number,10671
Vehicle Population,2018,All owners,1201 - 1400 cc,Petrol,Co. Dublin,All years,Number,114073
Vehicle Population,2018,All owners,1201 - 1400 cc,Petrol,Co. Galway,All years,Number,20494
Vehicle Population,2018,All owners,1201 - 1400 cc,Petrol,Co. Kerry,All years,Number,14158
Vehicle Population,2018,All owners,1201 - 1400 cc,Petrol,Co. Kildare,All years,Number,17645
Vehicle Population,2018,All owners,1201 - 1400 cc,Petrol,Co. Kilkenny,All years,Number,7527
Vehicle Population,2018,All owners,1201 - 1400 cc,Petrol,Co. Laois,All years,Number,5289
Vehicle Population,2018,All owners,1201 - 1400 cc,Petrol,Co. Leitrim,All years,Number,2238
Vehicle Population,2018,All owners,1201 - 1400 cc,Petrol,Co. Limerick,All years,Number,17767
Vehicle Population,2018,All owners,1201 - 1400 cc,Petrol,Co. Longford,All years,Number,2507
Vehicle Population,2018,All owners,1201 - 1400 cc,Petrol,Co. Louth,All years,Number,8301
Vehicle Population,2018,All owners,1201 - 1400 cc,Petrol,Co. Mayo,All years,Number,10618
Vehicle Population,2018,All owners,1201 - 1400 cc,Petrol,Co. Meath,All years,Number,13858
Vehicle Population,2018,All owners,1201 - 1400 cc,Petrol,Co. Monaghan,All years,Number,3756
Vehicle Population,2018,All owners,1201 - 1400 cc,Petrol,Co. Offaly,All years,Number,5188
Vehicle Population,2018,All owners,1201 - 1400 cc,Petrol,Co. Roscommon,All years,Number,5050
Vehicle Population,2018,All owners,1201 - 1400 cc,Petrol,Co. Sligo,All years,Number,5309
Vehicle Population,2018,All owners,1201 - 1400 cc,Petrol,Co. Tipperary,All years,Number,13508
Vehicle Population,2018,All owners,1201 - 1400 cc,Petrol,Co. Waterford,All years,Number,11369
Vehicle Population,2018,All owners,1201 - 1400 cc,Petrol,Co. Westmeath,All years,Number,6162
Vehicle Population,2018,All owners,1201 - 1400 cc,Petrol,Co. Wexford,All years,Number,12455
Vehicle Population,2018,All owners,1201 - 1400 cc,Petrol,Co. Wicklow,All years,Number,12664
Vehicle Population,2018,All owners,1201 - 1400 cc,Diesel,Co. Carlow,All years,Number,1237
Vehicle Population,2018,All owners,1201 - 1400 cc,Diesel,Co. Cavan,All years,Number,1897
Vehicle Population,2018,All owners,1201 - 1400 cc,Diesel,Co. Clare,All years,Number,2575
Vehicle Population,2018,All owners,1201 - 1400 cc,Diesel,Co. Cork,All years,Number,10919
Vehicle Population,2018,All owners,1201 - 1400 cc,Diesel,Co. Donegal,All years,Number,4575
Vehicle Population,2018,All owners,1201 - 1400 cc,Diesel,Co. Dublin,All years,Number,9493
Vehicle Population,2018,All owners,1201 - 1400 cc,Diesel,Co. Galway,All years,Number,4975
Vehicle Population,2018,All owners,1201 - 1400 cc,Diesel,Co. Kerry,All years,Number,3257
Vehicle Population,2018,All owners,1201 - 1400 cc,Diesel,Co. Kildare,All years,Number,3439
Vehicle Population,2018,All owners,1201 - 1400 cc,Diesel,Co. Kilkenny,All years,Number,2169
Vehicle Population,2018,All owners,1201 - 1400 cc,Diesel,Co. Laois,All years,Number,1551
Vehicle Population,2018,All owners,1201 - 1400 cc,Diesel,Co. Leitrim,All years,Number,750
Vehicle Population,2018,All owners,1201 - 1400 cc,Diesel,Co. Limerick,All years,Number,4069
Vehicle Population,2018,All owners,1201 - 1400 cc,Diesel,Co. Longford,All years,Number,909
Vehicle Population,2018,All owners,1201 - 1400 cc,Diesel,Co. Louth,All years,Number,2423
Vehicle Population,2018,All owners,1201 - 1400 cc,Diesel,Co. Mayo,All years,Number,3380
Vehicle Population,2018,All owners,1201 - 1400 cc,Diesel,Co. Meath,All years,Number,3563
Vehicle Population,2018,All owners,1201 - 1400 cc,Diesel,Co. Monaghan,All years,Number,1474
Vehicle Population,2018,All owners,1201 - 1400 cc,Diesel,Co. Offaly,All years,Number,1912
Vehicle Population,2018,All owners,1201 - 1400 cc,Diesel,Co. Roscommon,All years,Number,1784
Vehicle Population,2018,All owners,1201 - 1400 cc,Diesel,Co. Sligo,All years,Number,1336
Vehicle Population,2018,All owners,1201 - 1400 cc,Diesel,Co. Tipperary,All years,Number,3965
Vehicle Population,2018,All owners,1201 - 1400 cc,Diesel,Co. Waterford,All years,Number,2052
Vehicle Population,2018,All owners,1201 - 1400 cc,Diesel,Co. Westmeath,All years,Number,2040
Vehicle Population,2018,All owners,1201 - 1400 cc,Diesel,Co. Wexford,All years,Number,3371
Vehicle Population,2018,All owners,1201 - 1400 cc,Diesel,Co. Wicklow,All years,Number,2275
Vehicle Population,2018,All owners,1201 - 1400 cc,Other fuel types,Co. Carlow,All years,Number,19
Vehicle Population,2018,All owners,1201 - 1400 cc,Other fuel types,Co. Cavan,All years,Number,21
Vehicle Population,2018,All owners,1201 - 1400 cc,Other fuel types,Co. Clare,All years,Number,51
Vehicle Population,2018,All owners,1201 - 1400 cc,Other fuel types,Co. Cork,All years,Number,222
Vehicle Population,2018,All owners,1201 - 1400 cc,Other fuel types,Co. Donegal,All years,Number,21
Vehicle Population,2018,All owners,1201 - 1400 cc,Other fuel types,Co. Dublin,All years,Number,1499
Vehicle Population,2018,All owners,1201 - 1400 cc,Other fuel types,Co. Galway,All years,Number,110
Vehicle Population,2018,All owners,1201 - 1400 cc,Other fuel types,Co. Kerry,All years,Number,39
Vehicle Population,2018,All owners,1201 - 1400 cc,Other fuel types,Co. Kildare,All years,Number,172
Vehicle Population,2018,All owners,1201 - 1400 cc,Other fuel types,Co. Kilkenny,All years,Number,41
Vehicle Population,2018,All owners,1201 - 1400 cc,Other fuel types,Co. Laois,All years,Number,49
Vehicle Population,2018,All owners,1201 - 1400 cc,Other fuel types,Co. Leitrim,All years,Number,9
Vehicle Population,2018,All owners,1201 - 1400 cc,Other fuel types,Co. Limerick,All years,Number,73
Vehicle Population,2018,All owners,1201 - 1400 cc,Other fuel types,Co. Longford,All years,Number,11
Vehicle Population,2018,All owners,1201 - 1400 cc,Other fuel types,Co. Louth,All years,Number,56
Vehicle Population,2018,All owners,1201 - 1400 cc,Other fuel types,Co. Mayo,All years,Number,31
Vehicle Population,2018,All owners,1201 - 1400 cc,Other fuel types,Co. Meath,All years,Number,130
Vehicle Population,2018,All owners,1201 - 1400 cc,Other fuel types,Co. Monaghan,All years,Number,9
Vehicle Population,2018,All owners,1201 - 1400 cc,Other fuel types,Co. Offaly,All years,Number,35
Vehicle Population,2018,All owners,1201 - 1400 cc,Other fuel types,Co. Roscommon,All years,Number,19
Vehicle Population,2018,All owners,1201 - 1400 cc,Other fuel types,Co. Sligo,All years,Number,15
Vehicle Population,2018,All owners,1201 - 1400 cc,Other fuel types,Co. Tipperary,All years,Number,62
Vehicle Population,2018,All owners,1201 - 1400 cc,Other fuel types,Co. Waterford,All years,Number,50
Vehicle Population,2018,All owners,1201 - 1400 cc,Other fuel types,Co. Westmeath,All years,Number,26
Vehicle Population,2018,All owners,1201 - 1400 cc,Other fuel types,Co. Wexford,All years,Number,66
Vehicle Population,2018,All owners,1201 - 1400 cc,Other fuel types,Co. Wicklow,All years,Number,117
Vehicle Population,2018,All owners,1401 - 1600 cc,Petrol,Co. Carlow,All years,Number,1951
Vehicle Population,2018,All owners,1401 - 1600 cc,Petrol,Co. Cavan,All years,Number,1974
Vehicle Population,2018,All owners,1401 - 1600 cc,Petrol,Co. Clare,All years,Number,4995
Vehicle Population,2018,All owners,1401 - 1600 cc,Petrol,Co. Cork,All years,Number,20914
Vehicle Population,2018,All owners,1401 - 1600 cc,Petrol,Co. Donegal,All years,Number,3800
Vehicle Population,2018,All owners,1401 - 1600 cc,Petrol,Co. Dublin,All years,Number,55508
Vehicle Population,2018,All owners,1401 - 1600 cc,Petrol,Co. Galway,All years,Number,8859
Vehicle Population,2018,All owners,1401 - 1600 cc,Petrol,Co. Kerry,All years,Number,6504
Vehicle Population,2018,All owners,1401 - 1600 cc,Petrol,Co. Kildare,All years,Number,8154
Vehicle Population,2018,All owners,1401 - 1600 cc,Petrol,Co. Kilkenny,All years,Number,2985
Vehicle Population,2018,All owners,1401 - 1600 cc,Petrol,Co. Laois,All years,Number,2300
Vehicle Population,2018,All owners,1401 - 1600 cc,Petrol,Co. Leitrim,All years,Number,852
Vehicle Population,2018,All owners,1401 - 1600 cc,Petrol,Co. Limerick,All years,Number,7743
Vehicle Population,2018,All owners,1401 - 1600 cc,Petrol,Co. Longford,All years,Number,1073
Vehicle Population,2018,All owners,1401 - 1600 cc,Petrol,Co. Louth,All years,Number,3207
Vehicle Population,2018,All owners,1401 - 1600 cc,Petrol,Co. Mayo,All years,Number,4100
Vehicle Population,2018,All owners,1401 - 1600 cc,Petrol,Co. Meath,All years,Number,6291
Vehicle Population,2018,All owners,1401 - 1600 cc,Petrol,Co. Monaghan,All years,Number,1242
Vehicle Population,2018,All owners,1401 - 1600 cc,Petrol,Co. Offaly,All years,Number,2287
Vehicle Population,2018,All owners,1401 - 1600 cc,Petrol,Co. Roscommon,All years,Number,1802
Vehicle Population,2018,All owners,1401 - 1600 cc,Petrol,Co. Sligo,All years,Number,2087
Vehicle Population,2018,All owners,1401 - 1600 cc,Petrol,Co. Tipperary,All years,Number,5901
Vehicle Population,2018,All owners,1401 - 1600 cc,Petrol,Co. Waterford,All years,Number,4686
Vehicle Population,2018,All owners,1401 - 1600 cc,Petrol,Co. Westmeath,All years,Number,2559
Vehicle Population,2018,All owners,1401 - 1600 cc,Petrol,Co. Wexford,All years,Number,4959
Vehicle Population,2018,All owners,1401 - 1600 cc,Petrol,Co. Wicklow,All years,Number,5863
Vehicle Population,2018,All owners,1401 - 1600 cc,Diesel,Co. Carlow,All years,Number,6881
Vehicle Population,2018,All owners,1401 - 1600 cc,Diesel,Co. Cavan,All years,Number,7969
Vehicle Population,2018,All owners,1401 - 1600 cc,Diesel,Co. Clare,All years,Number,13659
Vehicle Population,2018,All owners,1401 - 1600 cc,Diesel,Co. Cork,All years,Number,52972
Vehicle Population,2018,All owners,1401 - 1600 cc,Diesel,Co. Donegal,All years,Number,14643
Vehicle Population,2018,All owners,1401 - 1600 cc,Diesel,Co. Dublin,All years,Number,88739
Vehicle Population,2018,All owners,1401 - 1600 cc,Diesel,Co. Galway,All years,Number,24375
Vehicle Population,2018,All owners,1401 - 1600 cc,Diesel,Co. Kerry,All years,Number,15197
Vehicle Population,2018,All owners,1401 - 1600 cc,Diesel,Co. Kildare,All years,Number,22962
Vehicle Population,2018,All owners,1401 - 1600 cc,Diesel,Co. Kilkenny,All years,Number,10824
Vehicle Population,2018,All owners,1401 - 1600 cc,Diesel,Co. Laois,All years,Number,8987
Vehicle Population,2018,All owners,1401 - 1600 cc,Diesel,Co. Leitrim,All years,Number,3430
Vehicle Population,2018,All owners,1401 - 1600 cc,Diesel,Co. Limerick,All years,Number,19158
Vehicle Population,2018,All owners,1401 - 1600 cc,Diesel,Co. Longford,All years,Number,3898
Vehicle Population,2018,All owners,1401 - 1600 cc,Diesel,Co. Louth,All years,Number,12590
Vehicle Population,2018,All owners,1401 - 1600 cc,Diesel,Co. Mayo,All years,Number,13427
Vehicle Population,2018,All owners,1401 - 1600 cc,Diesel,Co. Meath,All years,Number,21168
Vehicle Population,2018,All owners,1401 - 1600 cc,Diesel,Co. Monaghan,All years,Number,6316
Vehicle Population,2018,All owners,1401 - 1600 cc,Diesel,Co. Offaly,All years,Number,8883
Vehicle Population,2018,All owners,1401 - 1600 cc,Diesel,Co. Roscommon,All years,Number,8411
Vehicle Population,2018,All owners,1401 - 1600 cc,Diesel,Co. Sligo,All years,Number,6163
Vehicle Population,2018,All owners,1401 - 1600 cc,Diesel,Co. Tipperary,All years,Number,18862
Vehicle Population,2018,All owners,1401 - 1600 cc,Diesel,Co. Waterford,All years,Number,12753
Vehicle Population,2018,All owners,1401 - 1600 cc,Diesel,Co. Westmeath,All years,Number,10196
Vehicle Population,2018,All owners,1401 - 1600 cc,Diesel,Co. Wexford,All years,Number,19196
Vehicle Population,2018,All owners,1401 - 1600 cc,Diesel,Co. Wicklow,All years,Number,13033
Vehicle Population,2018,All owners,1401 - 1600 cc,Other fuel types,Co. Carlow,All years,Number,54
Vehicle Population,2018,All owners,1401 - 1600 cc,Other fuel types,Co. Cavan,All years,Number,75
Vehicle Population,2018,All owners,1401 - 1600 cc,Other fuel types,Co. Clare,All years,Number,152
Vehicle Population,2018,All owners,1401 - 1600 cc,Other fuel types,Co. Cork,All years,Number,657
Vehicle Population,2018,All owners,1401 - 1600 cc,Other fuel types,Co. Donegal,All years,Number,170
Vehicle Population,2018,All owners,1401 - 1600 cc,Other fuel types,Co. Dublin,All years,Number,3133
Vehicle Population,2018,All owners,1401 - 1600 cc,Other fuel types,Co. Galway,All years,Number,384
Vehicle Population,2018,All owners,1401 - 1600 cc,Other fuel types,Co. Kerry,All years,Number,162
Vehicle Population,2018,All owners,1401 - 1600 cc,Other fuel types,Co. Kildare,All years,Number,326
Vehicle Population,2018,All owners,1401 - 1600 cc,Other fuel types,Co. Kilkenny,All years,Number,104
Vehicle Population,2018,All owners,1401 - 1600 cc,Other fuel types,Co. Laois,All years,Number,86
Vehicle Population,2018,All owners,1401 - 1600 cc,Other fuel types,Co. Leitrim,All years,Number,22
Vehicle Population,2018,All owners,1401 - 1600 cc,Other fuel types,Co. Limerick,All years,Number,214
Vehicle Population,2018,All owners,1401 - 1600 cc,Other fuel types,Co. Longford,All years,Number,34
Vehicle Population,2018,All owners,1401 - 1600 cc,Other fuel types,Co. Louth,All years,Number,164
Vehicle Population,2018,All owners,1401 - 1600 cc,Other fuel types,Co. Mayo,All years,Number,102
Vehicle Population,2018,All owners,1401 - 1600 cc,Other fuel types,Co. Meath,All years,Number,241
Vehicle Population,2018,All owners,1401 - 1600 cc,Other fuel types,Co. Monaghan,All years,Number,47
Vehicle Population,2018,All owners,1401 - 1600 cc,Other fuel types,Co. Offaly,All years,Number,114
Vehicle Population,2018,All owners,1401 - 1600 cc,Other fuel types,Co. Roscommon,All years,Number,54
Vehicle Population,2018,All owners,1401 - 1600 cc,Other fuel types,Co. Sligo,All years,Number,100
Vehicle Population,2018,All owners,1401 - 1600 cc,Other fuel types,Co. Tipperary,All years,Number,133
Vehicle Population,2018,All owners,1401 - 1600 cc,Other fuel types,Co. Waterford,All years,Number,120
Vehicle Population,2018,All owners,1401 - 1600 cc,Other fuel types,Co. Westmeath,All years,Number,154
Vehicle Population,2018,All owners,1401 - 1600 cc,Other fuel types,Co. Wexford,All years,Number,157
Vehicle Population,2018,All owners,1401 - 1600 cc,Other fuel types,Co. Wicklow,All years,Number,310
Vehicle Population,2018,All owners,1601 - 1800 cc,Petrol,Co. Carlow,All years,Number,459
Vehicle Population,2018,All owners,1601 - 1800 cc,Petrol,Co. Cavan,All years,Number,401
Vehicle Population,2018,All owners,1601 - 1800 cc,Petrol,Co. Clare,All years,Number,1005
Vehicle Population,2018,All owners,1601 - 1800 cc,Petrol,Co. Cork,All years,Number,5389
Vehicle Population,2018,All owners,1601 - 1800 cc,Petrol,Co. Donegal,All years,Number,688
Vehicle Population,2018,All owners,1601 - 1800 cc,Petrol,Co. Dublin,All years,Number,17887
Vehicle Population,2018,All owners,1601 - 1800 cc,Petrol,Co. Galway,All years,Number,2186
Vehicle Population,2018,All owners,1601 - 1800 cc,Petrol,Co. Kerry,All years,Number,1402
Vehicle Population,2018,All owners,1601 - 1800 cc,Petrol,Co. Kildare,All years,Number,2307
Vehicle Population,2018,All owners,1601 - 1800 cc,Petrol,Co. Kilkenny,All years,Number,694
Vehicle Population,2018,All owners,1601 - 1800 cc,Petrol,Co. Laois,All years,Number,559
Vehicle Population,2018,All owners,1601 - 1800 cc,Petrol,Co. Leitrim,All years,Number,170
Vehicle Population,2018,All owners,1601 - 1800 cc,Petrol,Co. Limerick,All years,Number,1688
Vehicle Population,2018,All owners,1601 - 1800 cc,Petrol,Co. Longford,All years,Number,260
Vehicle Population,2018,All owners,1601 - 1800 cc,Petrol,Co. Louth,All years,Number,829
Vehicle Population,2018,All owners,1601 - 1800 cc,Petrol,Co. Mayo,All years,Number,943
Vehicle Population,2018,All owners,1601 - 1800 cc,Petrol,Co. Meath,All years,Number,1859
Vehicle Population,2018,All owners,1601 - 1800 cc,Petrol,Co. Monaghan,All years,Number,280
Vehicle Population,2018,All owners,1601 - 1800 cc,Petrol,Co. Offaly,All years,Number,525
Vehicle Population,2018,All owners,1601 - 1800 cc,Petrol,Co. Roscommon,All years,Number,347
Vehicle Population,2018,All owners,1601 - 1800 cc,Petrol,Co. Sligo,All years,Number,439
Vehicle Population,2018,All owners,1601 - 1800 cc,Petrol,Co. Tipperary,All years,Number,1265
Vehicle Population,2018,All owners,1601 - 1800 cc,Petrol,Co. Waterford,All years,Number,1114
Vehicle Population,2018,All owners,1601 - 1800 cc,Petrol,Co. Westmeath,All years,Number,628
Vehicle Population,2018,All owners,1601 - 1800 cc,Petrol,Co. Wexford,All years,Number,1172
Vehicle Population,2018,All owners,1601 - 1800 cc,Petrol,Co. Wicklow,All years,Number,1780
Vehicle Population,2018,All owners,1601 - 1800 cc,Diesel,Co. Carlow,All years,Number,1290
Vehicle Population,2018,All owners,1601 - 1800 cc,Diesel,Co. Cavan,All years,Number,1536
Vehicle Population,2018,All owners,1601 - 1800 cc,Diesel,Co. Clare,All years,Number,2374
Vehicle Population,2018,All owners,1601 - 1800 cc,Diesel,Co. Cork,All years,Number,11232
Vehicle Population,2018,All owners,1601 - 1800 cc,Diesel,Co. Donegal,All years,Number,3578
Vehicle Population,2018,All owners,1601 - 1800 cc,Diesel,Co. Dublin,All years,Number,17628
Vehicle Population,2018,All owners,1601 - 1800 cc,Diesel,Co. Galway,All years,Number,5409
Vehicle Population,2018,All owners,1601 - 1800 cc,Diesel,Co. Kerry,All years,Number,3485
Vehicle Population,2018,All owners,1601 - 1800 cc,Diesel,Co. Kildare,All years,Number,4928
Vehicle Population,2018,All owners,1601 - 1800 cc,Diesel,Co. Kilkenny,All years,Number,2198
Vehicle Population,2018,All owners,1601 - 1800 cc,Diesel,Co. Laois,All years,Number,1869
Vehicle Population,2018,All owners,1601 - 1800 cc,Diesel,Co. Leitrim,All years,Number,743
Vehicle Population,2018,All owners,1601 - 1800 cc,Diesel,Co. Limerick,All years,Number,3733
Vehicle Population,2018,All owners,1601 - 1800 cc,Diesel,Co. Longford,All years,Number,888
Vehicle Population,2018,All owners,1601 - 1800 cc,Diesel,Co. Louth,All years,Number,2315
Vehicle Population,2018,All owners,1601 - 1800 cc,Diesel,Co. Mayo,All years,Number,3143
Vehicle Population,2018,All owners,1601 - 1800 cc,Diesel,Co. Meath,All years,Number,4045
Vehicle Population,2018,All owners,1601 - 1800 cc,Diesel,Co. Monaghan,All years,Number,1602
Vehicle Population,2018,All owners,1601 - 1800 cc,Diesel,Co. Offaly,All years,Number,1636
Vehicle Population,2018,All owners,1601 - 1800 cc,Diesel,Co. Roscommon,All years,Number,1380
Vehicle Population,2018,All owners,1601 - 1800 cc,Diesel,Co. Sligo,All years,Number,1419
Vehicle Population,2018,All owners,1601 - 1800 cc,Diesel,Co. Tipperary,All years,Number,3391
Vehicle Population,2018,All owners,1601 - 1800 cc,Diesel,Co. Waterford,All years,Number,2005
Vehicle Population,2018,All owners,1601 - 1800 cc,Diesel,Co. Westmeath,All years,Number,2067
Vehicle Population,2018,All owners,1601 - 1800 cc,Diesel,Co. Wexford,All years,Number,3248
Vehicle Population,2018,All owners,1601 - 1800 cc,Diesel,Co. Wicklow,All years,Number,2633
Vehicle Population,2018,All owners,1601 - 1800 cc,Other fuel types,Co. Carlow,All years,Number,83
Vehicle Population,2018,All owners,1601 - 1800 cc,Other fuel types,Co. Cavan,All years,Number,105
Vehicle Population,2018,All owners,1601 - 1800 cc,Other fuel types,Co. Clare,All years,Number,214
Vehicle Population,2018,All owners,1601 - 1800 cc,Other fuel types,Co. Cork,All years,Number,1246
Vehicle Population,2018,All owners,1601 - 1800 cc,Other fuel types,Co. Donegal,All years,Number,270
Vehicle Population,2018,All owners,1601 - 1800 cc,Other fuel types,Co. Dublin,All years,Number,5365
Vehicle Population,2018,All owners,1601 - 1800 cc,Other fuel types,Co. Galway,All years,Number,711
Vehicle Population,2018,All owners,1601 - 1800 cc,Other fuel types,Co. Kerry,All years,Number,269
Vehicle Population,2018,All owners,1601 - 1800 cc,Other fuel types,Co. Kildare,All years,Number,617
Vehicle Population,2018,All owners,1601 - 1800 cc,Other fuel types,Co. Kilkenny,All years,Number,156
Vehicle Population,2018,All owners,1601 - 1800 cc,Other fuel types,Co. Laois,All years,Number,121
Vehicle Population,2018,All owners,1601 - 1800 cc,Other fuel types,Co. Leitrim,All years,Number,37
Vehicle Population,2018,All owners,1601 - 1800 cc,Other fuel types,Co. Limerick,All years,Number,378
Vehicle Population,2018,All owners,1601 - 1800 cc,Other fuel types,Co. Longford,All years,Number,80
Vehicle Population,2018,All owners,1601 - 1800 cc,Other fuel types,Co. Louth,All years,Number,248
Vehicle Population,2018,All owners,1601 - 1800 cc,Other fuel types,Co. Mayo,All years,Number,207
Vehicle Population,2018,All owners,1601 - 1800 cc,Other fuel types,Co. Meath,All years,Number,434
Vehicle Population,2018,All owners,1601 - 1800 cc,Other fuel types,Co. Monaghan,All years,Number,61
Vehicle Population,2018,All owners,1601 - 1800 cc,Other fuel types,Co. Offaly,All years,Number,138
Vehicle Population,2018,All owners,1601 - 1800 cc,Other fuel types,Co. Roscommon,All years,Number,116
Vehicle Population,2018,All owners,1601 - 1800 cc,Other fuel types,Co. Sligo,All years,Number,115
Vehicle Population,2018,All owners,1601 - 1800 cc,Other fuel types,Co. Tipperary,All years,Number,244
Vehicle Population,2018,All owners,1601 - 1800 cc,Other fuel types,Co. Waterford,All years,Number,179
Vehicle Population,2018,All owners,1601 - 1800 cc,Other fuel types,Co. Westmeath,All years,Number,204
Vehicle Population,2018,All owners,1601 - 1800 cc,Other fuel types,Co. Wexford,All years,Number,243
Vehicle Population,2018,All owners,1601 - 1800 cc,Other fuel types,Co. Wicklow,All years,Number,432
Vehicle Population,2018,All owners,1801 - 2000 cc,Petrol,Co. Carlow,All years,Number,328
Vehicle Population,2018,All owners,1801 - 2000 cc,Petrol,Co. Cavan,All years,Number,324
Vehicle Population,2018,All owners,1801 - 2000 cc,Petrol,Co. Clare,All years,Number,770
Vehicle Population,2018,All owners,1801 - 2000 cc,Petrol,Co. Cork,All years,Number,4295
Vehicle Population,2018,All owners,1801 - 2000 cc,Petrol,Co. Donegal,All years,Number,597
Vehicle Population,2018,All owners,1801 - 2000 cc,Petrol,Co. Dublin,All years,Number,15022
Vehicle Population,2018,All owners,1801 - 2000 cc,Petrol,Co. Galway,All years,Number,1712
Vehicle Population,2018,All owners,1801 - 2000 cc,Petrol,Co. Kerry,All years,Number,1027
Vehicle Population,2018,All owners,1801 - 2000 cc,Petrol,Co. Kildare,All years,Number,1770
Vehicle Population,2018,All owners,1801 - 2000 cc,Petrol,Co. Kilkenny,All years,Number,513
Vehicle Population,2018,All owners,1801 - 2000 cc,Petrol,Co. Laois,All years,Number,390
Vehicle Population,2018,All owners,1801 - 2000 cc,Petrol,Co. Leitrim,All years,Number,147
Vehicle Population,2018,All owners,1801 - 2000 cc,Petrol,Co. Limerick,All years,Number,1208
Vehicle Population,2018,All owners,1801 - 2000 cc,Petrol,Co. Longford,All years,Number,168
Vehicle Population,2018,All owners,1801 - 2000 cc,Petrol,Co. Louth,All years,Number,594
Vehicle Population,2018,All owners,1801 - 2000 cc,Petrol,Co. Mayo,All years,Number,656
Vehicle Population,2018,All owners,1801 - 2000 cc,Petrol,Co. Meath,All years,Number,1300
Vehicle Population,2018,All owners,1801 - 2000 cc,Petrol,Co. Monaghan,All years,Number,232
Vehicle Population,2018,All owners,1801 - 2000 cc,Petrol,Co. Offaly,All years,Number,355
Vehicle Population,2018,All owners,1801 - 2000 cc,Petrol,Co. Roscommon,All years,Number,275
Vehicle Population,2018,All owners,1801 - 2000 cc,Petrol,Co. Sligo,All years,Number,340
Vehicle Population,2018,All owners,1801 - 2000 cc,Petrol,Co. Tipperary,All years,Number,900
Vehicle Population,2018,All owners,1801 - 2000 cc,Petrol,Co. Waterford,All years,Number,778
Vehicle Population,2018,All owners,1801 - 2000 cc,Petrol,Co. Westmeath,All years,Number,458
Vehicle Population,2018,All owners,1801 - 2000 cc,Petrol,Co. Wexford,All years,Number,891
Vehicle Population,2018,All owners,1801 - 2000 cc,Petrol,Co. Wicklow,All years,Number,1698
Vehicle Population,2018,All owners,1801 - 2000 cc,Diesel,Co. Carlow,All years,Number,6579
Vehicle Population,2018,All owners,1801 - 2000 cc,Diesel,Co. Cavan,All years,Number,8032
Vehicle Population,2018,All owners,1801 - 2000 cc,Diesel,Co. Clare,All years,Number,11483
Vehicle Population,2018,All owners,1801 - 2000 cc,Diesel,Co. Cork,All years,Number,46696
Vehicle Population,2018,All owners,1801 - 2000 cc,Diesel,Co. Donegal,All years,Number,15928
Vehicle Population,2018,All owners,1801 - 2000 cc,Diesel,Co. Dublin,All years,Number,82131
Vehicle Population,2018,All owners,1801 - 2000 cc,Diesel,Co. Galway,All years,Number,26486
Vehicle Population,2018,All owners,1801 - 2000 cc,Diesel,Co. Kerry,All years,Number,14446
Vehicle Population,2018,All owners,1801 - 2000 cc,Diesel,Co. Kildare,All years,Number,19797
Vehicle Population,2018,All owners,1801 - 2000 cc,Diesel,Co. Kilkenny,All years,Number,9208
Vehicle Population,2018,All owners,1801 - 2000 cc,Diesel,Co. Laois,All years,Number,7889
Vehicle Population,2018,All owners,1801 - 2000 cc,Diesel,Co. Leitrim,All years,Number,4007
Vehicle Population,2018,All owners,1801 - 2000 cc,Diesel,Co. Limerick,All years,Number,17149
Vehicle Population,2018,All owners,1801 - 2000 cc,Diesel,Co. Longford,All years,Number,4791
Vehicle Population,2018,All owners,1801 - 2000 cc,Diesel,Co. Louth,All years,Number,10149
Vehicle Population,2018,All owners,1801 - 2000 cc,Diesel,Co. Mayo,All years,Number,15375
Vehicle Population,2018,All owners,1801 - 2000 cc,Diesel,Co. Meath,All years,Number,18487
Vehicle Population,2018,All owners,1801 - 2000 cc,Diesel,Co. Monaghan,All years,Number,6948
Vehicle Population,2018,All owners,1801 - 2000 cc,Diesel,Co. Offaly,All years,Number,7788
Vehicle Population,2018,All owners,1801 - 2000 cc,Diesel,Co. Roscommon,All years,Number,7542
Vehicle Population,2018,All owners,1801 - 2000 cc,Diesel,Co. Sligo,All years,Number,7023
Vehicle Population,2018,All owners,1801 - 2000 cc,Diesel,Co. Tipperary,All years,Number,17769
Vehicle Population,2018,All owners,1801 - 2000 cc,Diesel,Co. Waterford,All years,Number,10224
Vehicle Population,2018,All owners,1801 - 2000 cc,Diesel,Co. Westmeath,All years,Number,9942
Vehicle Population,2018,All owners,1801 - 2000 cc,Diesel,Co. Wexford,All years,Number,15412
Vehicle Population,2018,All owners,1801 - 2000 cc,Diesel,Co. Wicklow,All years,Number,12254
Vehicle Population,2018,All owners,1801 - 2000 cc,Other fuel types,Co. Carlow,All years,Number,16
Vehicle Population,2018,All owners,1801 - 2000 cc,Other fuel types,Co. Cavan,All years,Number,24
Vehicle Population,2018,All owners,1801 - 2000 cc,Other fuel types,Co. Clare,All years,Number,38
Vehicle Population,2018,All owners,1801 - 2000 cc,Other fuel types,Co. Cork,All years,Number,287
Vehicle Population,2018,All owners,1801 - 2000 cc,Other fuel types,Co. Donegal,All years,Number,41
Vehicle Population,2018,All owners,1801 - 2000 cc,Other fuel types,Co. Dublin,All years,Number,1242
Vehicle Population,2018,All owners,1801 - 2000 cc,Other fuel types,Co. Galway,All years,Number,134
Vehicle Population,2018,All owners,1801 - 2000 cc,Other fuel types,Co. Kerry,All years,Number,46
Vehicle Population,2018,All owners,1801 - 2000 cc,Other fuel types,Co. Kildare,All years,Number,134
Vehicle Population,2018,All owners,1801 - 2000 cc,Other fuel types,Co. Kilkenny,All years,Number,30
Vehicle Population,2018,All owners,1801 - 2000 cc,Other fuel types,Co. Laois,All years,Number,16
Vehicle Population,2018,All owners,1801 - 2000 cc,Other fuel types,Co. Leitrim,All years,Number,7
Vehicle Population,2018,All owners,1801 - 2000 cc,Other fuel types,Co. Limerick,All years,Number,67
Vehicle Population,2018,All owners,1801 - 2000 cc,Other fuel types,Co. Longford,All years,Number,10
Vehicle Population,2018,All owners,1801 - 2000 cc,Other fuel types,Co. Louth,All years,Number,34
Vehicle Population,2018,All owners,1801 - 2000 cc,Other fuel types,Co. Mayo,All years,Number,32
Vehicle Population,2018,All owners,1801 - 2000 cc,Other fuel types,Co. Meath,All years,Number,94
Vehicle Population,2018,All owners,1801 - 2000 cc,Other fuel types,Co. Monaghan,All years,Number,12
Vehicle Population,2018,All owners,1801 - 2000 cc,Other fuel types,Co. Offaly,All years,Number,12
Vehicle Population,2018,All owners,1801 - 2000 cc,Other fuel types,Co. Roscommon,All years,Number,19
Vehicle Population,2018,All owners,1801 - 2000 cc,Other fuel types,Co. Sligo,All years,Number,16
Vehicle Population,2018,All owners,1801 - 2000 cc,Other fuel types,Co. Tipperary,All years,Number,44
Vehicle Population,2018,All owners,1801 - 2000 cc,Other fuel types,Co. Waterford,All years,Number,54
Vehicle Population,2018,All owners,1801 - 2000 cc,Other fuel types,Co. Westmeath,All years,Number,38
Vehicle Population,2018,All owners,1801 - 2000 cc,Other fuel types,Co. Wexford,All years,Number,44
Vehicle Population,2018,All owners,1801 - 2000 cc,Other fuel types,Co. Wicklow,All years,Number,106
Vehicle Population,2018,All owners,Over 2000 cc,Petrol,Co. Carlow,All years,Number,77
Vehicle Population,2018,All owners,Over 2000 cc,Petrol,Co. Cavan,All years,Number,87
Vehicle Population,2018,All owners,Over 2000 cc,Petrol,Co. Clare,All years,Number,178
Vehicle Population,2018,All owners,Over 2000 cc,Petrol,Co. Cork,All years,Number,1189
Vehicle Population,2018,All owners,Over 2000 cc,Petrol,Co. Donegal,All years,Number,155
Vehicle Population,2018,All owners,Over 2000 cc,Petrol,Co. Dublin,All years,Number,6218
Vehicle Population,2018,All owners,Over 2000 cc,Petrol,Co. Galway,All years,Number,514
Vehicle Population,2018,All owners,Over 2000 cc,Petrol,Co. Kerry,All years,Number,250
Vehicle Population,2018,All owners,Over 2000 cc,Petrol,Co. Kildare,All years,Number,556
Vehicle Population,2018,All owners,Over 2000 cc,Petrol,Co. Kilkenny,All years,Number,145
Vehicle Population,2018,All owners,Over 2000 cc,Petrol,Co. Laois,All years,Number,90
Vehicle Population,2018,All owners,Over 2000 cc,Petrol,Co. Leitrim,All years,Number,36
Vehicle Population,2018,All owners,Over 2000 cc,Petrol,Co. Limerick,All years,Number,306
Vehicle Population,2018,All owners,Over 2000 cc,Petrol,Co. Longford,All years,Number,37
Vehicle Population,2018,All owners,Over 2000 cc,Petrol,Co. Louth,All years,Number,211
Vehicle Population,2018,All owners,Over 2000 cc,Petrol,Co. Mayo,All years,Number,167
Vehicle Population,2018,All owners,Over 2000 cc,Petrol,Co. Meath,All years,Number,442
Vehicle Population,2018,All owners,Over 2000 cc,Petrol,Co. Monaghan,All years,Number,54
Vehicle Population,2018,All owners,Over 2000 cc,Petrol,Co. Offaly,All years,Number,86
Vehicle Population,2018,All owners,Over 2000 cc,Petrol,Co. Roscommon,All years,Number,71
Vehicle Population,2018,All owners,Over 2000 cc,Petrol,Co. Sligo,All years,Number,84
Vehicle Population,2018,All owners,Over 2000 cc,Petrol,Co. Tipperary,All years,Number,234
Vehicle Population,2018,All owners,Over 2000 cc,Petrol,Co. Waterford,All years,Number,203
Vehicle Population,2018,All owners,Over 2000 cc,Petrol,Co. Westmeath,All years,Number,109
Vehicle Population,2018,All owners,Over 2000 cc,Petrol,Co. Wexford,All years,Number,223
Vehicle Population,2018,All owners,Over 2000 cc,Petrol,Co. Wicklow,All years,Number,605
Vehicle Population,2018,All owners,Over 2000 cc,Diesel,Co. Carlow,All years,Number,1330
Vehicle Population,2018,All owners,Over 2000 cc,Diesel,Co. Cavan,All years,Number,1393
Vehicle Population,2018,All owners,Over 2000 cc,Diesel,Co. Clare,All years,Number,2373
Vehicle Population,2018,All owners,Over 2000 cc,Diesel,Co. Cork,All years,Number,9921
Vehicle Population,2018,All owners,Over 2000 cc,Diesel,Co. Donegal,All years,Number,2257
Vehicle Population,2018,All owners,Over 2000 cc,Diesel,Co. Dublin,All years,Number,27059
Vehicle Population,2018,All owners,Over 2000 cc,Diesel,Co. Galway,All years,Number,4924
Vehicle Population,2018,All owners,Over 2000 cc,Diesel,Co. Kerry,All years,Number,2763
Vehicle Population,2018,All owners,Over 2000 cc,Diesel,Co. Kildare,All years,Number,5458
Vehicle Population,2018,All owners,Over 2000 cc,Diesel,Co. Kilkenny,All years,Number,2125
Vehicle Population,2018,All owners,Over 2000 cc,Diesel,Co. Laois,All years,Number,1670
Vehicle Population,2018,All owners,Over 2000 cc,Diesel,Co. Leitrim,All years,Number,490
Vehicle Population,2018,All owners,Over 2000 cc,Diesel,Co. Limerick,All years,Number,3609
Vehicle Population,2018,All owners,Over 2000 cc,Diesel,Co. Longford,All years,Number,729
Vehicle Population,2018,All owners,Over 2000 cc,Diesel,Co. Louth,All years,Number,2300
Vehicle Population,2018,All owners,Over 2000 cc,Diesel,Co. Mayo,All years,Number,2559
Vehicle Population,2018,All owners,Over 2000 cc,Diesel,Co. Meath,All years,Number,5002
Vehicle Population,2018,All owners,Over 2000 cc,Diesel,Co. Monaghan,All years,Number,1203
Vehicle Population,2018,All owners,Over 2000 cc,Diesel,Co. Offaly,All years,Number,1482
Vehicle Population,2018,All owners,Over 2000 cc,Diesel,Co. Roscommon,All years,Number,1067
Vehicle Population,2018,All owners,Over 2000 cc,Diesel,Co. Sligo,All years,Number,995
Vehicle Population,2018,All owners,Over 2000 cc,Diesel,Co. Tipperary,All years,Number,3578
Vehicle Population,2018,All owners,Over 2000 cc,Diesel,Co. Waterford,All years,Number,2519
Vehicle Population,2018,All owners,Over 2000 cc,Diesel,Co. Westmeath,All years,Number,1751
Vehicle Population,2018,All owners,Over 2000 cc,Diesel,Co. Wexford,All years,Number,3582
Vehicle Population,2018,All owners,Over 2000 cc,Diesel,Co. Wicklow,All years,Number,3855
Vehicle Population,2018,All owners,Over 2000 cc,Other fuel types,Co. Carlow,All years,Number,48
Vehicle Population,2018,All owners,Over 2000 cc,Other fuel types,Co. Cavan,All years,Number,55
Vehicle Population,2018,All owners,Over 2000 cc,Other fuel types,Co. Clare,All years,Number,92
Vehicle Population,2018,All owners,Over 2000 cc,Other fuel types,Co. Cork,All years,Number,688
Vehicle Population,2018,All owners,Over 2000 cc,Other fuel types,Co. Donegal,All years,Number,70
Vehicle Population,2018,All owners,Over 2000 cc,Other fuel types,Co. Dublin,All years,Number,3177
Vehicle Population,2018,All owners,Over 2000 cc,Other fuel types,Co. Galway,All years,Number,381
Vehicle Population,2018,All owners,Over 2000 cc,Other fuel types,Co. Kerry,All years,Number,105
Vehicle Population,2018,All owners,Over 2000 cc,Other fuel types,Co. Kildare,All years,Number,260
Vehicle Population,2018,All owners,Over 2000 cc,Other fuel types,Co. Kilkenny,All years,Number,62
Vehicle Population,2018,All owners,Over 2000 cc,Other fuel types,Co. Laois,All years,Number,40
Vehicle Population,2018,All owners,Over 2000 cc,Other fuel types,Co. Leitrim,All years,Number,19
Vehicle Population,2018,All owners,Over 2000 cc,Other fuel types,Co. Limerick,All years,Number,127
Vehicle Population,2018,All owners,Over 2000 cc,Other fuel types,Co. Longford,All years,Number,37
Vehicle Population,2018,All owners,Over 2000 cc,Other fuel types,Co. Louth,All years,Number,83
Vehicle Population,2018,All owners,Over 2000 cc,Other fuel types,Co. Mayo,All years,Number,99
Vehicle Population,2018,All owners,Over 2000 cc,Other fuel types,Co. Meath,All years,Number,251
Vehicle Population,2018,All owners,Over 2000 cc,Other fuel types,Co. Monaghan,All years,Number,33
Vehicle Population,2018,All owners,Over 2000 cc,Other fuel types,Co. Offaly,All years,Number,62
Vehicle Population,2018,All owners,Over 2000 cc,Other fuel types,Co. Roscommon,All years,Number,53
Vehicle Population,2018,All owners,Over 2000 cc,Other fuel types,Co. Sligo,All years,Number,25
Vehicle Population,2018,All owners,Over 2000 cc,Other fuel types,Co. Tipperary,All years,Number,90
Vehicle Population,2018,All owners,Over 2000 cc,Other fuel types,Co. Waterford,All years,Number,88
Vehicle Population,2018,All owners,Over 2000 cc,Other fuel types,Co. Westmeath,All years,Number,74
Vehicle Population,2018,All owners,Over 2000 cc,Other fuel types,Co. Wexford,All years,Number,96
Vehicle Population,2018,All owners,Over 2000 cc,Other fuel types,Co. Wicklow,All years,Number,232
Vehicle Population,2019,All owners,Up to 1000 cc,Petrol,Co. Carlow,All years,Number,1724
Vehicle Population,2019,All owners,Up to 1000 cc,Petrol,Co. Cavan,All years,Number,1852
Vehicle Population,2019,All owners,Up to 1000 cc,Petrol,Co. Clare,All years,Number,3740
Vehicle Population,2019,All owners,Up to 1000 cc,Petrol,Co. Cork,All years,Number,21713
Vehicle Population,2019,All owners,Up to 1000 cc,Petrol,Co. Donegal,All years,Number,3817
Vehicle Population,2019,All owners,Up to 1000 cc,Petrol,Co. Dublin,All years,Number,50330
Vehicle Population,2019,All owners,Up to 1000 cc,Petrol,Co. Galway,All years,Number,6854
Vehicle Population,2019,All owners,Up to 1000 cc,Petrol,Co. Kerry,All years,Number,4676
Vehicle Population,2019,All owners,Up to 1000 cc,Petrol,Co. Kildare,All years,Number,7565
Vehicle Population,2019,All owners,Up to 1000 cc,Petrol,Co. Kilkenny,All years,Number,3040
Vehicle Population,2019,All owners,Up to 1000 cc,Petrol,Co. Laois,All years,Number,2134
Vehicle Population,2019,All owners,Up to 1000 cc,Petrol,Co. Leitrim,All years,Number,832
Vehicle Population,2019,All owners,Up to 1000 cc,Petrol,Co. Limerick,All years,Number,6596
Vehicle Population,2019,All owners,Up to 1000 cc,Petrol,Co. Longford,All years,Number,1063
Vehicle Population,2019,All owners,Up to 1000 cc,Petrol,Co. Louth,All years,Number,4251
Vehicle Population,2019,All owners,Up to 1000 cc,Petrol,Co. Mayo,All years,Number,3714
Vehicle Population,2019,All owners,Up to 1000 cc,Petrol,Co. Meath,All years,Number,5517
Vehicle Population,2019,All owners,Up to 1000 cc,Petrol,Co. Monaghan,All years,Number,1280
Vehicle Population,2019,All owners,Up to 1000 cc,Petrol,Co. Offaly,All years,Number,2167
Vehicle Population,2019,All owners,Up to 1000 cc,Petrol,Co. Roscommon,All years,Number,2820
Vehicle Population,2019,All owners,Up to 1000 cc,Petrol,Co. Sligo,All years,Number,2047
Vehicle Population,2019,All owners,Up to 1000 cc,Petrol,Co. Tipperary,All years,Number,5037
Vehicle Population,2019,All owners,Up to 1000 cc,Petrol,Co. Waterford,All years,Number,5064
Vehicle Population,2019,All owners,Up to 1000 cc,Petrol,Co. Westmeath,All years,Number,2424
Vehicle Population,2019,All owners,Up to 1000 cc,Petrol,Co. Wexford,All years,Number,5097
Vehicle Population,2019,All owners,Up to 1000 cc,Petrol,Co. Wicklow,All years,Number,5300
Vehicle Population,2019,All owners,Up to 1000 cc,Diesel,Co. Carlow,All years,Number,1
Vehicle Population,2019,All owners,Up to 1000 cc,Diesel,Co. Cavan,All years,Number,2
Vehicle Population,2019,All owners,Up to 1000 cc,Diesel,Co. Clare,All years,Number,4
Vehicle Population,2019,All owners,Up to 1000 cc,Diesel,Co. Cork,All years,Number,18
Vehicle Population,2019,All owners,Up to 1000 cc,Diesel,Co. Donegal,All years,Number,2
Vehicle Population,2019,All owners,Up to 1000 cc,Diesel,Co. Dublin,All years,Number,88
Vehicle Population,2019,All owners,Up to 1000 cc,Diesel,Co. Galway,All years,Number,13
Vehicle Population,2019,All owners,Up to 1000 cc,Diesel,Co. Kerry,All years,Number,3
Vehicle Population,2019,All owners,Up to 1000 cc,Diesel,Co. Kildare,All years,Number,6
Vehicle Population,2019,All owners,Up to 1000 cc,Diesel,Co. Kilkenny,All years,Number,4
Vehicle Population,2019,All owners,Up to 1000 cc,Diesel,Co. Laois,All years,Number,2
Vehicle Population,2019,All owners,Up to 1000 cc,Diesel,Co. Leitrim,All years,Number,0
Vehicle Population,2019,All owners,Up to 1000 cc,Diesel,Co. Limerick,All years,Number,3
Vehicle Population,2019,All owners,Up to 1000 cc,Diesel,Co. Longford,All years,Number,1
Vehicle Population,2019,All owners,Up to 1000 cc,Diesel,Co. Louth,All years,Number,4
Vehicle Population,2019,All owners,Up to 1000 cc,Diesel,Co. Mayo,All years,Number,3
Vehicle Population,2019,All owners,Up to 1000 cc,Diesel,Co. Meath,All years,Number,3
Vehicle Population,2019,All owners,Up to 1000 cc,Diesel,Co. Monaghan,All years,Number,5
Vehicle Population,2019,All owners,Up to 1000 cc,Diesel,Co. Offaly,All years,Number,3
Vehicle Population,2019,All owners,Up to 1000 cc,Diesel,Co. Roscommon,All years,Number,2
Vehicle Population,2019,All owners,Up to 1000 cc,Diesel,Co. Sligo,All years,Number,1
Vehicle Population,2019,All owners,Up to 1000 cc,Diesel,Co. Tipperary,All years,Number,8
Vehicle Population,2019,All owners,Up to 1000 cc,Diesel,Co. Waterford,All years,Number,4
Vehicle Population,2019,All owners,Up to 1000 cc,Diesel,Co. Westmeath,All years,Number,7
Vehicle Population,2019,All owners,Up to 1000 cc,Diesel,Co. Wexford,All years,Number,7
Vehicle Population,2019,All owners,Up to 1000 cc,Diesel,Co. Wicklow,All years,Number,4
Vehicle Population,2019,All owners,Up to 1000 cc,Other fuel types,Co. Carlow,All years,Number,74
Vehicle Population,2019,All owners,Up to 1000 cc,Other fuel types,Co. Cavan,All years,Number,57
Vehicle Population,2019,All owners,Up to 1000 cc,Other fuel types,Co. Clare,All years,Number,152
Vehicle Population,2019,All owners,Up to 1000 cc,Other fuel types,Co. Cork,All years,Number,802
Vehicle Population,2019,All owners,Up to 1000 cc,Other fuel types,Co. Donegal,All years,Number,75
Vehicle Population,2019,All owners,Up to 1000 cc,Other fuel types,Co. Dublin,All years,Number,2726
Vehicle Population,2019,All owners,Up to 1000 cc,Other fuel types,Co. Galway,All years,Number,338
Vehicle Population,2019,All owners,Up to 1000 cc,Other fuel types,Co. Kerry,All years,Number,136
Vehicle Population,2019,All owners,Up to 1000 cc,Other fuel types,Co. Kildare,All years,Number,425
Vehicle Population,2019,All owners,Up to 1000 cc,Other fuel types,Co. Kilkenny,All years,Number,91
Vehicle Population,2019,All owners,Up to 1000 cc,Other fuel types,Co. Laois,All years,Number,78
Vehicle Population,2019,All owners,Up to 1000 cc,Other fuel types,Co. Leitrim,All years,Number,26
Vehicle Population,2019,All owners,Up to 1000 cc,Other fuel types,Co. Limerick,All years,Number,179
Vehicle Population,2019,All owners,Up to 1000 cc,Other fuel types,Co. Longford,All years,Number,45
Vehicle Population,2019,All owners,Up to 1000 cc,Other fuel types,Co. Louth,All years,Number,152
Vehicle Population,2019,All owners,Up to 1000 cc,Other fuel types,Co. Mayo,All years,Number,95
Vehicle Population,2019,All owners,Up to 1000 cc,Other fuel types,Co. Meath,All years,Number,341
Vehicle Population,2019,All owners,Up to 1000 cc,Other fuel types,Co. Monaghan,All years,Number,49
Vehicle Population,2019,All owners,Up to 1000 cc,Other fuel types,Co. Offaly,All years,Number,49
Vehicle Population,2019,All owners,Up to 1000 cc,Other fuel types,Co. Roscommon,All years,Number,46
Vehicle Population,2019,All owners,Up to 1000 cc,Other fuel types,Co. Sligo,All years,Number,52
Vehicle Population,2019,All owners,Up to 1000 cc,Other fuel types,Co. Tipperary,All years,Number,143
Vehicle Population,2019,All owners,Up to 1000 cc,Other fuel types,Co. Waterford,All years,Number,154
Vehicle Population,2019,All owners,Up to 1000 cc,Other fuel types,Co. Westmeath,All years,Number,135
Vehicle Population,2019,All owners,Up to 1000 cc,Other fuel types,Co. Wexford,All years,Number,201
Vehicle Population,2019,All owners,Up to 1000 cc,Other fuel types,Co. Wicklow,All years,Number,386
Vehicle Population,2019,All owners,1001 - 1200 cc,Petrol,Co. Carlow,All years,Number,1549
Vehicle Population,2019,All owners,1001 - 1200 cc,Petrol,Co. Cavan,All years,Number,1372
Vehicle Population,2019,All owners,1001 - 1200 cc,Petrol,Co. Clare,All years,Number,3173
Vehicle Population,2019,All owners,1001 - 1200 cc,Petrol,Co. Cork,All years,Number,17087
Vehicle Population,2019,All owners,1001 - 1200 cc,Petrol,Co. Donegal,All years,Number,2680
Vehicle Population,2019,All owners,1001 - 1200 cc,Petrol,Co. Dublin,All years,Number,46800
Vehicle Population,2019,All owners,1001 - 1200 cc,Petrol,Co. Galway,All years,Number,5771
Vehicle Population,2019,All owners,1001 - 1200 cc,Petrol,Co. Kerry,All years,Number,3977
Vehicle Population,2019,All owners,1001 - 1200 cc,Petrol,Co. Kildare,All years,Number,7280
Vehicle Population,2019,All owners,1001 - 1200 cc,Petrol,Co. Kilkenny,All years,Number,2611
Vehicle Population,2019,All owners,1001 - 1200 cc,Petrol,Co. Laois,All years,Number,1699
Vehicle Population,2019,All owners,1001 - 1200 cc,Petrol,Co. Leitrim,All years,Number,677
Vehicle Population,2019,All owners,1001 - 1200 cc,Petrol,Co. Limerick,All years,Number,5374
Vehicle Population,2019,All owners,1001 - 1200 cc,Petrol,Co. Longford,All years,Number,732
Vehicle Population,2019,All owners,1001 - 1200 cc,Petrol,Co. Louth,All years,Number,3883
Vehicle Population,2019,All owners,1001 - 1200 cc,Petrol,Co. Mayo,All years,Number,2430
Vehicle Population,2019,All owners,1001 - 1200 cc,Petrol,Co. Meath,All years,Number,5586
Vehicle Population,2019,All owners,1001 - 1200 cc,Petrol,Co. Monaghan,All years,Number,1038
Vehicle Population,2019,All owners,1001 - 1200 cc,Petrol,Co. Offaly,All years,Number,1660
Vehicle Population,2019,All owners,1001 - 1200 cc,Petrol,Co. Roscommon,All years,Number,1827
Vehicle Population,2019,All owners,1001 - 1200 cc,Petrol,Co. Sligo,All years,Number,1539
Vehicle Population,2019,All owners,1001 - 1200 cc,Petrol,Co. Tipperary,All years,Number,4157
Vehicle Population,2019,All owners,1001 - 1200 cc,Petrol,Co. Waterford,All years,Number,4368
Vehicle Population,2019,All owners,1001 - 1200 cc,Petrol,Co. Westmeath,All years,Number,2135
Vehicle Population,2019,All owners,1001 - 1200 cc,Petrol,Co. Wexford,All years,Number,4649
Vehicle Population,2019,All owners,1001 - 1200 cc,Petrol,Co. Wicklow,All years,Number,5408
Vehicle Population,2019,All owners,1001 - 1200 cc,Diesel,Co. Carlow,All years,Number,70
Vehicle Population,2019,All owners,1001 - 1200 cc,Diesel,Co. Cavan,All years,Number,77
Vehicle Population,2019,All owners,1001 - 1200 cc,Diesel,Co. Clare,All years,Number,132
Vehicle Population,2019,All owners,1001 - 1200 cc,Diesel,Co. Cork,All years,Number,565
Vehicle Population,2019,All owners,1001 - 1200 cc,Diesel,Co. Donegal,All years,Number,159
Vehicle Population,2019,All owners,1001 - 1200 cc,Diesel,Co. Dublin,All years,Number,666
Vehicle Population,2019,All owners,1001 - 1200 cc,Diesel,Co. Galway,All years,Number,175
Vehicle Population,2019,All owners,1001 - 1200 cc,Diesel,Co. Kerry,All years,Number,100
Vehicle Population,2019,All owners,1001 - 1200 cc,Diesel,Co. Kildare,All years,Number,258
Vehicle Population,2019,All owners,1001 - 1200 cc,Diesel,Co. Kilkenny,All years,Number,166
Vehicle Population,2019,All owners,1001 - 1200 cc,Diesel,Co. Laois,All years,Number,104
Vehicle Population,2019,All owners,1001 - 1200 cc,Diesel,Co. Leitrim,All years,Number,37
Vehicle Population,2019,All owners,1001 - 1200 cc,Diesel,Co. Limerick,All years,Number,145
Vehicle Population,2019,All owners,1001 - 1200 cc,Diesel,Co. Longford,All years,Number,61
Vehicle Population,2019,All owners,1001 - 1200 cc,Diesel,Co. Louth,All years,Number,184
Vehicle Population,2019,All owners,1001 - 1200 cc,Diesel,Co. Mayo,All years,Number,117
Vehicle Population,2019,All owners,1001 - 1200 cc,Diesel,Co. Meath,All years,Number,201
Vehicle Population,2019,All owners,1001 - 1200 cc,Diesel,Co. Monaghan,All years,Number,97
Vehicle Population,2019,All owners,1001 - 1200 cc,Diesel,Co. Offaly,All years,Number,97
Vehicle Population,2019,All owners,1001 - 1200 cc,Diesel,Co. Roscommon,All years,Number,68
Vehicle Population,2019,All owners,1001 - 1200 cc,Diesel,Co. Sligo,All years,Number,61
Vehicle Population,2019,All owners,1001 - 1200 cc,Diesel,Co. Tipperary,All years,Number,163
Vehicle Population,2019,All owners,1001 - 1200 cc,Diesel,Co. Waterford,All years,Number,114
Vehicle Population,2019,All owners,1001 - 1200 cc,Diesel,Co. Westmeath,All years,Number,133
Vehicle Population,2019,All owners,1001 - 1200 cc,Diesel,Co. Wexford,All years,Number,172
Vehicle Population,2019,All owners,1001 - 1200 cc,Diesel,Co. Wicklow,All years,Number,151
Vehicle Population,2019,All owners,1001 - 1200 cc,Other fuel types,Co. Carlow,All years,Number,74
Vehicle Population,2019,All owners,1001 - 1200 cc,Other fuel types,Co. Cavan,All years,Number,81
Vehicle Population,2019,All owners,1001 - 1200 cc,Other fuel types,Co. Clare,All years,Number,154
Vehicle Population,2019,All owners,1001 - 1200 cc,Other fuel types,Co. Cork,All years,Number,870
Vehicle Population,2019,All owners,1001 - 1200 cc,Other fuel types,Co. Donegal,All years,Number,144
Vehicle Population,2019,All owners,1001 - 1200 cc,Other fuel types,Co. Dublin,All years,Number,1545
Vehicle Population,2019,All owners,1001 - 1200 cc,Other fuel types,Co. Galway,All years,Number,226
Vehicle Population,2019,All owners,1001 - 1200 cc,Other fuel types,Co. Kerry,All years,Number,220
Vehicle Population,2019,All owners,1001 - 1200 cc,Other fuel types,Co. Kildare,All years,Number,431
Vehicle Population,2019,All owners,1001 - 1200 cc,Other fuel types,Co. Kilkenny,All years,Number,94
Vehicle Population,2019,All owners,1001 - 1200 cc,Other fuel types,Co. Laois,All years,Number,78
Vehicle Population,2019,All owners,1001 - 1200 cc,Other fuel types,Co. Leitrim,All years,Number,26
Vehicle Population,2019,All owners,1001 - 1200 cc,Other fuel types,Co. Limerick,All years,Number,219
Vehicle Population,2019,All owners,1001 - 1200 cc,Other fuel types,Co. Longford,All years,Number,29
Vehicle Population,2019,All owners,1001 - 1200 cc,Other fuel types,Co. Louth,All years,Number,182
Vehicle Population,2019,All owners,1001 - 1200 cc,Other fuel types,Co. Mayo,All years,Number,41
Vehicle Population,2019,All owners,1001 - 1200 cc,Other fuel types,Co. Meath,All years,Number,371
Vehicle Population,2019,All owners,1001 - 1200 cc,Other fuel types,Co. Monaghan,All years,Number,34
Vehicle Population,2019,All owners,1001 - 1200 cc,Other fuel types,Co. Offaly,All years,Number,60
Vehicle Population,2019,All owners,1001 - 1200 cc,Other fuel types,Co. Roscommon,All years,Number,60
Vehicle Population,2019,All owners,1001 - 1200 cc,Other fuel types,Co. Sligo,All years,Number,54
Vehicle Population,2019,All owners,1001 - 1200 cc,Other fuel types,Co. Tipperary,All years,Number,165
Vehicle Population,2019,All owners,1001 - 1200 cc,Other fuel types,Co. Waterford,All years,Number,179
Vehicle Population,2019,All owners,1001 - 1200 cc,Other fuel types,Co. Westmeath,All years,Number,140
Vehicle Population,2019,All owners,1001 - 1200 cc,Other fuel types,Co. Wexford,All years,Number,264
Vehicle Population,2019,All owners,1001 - 1200 cc,Other fuel types,Co. Wicklow,All years,Number,158
Vehicle Population,2019,All owners,1201 - 1400 cc,Petrol,Co. Carlow,All years,Number,4376
Vehicle Population,2019,All owners,1201 - 1400 cc,Petrol,Co. Cavan,All years,Number,4197
Vehicle Population,2019,All owners,1201 - 1400 cc,Petrol,Co. Clare,All years,Number,9549
Vehicle Population,2019,All owners,1201 - 1400 cc,Petrol,Co. Cork,All years,Number,49451
Vehicle Population,2019,All owners,1201 - 1400 cc,Petrol,Co. Donegal,All years,Number,9986
Vehicle Population,2019,All owners,1201 - 1400 cc,Petrol,Co. Dublin,All years,Number,106765
Vehicle Population,2019,All owners,1201 - 1400 cc,Petrol,Co. Galway,All years,Number,18819
Vehicle Population,2019,All owners,1201 - 1400 cc,Petrol,Co. Kerry,All years,Number,13085
Vehicle Population,2019,All owners,1201 - 1400 cc,Petrol,Co. Kildare,All years,Number,16403
Vehicle Population,2019,All owners,1201 - 1400 cc,Petrol,Co. Kilkenny,All years,Number,6912
Vehicle Population,2019,All owners,1201 - 1400 cc,Petrol,Co. Laois,All years,Number,4778
Vehicle Population,2019,All owners,1201 - 1400 cc,Petrol,Co. Leitrim,All years,Number,2073
Vehicle Population,2019,All owners,1201 - 1400 cc,Petrol,Co. Limerick,All years,Number,16272
Vehicle Population,2019,All owners,1201 - 1400 cc,Petrol,Co. Longford,All years,Number,2277
Vehicle Population,2019,All owners,1201 - 1400 cc,Petrol,Co. Louth,All years,Number,7518
Vehicle Population,2019,All owners,1201 - 1400 cc,Petrol,Co. Mayo,All years,Number,9692
Vehicle Population,2019,All owners,1201 - 1400 cc,Petrol,Co. Meath,All years,Number,12764
Vehicle Population,2019,All owners,1201 - 1400 cc,Petrol,Co. Monaghan,All years,Number,3440
Vehicle Population,2019,All owners,1201 - 1400 cc,Petrol,Co. Offaly,All years,Number,4685
Vehicle Population,2019,All owners,1201 - 1400 cc,Petrol,Co. Roscommon,All years,Number,4947
Vehicle Population,2019,All owners,1201 - 1400 cc,Petrol,Co. Sligo,All years,Number,4966
Vehicle Population,2019,All owners,1201 - 1400 cc,Petrol,Co. Tipperary,All years,Number,12329
Vehicle Population,2019,All owners,1201 - 1400 cc,Petrol,Co. Waterford,All years,Number,10531
Vehicle Population,2019,All owners,1201 - 1400 cc,Petrol,Co. Westmeath,All years,Number,5555
Vehicle Population,2019,All owners,1201 - 1400 cc,Petrol,Co. Wexford,All years,Number,11437
Vehicle Population,2019,All owners,1201 - 1400 cc,Petrol,Co. Wicklow,All years,Number,11887
Vehicle Population,2019,All owners,1201 - 1400 cc,Diesel,Co. Carlow,All years,Number,1283
Vehicle Population,2019,All owners,1201 - 1400 cc,Diesel,Co. Cavan,All years,Number,1880
Vehicle Population,2019,All owners,1201 - 1400 cc,Diesel,Co. Clare,All years,Number,2644
Vehicle Population,2019,All owners,1201 - 1400 cc,Diesel,Co. Cork,All years,Number,11047
Vehicle Population,2019,All owners,1201 - 1400 cc,Diesel,Co. Donegal,All years,Number,4623
Vehicle Population,2019,All owners,1201 - 1400 cc,Diesel,Co. Dublin,All years,Number,9363
Vehicle Population,2019,All owners,1201 - 1400 cc,Diesel,Co. Galway,All years,Number,5029
Vehicle Population,2019,All owners,1201 - 1400 cc,Diesel,Co. Kerry,All years,Number,3300
Vehicle Population,2019,All owners,1201 - 1400 cc,Diesel,Co. Kildare,All years,Number,3412
Vehicle Population,2019,All owners,1201 - 1400 cc,Diesel,Co. Kilkenny,All years,Number,2193
Vehicle Population,2019,All owners,1201 - 1400 cc,Diesel,Co. Laois,All years,Number,1547
Vehicle Population,2019,All owners,1201 - 1400 cc,Diesel,Co. Leitrim,All years,Number,751
Vehicle Population,2019,All owners,1201 - 1400 cc,Diesel,Co. Limerick,All years,Number,4094
Vehicle Population,2019,All owners,1201 - 1400 cc,Diesel,Co. Longford,All years,Number,900
Vehicle Population,2019,All owners,1201 - 1400 cc,Diesel,Co. Louth,All years,Number,2335
Vehicle Population,2019,All owners,1201 - 1400 cc,Diesel,Co. Mayo,All years,Number,3312
Vehicle Population,2019,All owners,1201 - 1400 cc,Diesel,Co. Meath,All years,Number,3552
Vehicle Population,2019,All owners,1201 - 1400 cc,Diesel,Co. Monaghan,All years,Number,1466
Vehicle Population,2019,All owners,1201 - 1400 cc,Diesel,Co. Offaly,All years,Number,1949
Vehicle Population,2019,All owners,1201 - 1400 cc,Diesel,Co. Roscommon,All years,Number,1661
Vehicle Population,2019,All owners,1201 - 1400 cc,Diesel,Co. Sligo,All years,Number,1352
Vehicle Population,2019,All owners,1201 - 1400 cc,Diesel,Co. Tipperary,All years,Number,4045
Vehicle Population,2019,All owners,1201 - 1400 cc,Diesel,Co. Waterford,All years,Number,2084
Vehicle Population,2019,All owners,1201 - 1400 cc,Diesel,Co. Westmeath,All years,Number,2040
Vehicle Population,2019,All owners,1201 - 1400 cc,Diesel,Co. Wexford,All years,Number,3342
Vehicle Population,2019,All owners,1201 - 1400 cc,Diesel,Co. Wicklow,All years,Number,2312
Vehicle Population,2019,All owners,1201 - 1400 cc,Other fuel types,Co. Carlow,All years,Number,29
Vehicle Population,2019,All owners,1201 - 1400 cc,Other fuel types,Co. Cavan,All years,Number,31
Vehicle Population,2019,All owners,1201 - 1400 cc,Other fuel types,Co. Clare,All years,Number,65
Vehicle Population,2019,All owners,1201 - 1400 cc,Other fuel types,Co. Cork,All years,Number,271
Vehicle Population,2019,All owners,1201 - 1400 cc,Other fuel types,Co. Donegal,All years,Number,28
Vehicle Population,2019,All owners,1201 - 1400 cc,Other fuel types,Co. Dublin,All years,Number,2054
Vehicle Population,2019,All owners,1201 - 1400 cc,Other fuel types,Co. Galway,All years,Number,142
Vehicle Population,2019,All owners,1201 - 1400 cc,Other fuel types,Co. Kerry,All years,Number,48
Vehicle Population,2019,All owners,1201 - 1400 cc,Other fuel types,Co. Kildare,All years,Number,222
Vehicle Population,2019,All owners,1201 - 1400 cc,Other fuel types,Co. Kilkenny,All years,Number,47
Vehicle Population,2019,All owners,1201 - 1400 cc,Other fuel types,Co. Laois,All years,Number,51
Vehicle Population,2019,All owners,1201 - 1400 cc,Other fuel types,Co. Leitrim,All years,Number,10
Vehicle Population,2019,All owners,1201 - 1400 cc,Other fuel types,Co. Limerick,All years,Number,90
Vehicle Population,2019,All owners,1201 - 1400 cc,Other fuel types,Co. Longford,All years,Number,14
Vehicle Population,2019,All owners,1201 - 1400 cc,Other fuel types,Co. Louth,All years,Number,76
Vehicle Population,2019,All owners,1201 - 1400 cc,Other fuel types,Co. Mayo,All years,Number,41
Vehicle Population,2019,All owners,1201 - 1400 cc,Other fuel types,Co. Meath,All years,Number,162
Vehicle Population,2019,All owners,1201 - 1400 cc,Other fuel types,Co. Monaghan,All years,Number,14
Vehicle Population,2019,All owners,1201 - 1400 cc,Other fuel types,Co. Offaly,All years,Number,38
Vehicle Population,2019,All owners,1201 - 1400 cc,Other fuel types,Co. Roscommon,All years,Number,23
Vehicle Population,2019,All owners,1201 - 1400 cc,Other fuel types,Co. Sligo,All years,Number,23
Vehicle Population,2019,All owners,1201 - 1400 cc,Other fuel types,Co. Tipperary,All years,Number,89
Vehicle Population,2019,All owners,1201 - 1400 cc,Other fuel types,Co. Waterford,All years,Number,62
Vehicle Population,2019,All owners,1201 - 1400 cc,Other fuel types,Co. Westmeath,All years,Number,33
Vehicle Population,2019,All owners,1201 - 1400 cc,Other fuel types,Co. Wexford,All years,Number,83
Vehicle Population,2019,All owners,1201 - 1400 cc,Other fuel types,Co. Wicklow,All years,Number,137
Vehicle Population,2019,All owners,1401 - 1600 cc,Petrol,Co. Carlow,All years,Number,1739
Vehicle Population,2019,All owners,1401 - 1600 cc,Petrol,Co. Cavan,All years,Number,1720
Vehicle Population,2019,All owners,1401 - 1600 cc,Petrol,Co. Clare,All years,Number,4297
Vehicle Population,2019,All owners,1401 - 1600 cc,Petrol,Co. Cork,All years,Number,18595
Vehicle Population,2019,All owners,1401 - 1600 cc,Petrol,Co. Donegal,All years,Number,3386
Vehicle Population,2019,All owners,1401 - 1600 cc,Petrol,Co. Dublin,All years,Number,50609
Vehicle Population,2019,All owners,1401 - 1600 cc,Petrol,Co. Galway,All years,Number,7840
Vehicle Population,2019,All owners,1401 - 1600 cc,Petrol,Co. Kerry,All years,Number,5744
Vehicle Population,2019,All owners,1401 - 1600 cc,Petrol,Co. Kildare,All years,Number,7267
Vehicle Population,2019,All owners,1401 - 1600 cc,Petrol,Co. Kilkenny,All years,Number,2585
Vehicle Population,2019,All owners,1401 - 1600 cc,Petrol,Co. Laois,All years,Number,2033
Vehicle Population,2019,All owners,1401 - 1600 cc,Petrol,Co. Leitrim,All years,Number,747
Vehicle Population,2019,All owners,1401 - 1600 cc,Petrol,Co. Limerick,All years,Number,6731
Vehicle Population,2019,All owners,1401 - 1600 cc,Petrol,Co. Longford,All years,Number,930
Vehicle Population,2019,All owners,1401 - 1600 cc,Petrol,Co. Louth,All years,Number,2832
Vehicle Population,2019,All owners,1401 - 1600 cc,Petrol,Co. Mayo,All years,Number,3561
Vehicle Population,2019,All owners,1401 - 1600 cc,Petrol,Co. Meath,All years,Number,5623
Vehicle Population,2019,All owners,1401 - 1600 cc,Petrol,Co. Monaghan,All years,Number,1090
Vehicle Population,2019,All owners,1401 - 1600 cc,Petrol,Co. Offaly,All years,Number,1920
Vehicle Population,2019,All owners,1401 - 1600 cc,Petrol,Co. Roscommon,All years,Number,1632
Vehicle Population,2019,All owners,1401 - 1600 cc,Petrol,Co. Sligo,All years,Number,1831
Vehicle Population,2019,All owners,1401 - 1600 cc,Petrol,Co. Tipperary,All years,Number,5098
Vehicle Population,2019,All owners,1401 - 1600 cc,Petrol,Co. Waterford,All years,Number,4237
Vehicle Population,2019,All owners,1401 - 1600 cc,Petrol,Co. Westmeath,All years,Number,2220
Vehicle Population,2019,All owners,1401 - 1600 cc,Petrol,Co. Wexford,All years,Number,4407
Vehicle Population,2019,All owners,1401 - 1600 cc,Petrol,Co. Wicklow,All years,Number,5303
Vehicle Population,2019,All owners,1401 - 1600 cc,Diesel,Co. Carlow,All years,Number,7774
Vehicle Population,2019,All owners,1401 - 1600 cc,Diesel,Co. Cavan,All years,Number,9113
Vehicle Population,2019,All owners,1401 - 1600 cc,Diesel,Co. Clare,All years,Number,15475
Vehicle Population,2019,All owners,1401 - 1600 cc,Diesel,Co. Cork,All years,Number,59176
Vehicle Population,2019,All owners,1401 - 1600 cc,Diesel,Co. Donegal,All years,Number,16833
Vehicle Population,2019,All owners,1401 - 1600 cc,Diesel,Co. Dublin,All years,Number,96172
Vehicle Population,2019,All owners,1401 - 1600 cc,Diesel,Co. Galway,All years,Number,27607
Vehicle Population,2019,All owners,1401 - 1600 cc,Diesel,Co. Kerry,All years,Number,17369
Vehicle Population,2019,All owners,1401 - 1600 cc,Diesel,Co. Kildare,All years,Number,25517
Vehicle Population,2019,All owners,1401 - 1600 cc,Diesel,Co. Kilkenny,All years,Number,12018
Vehicle Population,2019,All owners,1401 - 1600 cc,Diesel,Co. Laois,All years,Number,10263
Vehicle Population,2019,All owners,1401 - 1600 cc,Diesel,Co. Leitrim,All years,Number,3878
Vehicle Population,2019,All owners,1401 - 1600 cc,Diesel,Co. Limerick,All years,Number,21561
Vehicle Population,2019,All owners,1401 - 1600 cc,Diesel,Co. Longford,All years,Number,4420
Vehicle Population,2019,All owners,1401 - 1600 cc,Diesel,Co. Louth,All years,Number,14019
Vehicle Population,2019,All owners,1401 - 1600 cc,Diesel,Co. Mayo,All years,Number,15216
Vehicle Population,2019,All owners,1401 - 1600 cc,Diesel,Co. Meath,All years,Number,23722
Vehicle Population,2019,All owners,1401 - 1600 cc,Diesel,Co. Monaghan,All years,Number,7233
Vehicle Population,2019,All owners,1401 - 1600 cc,Diesel,Co. Offaly,All years,Number,10057
Vehicle Population,2019,All owners,1401 - 1600 cc,Diesel,Co. Roscommon,All years,Number,9415
Vehicle Population,2019,All owners,1401 - 1600 cc,Diesel,Co. Sligo,All years,Number,6880
Vehicle Population,2019,All owners,1401 - 1600 cc,Diesel,Co. Tipperary,All years,Number,21493
Vehicle Population,2019,All owners,1401 - 1600 cc,Diesel,Co. Waterford,All years,Number,14288
Vehicle Population,2019,All owners,1401 - 1600 cc,Diesel,Co. Westmeath,All years,Number,11532
Vehicle Population,2019,All owners,1401 - 1600 cc,Diesel,Co. Wexford,All years,Number,21834
Vehicle Population,2019,All owners,1401 - 1600 cc,Diesel,Co. Wicklow,All years,Number,14594
Vehicle Population,2019,All owners,1401 - 1600 cc,Other fuel types,Co. Carlow,All years,Number,68
Vehicle Population,2019,All owners,1401 - 1600 cc,Other fuel types,Co. Cavan,All years,Number,92
Vehicle Population,2019,All owners,1401 - 1600 cc,Other fuel types,Co. Clare,All years,Number,201
Vehicle Population,2019,All owners,1401 - 1600 cc,Other fuel types,Co. Cork,All years,Number,943
Vehicle Population,2019,All owners,1401 - 1600 cc,Other fuel types,Co. Donegal,All years,Number,247
Vehicle Population,2019,All owners,1401 - 1600 cc,Other fuel types,Co. Dublin,All years,Number,4134
Vehicle Population,2019,All owners,1401 - 1600 cc,Other fuel types,Co. Galway,All years,Number,506
Vehicle Population,2019,All owners,1401 - 1600 cc,Other fuel types,Co. Kerry,All years,Number,223
Vehicle Population,2019,All owners,1401 - 1600 cc,Other fuel types,Co. Kildare,All years,Number,462
Vehicle Population,2019,All owners,1401 - 1600 cc,Other fuel types,Co. Kilkenny,All years,Number,135
Vehicle Population,2019,All owners,1401 - 1600 cc,Other fuel types,Co. Laois,All years,Number,133
Vehicle Population,2019,All owners,1401 - 1600 cc,Other fuel types,Co. Leitrim,All years,Number,33
Vehicle Population,2019,All owners,1401 - 1600 cc,Other fuel types,Co. Limerick,All years,Number,289
Vehicle Population,2019,All owners,1401 - 1600 cc,Other fuel types,Co. Longford,All years,Number,51
Vehicle Population,2019,All owners,1401 - 1600 cc,Other fuel types,Co. Louth,All years,Number,236
Vehicle Population,2019,All owners,1401 - 1600 cc,Other fuel types,Co. Mayo,All years,Number,141
Vehicle Population,2019,All owners,1401 - 1600 cc,Other fuel types,Co. Meath,All years,Number,351
Vehicle Population,2019,All owners,1401 - 1600 cc,Other fuel types,Co. Monaghan,All years,Number,58
Vehicle Population,2019,All owners,1401 - 1600 cc,Other fuel types,Co. Offaly,All years,Number,143
Vehicle Population,2019,All owners,1401 - 1600 cc,Other fuel types,Co. Roscommon,All years,Number,68
Vehicle Population,2019,All owners,1401 - 1600 cc,Other fuel types,Co. Sligo,All years,Number,129
Vehicle Population,2019,All owners,1401 - 1600 cc,Other fuel types,Co. Tipperary,All years,Number,197
Vehicle Population,2019,All owners,1401 - 1600 cc,Other fuel types,Co. Waterford,All years,Number,171
Vehicle Population,2019,All owners,1401 - 1600 cc,Other fuel types,Co. Westmeath,All years,Number,182
Vehicle Population,2019,All owners,1401 - 1600 cc,Other fuel types,Co. Wexford,All years,Number,208
Vehicle Population,2019,All owners,1401 - 1600 cc,Other fuel types,Co. Wicklow,All years,Number,393
Vehicle Population,2019,All owners,1601 - 1800 cc,Petrol,Co. Carlow,All years,Number,385
Vehicle Population,2019,All owners,1601 - 1800 cc,Petrol,Co. Cavan,All years,Number,334
Vehicle Population,2019,All owners,1601 - 1800 cc,Petrol,Co. Clare,All years,Number,852
Vehicle Population,2019,All owners,1601 - 1800 cc,Petrol,Co. Cork,All years,Number,4507
Vehicle Population,2019,All owners,1601 - 1800 cc,Petrol,Co. Donegal,All years,Number,583
Vehicle Population,2019,All owners,1601 - 1800 cc,Petrol,Co. Dublin,All years,Number,15101
Vehicle Population,2019,All owners,1601 - 1800 cc,Petrol,Co. Galway,All years,Number,1840
Vehicle Population,2019,All owners,1601 - 1800 cc,Petrol,Co. Kerry,All years,Number,1142
Vehicle Population,2019,All owners,1601 - 1800 cc,Petrol,Co. Kildare,All years,Number,1979
Vehicle Population,2019,All owners,1601 - 1800 cc,Petrol,Co. Kilkenny,All years,Number,591
Vehicle Population,2019,All owners,1601 - 1800 cc,Petrol,Co. Laois,All years,Number,471
Vehicle Population,2019,All owners,1601 - 1800 cc,Petrol,Co. Leitrim,All years,Number,147
Vehicle Population,2019,All owners,1601 - 1800 cc,Petrol,Co. Limerick,All years,Number,1396
Vehicle Population,2019,All owners,1601 - 1800 cc,Petrol,Co. Longford,All years,Number,214
Vehicle Population,2019,All owners,1601 - 1800 cc,Petrol,Co. Louth,All years,Number,661
Vehicle Population,2019,All owners,1601 - 1800 cc,Petrol,Co. Mayo,All years,Number,790
Vehicle Population,2019,All owners,1601 - 1800 cc,Petrol,Co. Meath,All years,Number,1577
Vehicle Population,2019,All owners,1601 - 1800 cc,Petrol,Co. Monaghan,All years,Number,232
Vehicle Population,2019,All owners,1601 - 1800 cc,Petrol,Co. Offaly,All years,Number,440
Vehicle Population,2019,All owners,1601 - 1800 cc,Petrol,Co. Roscommon,All years,Number,289
Vehicle Population,2019,All owners,1601 - 1800 cc,Petrol,Co. Sligo,All years,Number,360
Vehicle Population,2019,All owners,1601 - 1800 cc,Petrol,Co. Tipperary,All years,Number,1024
Vehicle Population,2019,All owners,1601 - 1800 cc,Petrol,Co. Waterford,All years,Number,898
Vehicle Population,2019,All owners,1601 - 1800 cc,Petrol,Co. Westmeath,All years,Number,489
Vehicle Population,2019,All owners,1601 - 1800 cc,Petrol,Co. Wexford,All years,Number,981
Vehicle Population,2019,All owners,1601 - 1800 cc,Petrol,Co. Wicklow,All years,Number,1540
Vehicle Population,2019,All owners,1601 - 1800 cc,Diesel,Co. Carlow,All years,Number,1383
Vehicle Population,2019,All owners,1601 - 1800 cc,Diesel,Co. Cavan,All years,Number,1588
Vehicle Population,2019,All owners,1601 - 1800 cc,Diesel,Co. Clare,All years,Number,2599
Vehicle Population,2019,All owners,1601 - 1800 cc,Diesel,Co. Cork,All years,Number,11622
Vehicle Population,2019,All owners,1601 - 1800 cc,Diesel,Co. Donegal,All years,Number,3777
Vehicle Population,2019,All owners,1601 - 1800 cc,Diesel,Co. Dublin,All years,Number,17991
Vehicle Population,2019,All owners,1601 - 1800 cc,Diesel,Co. Galway,All years,Number,5766
Vehicle Population,2019,All owners,1601 - 1800 cc,Diesel,Co. Kerry,All years,Number,3775
Vehicle Population,2019,All owners,1601 - 1800 cc,Diesel,Co. Kildare,All years,Number,5229
Vehicle Population,2019,All owners,1601 - 1800 cc,Diesel,Co. Kilkenny,All years,Number,2322
Vehicle Population,2019,All owners,1601 - 1800 cc,Diesel,Co. Laois,All years,Number,1973
Vehicle Population,2019,All owners,1601 - 1800 cc,Diesel,Co. Leitrim,All years,Number,793
Vehicle Population,2019,All owners,1601 - 1800 cc,Diesel,Co. Limerick,All years,Number,3957
Vehicle Population,2019,All owners,1601 - 1800 cc,Diesel,Co. Longford,All years,Number,958
Vehicle Population,2019,All owners,1601 - 1800 cc,Diesel,Co. Louth,All years,Number,2479
Vehicle Population,2019,All owners,1601 - 1800 cc,Diesel,Co. Mayo,All years,Number,3236
Vehicle Population,2019,All owners,1601 - 1800 cc,Diesel,Co. Meath,All years,Number,4217
Vehicle Population,2019,All owners,1601 - 1800 cc,Diesel,Co. Monaghan,All years,Number,1628
Vehicle Population,2019,All owners,1601 - 1800 cc,Diesel,Co. Offaly,All years,Number,1730
Vehicle Population,2019,All owners,1601 - 1800 cc,Diesel,Co. Roscommon,All years,Number,1495
Vehicle Population,2019,All owners,1601 - 1800 cc,Diesel,Co. Sligo,All years,Number,1494
Vehicle Population,2019,All owners,1601 - 1800 cc,Diesel,Co. Tipperary,All years,Number,3594
Vehicle Population,2019,All owners,1601 - 1800 cc,Diesel,Co. Waterford,All years,Number,2123
Vehicle Population,2019,All owners,1601 - 1800 cc,Diesel,Co. Westmeath,All years,Number,2181
Vehicle Population,2019,All owners,1601 - 1800 cc,Diesel,Co. Wexford,All years,Number,3480
Vehicle Population,2019,All owners,1601 - 1800 cc,Diesel,Co. Wicklow,All years,Number,2789
Vehicle Population,2019,All owners,1601 - 1800 cc,Other fuel types,Co. Carlow,All years,Number,134
Vehicle Population,2019,All owners,1601 - 1800 cc,Other fuel types,Co. Cavan,All years,Number,178
Vehicle Population,2019,All owners,1601 - 1800 cc,Other fuel types,Co. Clare,All years,Number,315
Vehicle Population,2019,All owners,1601 - 1800 cc,Other fuel types,Co. Cork,All years,Number,1933
Vehicle Population,2019,All owners,1601 - 1800 cc,Other fuel types,Co. Donegal,All years,Number,411
Vehicle Population,2019,All owners,1601 - 1800 cc,Other fuel types,Co. Dublin,All years,Number,8016
Vehicle Population,2019,All owners,1601 - 1800 cc,Other fuel types,Co. Galway,All years,Number,1027
Vehicle Population,2019,All owners,1601 - 1800 cc,Other fuel types,Co. Kerry,All years,Number,399
Vehicle Population,2019,All owners,1601 - 1800 cc,Other fuel types,Co. Kildare,All years,Number,961
Vehicle Population,2019,All owners,1601 - 1800 cc,Other fuel types,Co. Kilkenny,All years,Number,268
Vehicle Population,2019,All owners,1601 - 1800 cc,Other fuel types,Co. Laois,All years,Number,169
Vehicle Population,2019,All owners,1601 - 1800 cc,Other fuel types,Co. Leitrim,All years,Number,69
Vehicle Population,2019,All owners,1601 - 1800 cc,Other fuel types,Co. Limerick,All years,Number,557
Vehicle Population,2019,All owners,1601 - 1800 cc,Other fuel types,Co. Longford,All years,Number,123
Vehicle Population,2019,All owners,1601 - 1800 cc,Other fuel types,Co. Louth,All years,Number,385
Vehicle Population,2019,All owners,1601 - 1800 cc,Other fuel types,Co. Mayo,All years,Number,315
Vehicle Population,2019,All owners,1601 - 1800 cc,Other fuel types,Co. Meath,All years,Number,704
Vehicle Population,2019,All owners,1601 - 1800 cc,Other fuel types,Co. Monaghan,All years,Number,112
Vehicle Population,2019,All owners,1601 - 1800 cc,Other fuel types,Co. Offaly,All years,Number,236
Vehicle Population,2019,All owners,1601 - 1800 cc,Other fuel types,Co. Roscommon,All years,Number,195
Vehicle Population,2019,All owners,1601 - 1800 cc,Other fuel types,Co. Sligo,All years,Number,178
Vehicle Population,2019,All owners,1601 - 1800 cc,Other fuel types,Co. Tipperary,All years,Number,390
Vehicle Population,2019,All owners,1601 - 1800 cc,Other fuel types,Co. Waterford,All years,Number,267
Vehicle Population,2019,All owners,1601 - 1800 cc,Other fuel types,Co. Westmeath,All years,Number,312
Vehicle Population,2019,All owners,1601 - 1800 cc,Other fuel types,Co. Wexford,All years,Number,398
Vehicle Population,2019,All owners,1601 - 1800 cc,Other fuel types,Co. Wicklow,All years,Number,609
Vehicle Population,2019,All owners,1801 - 2000 cc,Petrol,Co. Carlow,All years,Number,288
Vehicle Population,2019,All owners,1801 - 2000 cc,Petrol,Co. Cavan,All years,Number,284
Vehicle Population,2019,All owners,1801 - 2000 cc,Petrol,Co. Clare,All years,Number,671
Vehicle Population,2019,All owners,1801 - 2000 cc,Petrol,Co. Cork,All years,Number,3781
Vehicle Population,2019,All owners,1801 - 2000 cc,Petrol,Co. Donegal,All years,Number,517
Vehicle Population,2019,All owners,1801 - 2000 cc,Petrol,Co. Dublin,All years,Number,13492
Vehicle Population,2019,All owners,1801 - 2000 cc,Petrol,Co. Galway,All years,Number,1488
Vehicle Population,2019,All owners,1801 - 2000 cc,Petrol,Co. Kerry,All years,Number,868
Vehicle Population,2019,All owners,1801 - 2000 cc,Petrol,Co. Kildare,All years,Number,1519
Vehicle Population,2019,All owners,1801 - 2000 cc,Petrol,Co. Kilkenny,All years,Number,452
Vehicle Population,2019,All owners,1801 - 2000 cc,Petrol,Co. Laois,All years,Number,344
Vehicle Population,2019,All owners,1801 - 2000 cc,Petrol,Co. Leitrim,All years,Number,126
Vehicle Population,2019,All owners,1801 - 2000 cc,Petrol,Co. Limerick,All years,Number,1043
Vehicle Population,2019,All owners,1801 - 2000 cc,Petrol,Co. Longford,All years,Number,158
Vehicle Population,2019,All owners,1801 - 2000 cc,Petrol,Co. Louth,All years,Number,548
Vehicle Population,2019,All owners,1801 - 2000 cc,Petrol,Co. Mayo,All years,Number,567
Vehicle Population,2019,All owners,1801 - 2000 cc,Petrol,Co. Meath,All years,Number,1159
Vehicle Population,2019,All owners,1801 - 2000 cc,Petrol,Co. Monaghan,All years,Number,205
Vehicle Population,2019,All owners,1801 - 2000 cc,Petrol,Co. Offaly,All years,Number,305
Vehicle Population,2019,All owners,1801 - 2000 cc,Petrol,Co. Roscommon,All years,Number,223
Vehicle Population,2019,All owners,1801 - 2000 cc,Petrol,Co. Sligo,All years,Number,299
Vehicle Population,2019,All owners,1801 - 2000 cc,Petrol,Co. Tipperary,All years,Number,796
Vehicle Population,2019,All owners,1801 - 2000 cc,Petrol,Co. Waterford,All years,Number,705
Vehicle Population,2019,All owners,1801 - 2000 cc,Petrol,Co. Westmeath,All years,Number,369
Vehicle Population,2019,All owners,1801 - 2000 cc,Petrol,Co. Wexford,All years,Number,768
Vehicle Population,2019,All owners,1801 - 2000 cc,Petrol,Co. Wicklow,All years,Number,1535
Vehicle Population,2019,All owners,1801 - 2000 cc,Diesel,Co. Carlow,All years,Number,6709
Vehicle Population,2019,All owners,1801 - 2000 cc,Diesel,Co. Cavan,All years,Number,8355
Vehicle Population,2019,All owners,1801 - 2000 cc,Diesel,Co. Clare,All years,Number,11796
Vehicle Population,2019,All owners,1801 - 2000 cc,Diesel,Co. Cork,All years,Number,48582
Vehicle Population,2019,All owners,1801 - 2000 cc,Diesel,Co. Donegal,All years,Number,16354
Vehicle Population,2019,All owners,1801 - 2000 cc,Diesel,Co. Dublin,All years,Number,86373
Vehicle Population,2019,All owners,1801 - 2000 cc,Diesel,Co. Galway,All years,Number,27357
Vehicle Population,2019,All owners,1801 - 2000 cc,Diesel,Co. Kerry,All years,Number,14834
Vehicle Population,2019,All owners,1801 - 2000 cc,Diesel,Co. Kildare,All years,Number,20726
Vehicle Population,2019,All owners,1801 - 2000 cc,Diesel,Co. Kilkenny,All years,Number,9413
Vehicle Population,2019,All owners,1801 - 2000 cc,Diesel,Co. Laois,All years,Number,8050
Vehicle Population,2019,All owners,1801 - 2000 cc,Diesel,Co. Leitrim,All years,Number,4116
Vehicle Population,2019,All owners,1801 - 2000 cc,Diesel,Co. Limerick,All years,Number,17801
Vehicle Population,2019,All owners,1801 - 2000 cc,Diesel,Co. Longford,All years,Number,4883
Vehicle Population,2019,All owners,1801 - 2000 cc,Diesel,Co. Louth,All years,Number,10561
Vehicle Population,2019,All owners,1801 - 2000 cc,Diesel,Co. Mayo,All years,Number,15802
Vehicle Population,2019,All owners,1801 - 2000 cc,Diesel,Co. Meath,All years,Number,19360
Vehicle Population,2019,All owners,1801 - 2000 cc,Diesel,Co. Monaghan,All years,Number,7139
Vehicle Population,2019,All owners,1801 - 2000 cc,Diesel,Co. Offaly,All years,Number,8005
Vehicle Population,2019,All owners,1801 - 2000 cc,Diesel,Co. Roscommon,All years,Number,7650
Vehicle Population,2019,All owners,1801 - 2000 cc,Diesel,Co. Sligo,All years,Number,7155
Vehicle Population,2019,All owners,1801 - 2000 cc,Diesel,Co. Tipperary,All years,Number,18329
Vehicle Population,2019,All owners,1801 - 2000 cc,Diesel,Co. Waterford,All years,Number,10687
Vehicle Population,2019,All owners,1801 - 2000 cc,Diesel,Co. Westmeath,All years,Number,10218
Vehicle Population,2019,All owners,1801 - 2000 cc,Diesel,Co. Wexford,All years,Number,16053
Vehicle Population,2019,All owners,1801 - 2000 cc,Diesel,Co. Wicklow,All years,Number,12725
Vehicle Population,2019,All owners,1801 - 2000 cc,Other fuel types,Co. Carlow,All years,Number,23
Vehicle Population,2019,All owners,1801 - 2000 cc,Other fuel types,Co. Cavan,All years,Number,32
Vehicle Population,2019,All owners,1801 - 2000 cc,Other fuel types,Co. Clare,All years,Number,64
Vehicle Population,2019,All owners,1801 - 2000 cc,Other fuel types,Co. Cork,All years,Number,529
Vehicle Population,2019,All owners,1801 - 2000 cc,Other fuel types,Co. Donegal,All years,Number,60
Vehicle Population,2019,All owners,1801 - 2000 cc,Other fuel types,Co. Dublin,All years,Number,2311
Vehicle Population,2019,All owners,1801 - 2000 cc,Other fuel types,Co. Galway,All years,Number,259
Vehicle Population,2019,All owners,1801 - 2000 cc,Other fuel types,Co. Kerry,All years,Number,71
Vehicle Population,2019,All owners,1801 - 2000 cc,Other fuel types,Co. Kildare,All years,Number,252
Vehicle Population,2019,All owners,1801 - 2000 cc,Other fuel types,Co. Kilkenny,All years,Number,51
Vehicle Population,2019,All owners,1801 - 2000 cc,Other fuel types,Co. Laois,All years,Number,30
Vehicle Population,2019,All owners,1801 - 2000 cc,Other fuel types,Co. Leitrim,All years,Number,10
Vehicle Population,2019,All owners,1801 - 2000 cc,Other fuel types,Co. Limerick,All years,Number,111
Vehicle Population,2019,All owners,1801 - 2000 cc,Other fuel types,Co. Longford,All years,Number,18
Vehicle Population,2019,All owners,1801 - 2000 cc,Other fuel types,Co. Louth,All years,Number,84
Vehicle Population,2019,All owners,1801 - 2000 cc,Other fuel types,Co. Mayo,All years,Number,45
Vehicle Population,2019,All owners,1801 - 2000 cc,Other fuel types,Co. Meath,All years,Number,183
Vehicle Population,2019,All owners,1801 - 2000 cc,Other fuel types,Co. Monaghan,All years,Number,25
Vehicle Population,2019,All owners,1801 - 2000 cc,Other fuel types,Co. Offaly,All years,Number,30
Vehicle Population,2019,All owners,1801 - 2000 cc,Other fuel types,Co. Roscommon,All years,Number,24
Vehicle Population,2019,All owners,1801 - 2000 cc,Other fuel types,Co. Sligo,All years,Number,33
Vehicle Population,2019,All owners,1801 - 2000 cc,Other fuel types,Co. Tipperary,All years,Number,72
Vehicle Population,2019,All owners,1801 - 2000 cc,Other fuel types,Co. Waterford,All years,Number,78
Vehicle Population,2019,All owners,1801 - 2000 cc,Other fuel types,Co. Westmeath,All years,Number,58
Vehicle Population,2019,All owners,1801 - 2000 cc,Other fuel types,Co. Wexford,All years,Number,87
Vehicle Population,2019,All owners,1801 - 2000 cc,Other fuel types,Co. Wicklow,All years,Number,188
Vehicle Population,2019,All owners,Over 2000 cc,Petrol,Co. Carlow,All years,Number,67
Vehicle Population,2019,All owners,Over 2000 cc,Petrol,Co. Cavan,All years,Number,69
Vehicle Population,2019,All owners,Over 2000 cc,Petrol,Co. Clare,All years,Number,156
Vehicle Population,2019,All owners,Over 2000 cc,Petrol,Co. Cork,All years,Number,1000
Vehicle Population,2019,All owners,Over 2000 cc,Petrol,Co. Donegal,All years,Number,125
Vehicle Population,2019,All owners,Over 2000 cc,Petrol,Co. Dublin,All years,Number,5345
Vehicle Population,2019,All owners,Over 2000 cc,Petrol,Co. Galway,All years,Number,437
Vehicle Population,2019,All owners,Over 2000 cc,Petrol,Co. Kerry,All years,Number,212
Vehicle Population,2019,All owners,Over 2000 cc,Petrol,Co. Kildare,All years,Number,465
Vehicle Population,2019,All owners,Over 2000 cc,Petrol,Co. Kilkenny,All years,Number,119
Vehicle Population,2019,All owners,Over 2000 cc,Petrol,Co. Laois,All years,Number,77
Vehicle Population,2019,All owners,Over 2000 cc,Petrol,Co. Leitrim,All years,Number,30
Vehicle Population,2019,All owners,Over 2000 cc,Petrol,Co. Limerick,All years,Number,269
Vehicle Population,2019,All owners,Over 2000 cc,Petrol,Co. Longford,All years,Number,25
Vehicle Population,2019,All owners,Over 2000 cc,Petrol,Co. Louth,All years,Number,168
Vehicle Population,2019,All owners,Over 2000 cc,Petrol,Co. Mayo,All years,Number,138
Vehicle Population,2019,All owners,Over 2000 cc,Petrol,Co. Meath,All years,Number,380
Vehicle Population,2019,All owners,Over 2000 cc,Petrol,Co. Monaghan,All years,Number,48
Vehicle Population,2019,All owners,Over 2000 cc,Petrol,Co. Offaly,All years,Number,76
Vehicle Population,2019,All owners,Over 2000 cc,Petrol,Co. Roscommon,All years,Number,56
Vehicle Population,2019,All owners,Over 2000 cc,Petrol,Co. Sligo,All years,Number,63
Vehicle Population,2019,All owners,Over 2000 cc,Petrol,Co. Tipperary,All years,Number,215
Vehicle Population,2019,All owners,Over 2000 cc,Petrol,Co. Waterford,All years,Number,170
Vehicle Population,2019,All owners,Over 2000 cc,Petrol,Co. Westmeath,All years,Number,101
Vehicle Population,2019,All owners,Over 2000 cc,Petrol,Co. Wexford,All years,Number,200
Vehicle Population,2019,All owners,Over 2000 cc,Petrol,Co. Wicklow,All years,Number,535
Vehicle Population,2019,All owners,Over 2000 cc,Diesel,Co. Carlow,All years,Number,1400
Vehicle Population,2019,All owners,Over 2000 cc,Diesel,Co. Cavan,All years,Number,1497
Vehicle Population,2019,All owners,Over 2000 cc,Diesel,Co. Clare,All years,Number,2479
Vehicle Population,2019,All owners,Over 2000 cc,Diesel,Co. Cork,All years,Number,10521
Vehicle Population,2019,All owners,Over 2000 cc,Diesel,Co. Donegal,All years,Number,2384
Vehicle Population,2019,All owners,Over 2000 cc,Diesel,Co. Dublin,All years,Number,28028
Vehicle Population,2019,All owners,Over 2000 cc,Diesel,Co. Galway,All years,Number,5206
Vehicle Population,2019,All owners,Over 2000 cc,Diesel,Co. Kerry,All years,Number,2931
Vehicle Population,2019,All owners,Over 2000 cc,Diesel,Co. Kildare,All years,Number,5817
Vehicle Population,2019,All owners,Over 2000 cc,Diesel,Co. Kilkenny,All years,Number,2260
Vehicle Population,2019,All owners,Over 2000 cc,Diesel,Co. Laois,All years,Number,1792
Vehicle Population,2019,All owners,Over 2000 cc,Diesel,Co. Leitrim,All years,Number,527
Vehicle Population,2019,All owners,Over 2000 cc,Diesel,Co. Limerick,All years,Number,3878
Vehicle Population,2019,All owners,Over 2000 cc,Diesel,Co. Longford,All years,Number,775
Vehicle Population,2019,All owners,Over 2000 cc,Diesel,Co. Louth,All years,Number,2435
Vehicle Population,2019,All owners,Over 2000 cc,Diesel,Co. Mayo,All years,Number,2649
Vehicle Population,2019,All owners,Over 2000 cc,Diesel,Co. Meath,All years,Number,5378
Vehicle Population,2019,All owners,Over 2000 cc,Diesel,Co. Monaghan,All years,Number,1314
Vehicle Population,2019,All owners,Over 2000 cc,Diesel,Co. Offaly,All years,Number,1558
Vehicle Population,2019,All owners,Over 2000 cc,Diesel,Co. Roscommon,All years,Number,1170
Vehicle Population,2019,All owners,Over 2000 cc,Diesel,Co. Sligo,All years,Number,1039
Vehicle Population,2019,All owners,Over 2000 cc,Diesel,Co. Tipperary,All years,Number,3731
Vehicle Population,2019,All owners,Over 2000 cc,Diesel,Co. Waterford,All years,Number,2641
Vehicle Population,2019,All owners,Over 2000 cc,Diesel,Co. Westmeath,All years,Number,1809
Vehicle Population,2019,All owners,Over 2000 cc,Diesel,Co. Wexford,All years,Number,3803
Vehicle Population,2019,All owners,Over 2000 cc,Diesel,Co. Wicklow,All years,Number,4000
Vehicle Population,2019,All owners,Over 2000 cc,Other fuel types,Co. Carlow,All years,Number,66
Vehicle Population,2019,All owners,Over 2000 cc,Other fuel types,Co. Cavan,All years,Number,97
Vehicle Population,2019,All owners,Over 2000 cc,Other fuel types,Co. Clare,All years,Number,150
Vehicle Population,2019,All owners,Over 2000 cc,Other fuel types,Co. Cork,All years,Number,1059
Vehicle Population,2019,All owners,Over 2000 cc,Other fuel types,Co. Donegal,All years,Number,135
Vehicle Population,2019,All owners,Over 2000 cc,Other fuel types,Co. Dublin,All years,Number,4647
Vehicle Population,2019,All owners,Over 2000 cc,Other fuel types,Co. Galway,All years,Number,591
Vehicle Population,2019,All owners,Over 2000 cc,Other fuel types,Co. Kerry,All years,Number,179
Vehicle Population,2019,All owners,Over 2000 cc,Other fuel types,Co. Kildare,All years,Number,425
Vehicle Population,2019,All owners,Over 2000 cc,Other fuel types,Co. Kilkenny,All years,Number,102
Vehicle Population,2019,All owners,Over 2000 cc,Other fuel types,Co. Laois,All years,Number,80
Vehicle Population,2019,All owners,Over 2000 cc,Other fuel types,Co. Leitrim,All years,Number,24
Vehicle Population,2019,All owners,Over 2000 cc,Other fuel types,Co. Limerick,All years,Number,217
Vehicle Population,2019,All owners,Over 2000 cc,Other fuel types,Co. Longford,All years,Number,54
Vehicle Population,2019,All owners,Over 2000 cc,Other fuel types,Co. Louth,All years,Number,149
Vehicle Population,2019,All owners,Over 2000 cc,Other fuel types,Co. Mayo,All years,Number,165
Vehicle Population,2019,All owners,Over 2000 cc,Other fuel types,Co. Meath,All years,Number,402
Vehicle Population,2019,All owners,Over 2000 cc,Other fuel types,Co. Monaghan,All years,Number,54
Vehicle Population,2019,All owners,Over 2000 cc,Other fuel types,Co. Offaly,All years,Number,96
Vehicle Population,2019,All owners,Over 2000 cc,Other fuel types,Co. Roscommon,All years,Number,85
Vehicle Population,2019,All owners,Over 2000 cc,Other fuel types,Co. Sligo,All years,Number,54
Vehicle Population,2019,All owners,Over 2000 cc,Other fuel types,Co. Tipperary,All years,Number,171
Vehicle Population,2019,All owners,Over 2000 cc,Other fuel types,Co. Waterford,All years,Number,142
Vehicle Population,2019,All owners,Over 2000 cc,Other fuel types,Co. Westmeath,All years,Number,131
Vehicle Population,2019,All owners,Over 2000 cc,Other fuel types,Co. Wexford,All years,Number,163
Vehicle Population,2019,All owners,Over 2000 cc,Other fuel types,Co. Wicklow,All years,Number,345
Vehicle Population,2020,All owners,Up to 1000 cc,Petrol,Co. Carlow,All years,Number,1812
Vehicle Population,2020,All owners,Up to 1000 cc,Petrol,Co. Cavan,All years,Number,2030
Vehicle Population,2020,All owners,Up to 1000 cc,Petrol,Co. Clare,All years,Number,4071
Vehicle Population,2020,All owners,Up to 1000 cc,Petrol,Co. Cork,All years,Number,23907
Vehicle Population,2020,All owners,Up to 1000 cc,Petrol,Co. Donegal,All years,Number,4090
Vehicle Population,2020,All owners,Up to 1000 cc,Petrol,Co. Dublin,All years,Number,53903
Vehicle Population,2020,All owners,Up to 1000 cc,Petrol,Co. Galway,All years,Number,7434
Vehicle Population,2020,All owners,Up to 1000 cc,Petrol,Co. Kerry,All years,Number,5014
Vehicle Population,2020,All owners,Up to 1000 cc,Petrol,Co. Kildare,All years,Number,8479
Vehicle Population,2020,All owners,Up to 1000 cc,Petrol,Co. Kilkenny,All years,Number,3270
Vehicle Population,2020,All owners,Up to 1000 cc,Petrol,Co. Laois,All years,Number,2273
Vehicle Population,2020,All owners,Up to 1000 cc,Petrol,Co. Leitrim,All years,Number,874
Vehicle Population,2020,All owners,Up to 1000 cc,Petrol,Co. Limerick,All years,Number,7250
Vehicle Population,2020,All owners,Up to 1000 cc,Petrol,Co. Longford,All years,Number,1124
Vehicle Population,2020,All owners,Up to 1000 cc,Petrol,Co. Louth,All years,Number,4841
Vehicle Population,2020,All owners,Up to 1000 cc,Petrol,Co. Mayo,All years,Number,3908
Vehicle Population,2020,All owners,Up to 1000 cc,Petrol,Co. Meath,All years,Number,6174
Vehicle Population,2020,All owners,Up to 1000 cc,Petrol,Co. Monaghan,All years,Number,1374
Vehicle Population,2020,All owners,Up to 1000 cc,Petrol,Co. Offaly,All years,Number,2220
Vehicle Population,2020,All owners,Up to 1000 cc,Petrol,Co. Roscommon,All years,Number,2419
Vehicle Population,2020,All owners,Up to 1000 cc,Petrol,Co. Sligo,All years,Number,2179
Vehicle Population,2020,All owners,Up to 1000 cc,Petrol,Co. Tipperary,All years,Number,5301
Vehicle Population,2020,All owners,Up to 1000 cc,Petrol,Co. Waterford,All years,Number,5459
Vehicle Population,2020,All owners,Up to 1000 cc,Petrol,Co. Westmeath,All years,Number,2534
Vehicle Population,2020,All owners,Up to 1000 cc,Petrol,Co. Wexford,All years,Number,5282
Vehicle Population,2020,All owners,Up to 1000 cc,Petrol,Co. Wicklow,All years,Number,5690
Vehicle Population,2020,All owners,Up to 1000 cc,Diesel,Co. Carlow,All years,Number,2
Vehicle Population,2020,All owners,Up to 1000 cc,Diesel,Co. Cavan,All years,Number,3
Vehicle Population,2020,All owners,Up to 1000 cc,Diesel,Co. Clare,All years,Number,4
Vehicle Population,2020,All owners,Up to 1000 cc,Diesel,Co. Cork,All years,Number,16
Vehicle Population,2020,All owners,Up to 1000 cc,Diesel,Co. Donegal,All years,Number,3
Vehicle Population,2020,All owners,Up to 1000 cc,Diesel,Co. Dublin,All years,Number,89
Vehicle Population,2020,All owners,Up to 1000 cc,Diesel,Co. Galway,All years,Number,15
Vehicle Population,2020,All owners,Up to 1000 cc,Diesel,Co. Kerry,All years,Number,3
Vehicle Population,2020,All owners,Up to 1000 cc,Diesel,Co. Kildare,All years,Number,4
Vehicle Population,2020,All owners,Up to 1000 cc,Diesel,Co. Kilkenny,All years,Number,4
Vehicle Population,2020,All owners,Up to 1000 cc,Diesel,Co. Laois,All years,Number,2
Vehicle Population,2020,All owners,Up to 1000 cc,Diesel,Co. Leitrim,All years,Number,0
Vehicle Population,2020,All owners,Up to 1000 cc,Diesel,Co. Limerick,All years,Number,4
Vehicle Population,2020,All owners,Up to 1000 cc,Diesel,Co. Longford,All years,Number,1
Vehicle Population,2020,All owners,Up to 1000 cc,Diesel,Co. Louth,All years,Number,4
Vehicle Population,2020,All owners,Up to 1000 cc,Diesel,Co. Mayo,All years,Number,4
Vehicle Population,2020,All owners,Up to 1000 cc,Diesel,Co. Meath,All years,Number,2
Vehicle Population,2020,All owners,Up to 1000 cc,Diesel,Co. Monaghan,All years,Number,5
Vehicle Population,2020,All owners,Up to 1000 cc,Diesel,Co. Offaly,All years,Number,2
Vehicle Population,2020,All owners,Up to 1000 cc,Diesel,Co. Roscommon,All years,Number,2
Vehicle Population,2020,All owners,Up to 1000 cc,Diesel,Co. Sligo,All years,Number,0
Vehicle Population,2020,All owners,Up to 1000 cc,Diesel,Co. Tipperary,All years,Number,7
Vehicle Population,2020,All owners,Up to 1000 cc,Diesel,Co. Waterford,All years,Number,5
Vehicle Population,2020,All owners,Up to 1000 cc,Diesel,Co. Westmeath,All years,Number,7
Vehicle Population,2020,All owners,Up to 1000 cc,Diesel,Co. Wexford,All years,Number,6
Vehicle Population,2020,All owners,Up to 1000 cc,Diesel,Co. Wicklow,All years,Number,5
Vehicle Population,2020,All owners,Up to 1000 cc,Other fuel types,Co. Carlow,All years,Number,105
Vehicle Population,2020,All owners,Up to 1000 cc,Other fuel types,Co. Cavan,All years,Number,96
Vehicle Population,2020,All owners,Up to 1000 cc,Other fuel types,Co. Clare,All years,Number,238
Vehicle Population,2020,All owners,Up to 1000 cc,Other fuel types,Co. Cork,All years,Number,1316
Vehicle Population,2020,All owners,Up to 1000 cc,Other fuel types,Co. Donegal,All years,Number,122
Vehicle Population,2020,All owners,Up to 1000 cc,Other fuel types,Co. Dublin,All years,Number,4588
Vehicle Population,2020,All owners,Up to 1000 cc,Other fuel types,Co. Galway,All years,Number,490
Vehicle Population,2020,All owners,Up to 1000 cc,Other fuel types,Co. Kerry,All years,Number,205
Vehicle Population,2020,All owners,Up to 1000 cc,Other fuel types,Co. Kildare,All years,Number,667
Vehicle Population,2020,All owners,Up to 1000 cc,Other fuel types,Co. Kilkenny,All years,Number,151
Vehicle Population,2020,All owners,Up to 1000 cc,Other fuel types,Co. Laois,All years,Number,117
Vehicle Population,2020,All owners,Up to 1000 cc,Other fuel types,Co. Leitrim,All years,Number,31
Vehicle Population,2020,All owners,Up to 1000 cc,Other fuel types,Co. Limerick,All years,Number,290
Vehicle Population,2020,All owners,Up to 1000 cc,Other fuel types,Co. Longford,All years,Number,65
Vehicle Population,2020,All owners,Up to 1000 cc,Other fuel types,Co. Louth,All years,Number,234
Vehicle Population,2020,All owners,Up to 1000 cc,Other fuel types,Co. Mayo,All years,Number,146
Vehicle Population,2020,All owners,Up to 1000 cc,Other fuel types,Co. Meath,All years,Number,530
Vehicle Population,2020,All owners,Up to 1000 cc,Other fuel types,Co. Monaghan,All years,Number,74
Vehicle Population,2020,All owners,Up to 1000 cc,Other fuel types,Co. Offaly,All years,Number,89
Vehicle Population,2020,All owners,Up to 1000 cc,Other fuel types,Co. Roscommon,All years,Number,71
Vehicle Population,2020,All owners,Up to 1000 cc,Other fuel types,Co. Sligo,All years,Number,91
Vehicle Population,2020,All owners,Up to 1000 cc,Other fuel types,Co. Tipperary,All years,Number,218
Vehicle Population,2020,All owners,Up to 1000 cc,Other fuel types,Co. Waterford,All years,Number,224
Vehicle Population,2020,All owners,Up to 1000 cc,Other fuel types,Co. Westmeath,All years,Number,211
Vehicle Population,2020,All owners,Up to 1000 cc,Other fuel types,Co. Wexford,All years,Number,316
Vehicle Population,2020,All owners,Up to 1000 cc,Other fuel types,Co. Wicklow,All years,Number,580
Vehicle Population,2020,All owners,1001 - 1200 cc,Petrol,Co. Carlow,All years,Number,1455
Vehicle Population,2020,All owners,1001 - 1200 cc,Petrol,Co. Cavan,All years,Number,1333
Vehicle Population,2020,All owners,1001 - 1200 cc,Petrol,Co. Clare,All years,Number,3165
Vehicle Population,2020,All owners,1001 - 1200 cc,Petrol,Co. Cork,All years,Number,17131
Vehicle Population,2020,All owners,1001 - 1200 cc,Petrol,Co. Donegal,All years,Number,2669
Vehicle Population,2020,All owners,1001 - 1200 cc,Petrol,Co. Dublin,All years,Number,47114
Vehicle Population,2020,All owners,1001 - 1200 cc,Petrol,Co. Galway,All years,Number,5821
Vehicle Population,2020,All owners,1001 - 1200 cc,Petrol,Co. Kerry,All years,Number,4018
Vehicle Population,2020,All owners,1001 - 1200 cc,Petrol,Co. Kildare,All years,Number,7265
Vehicle Population,2020,All owners,1001 - 1200 cc,Petrol,Co. Kilkenny,All years,Number,2546
Vehicle Population,2020,All owners,1001 - 1200 cc,Petrol,Co. Laois,All years,Number,1660
Vehicle Population,2020,All owners,1001 - 1200 cc,Petrol,Co. Leitrim,All years,Number,654
Vehicle Population,2020,All owners,1001 - 1200 cc,Petrol,Co. Limerick,All years,Number,5363
Vehicle Population,2020,All owners,1001 - 1200 cc,Petrol,Co. Longford,All years,Number,681
Vehicle Population,2020,All owners,1001 - 1200 cc,Petrol,Co. Louth,All years,Number,3891
Vehicle Population,2020,All owners,1001 - 1200 cc,Petrol,Co. Mayo,All years,Number,2367
Vehicle Population,2020,All owners,1001 - 1200 cc,Petrol,Co. Meath,All years,Number,5583
Vehicle Population,2020,All owners,1001 - 1200 cc,Petrol,Co. Monaghan,All years,Number,1019
Vehicle Population,2020,All owners,1001 - 1200 cc,Petrol,Co. Offaly,All years,Number,1639
Vehicle Population,2020,All owners,1001 - 1200 cc,Petrol,Co. Roscommon,All years,Number,1401
Vehicle Population,2020,All owners,1001 - 1200 cc,Petrol,Co. Sligo,All years,Number,1544
Vehicle Population,2020,All owners,1001 - 1200 cc,Petrol,Co. Tipperary,All years,Number,4102
Vehicle Population,2020,All owners,1001 - 1200 cc,Petrol,Co. Waterford,All years,Number,4332
Vehicle Population,2020,All owners,1001 - 1200 cc,Petrol,Co. Westmeath,All years,Number,2099
Vehicle Population,2020,All owners,1001 - 1200 cc,Petrol,Co. Wexford,All years,Number,4428
Vehicle Population,2020,All owners,1001 - 1200 cc,Petrol,Co. Wicklow,All years,Number,5436
Vehicle Population,2020,All owners,1001 - 1200 cc,Diesel,Co. Carlow,All years,Number,81
Vehicle Population,2020,All owners,1001 - 1200 cc,Diesel,Co. Cavan,All years,Number,80
Vehicle Population,2020,All owners,1001 - 1200 cc,Diesel,Co. Clare,All years,Number,139
Vehicle Population,2020,All owners,1001 - 1200 cc,Diesel,Co. Cork,All years,Number,572
Vehicle Population,2020,All owners,1001 - 1200 cc,Diesel,Co. Donegal,All years,Number,183
Vehicle Population,2020,All owners,1001 - 1200 cc,Diesel,Co. Dublin,All years,Number,693
Vehicle Population,2020,All owners,1001 - 1200 cc,Diesel,Co. Galway,All years,Number,199
Vehicle Population,2020,All owners,1001 - 1200 cc,Diesel,Co. Kerry,All years,Number,109
Vehicle Population,2020,All owners,1001 - 1200 cc,Diesel,Co. Kildare,All years,Number,275
Vehicle Population,2020,All owners,1001 - 1200 cc,Diesel,Co. Kilkenny,All years,Number,179
Vehicle Population,2020,All owners,1001 - 1200 cc,Diesel,Co. Laois,All years,Number,102
Vehicle Population,2020,All owners,1001 - 1200 cc,Diesel,Co. Leitrim,All years,Number,41
Vehicle Population,2020,All owners,1001 - 1200 cc,Diesel,Co. Limerick,All years,Number,159
Vehicle Population,2020,All owners,1001 - 1200 cc,Diesel,Co. Longford,All years,Number,70
Vehicle Population,2020,All owners,1001 - 1200 cc,Diesel,Co. Louth,All years,Number,210
Vehicle Population,2020,All owners,1001 - 1200 cc,Diesel,Co. Mayo,All years,Number,109
Vehicle Population,2020,All owners,1001 - 1200 cc,Diesel,Co. Meath,All years,Number,228
Vehicle Population,2020,All owners,1001 - 1200 cc,Diesel,Co. Monaghan,All years,Number,104
Vehicle Population,2020,All owners,1001 - 1200 cc,Diesel,Co. Offaly,All years,Number,105
Vehicle Population,2020,All owners,1001 - 1200 cc,Diesel,Co. Roscommon,All years,Number,73
Vehicle Population,2020,All owners,1001 - 1200 cc,Diesel,Co. Sligo,All years,Number,64
Vehicle Population,2020,All owners,1001 - 1200 cc,Diesel,Co. Tipperary,All years,Number,192
Vehicle Population,2020,All owners,1001 - 1200 cc,Diesel,Co. Waterford,All years,Number,125
Vehicle Population,2020,All owners,1001 - 1200 cc,Diesel,Co. Westmeath,All years,Number,145
Vehicle Population,2020,All owners,1001 - 1200 cc,Diesel,Co. Wexford,All years,Number,188
Vehicle Population,2020,All owners,1001 - 1200 cc,Diesel,Co. Wicklow,All years,Number,174
Vehicle Population,2020,All owners,1001 - 1200 cc,Other fuel types,Co. Carlow,All years,Number,70
Vehicle Population,2020,All owners,1001 - 1200 cc,Other fuel types,Co. Cavan,All years,Number,71
Vehicle Population,2020,All owners,1001 - 1200 cc,Other fuel types,Co. Clare,All years,Number,148
Vehicle Population,2020,All owners,1001 - 1200 cc,Other fuel types,Co. Cork,All years,Number,855
Vehicle Population,2020,All owners,1001 - 1200 cc,Other fuel types,Co. Donegal,All years,Number,141
Vehicle Population,2020,All owners,1001 - 1200 cc,Other fuel types,Co. Dublin,All years,Number,1550
Vehicle Population,2020,All owners,1001 - 1200 cc,Other fuel types,Co. Galway,All years,Number,221
Vehicle Population,2020,All owners,1001 - 1200 cc,Other fuel types,Co. Kerry,All years,Number,223
Vehicle Population,2020,All owners,1001 - 1200 cc,Other fuel types,Co. Kildare,All years,Number,418
Vehicle Population,2020,All owners,1001 - 1200 cc,Other fuel types,Co. Kilkenny,All years,Number,93
Vehicle Population,2020,All owners,1001 - 1200 cc,Other fuel types,Co. Laois,All years,Number,76
Vehicle Population,2020,All owners,1001 - 1200 cc,Other fuel types,Co. Leitrim,All years,Number,22
Vehicle Population,2020,All owners,1001 - 1200 cc,Other fuel types,Co. Limerick,All years,Number,217
Vehicle Population,2020,All owners,1001 - 1200 cc,Other fuel types,Co. Longford,All years,Number,31
Vehicle Population,2020,All owners,1001 - 1200 cc,Other fuel types,Co. Louth,All years,Number,170
Vehicle Population,2020,All owners,1001 - 1200 cc,Other fuel types,Co. Mayo,All years,Number,46
Vehicle Population,2020,All owners,1001 - 1200 cc,Other fuel types,Co. Meath,All years,Number,356
Vehicle Population,2020,All owners,1001 - 1200 cc,Other fuel types,Co. Monaghan,All years,Number,36
Vehicle Population,2020,All owners,1001 - 1200 cc,Other fuel types,Co. Offaly,All years,Number,64
Vehicle Population,2020,All owners,1001 - 1200 cc,Other fuel types,Co. Roscommon,All years,Number,55
Vehicle Population,2020,All owners,1001 - 1200 cc,Other fuel types,Co. Sligo,All years,Number,52
Vehicle Population,2020,All owners,1001 - 1200 cc,Other fuel types,Co. Tipperary,All years,Number,161
Vehicle Population,2020,All owners,1001 - 1200 cc,Other fuel types,Co. Waterford,All years,Number,186
Vehicle Population,2020,All owners,1001 - 1200 cc,Other fuel types,Co. Westmeath,All years,Number,125
Vehicle Population,2020,All owners,1001 - 1200 cc,Other fuel types,Co. Wexford,All years,Number,265
Vehicle Population,2020,All owners,1001 - 1200 cc,Other fuel types,Co. Wicklow,All years,Number,166
Vehicle Population,2020,All owners,1201 - 1400 cc,Petrol,Co. Carlow,All years,Number,4000
Vehicle Population,2020,All owners,1201 - 1400 cc,Petrol,Co. Cavan,All years,Number,3799
Vehicle Population,2020,All owners,1201 - 1400 cc,Petrol,Co. Clare,All years,Number,8756
Vehicle Population,2020,All owners,1201 - 1400 cc,Petrol,Co. Cork,All years,Number,45991
Vehicle Population,2020,All owners,1201 - 1400 cc,Petrol,Co. Donegal,All years,Number,9325
Vehicle Population,2020,All owners,1201 - 1400 cc,Petrol,Co. Dublin,All years,Number,100305
Vehicle Population,2020,All owners,1201 - 1400 cc,Petrol,Co. Galway,All years,Number,17417
Vehicle Population,2020,All owners,1201 - 1400 cc,Petrol,Co. Kerry,All years,Number,12061
Vehicle Population,2020,All owners,1201 - 1400 cc,Petrol,Co. Kildare,All years,Number,15425
Vehicle Population,2020,All owners,1201 - 1400 cc,Petrol,Co. Kilkenny,All years,Number,6391
Vehicle Population,2020,All owners,1201 - 1400 cc,Petrol,Co. Laois,All years,Number,4372
Vehicle Population,2020,All owners,1201 - 1400 cc,Petrol,Co. Leitrim,All years,Number,1961
Vehicle Population,2020,All owners,1201 - 1400 cc,Petrol,Co. Limerick,All years,Number,14807
Vehicle Population,2020,All owners,1201 - 1400 cc,Petrol,Co. Longford,All years,Number,2074
Vehicle Population,2020,All owners,1201 - 1400 cc,Petrol,Co. Louth,All years,Number,6960
Vehicle Population,2020,All owners,1201 - 1400 cc,Petrol,Co. Mayo,All years,Number,8896
Vehicle Population,2020,All owners,1201 - 1400 cc,Petrol,Co. Meath,All years,Number,11935
Vehicle Population,2020,All owners,1201 - 1400 cc,Petrol,Co. Monaghan,All years,Number,3155
Vehicle Population,2020,All owners,1201 - 1400 cc,Petrol,Co. Offaly,All years,Number,4271
Vehicle Population,2020,All owners,1201 - 1400 cc,Petrol,Co. Roscommon,All years,Number,4487
Vehicle Population,2020,All owners,1201 - 1400 cc,Petrol,Co. Sligo,All years,Number,4639
Vehicle Population,2020,All owners,1201 - 1400 cc,Petrol,Co. Tipperary,All years,Number,11284
Vehicle Population,2020,All owners,1201 - 1400 cc,Petrol,Co. Waterford,All years,Number,9773
Vehicle Population,2020,All owners,1201 - 1400 cc,Petrol,Co. Westmeath,All years,Number,5079
Vehicle Population,2020,All owners,1201 - 1400 cc,Petrol,Co. Wexford,All years,Number,10482
Vehicle Population,2020,All owners,1201 - 1400 cc,Petrol,Co. Wicklow,All years,Number,11304
Vehicle Population,2020,All owners,1201 - 1400 cc,Diesel,Co. Carlow,All years,Number,1288
Vehicle Population,2020,All owners,1201 - 1400 cc,Diesel,Co. Cavan,All years,Number,1907
Vehicle Population,2020,All owners,1201 - 1400 cc,Diesel,Co. Clare,All years,Number,2603
Vehicle Population,2020,All owners,1201 - 1400 cc,Diesel,Co. Cork,All years,Number,10922
Vehicle Population,2020,All owners,1201 - 1400 cc,Diesel,Co. Donegal,All years,Number,4544
Vehicle Population,2020,All owners,1201 - 1400 cc,Diesel,Co. Dublin,All years,Number,8965
Vehicle Population,2020,All owners,1201 - 1400 cc,Diesel,Co. Galway,All years,Number,4946
Vehicle Population,2020,All owners,1201 - 1400 cc,Diesel,Co. Kerry,All years,Number,3337
Vehicle Population,2020,All owners,1201 - 1400 cc,Diesel,Co. Kildare,All years,Number,3340
Vehicle Population,2020,All owners,1201 - 1400 cc,Diesel,Co. Kilkenny,All years,Number,2183
Vehicle Population,2020,All owners,1201 - 1400 cc,Diesel,Co. Laois,All years,Number,1496
Vehicle Population,2020,All owners,1201 - 1400 cc,Diesel,Co. Leitrim,All years,Number,754
Vehicle Population,2020,All owners,1201 - 1400 cc,Diesel,Co. Limerick,All years,Number,4005
Vehicle Population,2020,All owners,1201 - 1400 cc,Diesel,Co. Longford,All years,Number,894
Vehicle Population,2020,All owners,1201 - 1400 cc,Diesel,Co. Louth,All years,Number,2225
Vehicle Population,2020,All owners,1201 - 1400 cc,Diesel,Co. Mayo,All years,Number,3237
Vehicle Population,2020,All owners,1201 - 1400 cc,Diesel,Co. Meath,All years,Number,3493
Vehicle Population,2020,All owners,1201 - 1400 cc,Diesel,Co. Monaghan,All years,Number,1416
Vehicle Population,2020,All owners,1201 - 1400 cc,Diesel,Co. Offaly,All years,Number,1939
Vehicle Population,2020,All owners,1201 - 1400 cc,Diesel,Co. Roscommon,All years,Number,1630
Vehicle Population,2020,All owners,1201 - 1400 cc,Diesel,Co. Sligo,All years,Number,1317
Vehicle Population,2020,All owners,1201 - 1400 cc,Diesel,Co. Tipperary,All years,Number,4076
Vehicle Population,2020,All owners,1201 - 1400 cc,Diesel,Co. Waterford,All years,Number,2082
Vehicle Population,2020,All owners,1201 - 1400 cc,Diesel,Co. Westmeath,All years,Number,2020
Vehicle Population,2020,All owners,1201 - 1400 cc,Diesel,Co. Wexford,All years,Number,3268
Vehicle Population,2020,All owners,1201 - 1400 cc,Diesel,Co. Wicklow,All years,Number,2273
Vehicle Population,2020,All owners,1201 - 1400 cc,Other fuel types,Co. Carlow,All years,Number,33
Vehicle Population,2020,All owners,1201 - 1400 cc,Other fuel types,Co. Cavan,All years,Number,40
Vehicle Population,2020,All owners,1201 - 1400 cc,Other fuel types,Co. Clare,All years,Number,62
Vehicle Population,2020,All owners,1201 - 1400 cc,Other fuel types,Co. Cork,All years,Number,332
Vehicle Population,2020,All owners,1201 - 1400 cc,Other fuel types,Co. Donegal,All years,Number,31
Vehicle Population,2020,All owners,1201 - 1400 cc,Other fuel types,Co. Dublin,All years,Number,2563
Vehicle Population,2020,All owners,1201 - 1400 cc,Other fuel types,Co. Galway,All years,Number,170
Vehicle Population,2020,All owners,1201 - 1400 cc,Other fuel types,Co. Kerry,All years,Number,58
Vehicle Population,2020,All owners,1201 - 1400 cc,Other fuel types,Co. Kildare,All years,Number,281
Vehicle Population,2020,All owners,1201 - 1400 cc,Other fuel types,Co. Kilkenny,All years,Number,53
Vehicle Population,2020,All owners,1201 - 1400 cc,Other fuel types,Co. Laois,All years,Number,55
Vehicle Population,2020,All owners,1201 - 1400 cc,Other fuel types,Co. Leitrim,All years,Number,10
Vehicle Population,2020,All owners,1201 - 1400 cc,Other fuel types,Co. Limerick,All years,Number,118
Vehicle Population,2020,All owners,1201 - 1400 cc,Other fuel types,Co. Longford,All years,Number,20
Vehicle Population,2020,All owners,1201 - 1400 cc,Other fuel types,Co. Louth,All years,Number,87
Vehicle Population,2020,All owners,1201 - 1400 cc,Other fuel types,Co. Mayo,All years,Number,56
Vehicle Population,2020,All owners,1201 - 1400 cc,Other fuel types,Co. Meath,All years,Number,189
Vehicle Population,2020,All owners,1201 - 1400 cc,Other fuel types,Co. Monaghan,All years,Number,14
Vehicle Population,2020,All owners,1201 - 1400 cc,Other fuel types,Co. Offaly,All years,Number,45
Vehicle Population,2020,All owners,1201 - 1400 cc,Other fuel types,Co. Roscommon,All years,Number,26
Vehicle Population,2020,All owners,1201 - 1400 cc,Other fuel types,Co. Sligo,All years,Number,27
Vehicle Population,2020,All owners,1201 - 1400 cc,Other fuel types,Co. Tipperary,All years,Number,106
Vehicle Population,2020,All owners,1201 - 1400 cc,Other fuel types,Co. Waterford,All years,Number,65
Vehicle Population,2020,All owners,1201 - 1400 cc,Other fuel types,Co. Westmeath,All years,Number,44
Vehicle Population,2020,All owners,1201 - 1400 cc,Other fuel types,Co. Wexford,All years,Number,94
Vehicle Population,2020,All owners,1201 - 1400 cc,Other fuel types,Co. Wicklow,All years,Number,168
Vehicle Population,2020,All owners,1401 - 1600 cc,Petrol,Co. Carlow,All years,Number,1505
Vehicle Population,2020,All owners,1401 - 1600 cc,Petrol,Co. Cavan,All years,Number,1510
Vehicle Population,2020,All owners,1401 - 1600 cc,Petrol,Co. Clare,All years,Number,3741
Vehicle Population,2020,All owners,1401 - 1600 cc,Petrol,Co. Cork,All years,Number,16808
Vehicle Population,2020,All owners,1401 - 1600 cc,Petrol,Co. Donegal,All years,Number,3027
Vehicle Population,2020,All owners,1401 - 1600 cc,Petrol,Co. Dublin,All years,Number,46852
Vehicle Population,2020,All owners,1401 - 1600 cc,Petrol,Co. Galway,All years,Number,6985
Vehicle Population,2020,All owners,1401 - 1600 cc,Petrol,Co. Kerry,All years,Number,5094
Vehicle Population,2020,All owners,1401 - 1600 cc,Petrol,Co. Kildare,All years,Number,6564
Vehicle Population,2020,All owners,1401 - 1600 cc,Petrol,Co. Kilkenny,All years,Number,2261
Vehicle Population,2020,All owners,1401 - 1600 cc,Petrol,Co. Laois,All years,Number,1752
Vehicle Population,2020,All owners,1401 - 1600 cc,Petrol,Co. Leitrim,All years,Number,653
Vehicle Population,2020,All owners,1401 - 1600 cc,Petrol,Co. Limerick,All years,Number,5875
Vehicle Population,2020,All owners,1401 - 1600 cc,Petrol,Co. Longford,All years,Number,811
Vehicle Population,2020,All owners,1401 - 1600 cc,Petrol,Co. Louth,All years,Number,2584
Vehicle Population,2020,All owners,1401 - 1600 cc,Petrol,Co. Mayo,All years,Number,3082
Vehicle Population,2020,All owners,1401 - 1600 cc,Petrol,Co. Meath,All years,Number,5121
Vehicle Population,2020,All owners,1401 - 1600 cc,Petrol,Co. Monaghan,All years,Number,946
Vehicle Population,2020,All owners,1401 - 1600 cc,Petrol,Co. Offaly,All years,Number,1684
Vehicle Population,2020,All owners,1401 - 1600 cc,Petrol,Co. Roscommon,All years,Number,1369
Vehicle Population,2020,All owners,1401 - 1600 cc,Petrol,Co. Sligo,All years,Number,1600
Vehicle Population,2020,All owners,1401 - 1600 cc,Petrol,Co. Tipperary,All years,Number,4449
Vehicle Population,2020,All owners,1401 - 1600 cc,Petrol,Co. Waterford,All years,Number,3790
Vehicle Population,2020,All owners,1401 - 1600 cc,Petrol,Co. Westmeath,All years,Number,1931
Vehicle Population,2020,All owners,1401 - 1600 cc,Petrol,Co. Wexford,All years,Number,3921
Vehicle Population,2020,All owners,1401 - 1600 cc,Petrol,Co. Wicklow,All years,Number,4866
Vehicle Population,2020,All owners,1401 - 1600 cc,Diesel,Co. Carlow,All years,Number,8501
Vehicle Population,2020,All owners,1401 - 1600 cc,Diesel,Co. Cavan,All years,Number,10158
Vehicle Population,2020,All owners,1401 - 1600 cc,Diesel,Co. Clare,All years,Number,16928
Vehicle Population,2020,All owners,1401 - 1600 cc,Diesel,Co. Cork,All years,Number,63972
Vehicle Population,2020,All owners,1401 - 1600 cc,Diesel,Co. Donegal,All years,Number,18784
Vehicle Population,2020,All owners,1401 - 1600 cc,Diesel,Co. Dublin,All years,Number,99539
Vehicle Population,2020,All owners,1401 - 1600 cc,Diesel,Co. Galway,All years,Number,30144
Vehicle Population,2020,All owners,1401 - 1600 cc,Diesel,Co. Kerry,All years,Number,19382
Vehicle Population,2020,All owners,1401 - 1600 cc,Diesel,Co. Kildare,All years,Number,27790
Vehicle Population,2020,All owners,1401 - 1600 cc,Diesel,Co. Kilkenny,All years,Number,13206
Vehicle Population,2020,All owners,1401 - 1600 cc,Diesel,Co. Laois,All years,Number,11495
Vehicle Population,2020,All owners,1401 - 1600 cc,Diesel,Co. Leitrim,All years,Number,4293
Vehicle Population,2020,All owners,1401 - 1600 cc,Diesel,Co. Limerick,All years,Number,23729
Vehicle Population,2020,All owners,1401 - 1600 cc,Diesel,Co. Longford,All years,Number,4921
Vehicle Population,2020,All owners,1401 - 1600 cc,Diesel,Co. Louth,All years,Number,15145
Vehicle Population,2020,All owners,1401 - 1600 cc,Diesel,Co. Mayo,All years,Number,16954
Vehicle Population,2020,All owners,1401 - 1600 cc,Diesel,Co. Meath,All years,Number,25886
Vehicle Population,2020,All owners,1401 - 1600 cc,Diesel,Co. Monaghan,All years,Number,8037
Vehicle Population,2020,All owners,1401 - 1600 cc,Diesel,Co. Offaly,All years,Number,10943
Vehicle Population,2020,All owners,1401 - 1600 cc,Diesel,Co. Roscommon,All years,Number,9457
Vehicle Population,2020,All owners,1401 - 1600 cc,Diesel,Co. Sligo,All years,Number,7608
Vehicle Population,2020,All owners,1401 - 1600 cc,Diesel,Co. Tipperary,All years,Number,23736
Vehicle Population,2020,All owners,1401 - 1600 cc,Diesel,Co. Waterford,All years,Number,15229
Vehicle Population,2020,All owners,1401 - 1600 cc,Diesel,Co. Westmeath,All years,Number,12610
Vehicle Population,2020,All owners,1401 - 1600 cc,Diesel,Co. Wexford,All years,Number,23767
Vehicle Population,2020,All owners,1401 - 1600 cc,Diesel,Co. Wicklow,All years,Number,15799
Vehicle Population,2020,All owners,1401 - 1600 cc,Other fuel types,Co. Carlow,All years,Number,99
Vehicle Population,2020,All owners,1401 - 1600 cc,Other fuel types,Co. Cavan,All years,Number,115
Vehicle Population,2020,All owners,1401 - 1600 cc,Other fuel types,Co. Clare,All years,Number,253
Vehicle Population,2020,All owners,1401 - 1600 cc,Other fuel types,Co. Cork,All years,Number,1293
Vehicle Population,2020,All owners,1401 - 1600 cc,Other fuel types,Co. Donegal,All years,Number,331
Vehicle Population,2020,All owners,1401 - 1600 cc,Other fuel types,Co. Dublin,All years,Number,5615
Vehicle Population,2020,All owners,1401 - 1600 cc,Other fuel types,Co. Galway,All years,Number,668
Vehicle Population,2020,All owners,1401 - 1600 cc,Other fuel types,Co. Kerry,All years,Number,303
Vehicle Population,2020,All owners,1401 - 1600 cc,Other fuel types,Co. Kildare,All years,Number,639
Vehicle Population,2020,All owners,1401 - 1600 cc,Other fuel types,Co. Kilkenny,All years,Number,193
Vehicle Population,2020,All owners,1401 - 1600 cc,Other fuel types,Co. Laois,All years,Number,176
Vehicle Population,2020,All owners,1401 - 1600 cc,Other fuel types,Co. Leitrim,All years,Number,49
Vehicle Population,2020,All owners,1401 - 1600 cc,Other fuel types,Co. Limerick,All years,Number,410
Vehicle Population,2020,All owners,1401 - 1600 cc,Other fuel types,Co. Longford,All years,Number,65
Vehicle Population,2020,All owners,1401 - 1600 cc,Other fuel types,Co. Louth,All years,Number,307
Vehicle Population,2020,All owners,1401 - 1600 cc,Other fuel types,Co. Mayo,All years,Number,204
Vehicle Population,2020,All owners,1401 - 1600 cc,Other fuel types,Co. Meath,All years,Number,495
Vehicle Population,2020,All owners,1401 - 1600 cc,Other fuel types,Co. Monaghan,All years,Number,71
Vehicle Population,2020,All owners,1401 - 1600 cc,Other fuel types,Co. Offaly,All years,Number,171
Vehicle Population,2020,All owners,1401 - 1600 cc,Other fuel types,Co. Roscommon,All years,Number,87
Vehicle Population,2020,All owners,1401 - 1600 cc,Other fuel types,Co. Sligo,All years,Number,166
Vehicle Population,2020,All owners,1401 - 1600 cc,Other fuel types,Co. Tipperary,All years,Number,286
Vehicle Population,2020,All owners,1401 - 1600 cc,Other fuel types,Co. Waterford,All years,Number,235
Vehicle Population,2020,All owners,1401 - 1600 cc,Other fuel types,Co. Westmeath,All years,Number,238
Vehicle Population,2020,All owners,1401 - 1600 cc,Other fuel types,Co. Wexford,All years,Number,279
Vehicle Population,2020,All owners,1401 - 1600 cc,Other fuel types,Co. Wicklow,All years,Number,525
Vehicle Population,2020,All owners,1601 - 1800 cc,Petrol,Co. Carlow,All years,Number,331
Vehicle Population,2020,All owners,1601 - 1800 cc,Petrol,Co. Cavan,All years,Number,287
Vehicle Population,2020,All owners,1601 - 1800 cc,Petrol,Co. Clare,All years,Number,702
Vehicle Population,2020,All owners,1601 - 1800 cc,Petrol,Co. Cork,All years,Number,3724
Vehicle Population,2020,All owners,1601 - 1800 cc,Petrol,Co. Donegal,All years,Number,512
Vehicle Population,2020,All owners,1601 - 1800 cc,Petrol,Co. Dublin,All years,Number,12725
Vehicle Population,2020,All owners,1601 - 1800 cc,Petrol,Co. Galway,All years,Number,1565
Vehicle Population,2020,All owners,1601 - 1800 cc,Petrol,Co. Kerry,All years,Number,981
Vehicle Population,2020,All owners,1601 - 1800 cc,Petrol,Co. Kildare,All years,Number,1647
Vehicle Population,2020,All owners,1601 - 1800 cc,Petrol,Co. Kilkenny,All years,Number,510
Vehicle Population,2020,All owners,1601 - 1800 cc,Petrol,Co. Laois,All years,Number,382
Vehicle Population,2020,All owners,1601 - 1800 cc,Petrol,Co. Leitrim,All years,Number,127
Vehicle Population,2020,All owners,1601 - 1800 cc,Petrol,Co. Limerick,All years,Number,1166
Vehicle Population,2020,All owners,1601 - 1800 cc,Petrol,Co. Longford,All years,Number,200
Vehicle Population,2020,All owners,1601 - 1800 cc,Petrol,Co. Louth,All years,Number,534
Vehicle Population,2020,All owners,1601 - 1800 cc,Petrol,Co. Mayo,All years,Number,664
Vehicle Population,2020,All owners,1601 - 1800 cc,Petrol,Co. Meath,All years,Number,1352
Vehicle Population,2020,All owners,1601 - 1800 cc,Petrol,Co. Monaghan,All years,Number,191
Vehicle Population,2020,All owners,1601 - 1800 cc,Petrol,Co. Offaly,All years,Number,373
Vehicle Population,2020,All owners,1601 - 1800 cc,Petrol,Co. Roscommon,All years,Number,256
Vehicle Population,2020,All owners,1601 - 1800 cc,Petrol,Co. Sligo,All years,Number,318
Vehicle Population,2020,All owners,1601 - 1800 cc,Petrol,Co. Tipperary,All years,Number,856
Vehicle Population,2020,All owners,1601 - 1800 cc,Petrol,Co. Waterford,All years,Number,759
Vehicle Population,2020,All owners,1601 - 1800 cc,Petrol,Co. Westmeath,All years,Number,404
Vehicle Population,2020,All owners,1601 - 1800 cc,Petrol,Co. Wexford,All years,Number,859
Vehicle Population,2020,All owners,1601 - 1800 cc,Petrol,Co. Wicklow,All years,Number,1352
Vehicle Population,2020,All owners,1601 - 1800 cc,Diesel,Co. Carlow,All years,Number,1440
Vehicle Population,2020,All owners,1601 - 1800 cc,Diesel,Co. Cavan,All years,Number,1601
Vehicle Population,2020,All owners,1601 - 1800 cc,Diesel,Co. Clare,All years,Number,2724
Vehicle Population,2020,All owners,1601 - 1800 cc,Diesel,Co. Cork,All years,Number,11904
Vehicle Population,2020,All owners,1601 - 1800 cc,Diesel,Co. Donegal,All years,Number,3890
Vehicle Population,2020,All owners,1601 - 1800 cc,Diesel,Co. Dublin,All years,Number,17843
Vehicle Population,2020,All owners,1601 - 1800 cc,Diesel,Co. Galway,All years,Number,6008
Vehicle Population,2020,All owners,1601 - 1800 cc,Diesel,Co. Kerry,All years,Number,3977
Vehicle Population,2020,All owners,1601 - 1800 cc,Diesel,Co. Kildare,All years,Number,5407
Vehicle Population,2020,All owners,1601 - 1800 cc,Diesel,Co. Kilkenny,All years,Number,2397
Vehicle Population,2020,All owners,1601 - 1800 cc,Diesel,Co. Laois,All years,Number,2047
Vehicle Population,2020,All owners,1601 - 1800 cc,Diesel,Co. Leitrim,All years,Number,801
Vehicle Population,2020,All owners,1601 - 1800 cc,Diesel,Co. Limerick,All years,Number,4066
Vehicle Population,2020,All owners,1601 - 1800 cc,Diesel,Co. Longford,All years,Number,993
Vehicle Population,2020,All owners,1601 - 1800 cc,Diesel,Co. Louth,All years,Number,2503
Vehicle Population,2020,All owners,1601 - 1800 cc,Diesel,Co. Mayo,All years,Number,3247
Vehicle Population,2020,All owners,1601 - 1800 cc,Diesel,Co. Meath,All years,Number,4425
Vehicle Population,2020,All owners,1601 - 1800 cc,Diesel,Co. Monaghan,All years,Number,1651
Vehicle Population,2020,All owners,1601 - 1800 cc,Diesel,Co. Offaly,All years,Number,1775
Vehicle Population,2020,All owners,1601 - 1800 cc,Diesel,Co. Roscommon,All years,Number,1515
Vehicle Population,2020,All owners,1601 - 1800 cc,Diesel,Co. Sligo,All years,Number,1537
Vehicle Population,2020,All owners,1601 - 1800 cc,Diesel,Co. Tipperary,All years,Number,3740
Vehicle Population,2020,All owners,1601 - 1800 cc,Diesel,Co. Waterford,All years,Number,2199
Vehicle Population,2020,All owners,1601 - 1800 cc,Diesel,Co. Westmeath,All years,Number,2226
Vehicle Population,2020,All owners,1601 - 1800 cc,Diesel,Co. Wexford,All years,Number,3648
Vehicle Population,2020,All owners,1601 - 1800 cc,Diesel,Co. Wicklow,All years,Number,2930
Vehicle Population,2020,All owners,1601 - 1800 cc,Other fuel types,Co. Carlow,All years,Number,196
Vehicle Population,2020,All owners,1601 - 1800 cc,Other fuel types,Co. Cavan,All years,Number,277
Vehicle Population,2020,All owners,1601 - 1800 cc,Other fuel types,Co. Clare,All years,Number,469
Vehicle Population,2020,All owners,1601 - 1800 cc,Other fuel types,Co. Cork,All years,Number,2745
Vehicle Population,2020,All owners,1601 - 1800 cc,Other fuel types,Co. Donegal,All years,Number,574
Vehicle Population,2020,All owners,1601 - 1800 cc,Other fuel types,Co. Dublin,All years,Number,10352
Vehicle Population,2020,All owners,1601 - 1800 cc,Other fuel types,Co. Galway,All years,Number,1414
Vehicle Population,2020,All owners,1601 - 1800 cc,Other fuel types,Co. Kerry,All years,Number,554
Vehicle Population,2020,All owners,1601 - 1800 cc,Other fuel types,Co. Kildare,All years,Number,1365
Vehicle Population,2020,All owners,1601 - 1800 cc,Other fuel types,Co. Kilkenny,All years,Number,406
Vehicle Population,2020,All owners,1601 - 1800 cc,Other fuel types,Co. Laois,All years,Number,251
Vehicle Population,2020,All owners,1601 - 1800 cc,Other fuel types,Co. Leitrim,All years,Number,97
Vehicle Population,2020,All owners,1601 - 1800 cc,Other fuel types,Co. Limerick,All years,Number,815
Vehicle Population,2020,All owners,1601 - 1800 cc,Other fuel types,Co. Longford,All years,Number,168
Vehicle Population,2020,All owners,1601 - 1800 cc,Other fuel types,Co. Louth,All years,Number,557
Vehicle Population,2020,All owners,1601 - 1800 cc,Other fuel types,Co. Mayo,All years,Number,460
Vehicle Population,2020,All owners,1601 - 1800 cc,Other fuel types,Co. Meath,All years,Number,1054
Vehicle Population,2020,All owners,1601 - 1800 cc,Other fuel types,Co. Monaghan,All years,Number,179
Vehicle Population,2020,All owners,1601 - 1800 cc,Other fuel types,Co. Offaly,All years,Number,341
Vehicle Population,2020,All owners,1601 - 1800 cc,Other fuel types,Co. Roscommon,All years,Number,265
Vehicle Population,2020,All owners,1601 - 1800 cc,Other fuel types,Co. Sligo,All years,Number,264
Vehicle Population,2020,All owners,1601 - 1800 cc,Other fuel types,Co. Tipperary,All years,Number,570
Vehicle Population,2020,All owners,1601 - 1800 cc,Other fuel types,Co. Waterford,All years,Number,412
Vehicle Population,2020,All owners,1601 - 1800 cc,Other fuel types,Co. Westmeath,All years,Number,445
Vehicle Population,2020,All owners,1601 - 1800 cc,Other fuel types,Co. Wexford,All years,Number,592
Vehicle Population,2020,All owners,1601 - 1800 cc,Other fuel types,Co. Wicklow,All years,Number,810
Vehicle Population,2020,All owners,1801 - 2000 cc,Petrol,Co. Carlow,All years,Number,270
Vehicle Population,2020,All owners,1801 - 2000 cc,Petrol,Co. Cavan,All years,Number,258
Vehicle Population,2020,All owners,1801 - 2000 cc,Petrol,Co. Clare,All years,Number,623
Vehicle Population,2020,All owners,1801 - 2000 cc,Petrol,Co. Cork,All years,Number,3509
Vehicle Population,2020,All owners,1801 - 2000 cc,Petrol,Co. Donegal,All years,Number,473
Vehicle Population,2020,All owners,1801 - 2000 cc,Petrol,Co. Dublin,All years,Number,12411
Vehicle Population,2020,All owners,1801 - 2000 cc,Petrol,Co. Galway,All years,Number,1334
Vehicle Population,2020,All owners,1801 - 2000 cc,Petrol,Co. Kerry,All years,Number,785
Vehicle Population,2020,All owners,1801 - 2000 cc,Petrol,Co. Kildare,All years,Number,1422
Vehicle Population,2020,All owners,1801 - 2000 cc,Petrol,Co. Kilkenny,All years,Number,430
Vehicle Population,2020,All owners,1801 - 2000 cc,Petrol,Co. Laois,All years,Number,310
Vehicle Population,2020,All owners,1801 - 2000 cc,Petrol,Co. Leitrim,All years,Number,109
Vehicle Population,2020,All owners,1801 - 2000 cc,Petrol,Co. Limerick,All years,Number,929
Vehicle Population,2020,All owners,1801 - 2000 cc,Petrol,Co. Longford,All years,Number,144
Vehicle Population,2020,All owners,1801 - 2000 cc,Petrol,Co. Louth,All years,Number,526
Vehicle Population,2020,All owners,1801 - 2000 cc,Petrol,Co. Mayo,All years,Number,511
Vehicle Population,2020,All owners,1801 - 2000 cc,Petrol,Co. Meath,All years,Number,1115
Vehicle Population,2020,All owners,1801 - 2000 cc,Petrol,Co. Monaghan,All years,Number,176
Vehicle Population,2020,All owners,1801 - 2000 cc,Petrol,Co. Offaly,All years,Number,287
Vehicle Population,2020,All owners,1801 - 2000 cc,Petrol,Co. Roscommon,All years,Number,210
Vehicle Population,2020,All owners,1801 - 2000 cc,Petrol,Co. Sligo,All years,Number,287
Vehicle Population,2020,All owners,1801 - 2000 cc,Petrol,Co. Tipperary,All years,Number,726
Vehicle Population,2020,All owners,1801 - 2000 cc,Petrol,Co. Waterford,All years,Number,650
Vehicle Population,2020,All owners,1801 - 2000 cc,Petrol,Co. Westmeath,All years,Number,328
Vehicle Population,2020,All owners,1801 - 2000 cc,Petrol,Co. Wexford,All years,Number,724
Vehicle Population,2020,All owners,1801 - 2000 cc,Petrol,Co. Wicklow,All years,Number,1364
Vehicle Population,2020,All owners,1801 - 2000 cc,Diesel,Co. Carlow,All years,Number,6869
Vehicle Population,2020,All owners,1801 - 2000 cc,Diesel,Co. Cavan,All years,Number,8646
Vehicle Population,2020,All owners,1801 - 2000 cc,Diesel,Co. Clare,All years,Number,12180
Vehicle Population,2020,All owners,1801 - 2000 cc,Diesel,Co. Cork,All years,Number,50457
Vehicle Population,2020,All owners,1801 - 2000 cc,Diesel,Co. Donegal,All years,Number,16806
Vehicle Population,2020,All owners,1801 - 2000 cc,Diesel,Co. Dublin,All years,Number,88842
Vehicle Population,2020,All owners,1801 - 2000 cc,Diesel,Co. Galway,All years,Number,28377
Vehicle Population,2020,All owners,1801 - 2000 cc,Diesel,Co. Kerry,All years,Number,15247
Vehicle Population,2020,All owners,1801 - 2000 cc,Diesel,Co. Kildare,All years,Number,21812
Vehicle Population,2020,All owners,1801 - 2000 cc,Diesel,Co. Kilkenny,All years,Number,9766
Vehicle Population,2020,All owners,1801 - 2000 cc,Diesel,Co. Laois,All years,Number,8426
Vehicle Population,2020,All owners,1801 - 2000 cc,Diesel,Co. Leitrim,All years,Number,4287
Vehicle Population,2020,All owners,1801 - 2000 cc,Diesel,Co. Limerick,All years,Number,18384
Vehicle Population,2020,All owners,1801 - 2000 cc,Diesel,Co. Longford,All years,Number,4975
Vehicle Population,2020,All owners,1801 - 2000 cc,Diesel,Co. Louth,All years,Number,10960
Vehicle Population,2020,All owners,1801 - 2000 cc,Diesel,Co. Mayo,All years,Number,16289
Vehicle Population,2020,All owners,1801 - 2000 cc,Diesel,Co. Meath,All years,Number,20515
Vehicle Population,2020,All owners,1801 - 2000 cc,Diesel,Co. Monaghan,All years,Number,7381
Vehicle Population,2020,All owners,1801 - 2000 cc,Diesel,Co. Offaly,All years,Number,8318
Vehicle Population,2020,All owners,1801 - 2000 cc,Diesel,Co. Roscommon,All years,Number,7895
Vehicle Population,2020,All owners,1801 - 2000 cc,Diesel,Co. Sligo,All years,Number,7301
Vehicle Population,2020,All owners,1801 - 2000 cc,Diesel,Co. Tipperary,All years,Number,19132
Vehicle Population,2020,All owners,1801 - 2000 cc,Diesel,Co. Waterford,All years,Number,11060
Vehicle Population,2020,All owners,1801 - 2000 cc,Diesel,Co. Westmeath,All years,Number,10494
Vehicle Population,2020,All owners,1801 - 2000 cc,Diesel,Co. Wexford,All years,Number,16557
Vehicle Population,2020,All owners,1801 - 2000 cc,Diesel,Co. Wicklow,All years,Number,13311
Vehicle Population,2020,All owners,1801 - 2000 cc,Other fuel types,Co. Carlow,All years,Number,50
Vehicle Population,2020,All owners,1801 - 2000 cc,Other fuel types,Co. Cavan,All years,Number,47
Vehicle Population,2020,All owners,1801 - 2000 cc,Other fuel types,Co. Clare,All years,Number,106
Vehicle Population,2020,All owners,1801 - 2000 cc,Other fuel types,Co. Cork,All years,Number,874
Vehicle Population,2020,All owners,1801 - 2000 cc,Other fuel types,Co. Donegal,All years,Number,91
Vehicle Population,2020,All owners,1801 - 2000 cc,Other fuel types,Co. Dublin,All years,Number,3963
Vehicle Population,2020,All owners,1801 - 2000 cc,Other fuel types,Co. Galway,All years,Number,404
Vehicle Population,2020,All owners,1801 - 2000 cc,Other fuel types,Co. Kerry,All years,Number,111
Vehicle Population,2020,All owners,1801 - 2000 cc,Other fuel types,Co. Kildare,All years,Number,433
Vehicle Population,2020,All owners,1801 - 2000 cc,Other fuel types,Co. Kilkenny,All years,Number,86
Vehicle Population,2020,All owners,1801 - 2000 cc,Other fuel types,Co. Laois,All years,Number,61
Vehicle Population,2020,All owners,1801 - 2000 cc,Other fuel types,Co. Leitrim,All years,Number,12
Vehicle Population,2020,All owners,1801 - 2000 cc,Other fuel types,Co. Limerick,All years,Number,162
Vehicle Population,2020,All owners,1801 - 2000 cc,Other fuel types,Co. Longford,All years,Number,34
Vehicle Population,2020,All owners,1801 - 2000 cc,Other fuel types,Co. Louth,All years,Number,152
Vehicle Population,2020,All owners,1801 - 2000 cc,Other fuel types,Co. Mayo,All years,Number,73
Vehicle Population,2020,All owners,1801 - 2000 cc,Other fuel types,Co. Meath,All years,Number,321
Vehicle Population,2020,All owners,1801 - 2000 cc,Other fuel types,Co. Monaghan,All years,Number,38
Vehicle Population,2020,All owners,1801 - 2000 cc,Other fuel types,Co. Offaly,All years,Number,42
Vehicle Population,2020,All owners,1801 - 2000 cc,Other fuel types,Co. Roscommon,All years,Number,41
Vehicle Population,2020,All owners,1801 - 2000 cc,Other fuel types,Co. Sligo,All years,Number,42
Vehicle Population,2020,All owners,1801 - 2000 cc,Other fuel types,Co. Tipperary,All years,Number,126
Vehicle Population,2020,All owners,1801 - 2000 cc,Other fuel types,Co. Waterford,All years,Number,121
Vehicle Population,2020,All owners,1801 - 2000 cc,Other fuel types,Co. Westmeath,All years,Number,88
Vehicle Population,2020,All owners,1801 - 2000 cc,Other fuel types,Co. Wexford,All years,Number,135
Vehicle Population,2020,All owners,1801 - 2000 cc,Other fuel types,Co. Wicklow,All years,Number,323
Vehicle Population,2020,All owners,Over 2000 cc,Petrol,Co. Carlow,All years,Number,61
Vehicle Population,2020,All owners,Over 2000 cc,Petrol,Co. Cavan,All years,Number,56
Vehicle Population,2020,All owners,Over 2000 cc,Petrol,Co. Clare,All years,Number,136
Vehicle Population,2020,All owners,Over 2000 cc,Petrol,Co. Cork,All years,Number,924
Vehicle Population,2020,All owners,Over 2000 cc,Petrol,Co. Donegal,All years,Number,120
Vehicle Population,2020,All owners,Over 2000 cc,Petrol,Co. Dublin,All years,Number,4697
Vehicle Population,2020,All owners,Over 2000 cc,Petrol,Co. Galway,All years,Number,359
Vehicle Population,2020,All owners,Over 2000 cc,Petrol,Co. Kerry,All years,Number,183
Vehicle Population,2020,All owners,Over 2000 cc,Petrol,Co. Kildare,All years,Number,425
Vehicle Population,2020,All owners,Over 2000 cc,Petrol,Co. Kilkenny,All years,Number,115
Vehicle Population,2020,All owners,Over 2000 cc,Petrol,Co. Laois,All years,Number,69
Vehicle Population,2020,All owners,Over 2000 cc,Petrol,Co. Leitrim,All years,Number,32
Vehicle Population,2020,All owners,Over 2000 cc,Petrol,Co. Limerick,All years,Number,235
Vehicle Population,2020,All owners,Over 2000 cc,Petrol,Co. Longford,All years,Number,26
Vehicle Population,2020,All owners,Over 2000 cc,Petrol,Co. Louth,All years,Number,156
Vehicle Population,2020,All owners,Over 2000 cc,Petrol,Co. Mayo,All years,Number,122
Vehicle Population,2020,All owners,Over 2000 cc,Petrol,Co. Meath,All years,Number,339
Vehicle Population,2020,All owners,Over 2000 cc,Petrol,Co. Monaghan,All years,Number,46
Vehicle Population,2020,All owners,Over 2000 cc,Petrol,Co. Offaly,All years,Number,67
Vehicle Population,2020,All owners,Over 2000 cc,Petrol,Co. Roscommon,All years,Number,49
Vehicle Population,2020,All owners,Over 2000 cc,Petrol,Co. Sligo,All years,Number,55
Vehicle Population,2020,All owners,Over 2000 cc,Petrol,Co. Tipperary,All years,Number,172
Vehicle Population,2020,All owners,Over 2000 cc,Petrol,Co. Waterford,All years,Number,152
Vehicle Population,2020,All owners,Over 2000 cc,Petrol,Co. Westmeath,All years,Number,89
Vehicle Population,2020,All owners,Over 2000 cc,Petrol,Co. Wexford,All years,Number,179
Vehicle Population,2020,All owners,Over 2000 cc,Petrol,Co. Wicklow,All years,Number,485
Vehicle Population,2020,All owners,Over 2000 cc,Diesel,Co. Carlow,All years,Number,1433
Vehicle Population,2020,All owners,Over 2000 cc,Diesel,Co. Cavan,All years,Number,1598
Vehicle Population,2020,All owners,Over 2000 cc,Diesel,Co. Clare,All years,Number,2520
Vehicle Population,2020,All owners,Over 2000 cc,Diesel,Co. Cork,All years,Number,10942
Vehicle Population,2020,All owners,Over 2000 cc,Diesel,Co. Donegal,All years,Number,2500
Vehicle Population,2020,All owners,Over 2000 cc,Diesel,Co. Dublin,All years,Number,28127
Vehicle Population,2020,All owners,Over 2000 cc,Diesel,Co. Galway,All years,Number,5373
Vehicle Population,2020,All owners,Over 2000 cc,Diesel,Co. Kerry,All years,Number,3039
Vehicle Population,2020,All owners,Over 2000 cc,Diesel,Co. Kildare,All years,Number,6090
Vehicle Population,2020,All owners,Over 2000 cc,Diesel,Co. Kilkenny,All years,Number,2363
Vehicle Population,2020,All owners,Over 2000 cc,Diesel,Co. Laois,All years,Number,1900
Vehicle Population,2020,All owners,Over 2000 cc,Diesel,Co. Leitrim,All years,Number,566
Vehicle Population,2020,All owners,Over 2000 cc,Diesel,Co. Limerick,All years,Number,4072
Vehicle Population,2020,All owners,Over 2000 cc,Diesel,Co. Longford,All years,Number,810
Vehicle Population,2020,All owners,Over 2000 cc,Diesel,Co. Louth,All years,Number,2537
Vehicle Population,2020,All owners,Over 2000 cc,Diesel,Co. Mayo,All years,Number,2657
Vehicle Population,2020,All owners,Over 2000 cc,Diesel,Co. Meath,All years,Number,5645
Vehicle Population,2020,All owners,Over 2000 cc,Diesel,Co. Monaghan,All years,Number,1339
Vehicle Population,2020,All owners,Over 2000 cc,Diesel,Co. Offaly,All years,Number,1631
Vehicle Population,2020,All owners,Over 2000 cc,Diesel,Co. Roscommon,All years,Number,1261
Vehicle Population,2020,All owners,Over 2000 cc,Diesel,Co. Sligo,All years,Number,1137
Vehicle Population,2020,All owners,Over 2000 cc,Diesel,Co. Tipperary,All years,Number,3868
Vehicle Population,2020,All owners,Over 2000 cc,Diesel,Co. Waterford,All years,Number,2689
Vehicle Population,2020,All owners,Over 2000 cc,Diesel,Co. Westmeath,All years,Number,1915
Vehicle Population,2020,All owners,Over 2000 cc,Diesel,Co. Wexford,All years,Number,3994
Vehicle Population,2020,All owners,Over 2000 cc,Diesel,Co. Wicklow,All years,Number,4031
Vehicle Population,2020,All owners,Over 2000 cc,Other fuel types,Co. Carlow,All years,Number,96
Vehicle Population,2020,All owners,Over 2000 cc,Other fuel types,Co. Cavan,All years,Number,142
Vehicle Population,2020,All owners,Over 2000 cc,Other fuel types,Co. Clare,All years,Number,211
Vehicle Population,2020,All owners,Over 2000 cc,Other fuel types,Co. Cork,All years,Number,1455
Vehicle Population,2020,All owners,Over 2000 cc,Other fuel types,Co. Donegal,All years,Number,222
Vehicle Population,2020,All owners,Over 2000 cc,Other fuel types,Co. Dublin,All years,Number,6208
Vehicle Population,2020,All owners,Over 2000 cc,Other fuel types,Co. Galway,All years,Number,782
Vehicle Population,2020,All owners,Over 2000 cc,Other fuel types,Co. Kerry,All years,Number,278
Vehicle Population,2020,All owners,Over 2000 cc,Other fuel types,Co. Kildare,All years,Number,603
Vehicle Population,2020,All owners,Over 2000 cc,Other fuel types,Co. Kilkenny,All years,Number,148
Vehicle Population,2020,All owners,Over 2000 cc,Other fuel types,Co. Laois,All years,Number,111
Vehicle Population,2020,All owners,Over 2000 cc,Other fuel types,Co. Leitrim,All years,Number,34
Vehicle Population,2020,All owners,Over 2000 cc,Other fuel types,Co. Limerick,All years,Number,320
Vehicle Population,2020,All owners,Over 2000 cc,Other fuel types,Co. Longford,All years,Number,80
Vehicle Population,2020,All owners,Over 2000 cc,Other fuel types,Co. Louth,All years,Number,236
Vehicle Population,2020,All owners,Over 2000 cc,Other fuel types,Co. Mayo,All years,Number,238
Vehicle Population,2020,All owners,Over 2000 cc,Other fuel types,Co. Meath,All years,Number,592
Vehicle Population,2020,All owners,Over 2000 cc,Other fuel types,Co. Monaghan,All years,Number,78
Vehicle Population,2020,All owners,Over 2000 cc,Other fuel types,Co. Offaly,All years,Number,147
Vehicle Population,2020,All owners,Over 2000 cc,Other fuel types,Co. Roscommon,All years,Number,121
Vehicle Population,2020,All owners,Over 2000 cc,Other fuel types,Co. Sligo,All years,Number,82
Vehicle Population,2020,All owners,Over 2000 cc,Other fuel types,Co. Tipperary,All years,Number,279
Vehicle Population,2020,All owners,Over 2000 cc,Other fuel types,Co. Waterford,All years,Number,202
Vehicle Population,2020,All owners,Over 2000 cc,Other fuel types,Co. Westmeath,All years,Number,183
Vehicle Population,2020,All owners,Over 2000 cc,Other fuel types,Co. Wexford,All years,Number,232
Vehicle Population,2020,All owners,Over 2000 cc,Other fuel types,Co. Wicklow,All years,Number,479
Vehicle Population,2021,All owners,Up to 1000 cc,Petrol,Co. Carlow,All years,Number,1948
Vehicle Population,2021,All owners,Up to 1000 cc,Petrol,Co. Cavan,All years,Number,2205
Vehicle Population,2021,All owners,Up to 1000 cc,Petrol,Co. Clare,All years,Number,4453
Vehicle Population,2021,All owners,Up to 1000 cc,Petrol,Co. Cork,All years,Number,26026
Vehicle Population,2021,All owners,Up to 1000 cc,Petrol,Co. Donegal,All years,Number,4449
Vehicle Population,2021,All owners,Up to 1000 cc,Petrol,Co. Dublin,All years,Number,57931
Vehicle Population,2021,All owners,Up to 1000 cc,Petrol,Co. Galway,All years,Number,8028
Vehicle Population,2021,All owners,Up to 1000 cc,Petrol,Co. Kerry,All years,Number,5363
Vehicle Population,2021,All owners,Up to 1000 cc,Petrol,Co. Kildare,All years,Number,9383
Vehicle Population,2021,All owners,Up to 1000 cc,Petrol,Co. Kilkenny,All years,Number,3456
Vehicle Population,2021,All owners,Up to 1000 cc,Petrol,Co. Laois,All years,Number,2378
Vehicle Population,2021,All owners,Up to 1000 cc,Petrol,Co. Leitrim,All years,Number,945
Vehicle Population,2021,All owners,Up to 1000 cc,Petrol,Co. Limerick,All years,Number,7933
Vehicle Population,2021,All owners,Up to 1000 cc,Petrol,Co. Longford,All years,Number,1165
Vehicle Population,2021,All owners,Up to 1000 cc,Petrol,Co. Louth,All years,Number,5381
Vehicle Population,2021,All owners,Up to 1000 cc,Petrol,Co. Mayo,All years,Number,4085
Vehicle Population,2021,All owners,Up to 1000 cc,Petrol,Co. Meath,All years,Number,6809
Vehicle Population,2021,All owners,Up to 1000 cc,Petrol,Co. Monaghan,All years,Number,1469
Vehicle Population,2021,All owners,Up to 1000 cc,Petrol,Co. Offaly,All years,Number,2349
Vehicle Population,2021,All owners,Up to 1000 cc,Petrol,Co. Roscommon,All years,Number,2636
Vehicle Population,2021,All owners,Up to 1000 cc,Petrol,Co. Sligo,All years,Number,2304
Vehicle Population,2021,All owners,Up to 1000 cc,Petrol,Co. Tipperary,All years,Number,5519
Vehicle Population,2021,All owners,Up to 1000 cc,Petrol,Co. Waterford,All years,Number,5876
Vehicle Population,2021,All owners,Up to 1000 cc,Petrol,Co. Westmeath,All years,Number,2691
Vehicle Population,2021,All owners,Up to 1000 cc,Petrol,Co. Wexford,All years,Number,5733
Vehicle Population,2021,All owners,Up to 1000 cc,Petrol,Co. Wicklow,All years,Number,6095
Vehicle Population,2021,All owners,Up to 1000 cc,Diesel,Co. Carlow,All years,Number,1
Vehicle Population,2021,All owners,Up to 1000 cc,Diesel,Co. Cavan,All years,Number,3
Vehicle Population,2021,All owners,Up to 1000 cc,Diesel,Co. Clare,All years,Number,4
Vehicle Population,2021,All owners,Up to 1000 cc,Diesel,Co. Cork,All years,Number,22
Vehicle Population,2021,All owners,Up to 1000 cc,Diesel,Co. Donegal,All years,Number,4
Vehicle Population,2021,All owners,Up to 1000 cc,Diesel,Co. Dublin,All years,Number,98
Vehicle Population,2021,All owners,Up to 1000 cc,Diesel,Co. Galway,All years,Number,14
Vehicle Population,2021,All owners,Up to 1000 cc,Diesel,Co. Kerry,All years,Number,6
Vehicle Population,2021,All owners,Up to 1000 cc,Diesel,Co. Kildare,All years,Number,6
Vehicle Population,2021,All owners,Up to 1000 cc,Diesel,Co. Kilkenny,All years,Number,1
Vehicle Population,2021,All owners,Up to 1000 cc,Diesel,Co. Laois,All years,Number,0
Vehicle Population,2021,All owners,Up to 1000 cc,Diesel,Co. Leitrim,All years,Number,0
Vehicle Population,2021,All owners,Up to 1000 cc,Diesel,Co. Limerick,All years,Number,3
Vehicle Population,2021,All owners,Up to 1000 cc,Diesel,Co. Longford,All years,Number,1
Vehicle Population,2021,All owners,Up to 1000 cc,Diesel,Co. Louth,All years,Number,7
Vehicle Population,2021,All owners,Up to 1000 cc,Diesel,Co. Mayo,All years,Number,3
Vehicle Population,2021,All owners,Up to 1000 cc,Diesel,Co. Meath,All years,Number,5
Vehicle Population,2021,All owners,Up to 1000 cc,Diesel,Co. Monaghan,All years,Number,5
Vehicle Population,2021,All owners,Up to 1000 cc,Diesel,Co. Offaly,All years,Number,1
Vehicle Population,2021,All owners,Up to 1000 cc,Diesel,Co. Roscommon,All years,Number,2
Vehicle Population,2021,All owners,Up to 1000 cc,Diesel,Co. Sligo,All years,Number,0
Vehicle Population,2021,All owners,Up to 1000 cc,Diesel,Co. Tipperary,All years,Number,6
Vehicle Population,2021,All owners,Up to 1000 cc,Diesel,Co. Waterford,All years,Number,6
Vehicle Population,2021,All owners,Up to 1000 cc,Diesel,Co. Westmeath,All years,Number,8
Vehicle Population,2021,All owners,Up to 1000 cc,Diesel,Co. Wexford,All years,Number,9
Vehicle Population,2021,All owners,Up to 1000 cc,Diesel,Co. Wicklow,All years,Number,6
Vehicle Population,2021,All owners,Up to 1000 cc,Other fuel types,Co. Carlow,All years,Number,182
Vehicle Population,2021,All owners,Up to 1000 cc,Other fuel types,Co. Cavan,All years,Number,167
Vehicle Population,2021,All owners,Up to 1000 cc,Other fuel types,Co. Clare,All years,Number,440
Vehicle Population,2021,All owners,Up to 1000 cc,Other fuel types,Co. Cork,All years,Number,2315
Vehicle Population,2021,All owners,Up to 1000 cc,Other fuel types,Co. Donegal,All years,Number,247
Vehicle Population,2021,All owners,Up to 1000 cc,Other fuel types,Co. Dublin,All years,Number,8026
Vehicle Population,2021,All owners,Up to 1000 cc,Other fuel types,Co. Galway,All years,Number,835
Vehicle Population,2021,All owners,Up to 1000 cc,Other fuel types,Co. Kerry,All years,Number,358
Vehicle Population,2021,All owners,Up to 1000 cc,Other fuel types,Co. Kildare,All years,Number,1158
Vehicle Population,2021,All owners,Up to 1000 cc,Other fuel types,Co. Kilkenny,All years,Number,269
Vehicle Population,2021,All owners,Up to 1000 cc,Other fuel types,Co. Laois,All years,Number,213
Vehicle Population,2021,All owners,Up to 1000 cc,Other fuel types,Co. Leitrim,All years,Number,58
Vehicle Population,2021,All owners,Up to 1000 cc,Other fuel types,Co. Limerick,All years,Number,544
Vehicle Population,2021,All owners,Up to 1000 cc,Other fuel types,Co. Longford,All years,Number,96
Vehicle Population,2021,All owners,Up to 1000 cc,Other fuel types,Co. Louth,All years,Number,460
Vehicle Population,2021,All owners,Up to 1000 cc,Other fuel types,Co. Mayo,All years,Number,250
Vehicle Population,2021,All owners,Up to 1000 cc,Other fuel types,Co. Meath,All years,Number,870
Vehicle Population,2021,All owners,Up to 1000 cc,Other fuel types,Co. Monaghan,All years,Number,117
Vehicle Population,2021,All owners,Up to 1000 cc,Other fuel types,Co. Offaly,All years,Number,164
Vehicle Population,2021,All owners,Up to 1000 cc,Other fuel types,Co. Roscommon,All years,Number,128
Vehicle Population,2021,All owners,Up to 1000 cc,Other fuel types,Co. Sligo,All years,Number,177
Vehicle Population,2021,All owners,Up to 1000 cc,Other fuel types,Co. Tipperary,All years,Number,394
Vehicle Population,2021,All owners,Up to 1000 cc,Other fuel types,Co. Waterford,All years,Number,357
Vehicle Population,2021,All owners,Up to 1000 cc,Other fuel types,Co. Westmeath,All years,Number,318
Vehicle Population,2021,All owners,Up to 1000 cc,Other fuel types,Co. Wexford,All years,Number,554
Vehicle Population,2021,All owners,Up to 1000 cc,Other fuel types,Co. Wicklow,All years,Number,915
Vehicle Population,2021,All owners,1001 - 1200 cc,Petrol,Co. Carlow,All years,Number,1448
Vehicle Population,2021,All owners,1001 - 1200 cc,Petrol,Co. Cavan,All years,Number,1347
Vehicle Population,2021,All owners,1001 - 1200 cc,Petrol,Co. Clare,All years,Number,3227
Vehicle Population,2021,All owners,1001 - 1200 cc,Petrol,Co. Cork,All years,Number,17183
Vehicle Population,2021,All owners,1001 - 1200 cc,Petrol,Co. Donegal,All years,Number,2794
Vehicle Population,2021,All owners,1001 - 1200 cc,Petrol,Co. Dublin,All years,Number,48146
Vehicle Population,2021,All owners,1001 - 1200 cc,Petrol,Co. Galway,All years,Number,5851
Vehicle Population,2021,All owners,1001 - 1200 cc,Petrol,Co. Kerry,All years,Number,4096
Vehicle Population,2021,All owners,1001 - 1200 cc,Petrol,Co. Kildare,All years,Number,7457
Vehicle Population,2021,All owners,1001 - 1200 cc,Petrol,Co. Kilkenny,All years,Number,2598
Vehicle Population,2021,All owners,1001 - 1200 cc,Petrol,Co. Laois,All years,Number,1631
Vehicle Population,2021,All owners,1001 - 1200 cc,Petrol,Co. Leitrim,All years,Number,649
Vehicle Population,2021,All owners,1001 - 1200 cc,Petrol,Co. Limerick,All years,Number,5441
Vehicle Population,2021,All owners,1001 - 1200 cc,Petrol,Co. Longford,All years,Number,665
Vehicle Population,2021,All owners,1001 - 1200 cc,Petrol,Co. Louth,All years,Number,3915
Vehicle Population,2021,All owners,1001 - 1200 cc,Petrol,Co. Mayo,All years,Number,2353
Vehicle Population,2021,All owners,1001 - 1200 cc,Petrol,Co. Meath,All years,Number,5711
Vehicle Population,2021,All owners,1001 - 1200 cc,Petrol,Co. Monaghan,All years,Number,1037
Vehicle Population,2021,All owners,1001 - 1200 cc,Petrol,Co. Offaly,All years,Number,1632
Vehicle Population,2021,All owners,1001 - 1200 cc,Petrol,Co. Roscommon,All years,Number,1395
Vehicle Population,2021,All owners,1001 - 1200 cc,Petrol,Co. Sligo,All years,Number,1570
Vehicle Population,2021,All owners,1001 - 1200 cc,Petrol,Co. Tipperary,All years,Number,4046
Vehicle Population,2021,All owners,1001 - 1200 cc,Petrol,Co. Waterford,All years,Number,4357
Vehicle Population,2021,All owners,1001 - 1200 cc,Petrol,Co. Westmeath,All years,Number,2025
Vehicle Population,2021,All owners,1001 - 1200 cc,Petrol,Co. Wexford,All years,Number,4303
Vehicle Population,2021,All owners,1001 - 1200 cc,Petrol,Co. Wicklow,All years,Number,5457
Vehicle Population,2021,All owners,1001 - 1200 cc,Diesel,Co. Carlow,All years,Number,81
Vehicle Population,2021,All owners,1001 - 1200 cc,Diesel,Co. Cavan,All years,Number,92
Vehicle Population,2021,All owners,1001 - 1200 cc,Diesel,Co. Clare,All years,Number,148
Vehicle Population,2021,All owners,1001 - 1200 cc,Diesel,Co. Cork,All years,Number,576
Vehicle Population,2021,All owners,1001 - 1200 cc,Diesel,Co. Donegal,All years,Number,182
Vehicle Population,2021,All owners,1001 - 1200 cc,Diesel,Co. Dublin,All years,Number,675
Vehicle Population,2021,All owners,1001 - 1200 cc,Diesel,Co. Galway,All years,Number,207
Vehicle Population,2021,All owners,1001 - 1200 cc,Diesel,Co. Kerry,All years,Number,112
Vehicle Population,2021,All owners,1001 - 1200 cc,Diesel,Co. Kildare,All years,Number,267
Vehicle Population,2021,All owners,1001 - 1200 cc,Diesel,Co. Kilkenny,All years,Number,160
Vehicle Population,2021,All owners,1001 - 1200 cc,Diesel,Co. Laois,All years,Number,115
Vehicle Population,2021,All owners,1001 - 1200 cc,Diesel,Co. Leitrim,All years,Number,37
Vehicle Population,2021,All owners,1001 - 1200 cc,Diesel,Co. Limerick,All years,Number,169
Vehicle Population,2021,All owners,1001 - 1200 cc,Diesel,Co. Longford,All years,Number,64
Vehicle Population,2021,All owners,1001 - 1200 cc,Diesel,Co. Louth,All years,Number,205
Vehicle Population,2021,All owners,1001 - 1200 cc,Diesel,Co. Mayo,All years,Number,116
Vehicle Population,2021,All owners,1001 - 1200 cc,Diesel,Co. Meath,All years,Number,224
Vehicle Population,2021,All owners,1001 - 1200 cc,Diesel,Co. Monaghan,All years,Number,98
Vehicle Population,2021,All owners,1001 - 1200 cc,Diesel,Co. Offaly,All years,Number,105
Vehicle Population,2021,All owners,1001 - 1200 cc,Diesel,Co. Roscommon,All years,Number,73
Vehicle Population,2021,All owners,1001 - 1200 cc,Diesel,Co. Sligo,All years,Number,64
Vehicle Population,2021,All owners,1001 - 1200 cc,Diesel,Co. Tipperary,All years,Number,185
Vehicle Population,2021,All owners,1001 - 1200 cc,Diesel,Co. Waterford,All years,Number,120
Vehicle Population,2021,All owners,1001 - 1200 cc,Diesel,Co. Westmeath,All years,Number,151
Vehicle Population,2021,All owners,1001 - 1200 cc,Diesel,Co. Wexford,All years,Number,191
Vehicle Population,2021,All owners,1001 - 1200 cc,Diesel,Co. Wicklow,All years,Number,174
Vehicle Population,2021,All owners,1001 - 1200 cc,Other fuel types,Co. Carlow,All years,Number,77
Vehicle Population,2021,All owners,1001 - 1200 cc,Other fuel types,Co. Cavan,All years,Number,70
Vehicle Population,2021,All owners,1001 - 1200 cc,Other fuel types,Co. Clare,All years,Number,150
Vehicle Population,2021,All owners,1001 - 1200 cc,Other fuel types,Co. Cork,All years,Number,823
Vehicle Population,2021,All owners,1001 - 1200 cc,Other fuel types,Co. Donegal,All years,Number,132
Vehicle Population,2021,All owners,1001 - 1200 cc,Other fuel types,Co. Dublin,All years,Number,1516
Vehicle Population,2021,All owners,1001 - 1200 cc,Other fuel types,Co. Galway,All years,Number,209
Vehicle Population,2021,All owners,1001 - 1200 cc,Other fuel types,Co. Kerry,All years,Number,216
Vehicle Population,2021,All owners,1001 - 1200 cc,Other fuel types,Co. Kildare,All years,Number,381
Vehicle Population,2021,All owners,1001 - 1200 cc,Other fuel types,Co. Kilkenny,All years,Number,95
Vehicle Population,2021,All owners,1001 - 1200 cc,Other fuel types,Co. Laois,All years,Number,79
Vehicle Population,2021,All owners,1001 - 1200 cc,Other fuel types,Co. Leitrim,All years,Number,25
Vehicle Population,2021,All owners,1001 - 1200 cc,Other fuel types,Co. Limerick,All years,Number,220
Vehicle Population,2021,All owners,1001 - 1200 cc,Other fuel types,Co. Longford,All years,Number,28
Vehicle Population,2021,All owners,1001 - 1200 cc,Other fuel types,Co. Louth,All years,Number,160
Vehicle Population,2021,All owners,1001 - 1200 cc,Other fuel types,Co. Mayo,All years,Number,50
Vehicle Population,2021,All owners,1001 - 1200 cc,Other fuel types,Co. Meath,All years,Number,339
Vehicle Population,2021,All owners,1001 - 1200 cc,Other fuel types,Co. Monaghan,All years,Number,37
Vehicle Population,2021,All owners,1001 - 1200 cc,Other fuel types,Co. Offaly,All years,Number,67
Vehicle Population,2021,All owners,1001 - 1200 cc,Other fuel types,Co. Roscommon,All years,Number,54
Vehicle Population,2021,All owners,1001 - 1200 cc,Other fuel types,Co. Sligo,All years,Number,51
Vehicle Population,2021,All owners,1001 - 1200 cc,Other fuel types,Co. Tipperary,All years,Number,163
Vehicle Population,2021,All owners,1001 - 1200 cc,Other fuel types,Co. Waterford,All years,Number,178
Vehicle Population,2021,All owners,1001 - 1200 cc,Other fuel types,Co. Westmeath,All years,Number,122
Vehicle Population,2021,All owners,1001 - 1200 cc,Other fuel types,Co. Wexford,All years,Number,252
Vehicle Population,2021,All owners,1001 - 1200 cc,Other fuel types,Co. Wicklow,All years,Number,164
Vehicle Population,2021,All owners,1201 - 1400 cc,Petrol,Co. Carlow,All years,Number,3599
Vehicle Population,2021,All owners,1201 - 1400 cc,Petrol,Co. Cavan,All years,Number,3448
Vehicle Population,2021,All owners,1201 - 1400 cc,Petrol,Co. Clare,All years,Number,8116
Vehicle Population,2021,All owners,1201 - 1400 cc,Petrol,Co. Cork,All years,Number,42751
Vehicle Population,2021,All owners,1201 - 1400 cc,Petrol,Co. Donegal,All years,Number,8646
Vehicle Population,2021,All owners,1201 - 1400 cc,Petrol,Co. Dublin,All years,Number,93662
Vehicle Population,2021,All owners,1201 - 1400 cc,Petrol,Co. Galway,All years,Number,16130
Vehicle Population,2021,All owners,1201 - 1400 cc,Petrol,Co. Kerry,All years,Number,11062
Vehicle Population,2021,All owners,1201 - 1400 cc,Petrol,Co. Kildare,All years,Number,14619
Vehicle Population,2021,All owners,1201 - 1400 cc,Petrol,Co. Kilkenny,All years,Number,5890
Vehicle Population,2021,All owners,1201 - 1400 cc,Petrol,Co. Laois,All years,Number,4011
Vehicle Population,2021,All owners,1201 - 1400 cc,Petrol,Co. Leitrim,All years,Number,1857
Vehicle Population,2021,All owners,1201 - 1400 cc,Petrol,Co. Limerick,All years,Number,13661
Vehicle Population,2021,All owners,1201 - 1400 cc,Petrol,Co. Longford,All years,Number,1881
Vehicle Population,2021,All owners,1201 - 1400 cc,Petrol,Co. Louth,All years,Number,6435
Vehicle Population,2021,All owners,1201 - 1400 cc,Petrol,Co. Mayo,All years,Number,8191
Vehicle Population,2021,All owners,1201 - 1400 cc,Petrol,Co. Meath,All years,Number,11160
Vehicle Population,2021,All owners,1201 - 1400 cc,Petrol,Co. Monaghan,All years,Number,2908
Vehicle Population,2021,All owners,1201 - 1400 cc,Petrol,Co. Offaly,All years,Number,3871
Vehicle Population,2021,All owners,1201 - 1400 cc,Petrol,Co. Roscommon,All years,Number,3990
Vehicle Population,2021,All owners,1201 - 1400 cc,Petrol,Co. Sligo,All years,Number,4233
Vehicle Population,2021,All owners,1201 - 1400 cc,Petrol,Co. Tipperary,All years,Number,10249
Vehicle Population,2021,All owners,1201 - 1400 cc,Petrol,Co. Waterford,All years,Number,9087
Vehicle Population,2021,All owners,1201 - 1400 cc,Petrol,Co. Westmeath,All years,Number,4671
Vehicle Population,2021,All owners,1201 - 1400 cc,Petrol,Co. Wexford,All years,Number,9517
Vehicle Population,2021,All owners,1201 - 1400 cc,Petrol,Co. Wicklow,All years,Number,10721
Vehicle Population,2021,All owners,1201 - 1400 cc,Diesel,Co. Carlow,All years,Number,1269
Vehicle Population,2021,All owners,1201 - 1400 cc,Diesel,Co. Cavan,All years,Number,1810
Vehicle Population,2021,All owners,1201 - 1400 cc,Diesel,Co. Clare,All years,Number,2469
Vehicle Population,2021,All owners,1201 - 1400 cc,Diesel,Co. Cork,All years,Number,10560
Vehicle Population,2021,All owners,1201 - 1400 cc,Diesel,Co. Donegal,All years,Number,4260
Vehicle Population,2021,All owners,1201 - 1400 cc,Diesel,Co. Dublin,All years,Number,8657
Vehicle Population,2021,All owners,1201 - 1400 cc,Diesel,Co. Galway,All years,Number,4786
Vehicle Population,2021,All owners,1201 - 1400 cc,Diesel,Co. Kerry,All years,Number,3260
Vehicle Population,2021,All owners,1201 - 1400 cc,Diesel,Co. Kildare,All years,Number,3199
Vehicle Population,2021,All owners,1201 - 1400 cc,Diesel,Co. Kilkenny,All years,Number,2120
Vehicle Population,2021,All owners,1201 - 1400 cc,Diesel,Co. Laois,All years,Number,1429
Vehicle Population,2021,All owners,1201 - 1400 cc,Diesel,Co. Leitrim,All years,Number,706
Vehicle Population,2021,All owners,1201 - 1400 cc,Diesel,Co. Limerick,All years,Number,3956
Vehicle Population,2021,All owners,1201 - 1400 cc,Diesel,Co. Longford,All years,Number,858
Vehicle Population,2021,All owners,1201 - 1400 cc,Diesel,Co. Louth,All years,Number,2036
Vehicle Population,2021,All owners,1201 - 1400 cc,Diesel,Co. Mayo,All years,Number,3135
Vehicle Population,2021,All owners,1201 - 1400 cc,Diesel,Co. Meath,All years,Number,3313
Vehicle Population,2021,All owners,1201 - 1400 cc,Diesel,Co. Monaghan,All years,Number,1288
Vehicle Population,2021,All owners,1201 - 1400 cc,Diesel,Co. Offaly,All years,Number,1884
Vehicle Population,2021,All owners,1201 - 1400 cc,Diesel,Co. Roscommon,All years,Number,1591
Vehicle Population,2021,All owners,1201 - 1400 cc,Diesel,Co. Sligo,All years,Number,1314
Vehicle Population,2021,All owners,1201 - 1400 cc,Diesel,Co. Tipperary,All years,Number,3953
Vehicle Population,2021,All owners,1201 - 1400 cc,Diesel,Co. Waterford,All years,Number,2004
Vehicle Population,2021,All owners,1201 - 1400 cc,Diesel,Co. Westmeath,All years,Number,1985
Vehicle Population,2021,All owners,1201 - 1400 cc,Diesel,Co. Wexford,All years,Number,3187
Vehicle Population,2021,All owners,1201 - 1400 cc,Diesel,Co. Wicklow,All years,Number,2142
Vehicle Population,2021,All owners,1201 - 1400 cc,Other fuel types,Co. Carlow,All years,Number,42
Vehicle Population,2021,All owners,1201 - 1400 cc,Other fuel types,Co. Cavan,All years,Number,54
Vehicle Population,2021,All owners,1201 - 1400 cc,Other fuel types,Co. Clare,All years,Number,76
Vehicle Population,2021,All owners,1201 - 1400 cc,Other fuel types,Co. Cork,All years,Number,405
Vehicle Population,2021,All owners,1201 - 1400 cc,Other fuel types,Co. Donegal,All years,Number,41
Vehicle Population,2021,All owners,1201 - 1400 cc,Other fuel types,Co. Dublin,All years,Number,3160
Vehicle Population,2021,All owners,1201 - 1400 cc,Other fuel types,Co. Galway,All years,Number,227
Vehicle Population,2021,All owners,1201 - 1400 cc,Other fuel types,Co. Kerry,All years,Number,73
Vehicle Population,2021,All owners,1201 - 1400 cc,Other fuel types,Co. Kildare,All years,Number,333
Vehicle Population,2021,All owners,1201 - 1400 cc,Other fuel types,Co. Kilkenny,All years,Number,61
Vehicle Population,2021,All owners,1201 - 1400 cc,Other fuel types,Co. Laois,All years,Number,66
Vehicle Population,2021,All owners,1201 - 1400 cc,Other fuel types,Co. Leitrim,All years,Number,14
Vehicle Population,2021,All owners,1201 - 1400 cc,Other fuel types,Co. Limerick,All years,Number,160
Vehicle Population,2021,All owners,1201 - 1400 cc,Other fuel types,Co. Longford,All years,Number,28
Vehicle Population,2021,All owners,1201 - 1400 cc,Other fuel types,Co. Louth,All years,Number,125
Vehicle Population,2021,All owners,1201 - 1400 cc,Other fuel types,Co. Mayo,All years,Number,79
Vehicle Population,2021,All owners,1201 - 1400 cc,Other fuel types,Co. Meath,All years,Number,251
Vehicle Population,2021,All owners,1201 - 1400 cc,Other fuel types,Co. Monaghan,All years,Number,23
Vehicle Population,2021,All owners,1201 - 1400 cc,Other fuel types,Co. Offaly,All years,Number,49
Vehicle Population,2021,All owners,1201 - 1400 cc,Other fuel types,Co. Roscommon,All years,Number,31
Vehicle Population,2021,All owners,1201 - 1400 cc,Other fuel types,Co. Sligo,All years,Number,38
Vehicle Population,2021,All owners,1201 - 1400 cc,Other fuel types,Co. Tipperary,All years,Number,139
Vehicle Population,2021,All owners,1201 - 1400 cc,Other fuel types,Co. Waterford,All years,Number,90
Vehicle Population,2021,All owners,1201 - 1400 cc,Other fuel types,Co. Westmeath,All years,Number,51
Vehicle Population,2021,All owners,1201 - 1400 cc,Other fuel types,Co. Wexford,All years,Number,116
Vehicle Population,2021,All owners,1201 - 1400 cc,Other fuel types,Co. Wicklow,All years,Number,205
Vehicle Population,2021,All owners,1401 - 1600 cc,Petrol,Co. Carlow,All years,Number,1341
Vehicle Population,2021,All owners,1401 - 1600 cc,Petrol,Co. Cavan,All years,Number,1306
Vehicle Population,2021,All owners,1401 - 1600 cc,Petrol,Co. Clare,All years,Number,3274
Vehicle Population,2021,All owners,1401 - 1600 cc,Petrol,Co. Cork,All years,Number,15178
Vehicle Population,2021,All owners,1401 - 1600 cc,Petrol,Co. Donegal,All years,Number,2748
Vehicle Population,2021,All owners,1401 - 1600 cc,Petrol,Co. Dublin,All years,Number,43050
Vehicle Population,2021,All owners,1401 - 1600 cc,Petrol,Co. Galway,All years,Number,6201
Vehicle Population,2021,All owners,1401 - 1600 cc,Petrol,Co. Kerry,All years,Number,4505
Vehicle Population,2021,All owners,1401 - 1600 cc,Petrol,Co. Kildare,All years,Number,5875
Vehicle Population,2021,All owners,1401 - 1600 cc,Petrol,Co. Kilkenny,All years,Number,2026
Vehicle Population,2021,All owners,1401 - 1600 cc,Petrol,Co. Laois,All years,Number,1539
Vehicle Population,2021,All owners,1401 - 1600 cc,Petrol,Co. Leitrim,All years,Number,579
Vehicle Population,2021,All owners,1401 - 1600 cc,Petrol,Co. Limerick,All years,Number,5057
Vehicle Population,2021,All owners,1401 - 1600 cc,Petrol,Co. Longford,All years,Number,715
Vehicle Population,2021,All owners,1401 - 1600 cc,Petrol,Co. Louth,All years,Number,2348
Vehicle Population,2021,All owners,1401 - 1600 cc,Petrol,Co. Mayo,All years,Number,2717
Vehicle Population,2021,All owners,1401 - 1600 cc,Petrol,Co. Meath,All years,Number,4584
Vehicle Population,2021,All owners,1401 - 1600 cc,Petrol,Co. Monaghan,All years,Number,832
Vehicle Population,2021,All owners,1401 - 1600 cc,Petrol,Co. Offaly,All years,Number,1469
Vehicle Population,2021,All owners,1401 - 1600 cc,Petrol,Co. Roscommon,All years,Number,1189
Vehicle Population,2021,All owners,1401 - 1600 cc,Petrol,Co. Sligo,All years,Number,1457
Vehicle Population,2021,All owners,1401 - 1600 cc,Petrol,Co. Tipperary,All years,Number,3895
Vehicle Population,2021,All owners,1401 - 1600 cc,Petrol,Co. Waterford,All years,Number,3415
Vehicle Population,2021,All owners,1401 - 1600 cc,Petrol,Co. Westmeath,All years,Number,1662
Vehicle Population,2021,All owners,1401 - 1600 cc,Petrol,Co. Wexford,All years,Number,3485
Vehicle Population,2021,All owners,1401 - 1600 cc,Petrol,Co. Wicklow,All years,Number,4423
Vehicle Population,2021,All owners,1401 - 1600 cc,Diesel,Co. Carlow,All years,Number,9104
Vehicle Population,2021,All owners,1401 - 1600 cc,Diesel,Co. Cavan,All years,Number,10862
Vehicle Population,2021,All owners,1401 - 1600 cc,Diesel,Co. Clare,All years,Number,17973
Vehicle Population,2021,All owners,1401 - 1600 cc,Diesel,Co. Cork,All years,Number,66930
Vehicle Population,2021,All owners,1401 - 1600 cc,Diesel,Co. Donegal,All years,Number,20023
Vehicle Population,2021,All owners,1401 - 1600 cc,Diesel,Co. Dublin,All years,Number,99893
Vehicle Population,2021,All owners,1401 - 1600 cc,Diesel,Co. Galway,All years,Number,31831
Vehicle Population,2021,All owners,1401 - 1600 cc,Diesel,Co. Kerry,All years,Number,20920
Vehicle Population,2021,All owners,1401 - 1600 cc,Diesel,Co. Kildare,All years,Number,28682
Vehicle Population,2021,All owners,1401 - 1600 cc,Diesel,Co. Kilkenny,All years,Number,13990
Vehicle Population,2021,All owners,1401 - 1600 cc,Diesel,Co. Laois,All years,Number,12155
Vehicle Population,2021,All owners,1401 - 1600 cc,Diesel,Co. Leitrim,All years,Number,4658
Vehicle Population,2021,All owners,1401 - 1600 cc,Diesel,Co. Limerick,All years,Number,25072
Vehicle Population,2021,All owners,1401 - 1600 cc,Diesel,Co. Longford,All years,Number,5298
Vehicle Population,2021,All owners,1401 - 1600 cc,Diesel,Co. Louth,All years,Number,15582
Vehicle Population,2021,All owners,1401 - 1600 cc,Diesel,Co. Mayo,All years,Number,18256
Vehicle Population,2021,All owners,1401 - 1600 cc,Diesel,Co. Meath,All years,Number,26886
Vehicle Population,2021,All owners,1401 - 1600 cc,Diesel,Co. Monaghan,All years,Number,8617
Vehicle Population,2021,All owners,1401 - 1600 cc,Diesel,Co. Offaly,All years,Number,11562
Vehicle Population,2021,All owners,1401 - 1600 cc,Diesel,Co. Roscommon,All years,Number,9814
Vehicle Population,2021,All owners,1401 - 1600 cc,Diesel,Co. Sligo,All years,Number,8110
Vehicle Population,2021,All owners,1401 - 1600 cc,Diesel,Co. Tipperary,All years,Number,25328
Vehicle Population,2021,All owners,1401 - 1600 cc,Diesel,Co. Waterford,All years,Number,15664
Vehicle Population,2021,All owners,1401 - 1600 cc,Diesel,Co. Westmeath,All years,Number,13295
Vehicle Population,2021,All owners,1401 - 1600 cc,Diesel,Co. Wexford,All years,Number,25065
Vehicle Population,2021,All owners,1401 - 1600 cc,Diesel,Co. Wicklow,All years,Number,16422
Vehicle Population,2021,All owners,1401 - 1600 cc,Other fuel types,Co. Carlow,All years,Number,191
Vehicle Population,2021,All owners,1401 - 1600 cc,Other fuel types,Co. Cavan,All years,Number,194
Vehicle Population,2021,All owners,1401 - 1600 cc,Other fuel types,Co. Clare,All years,Number,469
Vehicle Population,2021,All owners,1401 - 1600 cc,Other fuel types,Co. Cork,All years,Number,2332
Vehicle Population,2021,All owners,1401 - 1600 cc,Other fuel types,Co. Donegal,All years,Number,601
Vehicle Population,2021,All owners,1401 - 1600 cc,Other fuel types,Co. Dublin,All years,Number,9165
Vehicle Population,2021,All owners,1401 - 1600 cc,Other fuel types,Co. Galway,All years,Number,1051
Vehicle Population,2021,All owners,1401 - 1600 cc,Other fuel types,Co. Kerry,All years,Number,488
Vehicle Population,2021,All owners,1401 - 1600 cc,Other fuel types,Co. Kildare,All years,Number,1217
Vehicle Population,2021,All owners,1401 - 1600 cc,Other fuel types,Co. Kilkenny,All years,Number,359
Vehicle Population,2021,All owners,1401 - 1600 cc,Other fuel types,Co. Laois,All years,Number,305
Vehicle Population,2021,All owners,1401 - 1600 cc,Other fuel types,Co. Leitrim,All years,Number,82
Vehicle Population,2021,All owners,1401 - 1600 cc,Other fuel types,Co. Limerick,All years,Number,721
Vehicle Population,2021,All owners,1401 - 1600 cc,Other fuel types,Co. Longford,All years,Number,122
Vehicle Population,2021,All owners,1401 - 1600 cc,Other fuel types,Co. Louth,All years,Number,522
Vehicle Population,2021,All owners,1401 - 1600 cc,Other fuel types,Co. Mayo,All years,Number,359
Vehicle Population,2021,All owners,1401 - 1600 cc,Other fuel types,Co. Meath,All years,Number,904
Vehicle Population,2021,All owners,1401 - 1600 cc,Other fuel types,Co. Monaghan,All years,Number,114
Vehicle Population,2021,All owners,1401 - 1600 cc,Other fuel types,Co. Offaly,All years,Number,285
Vehicle Population,2021,All owners,1401 - 1600 cc,Other fuel types,Co. Roscommon,All years,Number,174
Vehicle Population,2021,All owners,1401 - 1600 cc,Other fuel types,Co. Sligo,All years,Number,271
Vehicle Population,2021,All owners,1401 - 1600 cc,Other fuel types,Co. Tipperary,All years,Number,569
Vehicle Population,2021,All owners,1401 - 1600 cc,Other fuel types,Co. Waterford,All years,Number,447
Vehicle Population,2021,All owners,1401 - 1600 cc,Other fuel types,Co. Westmeath,All years,Number,371
Vehicle Population,2021,All owners,1401 - 1600 cc,Other fuel types,Co. Wexford,All years,Number,519
Vehicle Population,2021,All owners,1401 - 1600 cc,Other fuel types,Co. Wicklow,All years,Number,800
Vehicle Population,2021,All owners,1601 - 1800 cc,Petrol,Co. Carlow,All years,Number,287
Vehicle Population,2021,All owners,1601 - 1800 cc,Petrol,Co. Cavan,All years,Number,245
Vehicle Population,2021,All owners,1601 - 1800 cc,Petrol,Co. Clare,All years,Number,585
Vehicle Population,2021,All owners,1601 - 1800 cc,Petrol,Co. Cork,All years,Number,3102
Vehicle Population,2021,All owners,1601 - 1800 cc,Petrol,Co. Donegal,All years,Number,451
Vehicle Population,2021,All owners,1601 - 1800 cc,Petrol,Co. Dublin,All years,Number,10792
Vehicle Population,2021,All owners,1601 - 1800 cc,Petrol,Co. Galway,All years,Number,1315
Vehicle Population,2021,All owners,1601 - 1800 cc,Petrol,Co. Kerry,All years,Number,825
Vehicle Population,2021,All owners,1601 - 1800 cc,Petrol,Co. Kildare,All years,Number,1343
Vehicle Population,2021,All owners,1601 - 1800 cc,Petrol,Co. Kilkenny,All years,Number,442
Vehicle Population,2021,All owners,1601 - 1800 cc,Petrol,Co. Laois,All years,Number,336
Vehicle Population,2021,All owners,1601 - 1800 cc,Petrol,Co. Leitrim,All years,Number,102
Vehicle Population,2021,All owners,1601 - 1800 cc,Petrol,Co. Limerick,All years,Number,946
Vehicle Population,2021,All owners,1601 - 1800 cc,Petrol,Co. Longford,All years,Number,155
Vehicle Population,2021,All owners,1601 - 1800 cc,Petrol,Co. Louth,All years,Number,466
Vehicle Population,2021,All owners,1601 - 1800 cc,Petrol,Co. Mayo,All years,Number,537
Vehicle Population,2021,All owners,1601 - 1800 cc,Petrol,Co. Meath,All years,Number,1125
Vehicle Population,2021,All owners,1601 - 1800 cc,Petrol,Co. Monaghan,All years,Number,162
Vehicle Population,2021,All owners,1601 - 1800 cc,Petrol,Co. Offaly,All years,Number,324
Vehicle Population,2021,All owners,1601 - 1800 cc,Petrol,Co. Roscommon,All years,Number,229
Vehicle Population,2021,All owners,1601 - 1800 cc,Petrol,Co. Sligo,All years,Number,281
Vehicle Population,2021,All owners,1601 - 1800 cc,Petrol,Co. Tipperary,All years,Number,721
Vehicle Population,2021,All owners,1601 - 1800 cc,Petrol,Co. Waterford,All years,Number,624
Vehicle Population,2021,All owners,1601 - 1800 cc,Petrol,Co. Westmeath,All years,Number,350
Vehicle Population,2021,All owners,1601 - 1800 cc,Petrol,Co. Wexford,All years,Number,687
Vehicle Population,2021,All owners,1601 - 1800 cc,Petrol,Co. Wicklow,All years,Number,1169
Vehicle Population,2021,All owners,1601 - 1800 cc,Diesel,Co. Carlow,All years,Number,1419
Vehicle Population,2021,All owners,1601 - 1800 cc,Diesel,Co. Cavan,All years,Number,1601
Vehicle Population,2021,All owners,1601 - 1800 cc,Diesel,Co. Clare,All years,Number,2775
Vehicle Population,2021,All owners,1601 - 1800 cc,Diesel,Co. Cork,All years,Number,11931
Vehicle Population,2021,All owners,1601 - 1800 cc,Diesel,Co. Donegal,All years,Number,3861
Vehicle Population,2021,All owners,1601 - 1800 cc,Diesel,Co. Dublin,All years,Number,17257
Vehicle Population,2021,All owners,1601 - 1800 cc,Diesel,Co. Galway,All years,Number,5973
Vehicle Population,2021,All owners,1601 - 1800 cc,Diesel,Co. Kerry,All years,Number,4114
Vehicle Population,2021,All owners,1601 - 1800 cc,Diesel,Co. Kildare,All years,Number,5363
Vehicle Population,2021,All owners,1601 - 1800 cc,Diesel,Co. Kilkenny,All years,Number,2341
Vehicle Population,2021,All owners,1601 - 1800 cc,Diesel,Co. Laois,All years,Number,2071
Vehicle Population,2021,All owners,1601 - 1800 cc,Diesel,Co. Leitrim,All years,Number,764
Vehicle Population,2021,All owners,1601 - 1800 cc,Diesel,Co. Limerick,All years,Number,4076
Vehicle Population,2021,All owners,1601 - 1800 cc,Diesel,Co. Longford,All years,Number,1006
Vehicle Population,2021,All owners,1601 - 1800 cc,Diesel,Co. Louth,All years,Number,2409
Vehicle Population,2021,All owners,1601 - 1800 cc,Diesel,Co. Mayo,All years,Number,3205
Vehicle Population,2021,All owners,1601 - 1800 cc,Diesel,Co. Meath,All years,Number,4359
Vehicle Population,2021,All owners,1601 - 1800 cc,Diesel,Co. Monaghan,All years,Number,1580
Vehicle Population,2021,All owners,1601 - 1800 cc,Diesel,Co. Offaly,All years,Number,1834
Vehicle Population,2021,All owners,1601 - 1800 cc,Diesel,Co. Roscommon,All years,Number,1541
Vehicle Population,2021,All owners,1601 - 1800 cc,Diesel,Co. Sligo,All years,Number,1533
Vehicle Population,2021,All owners,1601 - 1800 cc,Diesel,Co. Tipperary,All years,Number,3763
Vehicle Population,2021,All owners,1601 - 1800 cc,Diesel,Co. Waterford,All years,Number,2186
Vehicle Population,2021,All owners,1601 - 1800 cc,Diesel,Co. Westmeath,All years,Number,2228
Vehicle Population,2021,All owners,1601 - 1800 cc,Diesel,Co. Wexford,All years,Number,3747
Vehicle Population,2021,All owners,1601 - 1800 cc,Diesel,Co. Wicklow,All years,Number,3007
Vehicle Population,2021,All owners,1601 - 1800 cc,Other fuel types,Co. Carlow,All years,Number,266
Vehicle Population,2021,All owners,1601 - 1800 cc,Other fuel types,Co. Cavan,All years,Number,383
Vehicle Population,2021,All owners,1601 - 1800 cc,Other fuel types,Co. Clare,All years,Number,619
Vehicle Population,2021,All owners,1601 - 1800 cc,Other fuel types,Co. Cork,All years,Number,3507
Vehicle Population,2021,All owners,1601 - 1800 cc,Other fuel types,Co. Donegal,All years,Number,751
Vehicle Population,2021,All owners,1601 - 1800 cc,Other fuel types,Co. Dublin,All years,Number,12820
Vehicle Population,2021,All owners,1601 - 1800 cc,Other fuel types,Co. Galway,All years,Number,1798
Vehicle Population,2021,All owners,1601 - 1800 cc,Other fuel types,Co. Kerry,All years,Number,744
Vehicle Population,2021,All owners,1601 - 1800 cc,Other fuel types,Co. Kildare,All years,Number,1677
Vehicle Population,2021,All owners,1601 - 1800 cc,Other fuel types,Co. Kilkenny,All years,Number,536
Vehicle Population,2021,All owners,1601 - 1800 cc,Other fuel types,Co. Laois,All years,Number,332
Vehicle Population,2021,All owners,1601 - 1800 cc,Other fuel types,Co. Leitrim,All years,Number,131
Vehicle Population,2021,All owners,1601 - 1800 cc,Other fuel types,Co. Limerick,All years,Number,1072
Vehicle Population,2021,All owners,1601 - 1800 cc,Other fuel types,Co. Longford,All years,Number,219
Vehicle Population,2021,All owners,1601 - 1800 cc,Other fuel types,Co. Louth,All years,Number,723
Vehicle Population,2021,All owners,1601 - 1800 cc,Other fuel types,Co. Mayo,All years,Number,594
Vehicle Population,2021,All owners,1601 - 1800 cc,Other fuel types,Co. Meath,All years,Number,1401
Vehicle Population,2021,All owners,1601 - 1800 cc,Other fuel types,Co. Monaghan,All years,Number,228
Vehicle Population,2021,All owners,1601 - 1800 cc,Other fuel types,Co. Offaly,All years,Number,454
Vehicle Population,2021,All owners,1601 - 1800 cc,Other fuel types,Co. Roscommon,All years,Number,365
Vehicle Population,2021,All owners,1601 - 1800 cc,Other fuel types,Co. Sligo,All years,Number,358
Vehicle Population,2021,All owners,1601 - 1800 cc,Other fuel types,Co. Tipperary,All years,Number,766
Vehicle Population,2021,All owners,1601 - 1800 cc,Other fuel types,Co. Waterford,All years,Number,564
Vehicle Population,2021,All owners,1601 - 1800 cc,Other fuel types,Co. Westmeath,All years,Number,587
Vehicle Population,2021,All owners,1601 - 1800 cc,Other fuel types,Co. Wexford,All years,Number,769
Vehicle Population,2021,All owners,1601 - 1800 cc,Other fuel types,Co. Wicklow,All years,Number,986
Vehicle Population,2021,All owners,1801 - 2000 cc,Petrol,Co. Carlow,All years,Number,245
Vehicle Population,2021,All owners,1801 - 2000 cc,Petrol,Co. Cavan,All years,Number,247
Vehicle Population,2021,All owners,1801 - 2000 cc,Petrol,Co. Clare,All years,Number,601
Vehicle Population,2021,All owners,1801 - 2000 cc,Petrol,Co. Cork,All years,Number,3430
Vehicle Population,2021,All owners,1801 - 2000 cc,Petrol,Co. Donegal,All years,Number,485
Vehicle Population,2021,All owners,1801 - 2000 cc,Petrol,Co. Dublin,All years,Number,11545
Vehicle Population,2021,All owners,1801 - 2000 cc,Petrol,Co. Galway,All years,Number,1207
Vehicle Population,2021,All owners,1801 - 2000 cc,Petrol,Co. Kerry,All years,Number,720
Vehicle Population,2021,All owners,1801 - 2000 cc,Petrol,Co. Kildare,All years,Number,1376
Vehicle Population,2021,All owners,1801 - 2000 cc,Petrol,Co. Kilkenny,All years,Number,372
Vehicle Population,2021,All owners,1801 - 2000 cc,Petrol,Co. Laois,All years,Number,298
Vehicle Population,2021,All owners,1801 - 2000 cc,Petrol,Co. Leitrim,All years,Number,109
Vehicle Population,2021,All owners,1801 - 2000 cc,Petrol,Co. Limerick,All years,Number,834
Vehicle Population,2021,All owners,1801 - 2000 cc,Petrol,Co. Longford,All years,Number,130
Vehicle Population,2021,All owners,1801 - 2000 cc,Petrol,Co. Louth,All years,Number,533
Vehicle Population,2021,All owners,1801 - 2000 cc,Petrol,Co. Mayo,All years,Number,476
Vehicle Population,2021,All owners,1801 - 2000 cc,Petrol,Co. Meath,All years,Number,1102
Vehicle Population,2021,All owners,1801 - 2000 cc,Petrol,Co. Monaghan,All years,Number,180
Vehicle Population,2021,All owners,1801 - 2000 cc,Petrol,Co. Offaly,All years,Number,258
Vehicle Population,2021,All owners,1801 - 2000 cc,Petrol,Co. Roscommon,All years,Number,204
Vehicle Population,2021,All owners,1801 - 2000 cc,Petrol,Co. Sligo,All years,Number,281
Vehicle Population,2021,All owners,1801 - 2000 cc,Petrol,Co. Tipperary,All years,Number,649
Vehicle Population,2021,All owners,1801 - 2000 cc,Petrol,Co. Waterford,All years,Number,612
Vehicle Population,2021,All owners,1801 - 2000 cc,Petrol,Co. Westmeath,All years,Number,322
Vehicle Population,2021,All owners,1801 - 2000 cc,Petrol,Co. Wexford,All years,Number,678
Vehicle Population,2021,All owners,1801 - 2000 cc,Petrol,Co. Wicklow,All years,Number,1315
Vehicle Population,2021,All owners,1801 - 2000 cc,Diesel,Co. Carlow,All years,Number,7008
Vehicle Population,2021,All owners,1801 - 2000 cc,Diesel,Co. Cavan,All years,Number,9077
Vehicle Population,2021,All owners,1801 - 2000 cc,Diesel,Co. Clare,All years,Number,12548
Vehicle Population,2021,All owners,1801 - 2000 cc,Diesel,Co. Cork,All years,Number,52022
Vehicle Population,2021,All owners,1801 - 2000 cc,Diesel,Co. Donegal,All years,Number,17216
Vehicle Population,2021,All owners,1801 - 2000 cc,Diesel,Co. Dublin,All years,Number,90238
Vehicle Population,2021,All owners,1801 - 2000 cc,Diesel,Co. Galway,All years,Number,29169
Vehicle Population,2021,All owners,1801 - 2000 cc,Diesel,Co. Kerry,All years,Number,15603
Vehicle Population,2021,All owners,1801 - 2000 cc,Diesel,Co. Kildare,All years,Number,22421
Vehicle Population,2021,All owners,1801 - 2000 cc,Diesel,Co. Kilkenny,All years,Number,10140
Vehicle Population,2021,All owners,1801 - 2000 cc,Diesel,Co. Laois,All years,Number,8630
Vehicle Population,2021,All owners,1801 - 2000 cc,Diesel,Co. Leitrim,All years,Number,4461
Vehicle Population,2021,All owners,1801 - 2000 cc,Diesel,Co. Limerick,All years,Number,18872
Vehicle Population,2021,All owners,1801 - 2000 cc,Diesel,Co. Longford,All years,Number,5143
Vehicle Population,2021,All owners,1801 - 2000 cc,Diesel,Co. Louth,All years,Number,11230
Vehicle Population,2021,All owners,1801 - 2000 cc,Diesel,Co. Mayo,All years,Number,16901
Vehicle Population,2021,All owners,1801 - 2000 cc,Diesel,Co. Meath,All years,Number,21101
Vehicle Population,2021,All owners,1801 - 2000 cc,Diesel,Co. Monaghan,All years,Number,7668
Vehicle Population,2021,All owners,1801 - 2000 cc,Diesel,Co. Offaly,All years,Number,8712
Vehicle Population,2021,All owners,1801 - 2000 cc,Diesel,Co. Roscommon,All years,Number,8285
Vehicle Population,2021,All owners,1801 - 2000 cc,Diesel,Co. Sligo,All years,Number,7415
Vehicle Population,2021,All owners,1801 - 2000 cc,Diesel,Co. Tipperary,All years,Number,19803
Vehicle Population,2021,All owners,1801 - 2000 cc,Diesel,Co. Waterford,All years,Number,11354
Vehicle Population,2021,All owners,1801 - 2000 cc,Diesel,Co. Westmeath,All years,Number,10737
Vehicle Population,2021,All owners,1801 - 2000 cc,Diesel,Co. Wexford,All years,Number,16965
Vehicle Population,2021,All owners,1801 - 2000 cc,Diesel,Co. Wicklow,All years,Number,13673
Vehicle Population,2021,All owners,1801 - 2000 cc,Other fuel types,Co. Carlow,All years,Number,100
Vehicle Population,2021,All owners,1801 - 2000 cc,Other fuel types,Co. Cavan,All years,Number,84
Vehicle Population,2021,All owners,1801 - 2000 cc,Other fuel types,Co. Clare,All years,Number,189
Vehicle Population,2021,All owners,1801 - 2000 cc,Other fuel types,Co. Cork,All years,Number,1460
Vehicle Population,2021,All owners,1801 - 2000 cc,Other fuel types,Co. Donegal,All years,Number,171
Vehicle Population,2021,All owners,1801 - 2000 cc,Other fuel types,Co. Dublin,All years,Number,6647
Vehicle Population,2021,All owners,1801 - 2000 cc,Other fuel types,Co. Galway,All years,Number,633
Vehicle Population,2021,All owners,1801 - 2000 cc,Other fuel types,Co. Kerry,All years,Number,184
Vehicle Population,2021,All owners,1801 - 2000 cc,Other fuel types,Co. Kildare,All years,Number,770
Vehicle Population,2021,All owners,1801 - 2000 cc,Other fuel types,Co. Kilkenny,All years,Number,146
Vehicle Population,2021,All owners,1801 - 2000 cc,Other fuel types,Co. Laois,All years,Number,114
Vehicle Population,2021,All owners,1801 - 2000 cc,Other fuel types,Co. Leitrim,All years,Number,24
Vehicle Population,2021,All owners,1801 - 2000 cc,Other fuel types,Co. Limerick,All years,Number,274
Vehicle Population,2021,All owners,1801 - 2000 cc,Other fuel types,Co. Longford,All years,Number,50
Vehicle Population,2021,All owners,1801 - 2000 cc,Other fuel types,Co. Louth,All years,Number,253
Vehicle Population,2021,All owners,1801 - 2000 cc,Other fuel types,Co. Mayo,All years,Number,137
Vehicle Population,2021,All owners,1801 - 2000 cc,Other fuel types,Co. Meath,All years,Number,588
Vehicle Population,2021,All owners,1801 - 2000 cc,Other fuel types,Co. Monaghan,All years,Number,64
Vehicle Population,2021,All owners,1801 - 2000 cc,Other fuel types,Co. Offaly,All years,Number,71
Vehicle Population,2021,All owners,1801 - 2000 cc,Other fuel types,Co. Roscommon,All years,Number,79
Vehicle Population,2021,All owners,1801 - 2000 cc,Other fuel types,Co. Sligo,All years,Number,71
Vehicle Population,2021,All owners,1801 - 2000 cc,Other fuel types,Co. Tipperary,All years,Number,204
Vehicle Population,2021,All owners,1801 - 2000 cc,Other fuel types,Co. Waterford,All years,Number,228
Vehicle Population,2021,All owners,1801 - 2000 cc,Other fuel types,Co. Westmeath,All years,Number,150
Vehicle Population,2021,All owners,1801 - 2000 cc,Other fuel types,Co. Wexford,All years,Number,214
Vehicle Population,2021,All owners,1801 - 2000 cc,Other fuel types,Co. Wicklow,All years,Number,540
Vehicle Population,2021,All owners,Over 2000 cc,Petrol,Co. Carlow,All years,Number,54
Vehicle Population,2021,All owners,Over 2000 cc,Petrol,Co. Cavan,All years,Number,62
Vehicle Population,2021,All owners,Over 2000 cc,Petrol,Co. Clare,All years,Number,133
Vehicle Population,2021,All owners,Over 2000 cc,Petrol,Co. Cork,All years,Number,867
Vehicle Population,2021,All owners,Over 2000 cc,Petrol,Co. Donegal,All years,Number,115
Vehicle Population,2021,All owners,Over 2000 cc,Petrol,Co. Dublin,All years,Number,4205
Vehicle Population,2021,All owners,Over 2000 cc,Petrol,Co. Galway,All years,Number,341
Vehicle Population,2021,All owners,Over 2000 cc,Petrol,Co. Kerry,All years,Number,165
Vehicle Population,2021,All owners,Over 2000 cc,Petrol,Co. Kildare,All years,Number,393
Vehicle Population,2021,All owners,Over 2000 cc,Petrol,Co. Kilkenny,All years,Number,113
Vehicle Population,2021,All owners,Over 2000 cc,Petrol,Co. Laois,All years,Number,68
Vehicle Population,2021,All owners,Over 2000 cc,Petrol,Co. Leitrim,All years,Number,27
Vehicle Population,2021,All owners,Over 2000 cc,Petrol,Co. Limerick,All years,Number,227
Vehicle Population,2021,All owners,Over 2000 cc,Petrol,Co. Longford,All years,Number,32
Vehicle Population,2021,All owners,Over 2000 cc,Petrol,Co. Louth,All years,Number,158
Vehicle Population,2021,All owners,Over 2000 cc,Petrol,Co. Mayo,All years,Number,101
Vehicle Population,2021,All owners,Over 2000 cc,Petrol,Co. Meath,All years,Number,317
Vehicle Population,2021,All owners,Over 2000 cc,Petrol,Co. Monaghan,All years,Number,50
Vehicle Population,2021,All owners,Over 2000 cc,Petrol,Co. Offaly,All years,Number,73
Vehicle Population,2021,All owners,Over 2000 cc,Petrol,Co. Roscommon,All years,Number,49
Vehicle Population,2021,All owners,Over 2000 cc,Petrol,Co. Sligo,All years,Number,50
Vehicle Population,2021,All owners,Over 2000 cc,Petrol,Co. Tipperary,All years,Number,170
Vehicle Population,2021,All owners,Over 2000 cc,Petrol,Co. Waterford,All years,Number,151
Vehicle Population,2021,All owners,Over 2000 cc,Petrol,Co. Westmeath,All years,Number,79
Vehicle Population,2021,All owners,Over 2000 cc,Petrol,Co. Wexford,All years,Number,159
Vehicle Population,2021,All owners,Over 2000 cc,Petrol,Co. Wicklow,All years,Number,453
Vehicle Population,2021,All owners,Over 2000 cc,Diesel,Co. Carlow,All years,Number,1453
Vehicle Population,2021,All owners,Over 2000 cc,Diesel,Co. Cavan,All years,Number,1605
Vehicle Population,2021,All owners,Over 2000 cc,Diesel,Co. Clare,All years,Number,2477
Vehicle Population,2021,All owners,Over 2000 cc,Diesel,Co. Cork,All years,Number,11145
Vehicle Population,2021,All owners,Over 2000 cc,Diesel,Co. Donegal,All years,Number,2518
Vehicle Population,2021,All owners,Over 2000 cc,Diesel,Co. Dublin,All years,Number,27055
Vehicle Population,2021,All owners,Over 2000 cc,Diesel,Co. Galway,All years,Number,5438
Vehicle Population,2021,All owners,Over 2000 cc,Diesel,Co. Kerry,All years,Number,3076
Vehicle Population,2021,All owners,Over 2000 cc,Diesel,Co. Kildare,All years,Number,6113
Vehicle Population,2021,All owners,Over 2000 cc,Diesel,Co. Kilkenny,All years,Number,2422
Vehicle Population,2021,All owners,Over 2000 cc,Diesel,Co. Laois,All years,Number,1957
Vehicle Population,2021,All owners,Over 2000 cc,Diesel,Co. Leitrim,All years,Number,578
Vehicle Population,2021,All owners,Over 2000 cc,Diesel,Co. Limerick,All years,Number,4078
Vehicle Population,2021,All owners,Over 2000 cc,Diesel,Co. Longford,All years,Number,825
Vehicle Population,2021,All owners,Over 2000 cc,Diesel,Co. Louth,All years,Number,2525
Vehicle Population,2021,All owners,Over 2000 cc,Diesel,Co. Mayo,All years,Number,2707
Vehicle Population,2021,All owners,Over 2000 cc,Diesel,Co. Meath,All years,Number,5740
Vehicle Population,2021,All owners,Over 2000 cc,Diesel,Co. Monaghan,All years,Number,1342
Vehicle Population,2021,All owners,Over 2000 cc,Diesel,Co. Offaly,All years,Number,1649
Vehicle Population,2021,All owners,Over 2000 cc,Diesel,Co. Roscommon,All years,Number,1293
Vehicle Population,2021,All owners,Over 2000 cc,Diesel,Co. Sligo,All years,Number,1151
Vehicle Population,2021,All owners,Over 2000 cc,Diesel,Co. Tipperary,All years,Number,3967
Vehicle Population,2021,All owners,Over 2000 cc,Diesel,Co. Waterford,All years,Number,2696
Vehicle Population,2021,All owners,Over 2000 cc,Diesel,Co. Westmeath,All years,Number,1895
Vehicle Population,2021,All owners,Over 2000 cc,Diesel,Co. Wexford,All years,Number,4054
Vehicle Population,2021,All owners,Over 2000 cc,Diesel,Co. Wicklow,All years,Number,4050
Vehicle Population,2021,All owners,Over 2000 cc,Other fuel types,Co. Carlow,All years,Number,141
Vehicle Population,2021,All owners,Over 2000 cc,Other fuel types,Co. Cavan,All years,Number,208
Vehicle Population,2021,All owners,Over 2000 cc,Other fuel types,Co. Clare,All years,Number,280
Vehicle Population,2021,All owners,Over 2000 cc,Other fuel types,Co. Cork,All years,Number,2038
Vehicle Population,2021,All owners,Over 2000 cc,Other fuel types,Co. Donegal,All years,Number,319
Vehicle Population,2021,All owners,Over 2000 cc,Other fuel types,Co. Dublin,All years,Number,8000
Vehicle Population,2021,All owners,Over 2000 cc,Other fuel types,Co. Galway,All years,Number,1029
Vehicle Population,2021,All owners,Over 2000 cc,Other fuel types,Co. Kerry,All years,Number,374
Vehicle Population,2021,All owners,Over 2000 cc,Other fuel types,Co. Kildare,All years,Number,874
Vehicle Population,2021,All owners,Over 2000 cc,Other fuel types,Co. Kilkenny,All years,Number,199
Vehicle Population,2021,All owners,Over 2000 cc,Other fuel types,Co. Laois,All years,Number,173
Vehicle Population,2021,All owners,Over 2000 cc,Other fuel types,Co. Leitrim,All years,Number,50
Vehicle Population,2021,All owners,Over 2000 cc,Other fuel types,Co. Limerick,All years,Number,454
Vehicle Population,2021,All owners,Over 2000 cc,Other fuel types,Co. Longford,All years,Number,109
Vehicle Population,2021,All owners,Over 2000 cc,Other fuel types,Co. Louth,All years,Number,339
Vehicle Population,2021,All owners,Over 2000 cc,Other fuel types,Co. Mayo,All years,Number,329
Vehicle Population,2021,All owners,Over 2000 cc,Other fuel types,Co. Meath,All years,Number,834
Vehicle Population,2021,All owners,Over 2000 cc,Other fuel types,Co. Monaghan,All years,Number,104
Vehicle Population,2021,All owners,Over 2000 cc,Other fuel types,Co. Offaly,All years,Number,196
Vehicle Population,2021,All owners,Over 2000 cc,Other fuel types,Co. Roscommon,All years,Number,184
Vehicle Population,2021,All owners,Over 2000 cc,Other fuel types,Co. Sligo,All years,Number,123
Vehicle Population,2021,All owners,Over 2000 cc,Other fuel types,Co. Tipperary,All years,Number,400
Vehicle Population,2021,All owners,Over 2000 cc,Other fuel types,Co. Waterford,All years,Number,269
Vehicle Population,2021,All owners,Over 2000 cc,Other fuel types,Co. Westmeath,All years,Number,264
Vehicle Population,2021,All owners,Over 2000 cc,Other fuel types,Co. Wexford,All years,Number,316
Vehicle Population,2021,All owners,Over 2000 cc,Other fuel types,Co. Wicklow,All years,Number,658
Vehicle Population,2022,All owners,Up to 1000 cc,Petrol,Co. Carlow,All years,Number,2103
Vehicle Population,2022,All owners,Up to 1000 cc,Petrol,Co. Cavan,All years,Number,2345
Vehicle Population,2022,All owners,Up to 1000 cc,Petrol,Co. Clare,All years,Number,4844
Vehicle Population,2022,All owners,Up to 1000 cc,Petrol,Co. Cork,All years,Number,27698
Vehicle Population,2022,All owners,Up to 1000 cc,Petrol,Co. Donegal,All years,Number,4712
Vehicle Population,2022,All owners,Up to 1000 cc,Petrol,Co. Dublin,All years,Number,62072
Vehicle Population,2022,All owners,Up to 1000 cc,Petrol,Co. Galway,All years,Number,8512
Vehicle Population,2022,All owners,Up to 1000 cc,Petrol,Co. Kerry,All years,Number,5656
Vehicle Population,2022,All owners,Up to 1000 cc,Petrol,Co. Kildare,All years,Number,10241
Vehicle Population,2022,All owners,Up to 1000 cc,Petrol,Co. Kilkenny,All years,Number,3710
Vehicle Population,2022,All owners,Up to 1000 cc,Petrol,Co. Laois,All years,Number,2585
Vehicle Population,2022,All owners,Up to 1000 cc,Petrol,Co. Leitrim,All years,Number,1022
Vehicle Population,2022,All owners,Up to 1000 cc,Petrol,Co. Limerick,All years,Number,8385
Vehicle Population,2022,All owners,Up to 1000 cc,Petrol,Co. Longford,All years,Number,1177
Vehicle Population,2022,All owners,Up to 1000 cc,Petrol,Co. Louth,All years,Number,5789
Vehicle Population,2022,All owners,Up to 1000 cc,Petrol,Co. Mayo,All years,Number,4258
Vehicle Population,2022,All owners,Up to 1000 cc,Petrol,Co. Meath,All years,Number,7418
Vehicle Population,2022,All owners,Up to 1000 cc,Petrol,Co. Monaghan,All years,Number,1574
Vehicle Population,2022,All owners,Up to 1000 cc,Petrol,Co. Offaly,All years,Number,2446
Vehicle Population,2022,All owners,Up to 1000 cc,Petrol,Co. Roscommon,All years,Number,3186
Vehicle Population,2022,All owners,Up to 1000 cc,Petrol,Co. Sligo,All years,Number,2473
Vehicle Population,2022,All owners,Up to 1000 cc,Petrol,Co. Tipperary,All years,Number,5796
Vehicle Population,2022,All owners,Up to 1000 cc,Petrol,Co. Waterford,All years,Number,6391
Vehicle Population,2022,All owners,Up to 1000 cc,Petrol,Co. Westmeath,All years,Number,2865
Vehicle Population,2022,All owners,Up to 1000 cc,Petrol,Co. Wexford,All years,Number,6356
Vehicle Population,2022,All owners,Up to 1000 cc,Petrol,Co. Wicklow,All years,Number,6400
Vehicle Population,2022,All owners,Up to 1000 cc,Diesel,Co. Carlow,All years,Number,0
Vehicle Population,2022,All owners,Up to 1000 cc,Diesel,Co. Cavan,All years,Number,2
Vehicle Population,2022,All owners,Up to 1000 cc,Diesel,Co. Clare,All years,Number,6
Vehicle Population,2022,All owners,Up to 1000 cc,Diesel,Co. Cork,All years,Number,22
Vehicle Population,2022,All owners,Up to 1000 cc,Diesel,Co. Donegal,All years,Number,4
Vehicle Population,2022,All owners,Up to 1000 cc,Diesel,Co. Dublin,All years,Number,97
Vehicle Population,2022,All owners,Up to 1000 cc,Diesel,Co. Galway,All years,Number,14
Vehicle Population,2022,All owners,Up to 1000 cc,Diesel,Co. Kerry,All years,Number,5
Vehicle Population,2022,All owners,Up to 1000 cc,Diesel,Co. Kildare,All years,Number,3
Vehicle Population,2022,All owners,Up to 1000 cc,Diesel,Co. Kilkenny,All years,Number,0
Vehicle Population,2022,All owners,Up to 1000 cc,Diesel,Co. Laois,All years,Number,0
Vehicle Population,2022,All owners,Up to 1000 cc,Diesel,Co. Leitrim,All years,Number,0
Vehicle Population,2022,All owners,Up to 1000 cc,Diesel,Co. Limerick,All years,Number,3
Vehicle Population,2022,All owners,Up to 1000 cc,Diesel,Co. Longford,All years,Number,1
Vehicle Population,2022,All owners,Up to 1000 cc,Diesel,Co. Louth,All years,Number,8
Vehicle Population,2022,All owners,Up to 1000 cc,Diesel,Co. Mayo,All years,Number,4
Vehicle Population,2022,All owners,Up to 1000 cc,Diesel,Co. Meath,All years,Number,6
Vehicle Population,2022,All owners,Up to 1000 cc,Diesel,Co. Monaghan,All years,Number,4
Vehicle Population,2022,All owners,Up to 1000 cc,Diesel,Co. Offaly,All years,Number,2
Vehicle Population,2022,All owners,Up to 1000 cc,Diesel,Co. Roscommon,All years,Number,2
Vehicle Population,2022,All owners,Up to 1000 cc,Diesel,Co. Sligo,All years,Number,0
Vehicle Population,2022,All owners,Up to 1000 cc,Diesel,Co. Tipperary,All years,Number,6
Vehicle Population,2022,All owners,Up to 1000 cc,Diesel,Co. Waterford,All years,Number,7
Vehicle Population,2022,All owners,Up to 1000 cc,Diesel,Co. Westmeath,All years,Number,9
Vehicle Population,2022,All owners,Up to 1000 cc,Diesel,Co. Wexford,All years,Number,9
Vehicle Population,2022,All owners,Up to 1000 cc,Diesel,Co. Wicklow,All years,Number,3
Vehicle Population,2022,All owners,Up to 1000 cc,Other fuel types,Co. Carlow,All years,Number,340
Vehicle Population,2022,All owners,Up to 1000 cc,Other fuel types,Co. Cavan,All years,Number,305
Vehicle Population,2022,All owners,Up to 1000 cc,Other fuel types,Co. Clare,All years,Number,780
Vehicle Population,2022,All owners,Up to 1000 cc,Other fuel types,Co. Cork,All years,Number,4058
Vehicle Population,2022,All owners,Up to 1000 cc,Other fuel types,Co. Donegal,All years,Number,486
Vehicle Population,2022,All owners,Up to 1000 cc,Other fuel types,Co. Dublin,All years,Number,13883
Vehicle Population,2022,All owners,Up to 1000 cc,Other fuel types,Co. Galway,All years,Number,1467
Vehicle Population,2022,All owners,Up to 1000 cc,Other fuel types,Co. Kerry,All years,Number,642
Vehicle Population,2022,All owners,Up to 1000 cc,Other fuel types,Co. Kildare,All years,Number,2093
Vehicle Population,2022,All owners,Up to 1000 cc,Other fuel types,Co. Kilkenny,All years,Number,518
Vehicle Population,2022,All owners,Up to 1000 cc,Other fuel types,Co. Laois,All years,Number,413
Vehicle Population,2022,All owners,Up to 1000 cc,Other fuel types,Co. Leitrim,All years,Number,107
Vehicle Population,2022,All owners,Up to 1000 cc,Other fuel types,Co. Limerick,All years,Number,1000
Vehicle Population,2022,All owners,Up to 1000 cc,Other fuel types,Co. Longford,All years,Number,144
Vehicle Population,2022,All owners,Up to 1000 cc,Other fuel types,Co. Louth,All years,Number,788
Vehicle Population,2022,All owners,Up to 1000 cc,Other fuel types,Co. Mayo,All years,Number,491
Vehicle Population,2022,All owners,Up to 1000 cc,Other fuel types,Co. Meath,All years,Number,1622
Vehicle Population,2022,All owners,Up to 1000 cc,Other fuel types,Co. Monaghan,All years,Number,175
Vehicle Population,2022,All owners,Up to 1000 cc,Other fuel types,Co. Offaly,All years,Number,309
Vehicle Population,2022,All owners,Up to 1000 cc,Other fuel types,Co. Roscommon,All years,Number,230
Vehicle Population,2022,All owners,Up to 1000 cc,Other fuel types,Co. Sligo,All years,Number,344
Vehicle Population,2022,All owners,Up to 1000 cc,Other fuel types,Co. Tipperary,All years,Number,749
Vehicle Population,2022,All owners,Up to 1000 cc,Other fuel types,Co. Waterford,All years,Number,695
Vehicle Population,2022,All owners,Up to 1000 cc,Other fuel types,Co. Westmeath,All years,Number,536
Vehicle Population,2022,All owners,Up to 1000 cc,Other fuel types,Co. Wexford,All years,Number,990
Vehicle Population,2022,All owners,Up to 1000 cc,Other fuel types,Co. Wicklow,All years,Number,1562
Vehicle Population,2022,All owners,1001 - 1200 cc,Petrol,Co. Carlow,All years,Number,1525
Vehicle Population,2022,All owners,1001 - 1200 cc,Petrol,Co. Cavan,All years,Number,1376
Vehicle Population,2022,All owners,1001 - 1200 cc,Petrol,Co. Clare,All years,Number,3309
Vehicle Population,2022,All owners,1001 - 1200 cc,Petrol,Co. Cork,All years,Number,17464
Vehicle Population,2022,All owners,1001 - 1200 cc,Petrol,Co. Donegal,All years,Number,2908
Vehicle Population,2022,All owners,1001 - 1200 cc,Petrol,Co. Dublin,All years,Number,49209
Vehicle Population,2022,All owners,1001 - 1200 cc,Petrol,Co. Galway,All years,Number,6003
Vehicle Population,2022,All owners,1001 - 1200 cc,Petrol,Co. Kerry,All years,Number,4165
Vehicle Population,2022,All owners,1001 - 1200 cc,Petrol,Co. Kildare,All years,Number,7659
Vehicle Population,2022,All owners,1001 - 1200 cc,Petrol,Co. Kilkenny,All years,Number,2642
Vehicle Population,2022,All owners,1001 - 1200 cc,Petrol,Co. Laois,All years,Number,1690
Vehicle Population,2022,All owners,1001 - 1200 cc,Petrol,Co. Leitrim,All years,Number,672
Vehicle Population,2022,All owners,1001 - 1200 cc,Petrol,Co. Limerick,All years,Number,5502
Vehicle Population,2022,All owners,1001 - 1200 cc,Petrol,Co. Longford,All years,Number,704
Vehicle Population,2022,All owners,1001 - 1200 cc,Petrol,Co. Louth,All years,Number,4043
Vehicle Population,2022,All owners,1001 - 1200 cc,Petrol,Co. Mayo,All years,Number,2441
Vehicle Population,2022,All owners,1001 - 1200 cc,Petrol,Co. Meath,All years,Number,5882
Vehicle Population,2022,All owners,1001 - 1200 cc,Petrol,Co. Monaghan,All years,Number,1070
Vehicle Population,2022,All owners,1001 - 1200 cc,Petrol,Co. Offaly,All years,Number,1689
Vehicle Population,2022,All owners,1001 - 1200 cc,Petrol,Co. Roscommon,All years,Number,1643
Vehicle Population,2022,All owners,1001 - 1200 cc,Petrol,Co. Sligo,All years,Number,1578
Vehicle Population,2022,All owners,1001 - 1200 cc,Petrol,Co. Tipperary,All years,Number,4116
Vehicle Population,2022,All owners,1001 - 1200 cc,Petrol,Co. Waterford,All years,Number,4527
Vehicle Population,2022,All owners,1001 - 1200 cc,Petrol,Co. Westmeath,All years,Number,2038
Vehicle Population,2022,All owners,1001 - 1200 cc,Petrol,Co. Wexford,All years,Number,4355
Vehicle Population,2022,All owners,1001 - 1200 cc,Petrol,Co. Wicklow,All years,Number,5459
Vehicle Population,2022,All owners,1001 - 1200 cc,Diesel,Co. Carlow,All years,Number,82
Vehicle Population,2022,All owners,1001 - 1200 cc,Diesel,Co. Cavan,All years,Number,89
Vehicle Population,2022,All owners,1001 - 1200 cc,Diesel,Co. Clare,All years,Number,138
Vehicle Population,2022,All owners,1001 - 1200 cc,Diesel,Co. Cork,All years,Number,564
Vehicle Population,2022,All owners,1001 - 1200 cc,Diesel,Co. Donegal,All years,Number,168
Vehicle Population,2022,All owners,1001 - 1200 cc,Diesel,Co. Dublin,All years,Number,635
Vehicle Population,2022,All owners,1001 - 1200 cc,Diesel,Co. Galway,All years,Number,203
Vehicle Population,2022,All owners,1001 - 1200 cc,Diesel,Co. Kerry,All years,Number,119
Vehicle Population,2022,All owners,1001 - 1200 cc,Diesel,Co. Kildare,All years,Number,247
Vehicle Population,2022,All owners,1001 - 1200 cc,Diesel,Co. Kilkenny,All years,Number,160
Vehicle Population,2022,All owners,1001 - 1200 cc,Diesel,Co. Laois,All years,Number,118
Vehicle Population,2022,All owners,1001 - 1200 cc,Diesel,Co. Leitrim,All years,Number,37
Vehicle Population,2022,All owners,1001 - 1200 cc,Diesel,Co. Limerick,All years,Number,166
Vehicle Population,2022,All owners,1001 - 1200 cc,Diesel,Co. Longford,All years,Number,58
Vehicle Population,2022,All owners,1001 - 1200 cc,Diesel,Co. Louth,All years,Number,189
Vehicle Population,2022,All owners,1001 - 1200 cc,Diesel,Co. Mayo,All years,Number,118
Vehicle Population,2022,All owners,1001 - 1200 cc,Diesel,Co. Meath,All years,Number,225
Vehicle Population,2022,All owners,1001 - 1200 cc,Diesel,Co. Monaghan,All years,Number,97
Vehicle Population,2022,All owners,1001 - 1200 cc,Diesel,Co. Offaly,All years,Number,96
Vehicle Population,2022,All owners,1001 - 1200 cc,Diesel,Co. Roscommon,All years,Number,73
Vehicle Population,2022,All owners,1001 - 1200 cc,Diesel,Co. Sligo,All years,Number,61
Vehicle Population,2022,All owners,1001 - 1200 cc,Diesel,Co. Tipperary,All years,Number,178
Vehicle Population,2022,All owners,1001 - 1200 cc,Diesel,Co. Waterford,All years,Number,124
Vehicle Population,2022,All owners,1001 - 1200 cc,Diesel,Co. Westmeath,All years,Number,142
Vehicle Population,2022,All owners,1001 - 1200 cc,Diesel,Co. Wexford,All years,Number,190
Vehicle Population,2022,All owners,1001 - 1200 cc,Diesel,Co. Wicklow,All years,Number,168
Vehicle Population,2022,All owners,1001 - 1200 cc,Other fuel types,Co. Carlow,All years,Number,80
Vehicle Population,2022,All owners,1001 - 1200 cc,Other fuel types,Co. Cavan,All years,Number,74
Vehicle Population,2022,All owners,1001 - 1200 cc,Other fuel types,Co. Clare,All years,Number,150
Vehicle Population,2022,All owners,1001 - 1200 cc,Other fuel types,Co. Cork,All years,Number,826
Vehicle Population,2022,All owners,1001 - 1200 cc,Other fuel types,Co. Donegal,All years,Number,135
Vehicle Population,2022,All owners,1001 - 1200 cc,Other fuel types,Co. Dublin,All years,Number,1518
Vehicle Population,2022,All owners,1001 - 1200 cc,Other fuel types,Co. Galway,All years,Number,213
Vehicle Population,2022,All owners,1001 - 1200 cc,Other fuel types,Co. Kerry,All years,Number,214
Vehicle Population,2022,All owners,1001 - 1200 cc,Other fuel types,Co. Kildare,All years,Number,388
Vehicle Population,2022,All owners,1001 - 1200 cc,Other fuel types,Co. Kilkenny,All years,Number,95
Vehicle Population,2022,All owners,1001 - 1200 cc,Other fuel types,Co. Laois,All years,Number,88
Vehicle Population,2022,All owners,1001 - 1200 cc,Other fuel types,Co. Leitrim,All years,Number,27
Vehicle Population,2022,All owners,1001 - 1200 cc,Other fuel types,Co. Limerick,All years,Number,217
Vehicle Population,2022,All owners,1001 - 1200 cc,Other fuel types,Co. Longford,All years,Number,28
Vehicle Population,2022,All owners,1001 - 1200 cc,Other fuel types,Co. Louth,All years,Number,166
Vehicle Population,2022,All owners,1001 - 1200 cc,Other fuel types,Co. Mayo,All years,Number,48
Vehicle Population,2022,All owners,1001 - 1200 cc,Other fuel types,Co. Meath,All years,Number,327
Vehicle Population,2022,All owners,1001 - 1200 cc,Other fuel types,Co. Monaghan,All years,Number,39
Vehicle Population,2022,All owners,1001 - 1200 cc,Other fuel types,Co. Offaly,All years,Number,66
Vehicle Population,2022,All owners,1001 - 1200 cc,Other fuel types,Co. Roscommon,All years,Number,64
Vehicle Population,2022,All owners,1001 - 1200 cc,Other fuel types,Co. Sligo,All years,Number,48
Vehicle Population,2022,All owners,1001 - 1200 cc,Other fuel types,Co. Tipperary,All years,Number,165
Vehicle Population,2022,All owners,1001 - 1200 cc,Other fuel types,Co. Waterford,All years,Number,171
Vehicle Population,2022,All owners,1001 - 1200 cc,Other fuel types,Co. Westmeath,All years,Number,113
Vehicle Population,2022,All owners,1001 - 1200 cc,Other fuel types,Co. Wexford,All years,Number,256
Vehicle Population,2022,All owners,1001 - 1200 cc,Other fuel types,Co. Wicklow,All years,Number,178
Vehicle Population,2022,All owners,1201 - 1400 cc,Petrol,Co. Carlow,All years,Number,3318
Vehicle Population,2022,All owners,1201 - 1400 cc,Petrol,Co. Cavan,All years,Number,3143
Vehicle Population,2022,All owners,1201 - 1400 cc,Petrol,Co. Clare,All years,Number,7567
Vehicle Population,2022,All owners,1201 - 1400 cc,Petrol,Co. Cork,All years,Number,40135
Vehicle Population,2022,All owners,1201 - 1400 cc,Petrol,Co. Donegal,All years,Number,8166
Vehicle Population,2022,All owners,1201 - 1400 cc,Petrol,Co. Dublin,All years,Number,88165
Vehicle Population,2022,All owners,1201 - 1400 cc,Petrol,Co. Galway,All years,Number,15278
Vehicle Population,2022,All owners,1201 - 1400 cc,Petrol,Co. Kerry,All years,Number,10291
Vehicle Population,2022,All owners,1201 - 1400 cc,Petrol,Co. Kildare,All years,Number,13938
Vehicle Population,2022,All owners,1201 - 1400 cc,Petrol,Co. Kilkenny,All years,Number,5526
Vehicle Population,2022,All owners,1201 - 1400 cc,Petrol,Co. Laois,All years,Number,3761
Vehicle Population,2022,All owners,1201 - 1400 cc,Petrol,Co. Leitrim,All years,Number,1741
Vehicle Population,2022,All owners,1201 - 1400 cc,Petrol,Co. Limerick,All years,Number,12717
Vehicle Population,2022,All owners,1201 - 1400 cc,Petrol,Co. Longford,All years,Number,1783
Vehicle Population,2022,All owners,1201 - 1400 cc,Petrol,Co. Louth,All years,Number,6127
Vehicle Population,2022,All owners,1201 - 1400 cc,Petrol,Co. Mayo,All years,Number,7586
Vehicle Population,2022,All owners,1201 - 1400 cc,Petrol,Co. Meath,All years,Number,10629
Vehicle Population,2022,All owners,1201 - 1400 cc,Petrol,Co. Monaghan,All years,Number,2700
Vehicle Population,2022,All owners,1201 - 1400 cc,Petrol,Co. Offaly,All years,Number,3631
Vehicle Population,2022,All owners,1201 - 1400 cc,Petrol,Co. Roscommon,All years,Number,3767
Vehicle Population,2022,All owners,1201 - 1400 cc,Petrol,Co. Sligo,All years,Number,3953
Vehicle Population,2022,All owners,1201 - 1400 cc,Petrol,Co. Tipperary,All years,Number,9455
Vehicle Population,2022,All owners,1201 - 1400 cc,Petrol,Co. Waterford,All years,Number,8597
Vehicle Population,2022,All owners,1201 - 1400 cc,Petrol,Co. Westmeath,All years,Number,4360
Vehicle Population,2022,All owners,1201 - 1400 cc,Petrol,Co. Wexford,All years,Number,8886
Vehicle Population,2022,All owners,1201 - 1400 cc,Petrol,Co. Wicklow,All years,Number,10204
Vehicle Population,2022,All owners,1201 - 1400 cc,Diesel,Co. Carlow,All years,Number,1233
Vehicle Population,2022,All owners,1201 - 1400 cc,Diesel,Co. Cavan,All years,Number,1714
Vehicle Population,2022,All owners,1201 - 1400 cc,Diesel,Co. Clare,All years,Number,2363
Vehicle Population,2022,All owners,1201 - 1400 cc,Diesel,Co. Cork,All years,Number,10147
Vehicle Population,2022,All owners,1201 - 1400 cc,Diesel,Co. Donegal,All years,Number,3982
Vehicle Population,2022,All owners,1201 - 1400 cc,Diesel,Co. Dublin,All years,Number,8167
Vehicle Population,2022,All owners,1201 - 1400 cc,Diesel,Co. Galway,All years,Number,4596
Vehicle Population,2022,All owners,1201 - 1400 cc,Diesel,Co. Kerry,All years,Number,3198
Vehicle Population,2022,All owners,1201 - 1400 cc,Diesel,Co. Kildare,All years,Number,3003
Vehicle Population,2022,All owners,1201 - 1400 cc,Diesel,Co. Kilkenny,All years,Number,2072
Vehicle Population,2022,All owners,1201 - 1400 cc,Diesel,Co. Laois,All years,Number,1353
Vehicle Population,2022,All owners,1201 - 1400 cc,Diesel,Co. Leitrim,All years,Number,677
Vehicle Population,2022,All owners,1201 - 1400 cc,Diesel,Co. Limerick,All years,Number,3783
Vehicle Population,2022,All owners,1201 - 1400 cc,Diesel,Co. Longford,All years,Number,837
Vehicle Population,2022,All owners,1201 - 1400 cc,Diesel,Co. Louth,All years,Number,1875
Vehicle Population,2022,All owners,1201 - 1400 cc,Diesel,Co. Mayo,All years,Number,3054
Vehicle Population,2022,All owners,1201 - 1400 cc,Diesel,Co. Meath,All years,Number,3171
Vehicle Population,2022,All owners,1201 - 1400 cc,Diesel,Co. Monaghan,All years,Number,1205
Vehicle Population,2022,All owners,1201 - 1400 cc,Diesel,Co. Offaly,All years,Number,1808
Vehicle Population,2022,All owners,1201 - 1400 cc,Diesel,Co. Roscommon,All years,Number,1538
Vehicle Population,2022,All owners,1201 - 1400 cc,Diesel,Co. Sligo,All years,Number,1268
Vehicle Population,2022,All owners,1201 - 1400 cc,Diesel,Co. Tipperary,All years,Number,3814
Vehicle Population,2022,All owners,1201 - 1400 cc,Diesel,Co. Waterford,All years,Number,1949
Vehicle Population,2022,All owners,1201 - 1400 cc,Diesel,Co. Westmeath,All years,Number,1860
Vehicle Population,2022,All owners,1201 - 1400 cc,Diesel,Co. Wexford,All years,Number,3075
Vehicle Population,2022,All owners,1201 - 1400 cc,Diesel,Co. Wicklow,All years,Number,2013
Vehicle Population,2022,All owners,1201 - 1400 cc,Other fuel types,Co. Carlow,All years,Number,61
Vehicle Population,2022,All owners,1201 - 1400 cc,Other fuel types,Co. Cavan,All years,Number,68
Vehicle Population,2022,All owners,1201 - 1400 cc,Other fuel types,Co. Clare,All years,Number,93
Vehicle Population,2022,All owners,1201 - 1400 cc,Other fuel types,Co. Cork,All years,Number,537
Vehicle Population,2022,All owners,1201 - 1400 cc,Other fuel types,Co. Donegal,All years,Number,55
Vehicle Population,2022,All owners,1201 - 1400 cc,Other fuel types,Co. Dublin,All years,Number,3672
Vehicle Population,2022,All owners,1201 - 1400 cc,Other fuel types,Co. Galway,All years,Number,296
Vehicle Population,2022,All owners,1201 - 1400 cc,Other fuel types,Co. Kerry,All years,Number,91
Vehicle Population,2022,All owners,1201 - 1400 cc,Other fuel types,Co. Kildare,All years,Number,416
Vehicle Population,2022,All owners,1201 - 1400 cc,Other fuel types,Co. Kilkenny,All years,Number,77
Vehicle Population,2022,All owners,1201 - 1400 cc,Other fuel types,Co. Laois,All years,Number,73
Vehicle Population,2022,All owners,1201 - 1400 cc,Other fuel types,Co. Leitrim,All years,Number,23
Vehicle Population,2022,All owners,1201 - 1400 cc,Other fuel types,Co. Limerick,All years,Number,207
Vehicle Population,2022,All owners,1201 - 1400 cc,Other fuel types,Co. Longford,All years,Number,32
Vehicle Population,2022,All owners,1201 - 1400 cc,Other fuel types,Co. Louth,All years,Number,143
Vehicle Population,2022,All owners,1201 - 1400 cc,Other fuel types,Co. Mayo,All years,Number,96
Vehicle Population,2022,All owners,1201 - 1400 cc,Other fuel types,Co. Meath,All years,Number,319
Vehicle Population,2022,All owners,1201 - 1400 cc,Other fuel types,Co. Monaghan,All years,Number,33
Vehicle Population,2022,All owners,1201 - 1400 cc,Other fuel types,Co. Offaly,All years,Number,53
Vehicle Population,2022,All owners,1201 - 1400 cc,Other fuel types,Co. Roscommon,All years,Number,40
Vehicle Population,2022,All owners,1201 - 1400 cc,Other fuel types,Co. Sligo,All years,Number,46
Vehicle Population,2022,All owners,1201 - 1400 cc,Other fuel types,Co. Tipperary,All years,Number,166
Vehicle Population,2022,All owners,1201 - 1400 cc,Other fuel types,Co. Waterford,All years,Number,116
Vehicle Population,2022,All owners,1201 - 1400 cc,Other fuel types,Co. Westmeath,All years,Number,63
Vehicle Population,2022,All owners,1201 - 1400 cc,Other fuel types,Co. Wexford,All years,Number,146
Vehicle Population,2022,All owners,1201 - 1400 cc,Other fuel types,Co. Wicklow,All years,Number,256
Vehicle Population,2022,All owners,1401 - 1600 cc,Petrol,Co. Carlow,All years,Number,1187
Vehicle Population,2022,All owners,1401 - 1600 cc,Petrol,Co. Cavan,All years,Number,1127
Vehicle Population,2022,All owners,1401 - 1600 cc,Petrol,Co. Clare,All years,Number,2958
Vehicle Population,2022,All owners,1401 - 1600 cc,Petrol,Co. Cork,All years,Number,13966
Vehicle Population,2022,All owners,1401 - 1600 cc,Petrol,Co. Donegal,All years,Number,2485
Vehicle Population,2022,All owners,1401 - 1600 cc,Petrol,Co. Dublin,All years,Number,39737
Vehicle Population,2022,All owners,1401 - 1600 cc,Petrol,Co. Galway,All years,Number,5714
Vehicle Population,2022,All owners,1401 - 1600 cc,Petrol,Co. Kerry,All years,Number,4068
Vehicle Population,2022,All owners,1401 - 1600 cc,Petrol,Co. Kildare,All years,Number,5455
Vehicle Population,2022,All owners,1401 - 1600 cc,Petrol,Co. Kilkenny,All years,Number,1867
Vehicle Population,2022,All owners,1401 - 1600 cc,Petrol,Co. Laois,All years,Number,1381
Vehicle Population,2022,All owners,1401 - 1600 cc,Petrol,Co. Leitrim,All years,Number,518
Vehicle Population,2022,All owners,1401 - 1600 cc,Petrol,Co. Limerick,All years,Number,4552
Vehicle Population,2022,All owners,1401 - 1600 cc,Petrol,Co. Longford,All years,Number,636
Vehicle Population,2022,All owners,1401 - 1600 cc,Petrol,Co. Louth,All years,Number,2170
Vehicle Population,2022,All owners,1401 - 1600 cc,Petrol,Co. Mayo,All years,Number,2442
Vehicle Population,2022,All owners,1401 - 1600 cc,Petrol,Co. Meath,All years,Number,4187
Vehicle Population,2022,All owners,1401 - 1600 cc,Petrol,Co. Monaghan,All years,Number,739
Vehicle Population,2022,All owners,1401 - 1600 cc,Petrol,Co. Offaly,All years,Number,1317
Vehicle Population,2022,All owners,1401 - 1600 cc,Petrol,Co. Roscommon,All years,Number,1064
Vehicle Population,2022,All owners,1401 - 1600 cc,Petrol,Co. Sligo,All years,Number,1307
Vehicle Population,2022,All owners,1401 - 1600 cc,Petrol,Co. Tipperary,All years,Number,3517
Vehicle Population,2022,All owners,1401 - 1600 cc,Petrol,Co. Waterford,All years,Number,3086
Vehicle Population,2022,All owners,1401 - 1600 cc,Petrol,Co. Westmeath,All years,Number,1498
Vehicle Population,2022,All owners,1401 - 1600 cc,Petrol,Co. Wexford,All years,Number,3182
Vehicle Population,2022,All owners,1401 - 1600 cc,Petrol,Co. Wicklow,All years,Number,4050
Vehicle Population,2022,All owners,1401 - 1600 cc,Diesel,Co. Carlow,All years,Number,9178
Vehicle Population,2022,All owners,1401 - 1600 cc,Diesel,Co. Cavan,All years,Number,11054
Vehicle Population,2022,All owners,1401 - 1600 cc,Diesel,Co. Clare,All years,Number,18130
Vehicle Population,2022,All owners,1401 - 1600 cc,Diesel,Co. Cork,All years,Number,67312
Vehicle Population,2022,All owners,1401 - 1600 cc,Diesel,Co. Donegal,All years,Number,20346
Vehicle Population,2022,All owners,1401 - 1600 cc,Diesel,Co. Dublin,All years,Number,97692
Vehicle Population,2022,All owners,1401 - 1600 cc,Diesel,Co. Galway,All years,Number,32468
Vehicle Population,2022,All owners,1401 - 1600 cc,Diesel,Co. Kerry,All years,Number,21796
Vehicle Population,2022,All owners,1401 - 1600 cc,Diesel,Co. Kildare,All years,Number,28852
Vehicle Population,2022,All owners,1401 - 1600 cc,Diesel,Co. Kilkenny,All years,Number,14119
Vehicle Population,2022,All owners,1401 - 1600 cc,Diesel,Co. Laois,All years,Number,12380
Vehicle Population,2022,All owners,1401 - 1600 cc,Diesel,Co. Leitrim,All years,Number,4767
Vehicle Population,2022,All owners,1401 - 1600 cc,Diesel,Co. Limerick,All years,Number,25390
Vehicle Population,2022,All owners,1401 - 1600 cc,Diesel,Co. Longford,All years,Number,5393
Vehicle Population,2022,All owners,1401 - 1600 cc,Diesel,Co. Louth,All years,Number,15425
Vehicle Population,2022,All owners,1401 - 1600 cc,Diesel,Co. Mayo,All years,Number,18744
Vehicle Population,2022,All owners,1401 - 1600 cc,Diesel,Co. Meath,All years,Number,26631
Vehicle Population,2022,All owners,1401 - 1600 cc,Diesel,Co. Monaghan,All years,Number,8839
Vehicle Population,2022,All owners,1401 - 1600 cc,Diesel,Co. Offaly,All years,Number,11824
Vehicle Population,2022,All owners,1401 - 1600 cc,Diesel,Co. Roscommon,All years,Number,10094
Vehicle Population,2022,All owners,1401 - 1600 cc,Diesel,Co. Sligo,All years,Number,8285
Vehicle Population,2022,All owners,1401 - 1600 cc,Diesel,Co. Tipperary,All years,Number,25839
Vehicle Population,2022,All owners,1401 - 1600 cc,Diesel,Co. Waterford,All years,Number,15860
Vehicle Population,2022,All owners,1401 - 1600 cc,Diesel,Co. Westmeath,All years,Number,13530
Vehicle Population,2022,All owners,1401 - 1600 cc,Diesel,Co. Wexford,All years,Number,25567
Vehicle Population,2022,All owners,1401 - 1600 cc,Diesel,Co. Wicklow,All years,Number,16267
Vehicle Population,2022,All owners,1401 - 1600 cc,Other fuel types,Co. Carlow,All years,Number,323
Vehicle Population,2022,All owners,1401 - 1600 cc,Other fuel types,Co. Cavan,All years,Number,341
Vehicle Population,2022,All owners,1401 - 1600 cc,Other fuel types,Co. Clare,All years,Number,765
Vehicle Population,2022,All owners,1401 - 1600 cc,Other fuel types,Co. Cork,All years,Number,3870
Vehicle Population,2022,All owners,1401 - 1600 cc,Other fuel types,Co. Donegal,All years,Number,944
Vehicle Population,2022,All owners,1401 - 1600 cc,Other fuel types,Co. Dublin,All years,Number,14268
Vehicle Population,2022,All owners,1401 - 1600 cc,Other fuel types,Co. Galway,All years,Number,1660
Vehicle Population,2022,All owners,1401 - 1600 cc,Other fuel types,Co. Kerry,All years,Number,774
Vehicle Population,2022,All owners,1401 - 1600 cc,Other fuel types,Co. Kildare,All years,Number,2055
Vehicle Population,2022,All owners,1401 - 1600 cc,Other fuel types,Co. Kilkenny,All years,Number,594
Vehicle Population,2022,All owners,1401 - 1600 cc,Other fuel types,Co. Laois,All years,Number,489
Vehicle Population,2022,All owners,1401 - 1600 cc,Other fuel types,Co. Leitrim,All years,Number,146
Vehicle Population,2022,All owners,1401 - 1600 cc,Other fuel types,Co. Limerick,All years,Number,1170
Vehicle Population,2022,All owners,1401 - 1600 cc,Other fuel types,Co. Longford,All years,Number,191
Vehicle Population,2022,All owners,1401 - 1600 cc,Other fuel types,Co. Louth,All years,Number,852
Vehicle Population,2022,All owners,1401 - 1600 cc,Other fuel types,Co. Mayo,All years,Number,580
Vehicle Population,2022,All owners,1401 - 1600 cc,Other fuel types,Co. Meath,All years,Number,1465
Vehicle Population,2022,All owners,1401 - 1600 cc,Other fuel types,Co. Monaghan,All years,Number,195
Vehicle Population,2022,All owners,1401 - 1600 cc,Other fuel types,Co. Offaly,All years,Number,441
Vehicle Population,2022,All owners,1401 - 1600 cc,Other fuel types,Co. Roscommon,All years,Number,308
Vehicle Population,2022,All owners,1401 - 1600 cc,Other fuel types,Co. Sligo,All years,Number,408
Vehicle Population,2022,All owners,1401 - 1600 cc,Other fuel types,Co. Tipperary,All years,Number,911
Vehicle Population,2022,All owners,1401 - 1600 cc,Other fuel types,Co. Waterford,All years,Number,695
Vehicle Population,2022,All owners,1401 - 1600 cc,Other fuel types,Co. Westmeath,All years,Number,568
Vehicle Population,2022,All owners,1401 - 1600 cc,Other fuel types,Co. Wexford,All years,Number,867
Vehicle Population,2022,All owners,1401 - 1600 cc,Other fuel types,Co. Wicklow,All years,Number,1199
Vehicle Population,2022,All owners,1601 - 1800 cc,Petrol,Co. Carlow,All years,Number,243
Vehicle Population,2022,All owners,1601 - 1800 cc,Petrol,Co. Cavan,All years,Number,220
Vehicle Population,2022,All owners,1601 - 1800 cc,Petrol,Co. Clare,All years,Number,499
Vehicle Population,2022,All owners,1601 - 1800 cc,Petrol,Co. Cork,All years,Number,2653
Vehicle Population,2022,All owners,1601 - 1800 cc,Petrol,Co. Donegal,All years,Number,385
Vehicle Population,2022,All owners,1601 - 1800 cc,Petrol,Co. Dublin,All years,Number,9232
Vehicle Population,2022,All owners,1601 - 1800 cc,Petrol,Co. Galway,All years,Number,1123
Vehicle Population,2022,All owners,1601 - 1800 cc,Petrol,Co. Kerry,All years,Number,713
Vehicle Population,2022,All owners,1601 - 1800 cc,Petrol,Co. Kildare,All years,Number,1144
Vehicle Population,2022,All owners,1601 - 1800 cc,Petrol,Co. Kilkenny,All years,Number,384
Vehicle Population,2022,All owners,1601 - 1800 cc,Petrol,Co. Laois,All years,Number,295
Vehicle Population,2022,All owners,1601 - 1800 cc,Petrol,Co. Leitrim,All years,Number,79
Vehicle Population,2022,All owners,1601 - 1800 cc,Petrol,Co. Limerick,All years,Number,793
Vehicle Population,2022,All owners,1601 - 1800 cc,Petrol,Co. Longford,All years,Number,126
Vehicle Population,2022,All owners,1601 - 1800 cc,Petrol,Co. Louth,All years,Number,410
Vehicle Population,2022,All owners,1601 - 1800 cc,Petrol,Co. Mayo,All years,Number,469
Vehicle Population,2022,All owners,1601 - 1800 cc,Petrol,Co. Meath,All years,Number,961
Vehicle Population,2022,All owners,1601 - 1800 cc,Petrol,Co. Monaghan,All years,Number,132
Vehicle Population,2022,All owners,1601 - 1800 cc,Petrol,Co. Offaly,All years,Number,261
Vehicle Population,2022,All owners,1601 - 1800 cc,Petrol,Co. Roscommon,All years,Number,195
Vehicle Population,2022,All owners,1601 - 1800 cc,Petrol,Co. Sligo,All years,Number,232
Vehicle Population,2022,All owners,1601 - 1800 cc,Petrol,Co. Tipperary,All years,Number,631
Vehicle Population,2022,All owners,1601 - 1800 cc,Petrol,Co. Waterford,All years,Number,528
Vehicle Population,2022,All owners,1601 - 1800 cc,Petrol,Co. Westmeath,All years,Number,294
Vehicle Population,2022,All owners,1601 - 1800 cc,Petrol,Co. Wexford,All years,Number,609
Vehicle Population,2022,All owners,1601 - 1800 cc,Petrol,Co. Wicklow,All years,Number,978
Vehicle Population,2022,All owners,1601 - 1800 cc,Diesel,Co. Carlow,All years,Number,1353
Vehicle Population,2022,All owners,1601 - 1800 cc,Diesel,Co. Cavan,All years,Number,1510
Vehicle Population,2022,All owners,1601 - 1800 cc,Diesel,Co. Clare,All years,Number,2696
Vehicle Population,2022,All owners,1601 - 1800 cc,Diesel,Co. Cork,All years,Number,11494
Vehicle Population,2022,All owners,1601 - 1800 cc,Diesel,Co. Donegal,All years,Number,3696
Vehicle Population,2022,All owners,1601 - 1800 cc,Diesel,Co. Dublin,All years,Number,16300
Vehicle Population,2022,All owners,1601 - 1800 cc,Diesel,Co. Galway,All years,Number,5772
Vehicle Population,2022,All owners,1601 - 1800 cc,Diesel,Co. Kerry,All years,Number,4001
Vehicle Population,2022,All owners,1601 - 1800 cc,Diesel,Co. Kildare,All years,Number,5174
Vehicle Population,2022,All owners,1601 - 1800 cc,Diesel,Co. Kilkenny,All years,Number,2244
Vehicle Population,2022,All owners,1601 - 1800 cc,Diesel,Co. Laois,All years,Number,1975
Vehicle Population,2022,All owners,1601 - 1800 cc,Diesel,Co. Leitrim,All years,Number,722
Vehicle Population,2022,All owners,1601 - 1800 cc,Diesel,Co. Limerick,All years,Number,3924
Vehicle Population,2022,All owners,1601 - 1800 cc,Diesel,Co. Longford,All years,Number,966
Vehicle Population,2022,All owners,1601 - 1800 cc,Diesel,Co. Louth,All years,Number,2249
Vehicle Population,2022,All owners,1601 - 1800 cc,Diesel,Co. Mayo,All years,Number,3082
Vehicle Population,2022,All owners,1601 - 1800 cc,Diesel,Co. Meath,All years,Number,4155
Vehicle Population,2022,All owners,1601 - 1800 cc,Diesel,Co. Monaghan,All years,Number,1472
Vehicle Population,2022,All owners,1601 - 1800 cc,Diesel,Co. Offaly,All years,Number,1805
Vehicle Population,2022,All owners,1601 - 1800 cc,Diesel,Co. Roscommon,All years,Number,1510
Vehicle Population,2022,All owners,1601 - 1800 cc,Diesel,Co. Sligo,All years,Number,1473
Vehicle Population,2022,All owners,1601 - 1800 cc,Diesel,Co. Tipperary,All years,Number,3637
Vehicle Population,2022,All owners,1601 - 1800 cc,Diesel,Co. Waterford,All years,Number,2097
Vehicle Population,2022,All owners,1601 - 1800 cc,Diesel,Co. Westmeath,All years,Number,2115
Vehicle Population,2022,All owners,1601 - 1800 cc,Diesel,Co. Wexford,All years,Number,3642
Vehicle Population,2022,All owners,1601 - 1800 cc,Diesel,Co. Wicklow,All years,Number,2897
Vehicle Population,2022,All owners,1601 - 1800 cc,Other fuel types,Co. Carlow,All years,Number,339
Vehicle Population,2022,All owners,1601 - 1800 cc,Other fuel types,Co. Cavan,All years,Number,505
Vehicle Population,2022,All owners,1601 - 1800 cc,Other fuel types,Co. Clare,All years,Number,787
Vehicle Population,2022,All owners,1601 - 1800 cc,Other fuel types,Co. Cork,All years,Number,4455
Vehicle Population,2022,All owners,1601 - 1800 cc,Other fuel types,Co. Donegal,All years,Number,939
Vehicle Population,2022,All owners,1601 - 1800 cc,Other fuel types,Co. Dublin,All years,Number,15679
Vehicle Population,2022,All owners,1601 - 1800 cc,Other fuel types,Co. Galway,All years,Number,2246
Vehicle Population,2022,All owners,1601 - 1800 cc,Other fuel types,Co. Kerry,All years,Number,925
Vehicle Population,2022,All owners,1601 - 1800 cc,Other fuel types,Co. Kildare,All years,Number,2077
Vehicle Population,2022,All owners,1601 - 1800 cc,Other fuel types,Co. Kilkenny,All years,Number,653
Vehicle Population,2022,All owners,1601 - 1800 cc,Other fuel types,Co. Laois,All years,Number,409
Vehicle Population,2022,All owners,1601 - 1800 cc,Other fuel types,Co. Leitrim,All years,Number,167
Vehicle Population,2022,All owners,1601 - 1800 cc,Other fuel types,Co. Limerick,All years,Number,1356
Vehicle Population,2022,All owners,1601 - 1800 cc,Other fuel types,Co. Longford,All years,Number,253
Vehicle Population,2022,All owners,1601 - 1800 cc,Other fuel types,Co. Louth,All years,Number,905
Vehicle Population,2022,All owners,1601 - 1800 cc,Other fuel types,Co. Mayo,All years,Number,776
Vehicle Population,2022,All owners,1601 - 1800 cc,Other fuel types,Co. Meath,All years,Number,1775
Vehicle Population,2022,All owners,1601 - 1800 cc,Other fuel types,Co. Monaghan,All years,Number,282
Vehicle Population,2022,All owners,1601 - 1800 cc,Other fuel types,Co. Offaly,All years,Number,540
Vehicle Population,2022,All owners,1601 - 1800 cc,Other fuel types,Co. Roscommon,All years,Number,559
Vehicle Population,2022,All owners,1601 - 1800 cc,Other fuel types,Co. Sligo,All years,Number,444
Vehicle Population,2022,All owners,1601 - 1800 cc,Other fuel types,Co. Tipperary,All years,Number,1019
Vehicle Population,2022,All owners,1601 - 1800 cc,Other fuel types,Co. Waterford,All years,Number,710
Vehicle Population,2022,All owners,1601 - 1800 cc,Other fuel types,Co. Westmeath,All years,Number,694
Vehicle Population,2022,All owners,1601 - 1800 cc,Other fuel types,Co. Wexford,All years,Number,973
Vehicle Population,2022,All owners,1601 - 1800 cc,Other fuel types,Co. Wicklow,All years,Number,1145
Vehicle Population,2022,All owners,1801 - 2000 cc,Petrol,Co. Carlow,All years,Number,244
Vehicle Population,2022,All owners,1801 - 2000 cc,Petrol,Co. Cavan,All years,Number,223
Vehicle Population,2022,All owners,1801 - 2000 cc,Petrol,Co. Clare,All years,Number,561
Vehicle Population,2022,All owners,1801 - 2000 cc,Petrol,Co. Cork,All years,Number,3314
Vehicle Population,2022,All owners,1801 - 2000 cc,Petrol,Co. Donegal,All years,Number,463
Vehicle Population,2022,All owners,1801 - 2000 cc,Petrol,Co. Dublin,All years,Number,10861
Vehicle Population,2022,All owners,1801 - 2000 cc,Petrol,Co. Galway,All years,Number,1116
Vehicle Population,2022,All owners,1801 - 2000 cc,Petrol,Co. Kerry,All years,Number,701
Vehicle Population,2022,All owners,1801 - 2000 cc,Petrol,Co. Kildare,All years,Number,1368
Vehicle Population,2022,All owners,1801 - 2000 cc,Petrol,Co. Kilkenny,All years,Number,360
Vehicle Population,2022,All owners,1801 - 2000 cc,Petrol,Co. Laois,All years,Number,296
Vehicle Population,2022,All owners,1801 - 2000 cc,Petrol,Co. Leitrim,All years,Number,102
Vehicle Population,2022,All owners,1801 - 2000 cc,Petrol,Co. Limerick,All years,Number,804
Vehicle Population,2022,All owners,1801 - 2000 cc,Petrol,Co. Longford,All years,Number,124
Vehicle Population,2022,All owners,1801 - 2000 cc,Petrol,Co. Louth,All years,Number,521
Vehicle Population,2022,All owners,1801 - 2000 cc,Petrol,Co. Mayo,All years,Number,424
Vehicle Population,2022,All owners,1801 - 2000 cc,Petrol,Co. Meath,All years,Number,1076
Vehicle Population,2022,All owners,1801 - 2000 cc,Petrol,Co. Monaghan,All years,Number,170
Vehicle Population,2022,All owners,1801 - 2000 cc,Petrol,Co. Offaly,All years,Number,237
Vehicle Population,2022,All owners,1801 - 2000 cc,Petrol,Co. Roscommon,All years,Number,186
Vehicle Population,2022,All owners,1801 - 2000 cc,Petrol,Co. Sligo,All years,Number,271
Vehicle Population,2022,All owners,1801 - 2000 cc,Petrol,Co. Tipperary,All years,Number,629
Vehicle Population,2022,All owners,1801 - 2000 cc,Petrol,Co. Waterford,All years,Number,595
Vehicle Population,2022,All owners,1801 - 2000 cc,Petrol,Co. Westmeath,All years,Number,316
Vehicle Population,2022,All owners,1801 - 2000 cc,Petrol,Co. Wexford,All years,Number,645
Vehicle Population,2022,All owners,1801 - 2000 cc,Petrol,Co. Wicklow,All years,Number,1253
Vehicle Population,2022,All owners,1801 - 2000 cc,Diesel,Co. Carlow,All years,Number,6940
Vehicle Population,2022,All owners,1801 - 2000 cc,Diesel,Co. Cavan,All years,Number,8970
Vehicle Population,2022,All owners,1801 - 2000 cc,Diesel,Co. Clare,All years,Number,12536
Vehicle Population,2022,All owners,1801 - 2000 cc,Diesel,Co. Cork,All years,Number,51574
Vehicle Population,2022,All owners,1801 - 2000 cc,Diesel,Co. Donegal,All years,Number,17005
Vehicle Population,2022,All owners,1801 - 2000 cc,Diesel,Co. Dublin,All years,Number,88456
Vehicle Population,2022,All owners,1801 - 2000 cc,Diesel,Co. Galway,All years,Number,29318
Vehicle Population,2022,All owners,1801 - 2000 cc,Diesel,Co. Kerry,All years,Number,15611
Vehicle Population,2022,All owners,1801 - 2000 cc,Diesel,Co. Kildare,All years,Number,22343
Vehicle Population,2022,All owners,1801 - 2000 cc,Diesel,Co. Kilkenny,All years,Number,10109
Vehicle Population,2022,All owners,1801 - 2000 cc,Diesel,Co. Laois,All years,Number,8657
Vehicle Population,2022,All owners,1801 - 2000 cc,Diesel,Co. Leitrim,All years,Number,4404
Vehicle Population,2022,All owners,1801 - 2000 cc,Diesel,Co. Limerick,All years,Number,18781
Vehicle Population,2022,All owners,1801 - 2000 cc,Diesel,Co. Longford,All years,Number,5124
Vehicle Population,2022,All owners,1801 - 2000 cc,Diesel,Co. Louth,All years,Number,11044
Vehicle Population,2022,All owners,1801 - 2000 cc,Diesel,Co. Mayo,All years,Number,16777
Vehicle Population,2022,All owners,1801 - 2000 cc,Diesel,Co. Meath,All years,Number,21013
Vehicle Population,2022,All owners,1801 - 2000 cc,Diesel,Co. Monaghan,All years,Number,7650
Vehicle Population,2022,All owners,1801 - 2000 cc,Diesel,Co. Offaly,All years,Number,8667
Vehicle Population,2022,All owners,1801 - 2000 cc,Diesel,Co. Roscommon,All years,Number,8363
Vehicle Population,2022,All owners,1801 - 2000 cc,Diesel,Co. Sligo,All years,Number,7339
Vehicle Population,2022,All owners,1801 - 2000 cc,Diesel,Co. Tipperary,All years,Number,19709
Vehicle Population,2022,All owners,1801 - 2000 cc,Diesel,Co. Waterford,All years,Number,11267
Vehicle Population,2022,All owners,1801 - 2000 cc,Diesel,Co. Westmeath,All years,Number,10682
Vehicle Population,2022,All owners,1801 - 2000 cc,Diesel,Co. Wexford,All years,Number,16958
Vehicle Population,2022,All owners,1801 - 2000 cc,Diesel,Co. Wicklow,All years,Number,13393
Vehicle Population,2022,All owners,1801 - 2000 cc,Other fuel types,Co. Carlow,All years,Number,144
Vehicle Population,2022,All owners,1801 - 2000 cc,Other fuel types,Co. Cavan,All years,Number,128
Vehicle Population,2022,All owners,1801 - 2000 cc,Other fuel types,Co. Clare,All years,Number,276
Vehicle Population,2022,All owners,1801 - 2000 cc,Other fuel types,Co. Cork,All years,Number,2024
Vehicle Population,2022,All owners,1801 - 2000 cc,Other fuel types,Co. Donegal,All years,Number,290
Vehicle Population,2022,All owners,1801 - 2000 cc,Other fuel types,Co. Dublin,All years,Number,8834
Vehicle Population,2022,All owners,1801 - 2000 cc,Other fuel types,Co. Galway,All years,Number,849
Vehicle Population,2022,All owners,1801 - 2000 cc,Other fuel types,Co. Kerry,All years,Number,275
Vehicle Population,2022,All owners,1801 - 2000 cc,Other fuel types,Co. Kildare,All years,Number,1091
Vehicle Population,2022,All owners,1801 - 2000 cc,Other fuel types,Co. Kilkenny,All years,Number,208
Vehicle Population,2022,All owners,1801 - 2000 cc,Other fuel types,Co. Laois,All years,Number,179
Vehicle Population,2022,All owners,1801 - 2000 cc,Other fuel types,Co. Leitrim,All years,Number,41
Vehicle Population,2022,All owners,1801 - 2000 cc,Other fuel types,Co. Limerick,All years,Number,419
Vehicle Population,2022,All owners,1801 - 2000 cc,Other fuel types,Co. Longford,All years,Number,74
Vehicle Population,2022,All owners,1801 - 2000 cc,Other fuel types,Co. Louth,All years,Number,347
Vehicle Population,2022,All owners,1801 - 2000 cc,Other fuel types,Co. Mayo,All years,Number,222
Vehicle Population,2022,All owners,1801 - 2000 cc,Other fuel types,Co. Meath,All years,Number,843
Vehicle Population,2022,All owners,1801 - 2000 cc,Other fuel types,Co. Monaghan,All years,Number,119
Vehicle Population,2022,All owners,1801 - 2000 cc,Other fuel types,Co. Offaly,All years,Number,112
Vehicle Population,2022,All owners,1801 - 2000 cc,Other fuel types,Co. Roscommon,All years,Number,99
Vehicle Population,2022,All owners,1801 - 2000 cc,Other fuel types,Co. Sligo,All years,Number,109
Vehicle Population,2022,All owners,1801 - 2000 cc,Other fuel types,Co. Tipperary,All years,Number,284
Vehicle Population,2022,All owners,1801 - 2000 cc,Other fuel types,Co. Waterford,All years,Number,352
Vehicle Population,2022,All owners,1801 - 2000 cc,Other fuel types,Co. Westmeath,All years,Number,201
Vehicle Population,2022,All owners,1801 - 2000 cc,Other fuel types,Co. Wexford,All years,Number,317
Vehicle Population,2022,All owners,1801 - 2000 cc,Other fuel types,Co. Wicklow,All years,Number,677
Vehicle Population,2022,All owners,Over 2000 cc,Petrol,Co. Carlow,All years,Number,49
Vehicle Population,2022,All owners,Over 2000 cc,Petrol,Co. Cavan,All years,Number,59
Vehicle Population,2022,All owners,Over 2000 cc,Petrol,Co. Clare,All years,Number,116
Vehicle Population,2022,All owners,Over 2000 cc,Petrol,Co. Cork,All years,Number,797
Vehicle Population,2022,All owners,Over 2000 cc,Petrol,Co. Donegal,All years,Number,99
Vehicle Population,2022,All owners,Over 2000 cc,Petrol,Co. Dublin,All years,Number,3792
Vehicle Population,2022,All owners,Over 2000 cc,Petrol,Co. Galway,All years,Number,301
Vehicle Population,2022,All owners,Over 2000 cc,Petrol,Co. Kerry,All years,Number,158
Vehicle Population,2022,All owners,Over 2000 cc,Petrol,Co. Kildare,All years,Number,401
Vehicle Population,2022,All owners,Over 2000 cc,Petrol,Co. Kilkenny,All years,Number,109
Vehicle Population,2022,All owners,Over 2000 cc,Petrol,Co. Laois,All years,Number,65
Vehicle Population,2022,All owners,Over 2000 cc,Petrol,Co. Leitrim,All years,Number,25
Vehicle Population,2022,All owners,Over 2000 cc,Petrol,Co. Limerick,All years,Number,207
Vehicle Population,2022,All owners,Over 2000 cc,Petrol,Co. Longford,All years,Number,36
Vehicle Population,2022,All owners,Over 2000 cc,Petrol,Co. Louth,All years,Number,150
Vehicle Population,2022,All owners,Over 2000 cc,Petrol,Co. Mayo,All years,Number,98
Vehicle Population,2022,All owners,Over 2000 cc,Petrol,Co. Meath,All years,Number,307
Vehicle Population,2022,All owners,Over 2000 cc,Petrol,Co. Monaghan,All years,Number,41
Vehicle Population,2022,All owners,Over 2000 cc,Petrol,Co. Offaly,All years,Number,73
Vehicle Population,2022,All owners,Over 2000 cc,Petrol,Co. Roscommon,All years,Number,48
Vehicle Population,2022,All owners,Over 2000 cc,Petrol,Co. Sligo,All years,Number,41
Vehicle Population,2022,All owners,Over 2000 cc,Petrol,Co. Tipperary,All years,Number,155
Vehicle Population,2022,All owners,Over 2000 cc,Petrol,Co. Waterford,All years,Number,140
Vehicle Population,2022,All owners,Over 2000 cc,Petrol,Co. Westmeath,All years,Number,82
Vehicle Population,2022,All owners,Over 2000 cc,Petrol,Co. Wexford,All years,Number,148
Vehicle Population,2022,All owners,Over 2000 cc,Petrol,Co. Wicklow,All years,Number,405
Vehicle Population,2022,All owners,Over 2000 cc,Diesel,Co. Carlow,All years,Number,1416
Vehicle Population,2022,All owners,Over 2000 cc,Diesel,Co. Cavan,All years,Number,1539
Vehicle Population,2022,All owners,Over 2000 cc,Diesel,Co. Clare,All years,Number,2403
Vehicle Population,2022,All owners,Over 2000 cc,Diesel,Co. Cork,All years,Number,10846
Vehicle Population,2022,All owners,Over 2000 cc,Diesel,Co. Donegal,All years,Number,2437
Vehicle Population,2022,All owners,Over 2000 cc,Diesel,Co. Dublin,All years,Number,25104
Vehicle Population,2022,All owners,Over 2000 cc,Diesel,Co. Galway,All years,Number,5254
Vehicle Population,2022,All owners,Over 2000 cc,Diesel,Co. Kerry,All years,Number,3085
Vehicle Population,2022,All owners,Over 2000 cc,Diesel,Co. Kildare,All years,Number,5909
Vehicle Population,2022,All owners,Over 2000 cc,Diesel,Co. Kilkenny,All years,Number,2351
Vehicle Population,2022,All owners,Over 2000 cc,Diesel,Co. Laois,All years,Number,1875
Vehicle Population,2022,All owners,Over 2000 cc,Diesel,Co. Leitrim,All years,Number,569
Vehicle Population,2022,All owners,Over 2000 cc,Diesel,Co. Limerick,All years,Number,3974
Vehicle Population,2022,All owners,Over 2000 cc,Diesel,Co. Longford,All years,Number,816
Vehicle Population,2022,All owners,Over 2000 cc,Diesel,Co. Louth,All years,Number,2437
Vehicle Population,2022,All owners,Over 2000 cc,Diesel,Co. Mayo,All years,Number,2696
Vehicle Population,2022,All owners,Over 2000 cc,Diesel,Co. Meath,All years,Number,5600
Vehicle Population,2022,All owners,Over 2000 cc,Diesel,Co. Monaghan,All years,Number,1264
Vehicle Population,2022,All owners,Over 2000 cc,Diesel,Co. Offaly,All years,Number,1597
Vehicle Population,2022,All owners,Over 2000 cc,Diesel,Co. Roscommon,All years,Number,1239
Vehicle Population,2022,All owners,Over 2000 cc,Diesel,Co. Sligo,All years,Number,1102
Vehicle Population,2022,All owners,Over 2000 cc,Diesel,Co. Tipperary,All years,Number,3875
Vehicle Population,2022,All owners,Over 2000 cc,Diesel,Co. Waterford,All years,Number,2689
Vehicle Population,2022,All owners,Over 2000 cc,Diesel,Co. Westmeath,All years,Number,1853
Vehicle Population,2022,All owners,Over 2000 cc,Diesel,Co. Wexford,All years,Number,3944
Vehicle Population,2022,All owners,Over 2000 cc,Diesel,Co. Wicklow,All years,Number,3875
Vehicle Population,2022,All owners,Over 2000 cc,Other fuel types,Co. Carlow,All years,Number,179
Vehicle Population,2022,All owners,Over 2000 cc,Other fuel types,Co. Cavan,All years,Number,278
Vehicle Population,2022,All owners,Over 2000 cc,Other fuel types,Co. Clare,All years,Number,370
Vehicle Population,2022,All owners,Over 2000 cc,Other fuel types,Co. Cork,All years,Number,2695
Vehicle Population,2022,All owners,Over 2000 cc,Other fuel types,Co. Donegal,All years,Number,413
Vehicle Population,2022,All owners,Over 2000 cc,Other fuel types,Co. Dublin,All years,Number,9748
Vehicle Population,2022,All owners,Over 2000 cc,Other fuel types,Co. Galway,All years,Number,1287
Vehicle Population,2022,All owners,Over 2000 cc,Other fuel types,Co. Kerry,All years,Number,492
Vehicle Population,2022,All owners,Over 2000 cc,Other fuel types,Co. Kildare,All years,Number,1148
Vehicle Population,2022,All owners,Over 2000 cc,Other fuel types,Co. Kilkenny,All years,Number,260
Vehicle Population,2022,All owners,Over 2000 cc,Other fuel types,Co. Laois,All years,Number,221
Vehicle Population,2022,All owners,Over 2000 cc,Other fuel types,Co. Leitrim,All years,Number,67
Vehicle Population,2022,All owners,Over 2000 cc,Other fuel types,Co. Limerick,All years,Number,633
Vehicle Population,2022,All owners,Over 2000 cc,Other fuel types,Co. Longford,All years,Number,137
Vehicle Population,2022,All owners,Over 2000 cc,Other fuel types,Co. Louth,All years,Number,457
Vehicle Population,2022,All owners,Over 2000 cc,Other fuel types,Co. Mayo,All years,Number,416
Vehicle Population,2022,All owners,Over 2000 cc,Other fuel types,Co. Meath,All years,Number,1075
Vehicle Population,2022,All owners,Over 2000 cc,Other fuel types,Co. Monaghan,All years,Number,143
Vehicle Population,2022,All owners,Over 2000 cc,Other fuel types,Co. Offaly,All years,Number,259
Vehicle Population,2022,All owners,Over 2000 cc,Other fuel types,Co. Roscommon,All years,Number,246
Vehicle Population,2022,All owners,Over 2000 cc,Other fuel types,Co. Sligo,All years,Number,170
Vehicle Population,2022,All owners,Over 2000 cc,Other fuel types,Co. Tipperary,All years,Number,516
Vehicle Population,2022,All owners,Over 2000 cc,Other fuel types,Co. Waterford,All years,Number,358
Vehicle Population,2022,All owners,Over 2000 cc,Other fuel types,Co. Westmeath,All years,Number,346
Vehicle Population,2022,All owners,Over 2000 cc,Other fuel types,Co. Wexford,All years,Number,410
Vehicle Population,2022,All owners,Over 2000 cc,Other fuel types,Co. Wicklow,All years,Number,810
Vehicle Population,2023,All owners,Up to 1000 cc,Petrol,Co. Carlow,All years,Number,2305
Vehicle Population,2023,All owners,Up to 1000 cc,Petrol,Co. Cavan,All years,Number,2538
Vehicle Population,2023,All owners,Up to 1000 cc,Petrol,Co. Clare,All years,Number,5256
Vehicle Population,2023,All owners,Up to 1000 cc,Petrol,Co. Cork,All years,Number,29879
Vehicle Population,2023,All owners,Up to 1000 cc,Petrol,Co. Donegal,All years,Number,5110
Vehicle Population,2023,All owners,Up to 1000 cc,Petrol,Co. Dublin,All years,Number,65754
Vehicle Population,2023,All owners,Up to 1000 cc,Petrol,Co. Galway,All years,Number,9329
Vehicle Population,2023,All owners,Up to 1000 cc,Petrol,Co. Kerry,All years,Number,6168
Vehicle Population,2023,All owners,Up to 1000 cc,Petrol,Co. Kildare,All years,Number,11202
Vehicle Population,2023,All owners,Up to 1000 cc,Petrol,Co. Kilkenny,All years,Number,3986
Vehicle Population,2023,All owners,Up to 1000 cc,Petrol,Co. Laois,All years,Number,2848
Vehicle Population,2023,All owners,Up to 1000 cc,Petrol,Co. Leitrim,All years,Number,1101
Vehicle Population,2023,All owners,Up to 1000 cc,Petrol,Co. Limerick,All years,Number,9000
Vehicle Population,2023,All owners,Up to 1000 cc,Petrol,Co. Longford,All years,Number,1270
Vehicle Population,2023,All owners,Up to 1000 cc,Petrol,Co. Louth,All years,Number,6319
Vehicle Population,2023,All owners,Up to 1000 cc,Petrol,Co. Mayo,All years,Number,4575
Vehicle Population,2023,All owners,Up to 1000 cc,Petrol,Co. Meath,All years,Number,8269
Vehicle Population,2023,All owners,Up to 1000 cc,Petrol,Co. Monaghan,All years,Number,1753
Vehicle Population,2023,All owners,Up to 1000 cc,Petrol,Co. Offaly,All years,Number,2595
Vehicle Population,2023,All owners,Up to 1000 cc,Petrol,Co. Roscommon,All years,Number,4070
Vehicle Population,2023,All owners,Up to 1000 cc,Petrol,Co. Sligo,All years,Number,2696
Vehicle Population,2023,All owners,Up to 1000 cc,Petrol,Co. Tipperary,All years,Number,6208
Vehicle Population,2023,All owners,Up to 1000 cc,Petrol,Co. Waterford,All years,Number,7185
Vehicle Population,2023,All owners,Up to 1000 cc,Petrol,Co. Westmeath,All years,Number,3136
Vehicle Population,2023,All owners,Up to 1000 cc,Petrol,Co. Wexford,All years,Number,6993
Vehicle Population,2023,All owners,Up to 1000 cc,Petrol,Co. Wicklow,All years,Number,6851
Vehicle Population,2023,All owners,Up to 1000 cc,Diesel,Co. Carlow,All years,Number,0
Vehicle Population,2023,All owners,Up to 1000 cc,Diesel,Co. Cavan,All years,Number,1
Vehicle Population,2023,All owners,Up to 1000 cc,Diesel,Co. Clare,All years,Number,8
Vehicle Population,2023,All owners,Up to 1000 cc,Diesel,Co. Cork,All years,Number,25
Vehicle Population,2023,All owners,Up to 1000 cc,Diesel,Co. Donegal,All years,Number,6
Vehicle Population,2023,All owners,Up to 1000 cc,Diesel,Co. Dublin,All years,Number,88
Vehicle Population,2023,All owners,Up to 1000 cc,Diesel,Co. Galway,All years,Number,17
Vehicle Population,2023,All owners,Up to 1000 cc,Diesel,Co. Kerry,All years,Number,6
Vehicle Population,2023,All owners,Up to 1000 cc,Diesel,Co. Kildare,All years,Number,2
Vehicle Population,2023,All owners,Up to 1000 cc,Diesel,Co. Kilkenny,All years,Number,1
Vehicle Population,2023,All owners,Up to 1000 cc,Diesel,Co. Laois,All years,Number,1
Vehicle Population,2023,All owners,Up to 1000 cc,Diesel,Co. Leitrim,All years,Number,0
Vehicle Population,2023,All owners,Up to 1000 cc,Diesel,Co. Limerick,All years,Number,3
Vehicle Population,2023,All owners,Up to 1000 cc,Diesel,Co. Longford,All years,Number,1
Vehicle Population,2023,All owners,Up to 1000 cc,Diesel,Co. Louth,All years,Number,7
Vehicle Population,2023,All owners,Up to 1000 cc,Diesel,Co. Mayo,All years,Number,5
Vehicle Population,2023,All owners,Up to 1000 cc,Diesel,Co. Meath,All years,Number,9
Vehicle Population,2023,All owners,Up to 1000 cc,Diesel,Co. Monaghan,All years,Number,3
Vehicle Population,2023,All owners,Up to 1000 cc,Diesel,Co. Offaly,All years,Number,2
Vehicle Population,2023,All owners,Up to 1000 cc,Diesel,Co. Roscommon,All years,Number,2
Vehicle Population,2023,All owners,Up to 1000 cc,Diesel,Co. Sligo,All years,Number,0
Vehicle Population,2023,All owners,Up to 1000 cc,Diesel,Co. Tipperary,All years,Number,7
Vehicle Population,2023,All owners,Up to 1000 cc,Diesel,Co. Waterford,All years,Number,7
Vehicle Population,2023,All owners,Up to 1000 cc,Diesel,Co. Westmeath,All years,Number,7
Vehicle Population,2023,All owners,Up to 1000 cc,Diesel,Co. Wexford,All years,Number,10
Vehicle Population,2023,All owners,Up to 1000 cc,Diesel,Co. Wicklow,All years,Number,6
Vehicle Population,2023,All owners,Up to 1000 cc,Other fuel types,Co. Carlow,All years,Number,546
Vehicle Population,2023,All owners,Up to 1000 cc,Other fuel types,Co. Cavan,All years,Number,501
Vehicle Population,2023,All owners,Up to 1000 cc,Other fuel types,Co. Clare,All years,Number,1259
Vehicle Population,2023,All owners,Up to 1000 cc,Other fuel types,Co. Cork,All years,Number,6313
Vehicle Population,2023,All owners,Up to 1000 cc,Other fuel types,Co. Donegal,All years,Number,797
Vehicle Population,2023,All owners,Up to 1000 cc,Other fuel types,Co. Dublin,All years,Number,21984
Vehicle Population,2023,All owners,Up to 1000 cc,Other fuel types,Co. Galway,All years,Number,2352
Vehicle Population,2023,All owners,Up to 1000 cc,Other fuel types,Co. Kerry,All years,Number,1042
Vehicle Population,2023,All owners,Up to 1000 cc,Other fuel types,Co. Kildare,All years,Number,3457
Vehicle Population,2023,All owners,Up to 1000 cc,Other fuel types,Co. Kilkenny,All years,Number,858
Vehicle Population,2023,All owners,Up to 1000 cc,Other fuel types,Co. Laois,All years,Number,644
Vehicle Population,2023,All owners,Up to 1000 cc,Other fuel types,Co. Leitrim,All years,Number,187
Vehicle Population,2023,All owners,Up to 1000 cc,Other fuel types,Co. Limerick,All years,Number,1632
Vehicle Population,2023,All owners,Up to 1000 cc,Other fuel types,Co. Longford,All years,Number,216
Vehicle Population,2023,All owners,Up to 1000 cc,Other fuel types,Co. Louth,All years,Number,1275
Vehicle Population,2023,All owners,Up to 1000 cc,Other fuel types,Co. Mayo,All years,Number,797
Vehicle Population,2023,All owners,Up to 1000 cc,Other fuel types,Co. Meath,All years,Number,2743
Vehicle Population,2023,All owners,Up to 1000 cc,Other fuel types,Co. Monaghan,All years,Number,280
Vehicle Population,2023,All owners,Up to 1000 cc,Other fuel types,Co. Offaly,All years,Number,491
Vehicle Population,2023,All owners,Up to 1000 cc,Other fuel types,Co. Roscommon,All years,Number,384
Vehicle Population,2023,All owners,Up to 1000 cc,Other fuel types,Co. Sligo,All years,Number,548
Vehicle Population,2023,All owners,Up to 1000 cc,Other fuel types,Co. Tipperary,All years,Number,1179
Vehicle Population,2023,All owners,Up to 1000 cc,Other fuel types,Co. Waterford,All years,Number,1169
Vehicle Population,2023,All owners,Up to 1000 cc,Other fuel types,Co. Westmeath,All years,Number,828
Vehicle Population,2023,All owners,Up to 1000 cc,Other fuel types,Co. Wexford,All years,Number,1584
Vehicle Population,2023,All owners,Up to 1000 cc,Other fuel types,Co. Wicklow,All years,Number,2461
Vehicle Population,2023,All owners,1001 - 1200 cc,Petrol,Co. Carlow,All years,Number,1633
Vehicle Population,2023,All owners,1001 - 1200 cc,Petrol,Co. Cavan,All years,Number,1469
Vehicle Population,2023,All owners,1001 - 1200 cc,Petrol,Co. Clare,All years,Number,3419
Vehicle Population,2023,All owners,1001 - 1200 cc,Petrol,Co. Cork,All years,Number,18087
Vehicle Population,2023,All owners,1001 - 1200 cc,Petrol,Co. Donegal,All years,Number,3115
Vehicle Population,2023,All owners,1001 - 1200 cc,Petrol,Co. Dublin,All years,Number,51031
Vehicle Population,2023,All owners,1001 - 1200 cc,Petrol,Co. Galway,All years,Number,6342
Vehicle Population,2023,All owners,1001 - 1200 cc,Petrol,Co. Kerry,All years,Number,4318
Vehicle Population,2023,All owners,1001 - 1200 cc,Petrol,Co. Kildare,All years,Number,8158
Vehicle Population,2023,All owners,1001 - 1200 cc,Petrol,Co. Kilkenny,All years,Number,2725
Vehicle Population,2023,All owners,1001 - 1200 cc,Petrol,Co. Laois,All years,Number,1826
Vehicle Population,2023,All owners,1001 - 1200 cc,Petrol,Co. Leitrim,All years,Number,708
Vehicle Population,2023,All owners,1001 - 1200 cc,Petrol,Co. Limerick,All years,Number,5706
Vehicle Population,2023,All owners,1001 - 1200 cc,Petrol,Co. Longford,All years,Number,745
Vehicle Population,2023,All owners,1001 - 1200 cc,Petrol,Co. Louth,All years,Number,4384
Vehicle Population,2023,All owners,1001 - 1200 cc,Petrol,Co. Mayo,All years,Number,2626
Vehicle Population,2023,All owners,1001 - 1200 cc,Petrol,Co. Meath,All years,Number,6306
Vehicle Population,2023,All owners,1001 - 1200 cc,Petrol,Co. Monaghan,All years,Number,1164
Vehicle Population,2023,All owners,1001 - 1200 cc,Petrol,Co. Offaly,All years,Number,1784
Vehicle Population,2023,All owners,1001 - 1200 cc,Petrol,Co. Roscommon,All years,Number,1706
Vehicle Population,2023,All owners,1001 - 1200 cc,Petrol,Co. Sligo,All years,Number,1651
Vehicle Population,2023,All owners,1001 - 1200 cc,Petrol,Co. Tipperary,All years,Number,4373
Vehicle Population,2023,All owners,1001 - 1200 cc,Petrol,Co. Waterford,All years,Number,4956
Vehicle Population,2023,All owners,1001 - 1200 cc,Petrol,Co. Westmeath,All years,Number,2113
Vehicle Population,2023,All owners,1001 - 1200 cc,Petrol,Co. Wexford,All years,Number,4516
Vehicle Population,2023,All owners,1001 - 1200 cc,Petrol,Co. Wicklow,All years,Number,5617
Vehicle Population,2023,All owners,1001 - 1200 cc,Diesel,Co. Carlow,All years,Number,80
Vehicle Population,2023,All owners,1001 - 1200 cc,Diesel,Co. Cavan,All years,Number,80
Vehicle Population,2023,All owners,1001 - 1200 cc,Diesel,Co. Clare,All years,Number,130
Vehicle Population,2023,All owners,1001 - 1200 cc,Diesel,Co. Cork,All years,Number,535
Vehicle Population,2023,All owners,1001 - 1200 cc,Diesel,Co. Donegal,All years,Number,160
Vehicle Population,2023,All owners,1001 - 1200 cc,Diesel,Co. Dublin,All years,Number,634
Vehicle Population,2023,All owners,1001 - 1200 cc,Diesel,Co. Galway,All years,Number,206
Vehicle Population,2023,All owners,1001 - 1200 cc,Diesel,Co. Kerry,All years,Number,116
Vehicle Population,2023,All owners,1001 - 1200 cc,Diesel,Co. Kildare,All years,Number,242
Vehicle Population,2023,All owners,1001 - 1200 cc,Diesel,Co. Kilkenny,All years,Number,160
Vehicle Population,2023,All owners,1001 - 1200 cc,Diesel,Co. Laois,All years,Number,107
Vehicle Population,2023,All owners,1001 - 1200 cc,Diesel,Co. Leitrim,All years,Number,37
Vehicle Population,2023,All owners,1001 - 1200 cc,Diesel,Co. Limerick,All years,Number,156
Vehicle Population,2023,All owners,1001 - 1200 cc,Diesel,Co. Longford,All years,Number,50
Vehicle Population,2023,All owners,1001 - 1200 cc,Diesel,Co. Louth,All years,Number,170
Vehicle Population,2023,All owners,1001 - 1200 cc,Diesel,Co. Mayo,All years,Number,122
Vehicle Population,2023,All owners,1001 - 1200 cc,Diesel,Co. Meath,All years,Number,214
Vehicle Population,2023,All owners,1001 - 1200 cc,Diesel,Co. Monaghan,All years,Number,83
Vehicle Population,2023,All owners,1001 - 1200 cc,Diesel,Co. Offaly,All years,Number,90
Vehicle Population,2023,All owners,1001 - 1200 cc,Diesel,Co. Roscommon,All years,Number,74
Vehicle Population,2023,All owners,1001 - 1200 cc,Diesel,Co. Sligo,All years,Number,62
Vehicle Population,2023,All owners,1001 - 1200 cc,Diesel,Co. Tipperary,All years,Number,186
Vehicle Population,2023,All owners,1001 - 1200 cc,Diesel,Co. Waterford,All years,Number,119
Vehicle Population,2023,All owners,1001 - 1200 cc,Diesel,Co. Westmeath,All years,Number,132
Vehicle Population,2023,All owners,1001 - 1200 cc,Diesel,Co. Wexford,All years,Number,187
Vehicle Population,2023,All owners,1001 - 1200 cc,Diesel,Co. Wicklow,All years,Number,160
Vehicle Population,2023,All owners,1001 - 1200 cc,Other fuel types,Co. Carlow,All years,Number,81
Vehicle Population,2023,All owners,1001 - 1200 cc,Other fuel types,Co. Cavan,All years,Number,79
Vehicle Population,2023,All owners,1001 - 1200 cc,Other fuel types,Co. Clare,All years,Number,148
Vehicle Population,2023,All owners,1001 - 1200 cc,Other fuel types,Co. Cork,All years,Number,838
Vehicle Population,2023,All owners,1001 - 1200 cc,Other fuel types,Co. Donegal,All years,Number,132
Vehicle Population,2023,All owners,1001 - 1200 cc,Other fuel types,Co. Dublin,All years,Number,1585
Vehicle Population,2023,All owners,1001 - 1200 cc,Other fuel types,Co. Galway,All years,Number,225
Vehicle Population,2023,All owners,1001 - 1200 cc,Other fuel types,Co. Kerry,All years,Number,211
Vehicle Population,2023,All owners,1001 - 1200 cc,Other fuel types,Co. Kildare,All years,Number,382
Vehicle Population,2023,All owners,1001 - 1200 cc,Other fuel types,Co. Kilkenny,All years,Number,93
Vehicle Population,2023,All owners,1001 - 1200 cc,Other fuel types,Co. Laois,All years,Number,83
Vehicle Population,2023,All owners,1001 - 1200 cc,Other fuel types,Co. Leitrim,All years,Number,34
Vehicle Population,2023,All owners,1001 - 1200 cc,Other fuel types,Co. Limerick,All years,Number,245
Vehicle Population,2023,All owners,1001 - 1200 cc,Other fuel types,Co. Longford,All years,Number,29
Vehicle Population,2023,All owners,1001 - 1200 cc,Other fuel types,Co. Louth,All years,Number,172
Vehicle Population,2023,All owners,1001 - 1200 cc,Other fuel types,Co. Mayo,All years,Number,49
Vehicle Population,2023,All owners,1001 - 1200 cc,Other fuel types,Co. Meath,All years,Number,322
Vehicle Population,2023,All owners,1001 - 1200 cc,Other fuel types,Co. Monaghan,All years,Number,36
Vehicle Population,2023,All owners,1001 - 1200 cc,Other fuel types,Co. Offaly,All years,Number,73
Vehicle Population,2023,All owners,1001 - 1200 cc,Other fuel types,Co. Roscommon,All years,Number,53
Vehicle Population,2023,All owners,1001 - 1200 cc,Other fuel types,Co. Sligo,All years,Number,51
Vehicle Population,2023,All owners,1001 - 1200 cc,Other fuel types,Co. Tipperary,All years,Number,169
Vehicle Population,2023,All owners,1001 - 1200 cc,Other fuel types,Co. Waterford,All years,Number,171
Vehicle Population,2023,All owners,1001 - 1200 cc,Other fuel types,Co. Westmeath,All years,Number,109
Vehicle Population,2023,All owners,1001 - 1200 cc,Other fuel types,Co. Wexford,All years,Number,270
Vehicle Population,2023,All owners,1001 - 1200 cc,Other fuel types,Co. Wicklow,All years,Number,188
Vehicle Population,2023,All owners,1201 - 1400 cc,Petrol,Co. Carlow,All years,Number,3185
Vehicle Population,2023,All owners,1201 - 1400 cc,Petrol,Co. Cavan,All years,Number,2995
Vehicle Population,2023,All owners,1201 - 1400 cc,Petrol,Co. Clare,All years,Number,7286
Vehicle Population,2023,All owners,1201 - 1400 cc,Petrol,Co. Cork,All years,Number,38235
Vehicle Population,2023,All owners,1201 - 1400 cc,Petrol,Co. Donegal,All years,Number,7835
Vehicle Population,2023,All owners,1201 - 1400 cc,Petrol,Co. Dublin,All years,Number,84307
Vehicle Population,2023,All owners,1201 - 1400 cc,Petrol,Co. Galway,All years,Number,14745
Vehicle Population,2023,All owners,1201 - 1400 cc,Petrol,Co. Kerry,All years,Number,9824
Vehicle Population,2023,All owners,1201 - 1400 cc,Petrol,Co. Kildare,All years,Number,13553
Vehicle Population,2023,All owners,1201 - 1400 cc,Petrol,Co. Kilkenny,All years,Number,5186
Vehicle Population,2023,All owners,1201 - 1400 cc,Petrol,Co. Laois,All years,Number,3668
Vehicle Population,2023,All owners,1201 - 1400 cc,Petrol,Co. Leitrim,All years,Number,1632
Vehicle Population,2023,All owners,1201 - 1400 cc,Petrol,Co. Limerick,All years,Number,12059
Vehicle Population,2023,All owners,1201 - 1400 cc,Petrol,Co. Longford,All years,Number,1707
Vehicle Population,2023,All owners,1201 - 1400 cc,Petrol,Co. Louth,All years,Number,6072
Vehicle Population,2023,All owners,1201 - 1400 cc,Petrol,Co. Mayo,All years,Number,7158
Vehicle Population,2023,All owners,1201 - 1400 cc,Petrol,Co. Meath,All years,Number,10410
Vehicle Population,2023,All owners,1201 - 1400 cc,Petrol,Co. Monaghan,All years,Number,2580
Vehicle Population,2023,All owners,1201 - 1400 cc,Petrol,Co. Offaly,All years,Number,3507
Vehicle Population,2023,All owners,1201 - 1400 cc,Petrol,Co. Roscommon,All years,Number,3525
Vehicle Population,2023,All owners,1201 - 1400 cc,Petrol,Co. Sligo,All years,Number,3778
Vehicle Population,2023,All owners,1201 - 1400 cc,Petrol,Co. Tipperary,All years,Number,9027
Vehicle Population,2023,All owners,1201 - 1400 cc,Petrol,Co. Waterford,All years,Number,8262
Vehicle Population,2023,All owners,1201 - 1400 cc,Petrol,Co. Westmeath,All years,Number,4185
Vehicle Population,2023,All owners,1201 - 1400 cc,Petrol,Co. Wexford,All years,Number,8474
Vehicle Population,2023,All owners,1201 - 1400 cc,Petrol,Co. Wicklow,All years,Number,9764
Vehicle Population,2023,All owners,1201 - 1400 cc,Diesel,Co. Carlow,All years,Number,1188
Vehicle Population,2023,All owners,1201 - 1400 cc,Diesel,Co. Cavan,All years,Number,1637
Vehicle Population,2023,All owners,1201 - 1400 cc,Diesel,Co. Clare,All years,Number,2259
Vehicle Population,2023,All owners,1201 - 1400 cc,Diesel,Co. Cork,All years,Number,9708
Vehicle Population,2023,All owners,1201 - 1400 cc,Diesel,Co. Donegal,All years,Number,3761
Vehicle Population,2023,All owners,1201 - 1400 cc,Diesel,Co. Dublin,All years,Number,7764
Vehicle Population,2023,All owners,1201 - 1400 cc,Diesel,Co. Galway,All years,Number,4419
Vehicle Population,2023,All owners,1201 - 1400 cc,Diesel,Co. Kerry,All years,Number,3123
Vehicle Population,2023,All owners,1201 - 1400 cc,Diesel,Co. Kildare,All years,Number,2806
Vehicle Population,2023,All owners,1201 - 1400 cc,Diesel,Co. Kilkenny,All years,Number,2023
Vehicle Population,2023,All owners,1201 - 1400 cc,Diesel,Co. Laois,All years,Number,1295
Vehicle Population,2023,All owners,1201 - 1400 cc,Diesel,Co. Leitrim,All years,Number,661
Vehicle Population,2023,All owners,1201 - 1400 cc,Diesel,Co. Limerick,All years,Number,3669
Vehicle Population,2023,All owners,1201 - 1400 cc,Diesel,Co. Longford,All years,Number,767
Vehicle Population,2023,All owners,1201 - 1400 cc,Diesel,Co. Louth,All years,Number,1714
Vehicle Population,2023,All owners,1201 - 1400 cc,Diesel,Co. Mayo,All years,Number,2995
Vehicle Population,2023,All owners,1201 - 1400 cc,Diesel,Co. Meath,All years,Number,3010
Vehicle Population,2023,All owners,1201 - 1400 cc,Diesel,Co. Monaghan,All years,Number,1152
Vehicle Population,2023,All owners,1201 - 1400 cc,Diesel,Co. Offaly,All years,Number,1743
Vehicle Population,2023,All owners,1201 - 1400 cc,Diesel,Co. Roscommon,All years,Number,1503
Vehicle Population,2023,All owners,1201 - 1400 cc,Diesel,Co. Sligo,All years,Number,1203
Vehicle Population,2023,All owners,1201 - 1400 cc,Diesel,Co. Tipperary,All years,Number,3656
Vehicle Population,2023,All owners,1201 - 1400 cc,Diesel,Co. Waterford,All years,Number,1885
Vehicle Population,2023,All owners,1201 - 1400 cc,Diesel,Co. Westmeath,All years,Number,1799
Vehicle Population,2023,All owners,1201 - 1400 cc,Diesel,Co. Wexford,All years,Number,2946
Vehicle Population,2023,All owners,1201 - 1400 cc,Diesel,Co. Wicklow,All years,Number,1935
Vehicle Population,2023,All owners,1201 - 1400 cc,Other fuel types,Co. Carlow,All years,Number,69
Vehicle Population,2023,All owners,1201 - 1400 cc,Other fuel types,Co. Cavan,All years,Number,84
Vehicle Population,2023,All owners,1201 - 1400 cc,Other fuel types,Co. Clare,All years,Number,114
Vehicle Population,2023,All owners,1201 - 1400 cc,Other fuel types,Co. Cork,All years,Number,654
Vehicle Population,2023,All owners,1201 - 1400 cc,Other fuel types,Co. Donegal,All years,Number,78
Vehicle Population,2023,All owners,1201 - 1400 cc,Other fuel types,Co. Dublin,All years,Number,4125
Vehicle Population,2023,All owners,1201 - 1400 cc,Other fuel types,Co. Galway,All years,Number,343
Vehicle Population,2023,All owners,1201 - 1400 cc,Other fuel types,Co. Kerry,All years,Number,112
Vehicle Population,2023,All owners,1201 - 1400 cc,Other fuel types,Co. Kildare,All years,Number,487
Vehicle Population,2023,All owners,1201 - 1400 cc,Other fuel types,Co. Kilkenny,All years,Number,86
Vehicle Population,2023,All owners,1201 - 1400 cc,Other fuel types,Co. Laois,All years,Number,76
Vehicle Population,2023,All owners,1201 - 1400 cc,Other fuel types,Co. Leitrim,All years,Number,27
Vehicle Population,2023,All owners,1201 - 1400 cc,Other fuel types,Co. Limerick,All years,Number,258
Vehicle Population,2023,All owners,1201 - 1400 cc,Other fuel types,Co. Longford,All years,Number,38
Vehicle Population,2023,All owners,1201 - 1400 cc,Other fuel types,Co. Louth,All years,Number,162
Vehicle Population,2023,All owners,1201 - 1400 cc,Other fuel types,Co. Mayo,All years,Number,96
Vehicle Population,2023,All owners,1201 - 1400 cc,Other fuel types,Co. Meath,All years,Number,358
Vehicle Population,2023,All owners,1201 - 1400 cc,Other fuel types,Co. Monaghan,All years,Number,42
Vehicle Population,2023,All owners,1201 - 1400 cc,Other fuel types,Co. Offaly,All years,Number,63
Vehicle Population,2023,All owners,1201 - 1400 cc,Other fuel types,Co. Roscommon,All years,Number,66
Vehicle Population,2023,All owners,1201 - 1400 cc,Other fuel types,Co. Sligo,All years,Number,51
Vehicle Population,2023,All owners,1201 - 1400 cc,Other fuel types,Co. Tipperary,All years,Number,179
Vehicle Population,2023,All owners,1201 - 1400 cc,Other fuel types,Co. Waterford,All years,Number,144
Vehicle Population,2023,All owners,1201 - 1400 cc,Other fuel types,Co. Westmeath,All years,Number,83
Vehicle Population,2023,All owners,1201 - 1400 cc,Other fuel types,Co. Wexford,All years,Number,171
Vehicle Population,2023,All owners,1201 - 1400 cc,Other fuel types,Co. Wicklow,All years,Number,304
Vehicle Population,2023,All owners,1401 - 1600 cc,Petrol,Co. Carlow,All years,Number,1151
Vehicle Population,2023,All owners,1401 - 1600 cc,Petrol,Co. Cavan,All years,Number,1086
Vehicle Population,2023,All owners,1401 - 1600 cc,Petrol,Co. Clare,All years,Number,2749
Vehicle Population,2023,All owners,1401 - 1600 cc,Petrol,Co. Cork,All years,Number,13383
Vehicle Population,2023,All owners,1401 - 1600 cc,Petrol,Co. Donegal,All years,Number,2354
Vehicle Population,2023,All owners,1401 - 1600 cc,Petrol,Co. Dublin,All years,Number,38071
Vehicle Population,2023,All owners,1401 - 1600 cc,Petrol,Co. Galway,All years,Number,5484
Vehicle Population,2023,All owners,1401 - 1600 cc,Petrol,Co. Kerry,All years,Number,3769
Vehicle Population,2023,All owners,1401 - 1600 cc,Petrol,Co. Kildare,All years,Number,5289
Vehicle Population,2023,All owners,1401 - 1600 cc,Petrol,Co. Kilkenny,All years,Number,1812
Vehicle Population,2023,All owners,1401 - 1600 cc,Petrol,Co. Laois,All years,Number,1302
Vehicle Population,2023,All owners,1401 - 1600 cc,Petrol,Co. Leitrim,All years,Number,495
Vehicle Population,2023,All owners,1401 - 1600 cc,Petrol,Co. Limerick,All years,Number,4325
Vehicle Population,2023,All owners,1401 - 1600 cc,Petrol,Co. Longford,All years,Number,587
Vehicle Population,2023,All owners,1401 - 1600 cc,Petrol,Co. Louth,All years,Number,2184
Vehicle Population,2023,All owners,1401 - 1600 cc,Petrol,Co. Mayo,All years,Number,2269
Vehicle Population,2023,All owners,1401 - 1600 cc,Petrol,Co. Meath,All years,Number,4075
Vehicle Population,2023,All owners,1401 - 1600 cc,Petrol,Co. Monaghan,All years,Number,717
Vehicle Population,2023,All owners,1401 - 1600 cc,Petrol,Co. Offaly,All years,Number,1249
Vehicle Population,2023,All owners,1401 - 1600 cc,Petrol,Co. Roscommon,All years,Number,1204
Vehicle Population,2023,All owners,1401 - 1600 cc,Petrol,Co. Sligo,All years,Number,1243
Vehicle Population,2023,All owners,1401 - 1600 cc,Petrol,Co. Tipperary,All years,Number,3313
Vehicle Population,2023,All owners,1401 - 1600 cc,Petrol,Co. Waterford,All years,Number,2931
Vehicle Population,2023,All owners,1401 - 1600 cc,Petrol,Co. Westmeath,All years,Number,1457
Vehicle Population,2023,All owners,1401 - 1600 cc,Petrol,Co. Wexford,All years,Number,3062
Vehicle Population,2023,All owners,1401 - 1600 cc,Petrol,Co. Wicklow,All years,Number,3829
Vehicle Population,2023,All owners,1401 - 1600 cc,Diesel,Co. Carlow,All years,Number,9274
Vehicle Population,2023,All owners,1401 - 1600 cc,Diesel,Co. Cavan,All years,Number,11121
Vehicle Population,2023,All owners,1401 - 1600 cc,Diesel,Co. Clare,All years,Number,18244
Vehicle Population,2023,All owners,1401 - 1600 cc,Diesel,Co. Cork,All years,Number,67045
Vehicle Population,2023,All owners,1401 - 1600 cc,Diesel,Co. Donegal,All years,Number,20735
Vehicle Population,2023,All owners,1401 - 1600 cc,Diesel,Co. Dublin,All years,Number,93593
Vehicle Population,2023,All owners,1401 - 1600 cc,Diesel,Co. Galway,All years,Number,32878
Vehicle Population,2023,All owners,1401 - 1600 cc,Diesel,Co. Kerry,All years,Number,22414
Vehicle Population,2023,All owners,1401 - 1600 cc,Diesel,Co. Kildare,All years,Number,28684
Vehicle Population,2023,All owners,1401 - 1600 cc,Diesel,Co. Kilkenny,All years,Number,14190
Vehicle Population,2023,All owners,1401 - 1600 cc,Diesel,Co. Laois,All years,Number,12664
Vehicle Population,2023,All owners,1401 - 1600 cc,Diesel,Co. Leitrim,All years,Number,4912
Vehicle Population,2023,All owners,1401 - 1600 cc,Diesel,Co. Limerick,All years,Number,25509
Vehicle Population,2023,All owners,1401 - 1600 cc,Diesel,Co. Longford,All years,Number,5475
Vehicle Population,2023,All owners,1401 - 1600 cc,Diesel,Co. Louth,All years,Number,15224
Vehicle Population,2023,All owners,1401 - 1600 cc,Diesel,Co. Mayo,All years,Number,19224
Vehicle Population,2023,All owners,1401 - 1600 cc,Diesel,Co. Meath,All years,Number,26359
Vehicle Population,2023,All owners,1401 - 1600 cc,Diesel,Co. Monaghan,All years,Number,8962
Vehicle Population,2023,All owners,1401 - 1600 cc,Diesel,Co. Offaly,All years,Number,12051
Vehicle Population,2023,All owners,1401 - 1600 cc,Diesel,Co. Roscommon,All years,Number,10319
Vehicle Population,2023,All owners,1401 - 1600 cc,Diesel,Co. Sligo,All years,Number,8417
Vehicle Population,2023,All owners,1401 - 1600 cc,Diesel,Co. Tipperary,All years,Number,26017
Vehicle Population,2023,All owners,1401 - 1600 cc,Diesel,Co. Waterford,All years,Number,16074
Vehicle Population,2023,All owners,1401 - 1600 cc,Diesel,Co. Westmeath,All years,Number,13748
Vehicle Population,2023,All owners,1401 - 1600 cc,Diesel,Co. Wexford,All years,Number,26128
Vehicle Population,2023,All owners,1401 - 1600 cc,Diesel,Co. Wicklow,All years,Number,16138
Vehicle Population,2023,All owners,1401 - 1600 cc,Other fuel types,Co. Carlow,All years,Number,435
Vehicle Population,2023,All owners,1401 - 1600 cc,Other fuel types,Co. Cavan,All years,Number,536
Vehicle Population,2023,All owners,1401 - 1600 cc,Other fuel types,Co. Clare,All years,Number,1121
Vehicle Population,2023,All owners,1401 - 1600 cc,Other fuel types,Co. Cork,All years,Number,5706
Vehicle Population,2023,All owners,1401 - 1600 cc,Other fuel types,Co. Donegal,All years,Number,1331
Vehicle Population,2023,All owners,1401 - 1600 cc,Other fuel types,Co. Dublin,All years,Number,19751
Vehicle Population,2023,All owners,1401 - 1600 cc,Other fuel types,Co. Galway,All years,Number,2388
Vehicle Population,2023,All owners,1401 - 1600 cc,Other fuel types,Co. Kerry,All years,Number,1148
Vehicle Population,2023,All owners,1401 - 1600 cc,Other fuel types,Co. Kildare,All years,Number,2937
Vehicle Population,2023,All owners,1401 - 1600 cc,Other fuel types,Co. Kilkenny,All years,Number,874
Vehicle Population,2023,All owners,1401 - 1600 cc,Other fuel types,Co. Laois,All years,Number,690
Vehicle Population,2023,All owners,1401 - 1600 cc,Other fuel types,Co. Leitrim,All years,Number,205
Vehicle Population,2023,All owners,1401 - 1600 cc,Other fuel types,Co. Limerick,All years,Number,1758
Vehicle Population,2023,All owners,1401 - 1600 cc,Other fuel types,Co. Longford,All years,Number,280
Vehicle Population,2023,All owners,1401 - 1600 cc,Other fuel types,Co. Louth,All years,Number,1245
Vehicle Population,2023,All owners,1401 - 1600 cc,Other fuel types,Co. Mayo,All years,Number,848
Vehicle Population,2023,All owners,1401 - 1600 cc,Other fuel types,Co. Meath,All years,Number,2114
Vehicle Population,2023,All owners,1401 - 1600 cc,Other fuel types,Co. Monaghan,All years,Number,292
Vehicle Population,2023,All owners,1401 - 1600 cc,Other fuel types,Co. Offaly,All years,Number,627
Vehicle Population,2023,All owners,1401 - 1600 cc,Other fuel types,Co. Roscommon,All years,Number,537
Vehicle Population,2023,All owners,1401 - 1600 cc,Other fuel types,Co. Sligo,All years,Number,562
Vehicle Population,2023,All owners,1401 - 1600 cc,Other fuel types,Co. Tipperary,All years,Number,1283
Vehicle Population,2023,All owners,1401 - 1600 cc,Other fuel types,Co. Waterford,All years,Number,1014
Vehicle Population,2023,All owners,1401 - 1600 cc,Other fuel types,Co. Westmeath,All years,Number,813
Vehicle Population,2023,All owners,1401 - 1600 cc,Other fuel types,Co. Wexford,All years,Number,1259
Vehicle Population,2023,All owners,1401 - 1600 cc,Other fuel types,Co. Wicklow,All years,Number,1653
Vehicle Population,2023,All owners,1601 - 1800 cc,Petrol,Co. Carlow,All years,Number,238
Vehicle Population,2023,All owners,1601 - 1800 cc,Petrol,Co. Cavan,All years,Number,207
Vehicle Population,2023,All owners,1601 - 1800 cc,Petrol,Co. Clare,All years,Number,495
Vehicle Population,2023,All owners,1601 - 1800 cc,Petrol,Co. Cork,All years,Number,2450
Vehicle Population,2023,All owners,1601 - 1800 cc,Petrol,Co. Donegal,All years,Number,363
Vehicle Population,2023,All owners,1601 - 1800 cc,Petrol,Co. Dublin,All years,Number,8587
Vehicle Population,2023,All owners,1601 - 1800 cc,Petrol,Co. Galway,All years,Number,1068
Vehicle Population,2023,All owners,1601 - 1800 cc,Petrol,Co. Kerry,All years,Number,656
Vehicle Population,2023,All owners,1601 - 1800 cc,Petrol,Co. Kildare,All years,Number,1074
Vehicle Population,2023,All owners,1601 - 1800 cc,Petrol,Co. Kilkenny,All years,Number,369
Vehicle Population,2023,All owners,1601 - 1800 cc,Petrol,Co. Laois,All years,Number,275
Vehicle Population,2023,All owners,1601 - 1800 cc,Petrol,Co. Leitrim,All years,Number,77
Vehicle Population,2023,All owners,1601 - 1800 cc,Petrol,Co. Limerick,All years,Number,695
Vehicle Population,2023,All owners,1601 - 1800 cc,Petrol,Co. Longford,All years,Number,119
Vehicle Population,2023,All owners,1601 - 1800 cc,Petrol,Co. Louth,All years,Number,403
Vehicle Population,2023,All owners,1601 - 1800 cc,Petrol,Co. Mayo,All years,Number,415
Vehicle Population,2023,All owners,1601 - 1800 cc,Petrol,Co. Meath,All years,Number,922
Vehicle Population,2023,All owners,1601 - 1800 cc,Petrol,Co. Monaghan,All years,Number,124
Vehicle Population,2023,All owners,1601 - 1800 cc,Petrol,Co. Offaly,All years,Number,244
Vehicle Population,2023,All owners,1601 - 1800 cc,Petrol,Co. Roscommon,All years,Number,256
Vehicle Population,2023,All owners,1601 - 1800 cc,Petrol,Co. Sligo,All years,Number,222
Vehicle Population,2023,All owners,1601 - 1800 cc,Petrol,Co. Tipperary,All years,Number,603
Vehicle Population,2023,All owners,1601 - 1800 cc,Petrol,Co. Waterford,All years,Number,463
Vehicle Population,2023,All owners,1601 - 1800 cc,Petrol,Co. Westmeath,All years,Number,276
Vehicle Population,2023,All owners,1601 - 1800 cc,Petrol,Co. Wexford,All years,Number,591
Vehicle Population,2023,All owners,1601 - 1800 cc,Petrol,Co. Wicklow,All years,Number,874
Vehicle Population,2023,All owners,1601 - 1800 cc,Diesel,Co. Carlow,All years,Number,1299
Vehicle Population,2023,All owners,1601 - 1800 cc,Diesel,Co. Cavan,All years,Number,1418
Vehicle Population,2023,All owners,1601 - 1800 cc,Diesel,Co. Clare,All years,Number,2606
Vehicle Population,2023,All owners,1601 - 1800 cc,Diesel,Co. Cork,All years,Number,11059
Vehicle Population,2023,All owners,1601 - 1800 cc,Diesel,Co. Donegal,All years,Number,3499
Vehicle Population,2023,All owners,1601 - 1800 cc,Diesel,Co. Dublin,All years,Number,15455
Vehicle Population,2023,All owners,1601 - 1800 cc,Diesel,Co. Galway,All years,Number,5527
Vehicle Population,2023,All owners,1601 - 1800 cc,Diesel,Co. Kerry,All years,Number,3974
Vehicle Population,2023,All owners,1601 - 1800 cc,Diesel,Co. Kildare,All years,Number,4947
Vehicle Population,2023,All owners,1601 - 1800 cc,Diesel,Co. Kilkenny,All years,Number,2150
Vehicle Population,2023,All owners,1601 - 1800 cc,Diesel,Co. Laois,All years,Number,1911
Vehicle Population,2023,All owners,1601 - 1800 cc,Diesel,Co. Leitrim,All years,Number,708
Vehicle Population,2023,All owners,1601 - 1800 cc,Diesel,Co. Limerick,All years,Number,3822
Vehicle Population,2023,All owners,1601 - 1800 cc,Diesel,Co. Longford,All years,Number,938
Vehicle Population,2023,All owners,1601 - 1800 cc,Diesel,Co. Louth,All years,Number,2106
Vehicle Population,2023,All owners,1601 - 1800 cc,Diesel,Co. Mayo,All years,Number,2968
Vehicle Population,2023,All owners,1601 - 1800 cc,Diesel,Co. Meath,All years,Number,3964
Vehicle Population,2023,All owners,1601 - 1800 cc,Diesel,Co. Monaghan,All years,Number,1394
Vehicle Population,2023,All owners,1601 - 1800 cc,Diesel,Co. Offaly,All years,Number,1801
Vehicle Population,2023,All owners,1601 - 1800 cc,Diesel,Co. Roscommon,All years,Number,1437
Vehicle Population,2023,All owners,1601 - 1800 cc,Diesel,Co. Sligo,All years,Number,1419
Vehicle Population,2023,All owners,1601 - 1800 cc,Diesel,Co. Tipperary,All years,Number,3585
Vehicle Population,2023,All owners,1601 - 1800 cc,Diesel,Co. Waterford,All years,Number,1980
Vehicle Population,2023,All owners,1601 - 1800 cc,Diesel,Co. Westmeath,All years,Number,2041
Vehicle Population,2023,All owners,1601 - 1800 cc,Diesel,Co. Wexford,All years,Number,3526
Vehicle Population,2023,All owners,1601 - 1800 cc,Diesel,Co. Wicklow,All years,Number,2743
Vehicle Population,2023,All owners,1601 - 1800 cc,Other fuel types,Co. Carlow,All years,Number,395
Vehicle Population,2023,All owners,1601 - 1800 cc,Other fuel types,Co. Cavan,All years,Number,585
Vehicle Population,2023,All owners,1601 - 1800 cc,Other fuel types,Co. Clare,All years,Number,897
Vehicle Population,2023,All owners,1601 - 1800 cc,Other fuel types,Co. Cork,All years,Number,5083
Vehicle Population,2023,All owners,1601 - 1800 cc,Other fuel types,Co. Donegal,All years,Number,1089
Vehicle Population,2023,All owners,1601 - 1800 cc,Other fuel types,Co. Dublin,All years,Number,17224
Vehicle Population,2023,All owners,1601 - 1800 cc,Other fuel types,Co. Galway,All years,Number,2542
Vehicle Population,2023,All owners,1601 - 1800 cc,Other fuel types,Co. Kerry,All years,Number,1039
Vehicle Population,2023,All owners,1601 - 1800 cc,Other fuel types,Co. Kildare,All years,Number,2344
Vehicle Population,2023,All owners,1601 - 1800 cc,Other fuel types,Co. Kilkenny,All years,Number,751
Vehicle Population,2023,All owners,1601 - 1800 cc,Other fuel types,Co. Laois,All years,Number,450
Vehicle Population,2023,All owners,1601 - 1800 cc,Other fuel types,Co. Leitrim,All years,Number,177
Vehicle Population,2023,All owners,1601 - 1800 cc,Other fuel types,Co. Limerick,All years,Number,1554
Vehicle Population,2023,All owners,1601 - 1800 cc,Other fuel types,Co. Longford,All years,Number,299
Vehicle Population,2023,All owners,1601 - 1800 cc,Other fuel types,Co. Louth,All years,Number,1035
Vehicle Population,2023,All owners,1601 - 1800 cc,Other fuel types,Co. Mayo,All years,Number,898
Vehicle Population,2023,All owners,1601 - 1800 cc,Other fuel types,Co. Meath,All years,Number,2066
Vehicle Population,2023,All owners,1601 - 1800 cc,Other fuel types,Co. Monaghan,All years,Number,313
Vehicle Population,2023,All owners,1601 - 1800 cc,Other fuel types,Co. Offaly,All years,Number,589
Vehicle Population,2023,All owners,1601 - 1800 cc,Other fuel types,Co. Roscommon,All years,Number,781
Vehicle Population,2023,All owners,1601 - 1800 cc,Other fuel types,Co. Sligo,All years,Number,519
Vehicle Population,2023,All owners,1601 - 1800 cc,Other fuel types,Co. Tipperary,All years,Number,1215
Vehicle Population,2023,All owners,1601 - 1800 cc,Other fuel types,Co. Waterford,All years,Number,822
Vehicle Population,2023,All owners,1601 - 1800 cc,Other fuel types,Co. Westmeath,All years,Number,799
Vehicle Population,2023,All owners,1601 - 1800 cc,Other fuel types,Co. Wexford,All years,Number,1157
Vehicle Population,2023,All owners,1601 - 1800 cc,Other fuel types,Co. Wicklow,All years,Number,1218
Vehicle Population,2023,All owners,1801 - 2000 cc,Petrol,Co. Carlow,All years,Number,263
Vehicle Population,2023,All owners,1801 - 2000 cc,Petrol,Co. Cavan,All years,Number,249
Vehicle Population,2023,All owners,1801 - 2000 cc,Petrol,Co. Clare,All years,Number,550
Vehicle Population,2023,All owners,1801 - 2000 cc,Petrol,Co. Cork,All years,Number,3291
Vehicle Population,2023,All owners,1801 - 2000 cc,Petrol,Co. Donegal,All years,Number,484
Vehicle Population,2023,All owners,1801 - 2000 cc,Petrol,Co. Dublin,All years,Number,10283
Vehicle Population,2023,All owners,1801 - 2000 cc,Petrol,Co. Galway,All years,Number,1120
Vehicle Population,2023,All owners,1801 - 2000 cc,Petrol,Co. Kerry,All years,Number,693
Vehicle Population,2023,All owners,1801 - 2000 cc,Petrol,Co. Kildare,All years,Number,1393
Vehicle Population,2023,All owners,1801 - 2000 cc,Petrol,Co. Kilkenny,All years,Number,352
Vehicle Population,2023,All owners,1801 - 2000 cc,Petrol,Co. Laois,All years,Number,311
Vehicle Population,2023,All owners,1801 - 2000 cc,Petrol,Co. Leitrim,All years,Number,94
Vehicle Population,2023,All owners,1801 - 2000 cc,Petrol,Co. Limerick,All years,Number,785
Vehicle Population,2023,All owners,1801 - 2000 cc,Petrol,Co. Longford,All years,Number,133
Vehicle Population,2023,All owners,1801 - 2000 cc,Petrol,Co. Louth,All years,Number,528
Vehicle Population,2023,All owners,1801 - 2000 cc,Petrol,Co. Mayo,All years,Number,414
Vehicle Population,2023,All owners,1801 - 2000 cc,Petrol,Co. Meath,All years,Number,1060
Vehicle Population,2023,All owners,1801 - 2000 cc,Petrol,Co. Monaghan,All years,Number,165
Vehicle Population,2023,All owners,1801 - 2000 cc,Petrol,Co. Offaly,All years,Number,227
Vehicle Population,2023,All owners,1801 - 2000 cc,Petrol,Co. Roscommon,All years,Number,180
Vehicle Population,2023,All owners,1801 - 2000 cc,Petrol,Co. Sligo,All years,Number,275
Vehicle Population,2023,All owners,1801 - 2000 cc,Petrol,Co. Tipperary,All years,Number,626
Vehicle Population,2023,All owners,1801 - 2000 cc,Petrol,Co. Waterford,All years,Number,620
Vehicle Population,2023,All owners,1801 - 2000 cc,Petrol,Co. Westmeath,All years,Number,322
Vehicle Population,2023,All owners,1801 - 2000 cc,Petrol,Co. Wexford,All years,Number,663
Vehicle Population,2023,All owners,1801 - 2000 cc,Petrol,Co. Wicklow,All years,Number,1213
Vehicle Population,2023,All owners,1801 - 2000 cc,Diesel,Co. Carlow,All years,Number,7044
Vehicle Population,2023,All owners,1801 - 2000 cc,Diesel,Co. Cavan,All years,Number,9116
Vehicle Population,2023,All owners,1801 - 2000 cc,Diesel,Co. Clare,All years,Number,12625
Vehicle Population,2023,All owners,1801 - 2000 cc,Diesel,Co. Cork,All years,Number,51223
Vehicle Population,2023,All owners,1801 - 2000 cc,Diesel,Co. Donegal,All years,Number,17108
Vehicle Population,2023,All owners,1801 - 2000 cc,Diesel,Co. Dublin,All years,Number,85727
Vehicle Population,2023,All owners,1801 - 2000 cc,Diesel,Co. Galway,All years,Number,29771
Vehicle Population,2023,All owners,1801 - 2000 cc,Diesel,Co. Kerry,All years,Number,15736
Vehicle Population,2023,All owners,1801 - 2000 cc,Diesel,Co. Kildare,All years,Number,22322
Vehicle Population,2023,All owners,1801 - 2000 cc,Diesel,Co. Kilkenny,All years,Number,10302
Vehicle Population,2023,All owners,1801 - 2000 cc,Diesel,Co. Laois,All years,Number,8860
Vehicle Population,2023,All owners,1801 - 2000 cc,Diesel,Co. Leitrim,All years,Number,4478
Vehicle Population,2023,All owners,1801 - 2000 cc,Diesel,Co. Limerick,All years,Number,18791
Vehicle Population,2023,All owners,1801 - 2000 cc,Diesel,Co. Longford,All years,Number,5207
Vehicle Population,2023,All owners,1801 - 2000 cc,Diesel,Co. Louth,All years,Number,10989
Vehicle Population,2023,All owners,1801 - 2000 cc,Diesel,Co. Mayo,All years,Number,16965
Vehicle Population,2023,All owners,1801 - 2000 cc,Diesel,Co. Meath,All years,Number,20888
Vehicle Population,2023,All owners,1801 - 2000 cc,Diesel,Co. Monaghan,All years,Number,7774
Vehicle Population,2023,All owners,1801 - 2000 cc,Diesel,Co. Offaly,All years,Number,8710
Vehicle Population,2023,All owners,1801 - 2000 cc,Diesel,Co. Roscommon,All years,Number,8647
Vehicle Population,2023,All owners,1801 - 2000 cc,Diesel,Co. Sligo,All years,Number,7408
Vehicle Population,2023,All owners,1801 - 2000 cc,Diesel,Co. Tipperary,All years,Number,19884
Vehicle Population,2023,All owners,1801 - 2000 cc,Diesel,Co. Waterford,All years,Number,11343
Vehicle Population,2023,All owners,1801 - 2000 cc,Diesel,Co. Westmeath,All years,Number,10782
Vehicle Population,2023,All owners,1801 - 2000 cc,Diesel,Co. Wexford,All years,Number,17184
Vehicle Population,2023,All owners,1801 - 2000 cc,Diesel,Co. Wicklow,All years,Number,13138
Vehicle Population,2023,All owners,1801 - 2000 cc,Other fuel types,Co. Carlow,All years,Number,207
Vehicle Population,2023,All owners,1801 - 2000 cc,Other fuel types,Co. Cavan,All years,Number,198
Vehicle Population,2023,All owners,1801 - 2000 cc,Other fuel types,Co. Clare,All years,Number,377
Vehicle Population,2023,All owners,1801 - 2000 cc,Other fuel types,Co. Cork,All years,Number,2622
Vehicle Population,2023,All owners,1801 - 2000 cc,Other fuel types,Co. Donegal,All years,Number,426
Vehicle Population,2023,All owners,1801 - 2000 cc,Other fuel types,Co. Dublin,All years,Number,11077
Vehicle Population,2023,All owners,1801 - 2000 cc,Other fuel types,Co. Galway,All years,Number,1085
Vehicle Population,2023,All owners,1801 - 2000 cc,Other fuel types,Co. Kerry,All years,Number,388
Vehicle Population,2023,All owners,1801 - 2000 cc,Other fuel types,Co. Kildare,All years,Number,1426
Vehicle Population,2023,All owners,1801 - 2000 cc,Other fuel types,Co. Kilkenny,All years,Number,296
Vehicle Population,2023,All owners,1801 - 2000 cc,Other fuel types,Co. Laois,All years,Number,229
Vehicle Population,2023,All owners,1801 - 2000 cc,Other fuel types,Co. Leitrim,All years,Number,54
Vehicle Population,2023,All owners,1801 - 2000 cc,Other fuel types,Co. Limerick,All years,Number,619
Vehicle Population,2023,All owners,1801 - 2000 cc,Other fuel types,Co. Longford,All years,Number,102
Vehicle Population,2023,All owners,1801 - 2000 cc,Other fuel types,Co. Louth,All years,Number,489
Vehicle Population,2023,All owners,1801 - 2000 cc,Other fuel types,Co. Mayo,All years,Number,292
Vehicle Population,2023,All owners,1801 - 2000 cc,Other fuel types,Co. Meath,All years,Number,1078
Vehicle Population,2023,All owners,1801 - 2000 cc,Other fuel types,Co. Monaghan,All years,Number,157
Vehicle Population,2023,All owners,1801 - 2000 cc,Other fuel types,Co. Offaly,All years,Number,166
Vehicle Population,2023,All owners,1801 - 2000 cc,Other fuel types,Co. Roscommon,All years,Number,152
Vehicle Population,2023,All owners,1801 - 2000 cc,Other fuel types,Co. Sligo,All years,Number,146
Vehicle Population,2023,All owners,1801 - 2000 cc,Other fuel types,Co. Tipperary,All years,Number,388
Vehicle Population,2023,All owners,1801 - 2000 cc,Other fuel types,Co. Waterford,All years,Number,473
Vehicle Population,2023,All owners,1801 - 2000 cc,Other fuel types,Co. Westmeath,All years,Number,267
Vehicle Population,2023,All owners,1801 - 2000 cc,Other fuel types,Co. Wexford,All years,Number,445
Vehicle Population,2023,All owners,1801 - 2000 cc,Other fuel types,Co. Wicklow,All years,Number,807
Vehicle Population,2023,All owners,Over 2000 cc,Petrol,Co. Carlow,All years,Number,49
Vehicle Population,2023,All owners,Over 2000 cc,Petrol,Co. Cavan,All years,Number,55
Vehicle Population,2023,All owners,Over 2000 cc,Petrol,Co. Clare,All years,Number,107
Vehicle Population,2023,All owners,Over 2000 cc,Petrol,Co. Cork,All years,Number,794
Vehicle Population,2023,All owners,Over 2000 cc,Petrol,Co. Donegal,All years,Number,106
Vehicle Population,2023,All owners,Over 2000 cc,Petrol,Co. Dublin,All years,Number,3632
Vehicle Population,2023,All owners,Over 2000 cc,Petrol,Co. Galway,All years,Number,305
Vehicle Population,2023,All owners,Over 2000 cc,Petrol,Co. Kerry,All years,Number,161
Vehicle Population,2023,All owners,Over 2000 cc,Petrol,Co. Kildare,All years,Number,395
Vehicle Population,2023,All owners,Over 2000 cc,Petrol,Co. Kilkenny,All years,Number,99
Vehicle Population,2023,All owners,Over 2000 cc,Petrol,Co. Laois,All years,Number,61
Vehicle Population,2023,All owners,Over 2000 cc,Petrol,Co. Leitrim,All years,Number,26
Vehicle Population,2023,All owners,Over 2000 cc,Petrol,Co. Limerick,All years,Number,200
Vehicle Population,2023,All owners,Over 2000 cc,Petrol,Co. Longford,All years,Number,30
Vehicle Population,2023,All owners,Over 2000 cc,Petrol,Co. Louth,All years,Number,158
Vehicle Population,2023,All owners,Over 2000 cc,Petrol,Co. Mayo,All years,Number,97
Vehicle Population,2023,All owners,Over 2000 cc,Petrol,Co. Meath,All years,Number,313
Vehicle Population,2023,All owners,Over 2000 cc,Petrol,Co. Monaghan,All years,Number,46
Vehicle Population,2023,All owners,Over 2000 cc,Petrol,Co. Offaly,All years,Number,68
Vehicle Population,2023,All owners,Over 2000 cc,Petrol,Co. Roscommon,All years,Number,60
Vehicle Population,2023,All owners,Over 2000 cc,Petrol,Co. Sligo,All years,Number,41
Vehicle Population,2023,All owners,Over 2000 cc,Petrol,Co. Tipperary,All years,Number,144
Vehicle Population,2023,All owners,Over 2000 cc,Petrol,Co. Waterford,All years,Number,137
Vehicle Population,2023,All owners,Over 2000 cc,Petrol,Co. Westmeath,All years,Number,87
Vehicle Population,2023,All owners,Over 2000 cc,Petrol,Co. Wexford,All years,Number,168
Vehicle Population,2023,All owners,Over 2000 cc,Petrol,Co. Wicklow,All years,Number,379
Vehicle Population,2023,All owners,Over 2000 cc,Diesel,Co. Carlow,All years,Number,1418
Vehicle Population,2023,All owners,Over 2000 cc,Diesel,Co. Cavan,All years,Number,1479
Vehicle Population,2023,All owners,Over 2000 cc,Diesel,Co. Clare,All years,Number,2331
Vehicle Population,2023,All owners,Over 2000 cc,Diesel,Co. Cork,All years,Number,10586
Vehicle Population,2023,All owners,Over 2000 cc,Diesel,Co. Donegal,All years,Number,2381
Vehicle Population,2023,All owners,Over 2000 cc,Diesel,Co. Dublin,All years,Number,23465
Vehicle Population,2023,All owners,Over 2000 cc,Diesel,Co. Galway,All years,Number,5210
Vehicle Population,2023,All owners,Over 2000 cc,Diesel,Co. Kerry,All years,Number,3089
Vehicle Population,2023,All owners,Over 2000 cc,Diesel,Co. Kildare,All years,Number,5741
Vehicle Population,2023,All owners,Over 2000 cc,Diesel,Co. Kilkenny,All years,Number,2310
Vehicle Population,2023,All owners,Over 2000 cc,Diesel,Co. Laois,All years,Number,1903
Vehicle Population,2023,All owners,Over 2000 cc,Diesel,Co. Leitrim,All years,Number,553
Vehicle Population,2023,All owners,Over 2000 cc,Diesel,Co. Limerick,All years,Number,3835
Vehicle Population,2023,All owners,Over 2000 cc,Diesel,Co. Longford,All years,Number,820
Vehicle Population,2023,All owners,Over 2000 cc,Diesel,Co. Louth,All years,Number,2344
Vehicle Population,2023,All owners,Over 2000 cc,Diesel,Co. Mayo,All years,Number,2648
Vehicle Population,2023,All owners,Over 2000 cc,Diesel,Co. Meath,All years,Number,5411
Vehicle Population,2023,All owners,Over 2000 cc,Diesel,Co. Monaghan,All years,Number,1219
Vehicle Population,2023,All owners,Over 2000 cc,Diesel,Co. Offaly,All years,Number,1607
Vehicle Population,2023,All owners,Over 2000 cc,Diesel,Co. Roscommon,All years,Number,1233
Vehicle Population,2023,All owners,Over 2000 cc,Diesel,Co. Sligo,All years,Number,1087
Vehicle Population,2023,All owners,Over 2000 cc,Diesel,Co. Tipperary,All years,Number,3797
Vehicle Population,2023,All owners,Over 2000 cc,Diesel,Co. Waterford,All years,Number,2590
Vehicle Population,2023,All owners,Over 2000 cc,Diesel,Co. Westmeath,All years,Number,1853
Vehicle Population,2023,All owners,Over 2000 cc,Diesel,Co. Wexford,All years,Number,3896
Vehicle Population,2023,All owners,Over 2000 cc,Diesel,Co. Wicklow,All years,Number,3717
Vehicle Population,2023,All owners,Over 2000 cc,Other fuel types,Co. Carlow,All years,Number,233
Vehicle Population,2023,All owners,Over 2000 cc,Other fuel types,Co. Cavan,All years,Number,345
Vehicle Population,2023,All owners,Over 2000 cc,Other fuel types,Co. Clare,All years,Number,493
Vehicle Population,2023,All owners,Over 2000 cc,Other fuel types,Co. Cork,All years,Number,3304
Vehicle Population,2023,All owners,Over 2000 cc,Other fuel types,Co. Donegal,All years,Number,513
Vehicle Population,2023,All owners,Over 2000 cc,Other fuel types,Co. Dublin,All years,Number,11396
Vehicle Population,2023,All owners,Over 2000 cc,Other fuel types,Co. Galway,All years,Number,1549
Vehicle Population,2023,All owners,Over 2000 cc,Other fuel types,Co. Kerry,All years,Number,622
Vehicle Population,2023,All owners,Over 2000 cc,Other fuel types,Co. Kildare,All years,Number,1454
Vehicle Population,2023,All owners,Over 2000 cc,Other fuel types,Co. Kilkenny,All years,Number,322
Vehicle Population,2023,All owners,Over 2000 cc,Other fuel types,Co. Laois,All years,Number,277
Vehicle Population,2023,All owners,Over 2000 cc,Other fuel types,Co. Leitrim,All years,Number,88
Vehicle Population,2023,All owners,Over 2000 cc,Other fuel types,Co. Limerick,All years,Number,829
Vehicle Population,2023,All owners,Over 2000 cc,Other fuel types,Co. Longford,All years,Number,172
Vehicle Population,2023,All owners,Over 2000 cc,Other fuel types,Co. Louth,All years,Number,594
Vehicle Population,2023,All owners,Over 2000 cc,Other fuel types,Co. Mayo,All years,Number,498
Vehicle Population,2023,All owners,Over 2000 cc,Other fuel types,Co. Meath,All years,Number,1310
Vehicle Population,2023,All owners,Over 2000 cc,Other fuel types,Co. Monaghan,All years,Number,182
Vehicle Population,2023,All owners,Over 2000 cc,Other fuel types,Co. Offaly,All years,Number,311
Vehicle Population,2023,All owners,Over 2000 cc,Other fuel types,Co. Roscommon,All years,Number,295
Vehicle Population,2023,All owners,Over 2000 cc,Other fuel types,Co. Sligo,All years,Number,218
Vehicle Population,2023,All owners,Over 2000 cc,Other fuel types,Co. Tipperary,All years,Number,651
Vehicle Population,2023,All owners,Over 2000 cc,Other fuel types,Co. Waterford,All years,Number,450
Vehicle Population,2023,All owners,Over 2000 cc,Other fuel types,Co. Westmeath,All years,Number,418
Vehicle Population,2023,All owners,Over 2000 cc,Other fuel types,Co. Wexford,All years,Number,553
Vehicle Population,2023,All owners,Over 2000 cc,Other fuel types,Co. Wicklow,All years,Number,935
Kilometres Travelled,2018,All owners,Up to 1000 cc,Petrol,Co. Carlow,All years,Million,20
Kilometres Travelled,2018,All owners,Up to 1000 cc,Petrol,Co. Cavan,All years,Million,24
Kilometres Travelled,2018,All owners,Up to 1000 cc,Petrol,Co. Clare,All years,Million,46
Kilometres Travelled,2018,All owners,Up to 1000 cc,Petrol,Co. Cork,All years,Million,238
Kilometres Travelled,2018,All owners,Up to 1000 cc,Petrol,Co. Donegal,All years,Million,48
Kilometres Travelled,2018,All owners,Up to 1000 cc,Petrol,Co. Dublin,All years,Million,472
Kilometres Travelled,2018,All owners,Up to 1000 cc,Petrol,Co. Galway,All years,Million,81
Kilometres Travelled,2018,All owners,Up to 1000 cc,Petrol,Co. Kerry,All years,Million,59
Kilometres Travelled,2018,All owners,Up to 1000 cc,Petrol,Co. Kildare,All years,Million,89
Kilometres Travelled,2018,All owners,Up to 1000 cc,Petrol,Co. Kilkenny,All years,Million,36
Kilometres Travelled,2018,All owners,Up to 1000 cc,Petrol,Co. Laois,All years,Million,27
Kilometres Travelled,2018,All owners,Up to 1000 cc,Petrol,Co. Leitrim,All years,Million,11
Kilometres Travelled,2018,All owners,Up to 1000 cc,Petrol,Co. Limerick,All years,Million,79
Kilometres Travelled,2018,All owners,Up to 1000 cc,Petrol,Co. Longford,All years,Million,14
Kilometres Travelled,2018,All owners,Up to 1000 cc,Petrol,Co. Louth,All years,Million,49
Kilometres Travelled,2018,All owners,Up to 1000 cc,Petrol,Co. Mayo,All years,Million,47
Kilometres Travelled,2018,All owners,Up to 1000 cc,Petrol,Co. Meath,All years,Million,65
Kilometres Travelled,2018,All owners,Up to 1000 cc,Petrol,Co. Monaghan,All years,Million,15
Kilometres Travelled,2018,All owners,Up to 1000 cc,Petrol,Co. Offaly,All years,Million,28
Kilometres Travelled,2018,All owners,Up to 1000 cc,Petrol,Co. Roscommon,All years,Million,36
Kilometres Travelled,2018,All owners,Up to 1000 cc,Petrol,Co. Sligo,All years,Million,24
Kilometres Travelled,2018,All owners,Up to 1000 cc,Petrol,Co. Tipperary,All years,Million,65
Kilometres Travelled,2018,All owners,Up to 1000 cc,Petrol,Co. Waterford,All years,Million,60
Kilometres Travelled,2018,All owners,Up to 1000 cc,Petrol,Co. Westmeath,All years,Million,31
Kilometres Travelled,2018,All owners,Up to 1000 cc,Petrol,Co. Wexford,All years,Million,65
Kilometres Travelled,2018,All owners,Up to 1000 cc,Petrol,Co. Wicklow,All years,Million,63
Kilometres Travelled,2018,All owners,Up to 1000 cc,Diesel,Co. Carlow,All years,Million,0
Kilometres Travelled,2018,All owners,Up to 1000 cc,Diesel,Co. Cavan,All years,Million,0
Kilometres Travelled,2018,All owners,Up to 1000 cc,Diesel,Co. Clare,All years,Million,0
Kilometres Travelled,2018,All owners,Up to 1000 cc,Diesel,Co. Cork,All years,Million,0
Kilometres Travelled,2018,All owners,Up to 1000 cc,Diesel,Co. Donegal,All years,Million,0
Kilometres Travelled,2018,All owners,Up to 1000 cc,Diesel,Co. Dublin,All years,Million,2
Kilometres Travelled,2018,All owners,Up to 1000 cc,Diesel,Co. Galway,All years,Million,0
Kilometres Travelled,2018,All owners,Up to 1000 cc,Diesel,Co. Kerry,All years,Million,0
Kilometres Travelled,2018,All owners,Up to 1000 cc,Diesel,Co. Kildare,All years,Million,0
Kilometres Travelled,2018,All owners,Up to 1000 cc,Diesel,Co. Kilkenny,All years,Million,0
Kilometres Travelled,2018,All owners,Up to 1000 cc,Diesel,Co. Laois,All years,Million,0
Kilometres Travelled,2018,All owners,Up to 1000 cc,Diesel,Co. Leitrim,All years,Million,0
Kilometres Travelled,2018,All owners,Up to 1000 cc,Diesel,Co. Limerick,All years,Million,0
Kilometres Travelled,2018,All owners,Up to 1000 cc,Diesel,Co. Longford,All years,Million,0
Kilometres Travelled,2018,All owners,Up to 1000 cc,Diesel,Co. Louth,All years,Million,0
Kilometres Travelled,2018,All owners,Up to 1000 cc,Diesel,Co. Mayo,All years,Million,0
Kilometres Travelled,2018,All owners,Up to 1000 cc,Diesel,Co. Meath,All years,Million,0
Kilometres Travelled,2018,All owners,Up to 1000 cc,Diesel,Co. Monaghan,All years,Million,0
Kilometres Travelled,2018,All owners,Up to 1000 cc,Diesel,Co. Offaly,All years,Million,0
Kilometres Travelled,2018,All owners,Up to 1000 cc,Diesel,Co. Roscommon,All years,Million,0
Kilometres Travelled,2018,All owners,Up to 1000 cc,Diesel,Co. Sligo,All years,Million,0
Kilometres Travelled,2018,All owners,Up to 1000 cc,Diesel,Co. Tipperary,All years,Million,0
Kilometres Travelled,2018,All owners,Up to 1000 cc,Diesel,Co. Waterford,All years,Million,0
Kilometres Travelled,2018,All owners,Up to 1000 cc,Diesel,Co. Westmeath,All years,Million,0
Kilometres Travelled,2018,All owners,Up to 1000 cc,Diesel,Co. Wexford,All years,Million,0
Kilometres Travelled,2018,All owners,Up to 1000 cc,Diesel,Co. Wicklow,All years,Million,0
Kilometres Travelled,2018,All owners,Up to 1000 cc,Other fuel types,Co. Carlow,All years,Million,1
Kilometres Travelled,2018,All owners,Up to 1000 cc,Other fuel types,Co. Cavan,All years,Million,0
Kilometres Travelled,2018,All owners,Up to 1000 cc,Other fuel types,Co. Clare,All years,Million,1
Kilometres Travelled,2018,All owners,Up to 1000 cc,Other fuel types,Co. Cork,All years,Million,6
Kilometres Travelled,2018,All owners,Up to 1000 cc,Other fuel types,Co. Donegal,All years,Million,1
Kilometres Travelled,2018,All owners,Up to 1000 cc,Other fuel types,Co. Dublin,All years,Million,19
Kilometres Travelled,2018,All owners,Up to 1000 cc,Other fuel types,Co. Galway,All years,Million,3
Kilometres Travelled,2018,All owners,Up to 1000 cc,Other fuel types,Co. Kerry,All years,Million,1
Kilometres Travelled,2018,All owners,Up to 1000 cc,Other fuel types,Co. Kildare,All years,Million,3
Kilometres Travelled,2018,All owners,Up to 1000 cc,Other fuel types,Co. Kilkenny,All years,Million,1
Kilometres Travelled,2018,All owners,Up to 1000 cc,Other fuel types,Co. Laois,All years,Million,1
Kilometres Travelled,2018,All owners,Up to 1000 cc,Other fuel types,Co. Leitrim,All years,Million,0
Kilometres Travelled,2018,All owners,Up to 1000 cc,Other fuel types,Co. Limerick,All years,Million,1
Kilometres Travelled,2018,All owners,Up to 1000 cc,Other fuel types,Co. Longford,All years,Million,0
Kilometres Travelled,2018,All owners,Up to 1000 cc,Other fuel types,Co. Louth,All years,Million,1
Kilometres Travelled,2018,All owners,Up to 1000 cc,Other fuel types,Co. Mayo,All years,Million,1
Kilometres Travelled,2018,All owners,Up to 1000 cc,Other fuel types,Co. Meath,All years,Million,3
Kilometres Travelled,2018,All owners,Up to 1000 cc,Other fuel types,Co. Monaghan,All years,Million,0
Kilometres Travelled,2018,All owners,Up to 1000 cc,Other fuel types,Co. Offaly,All years,Million,0
Kilometres Travelled,2018,All owners,Up to 1000 cc,Other fuel types,Co. Roscommon,All years,Million,0
Kilometres Travelled,2018,All owners,Up to 1000 cc,Other fuel types,Co. Sligo,All years,Million,0
Kilometres Travelled,2018,All owners,Up to 1000 cc,Other fuel types,Co. Tipperary,All years,Million,1
Kilometres Travelled,2018,All owners,Up to 1000 cc,Other fuel types,Co. Waterford,All years,Million,1
Kilometres Travelled,2018,All owners,Up to 1000 cc,Other fuel types,Co. Westmeath,All years,Million,1
Kilometres Travelled,2018,All owners,Up to 1000 cc,Other fuel types,Co. Wexford,All years,Million,2
Kilometres Travelled,2018,All owners,Up to 1000 cc,Other fuel types,Co. Wicklow,All years,Million,3
Kilometres Travelled,2018,All owners,1001 - 1200 cc,Petrol,Co. Carlow,All years,Million,21
Kilometres Travelled,2018,All owners,1001 - 1200 cc,Petrol,Co. Cavan,All years,Million,21
Kilometres Travelled,2018,All owners,1001 - 1200 cc,Petrol,Co. Clare,All years,Million,44
Kilometres Travelled,2018,All owners,1001 - 1200 cc,Petrol,Co. Cork,All years,Million,213
Kilometres Travelled,2018,All owners,1001 - 1200 cc,Petrol,Co. Donegal,All years,Million,37
Kilometres Travelled,2018,All owners,1001 - 1200 cc,Petrol,Co. Dublin,All years,Million,498
Kilometres Travelled,2018,All owners,1001 - 1200 cc,Petrol,Co. Galway,All years,Million,76
Kilometres Travelled,2018,All owners,1001 - 1200 cc,Petrol,Co. Kerry,All years,Million,56
Kilometres Travelled,2018,All owners,1001 - 1200 cc,Petrol,Co. Kildare,All years,Million,96
Kilometres Travelled,2018,All owners,1001 - 1200 cc,Petrol,Co. Kilkenny,All years,Million,34
Kilometres Travelled,2018,All owners,1001 - 1200 cc,Petrol,Co. Laois,All years,Million,25
Kilometres Travelled,2018,All owners,1001 - 1200 cc,Petrol,Co. Leitrim,All years,Million,10
Kilometres Travelled,2018,All owners,1001 - 1200 cc,Petrol,Co. Limerick,All years,Million,70
Kilometres Travelled,2018,All owners,1001 - 1200 cc,Petrol,Co. Longford,All years,Million,10
Kilometres Travelled,2018,All owners,1001 - 1200 cc,Petrol,Co. Louth,All years,Million,48
Kilometres Travelled,2018,All owners,1001 - 1200 cc,Petrol,Co. Mayo,All years,Million,34
Kilometres Travelled,2018,All owners,1001 - 1200 cc,Petrol,Co. Meath,All years,Million,75
Kilometres Travelled,2018,All owners,1001 - 1200 cc,Petrol,Co. Monaghan,All years,Million,15
Kilometres Travelled,2018,All owners,1001 - 1200 cc,Petrol,Co. Offaly,All years,Million,24
Kilometres Travelled,2018,All owners,1001 - 1200 cc,Petrol,Co. Roscommon,All years,Million,34
Kilometres Travelled,2018,All owners,1001 - 1200 cc,Petrol,Co. Sligo,All years,Million,21
Kilometres Travelled,2018,All owners,1001 - 1200 cc,Petrol,Co. Tipperary,All years,Million,60
Kilometres Travelled,2018,All owners,1001 - 1200 cc,Petrol,Co. Waterford,All years,Million,55
Kilometres Travelled,2018,All owners,1001 - 1200 cc,Petrol,Co. Westmeath,All years,Million,30
Kilometres Travelled,2018,All owners,1001 - 1200 cc,Petrol,Co. Wexford,All years,Million,65
Kilometres Travelled,2018,All owners,1001 - 1200 cc,Petrol,Co. Wicklow,All years,Million,72
Kilometres Travelled,2018,All owners,1001 - 1200 cc,Diesel,Co. Carlow,All years,Million,1
Kilometres Travelled,2018,All owners,1001 - 1200 cc,Diesel,Co. Cavan,All years,Million,1
Kilometres Travelled,2018,All owners,1001 - 1200 cc,Diesel,Co. Clare,All years,Million,2
Kilometres Travelled,2018,All owners,1001 - 1200 cc,Diesel,Co. Cork,All years,Million,10
Kilometres Travelled,2018,All owners,1001 - 1200 cc,Diesel,Co. Donegal,All years,Million,3
Kilometres Travelled,2018,All owners,1001 - 1200 cc,Diesel,Co. Dublin,All years,Million,9
Kilometres Travelled,2018,All owners,1001 - 1200 cc,Diesel,Co. Galway,All years,Million,3
Kilometres Travelled,2018,All owners,1001 - 1200 cc,Diesel,Co. Kerry,All years,Million,2
Kilometres Travelled,2018,All owners,1001 - 1200 cc,Diesel,Co. Kildare,All years,Million,5
Kilometres Travelled,2018,All owners,1001 - 1200 cc,Diesel,Co. Kilkenny,All years,Million,3
Kilometres Travelled,2018,All owners,1001 - 1200 cc,Diesel,Co. Laois,All years,Million,2
Kilometres Travelled,2018,All owners,1001 - 1200 cc,Diesel,Co. Leitrim,All years,Million,1
Kilometres Travelled,2018,All owners,1001 - 1200 cc,Diesel,Co. Limerick,All years,Million,3
Kilometres Travelled,2018,All owners,1001 - 1200 cc,Diesel,Co. Longford,All years,Million,1
Kilometres Travelled,2018,All owners,1001 - 1200 cc,Diesel,Co. Louth,All years,Million,3
Kilometres Travelled,2018,All owners,1001 - 1200 cc,Diesel,Co. Mayo,All years,Million,2
Kilometres Travelled,2018,All owners,1001 - 1200 cc,Diesel,Co. Meath,All years,Million,3
Kilometres Travelled,2018,All owners,1001 - 1200 cc,Diesel,Co. Monaghan,All years,Million,2
Kilometres Travelled,2018,All owners,1001 - 1200 cc,Diesel,Co. Offaly,All years,Million,2
Kilometres Travelled,2018,All owners,1001 - 1200 cc,Diesel,Co. Roscommon,All years,Million,1
Kilometres Travelled,2018,All owners,1001 - 1200 cc,Diesel,Co. Sligo,All years,Million,1
Kilometres Travelled,2018,All owners,1001 - 1200 cc,Diesel,Co. Tipperary,All years,Million,3
Kilometres Travelled,2018,All owners,1001 - 1200 cc,Diesel,Co. Waterford,All years,Million,2
Kilometres Travelled,2018,All owners,1001 - 1200 cc,Diesel,Co. Westmeath,All years,Million,3
Kilometres Travelled,2018,All owners,1001 - 1200 cc,Diesel,Co. Wexford,All years,Million,3
Kilometres Travelled,2018,All owners,1001 - 1200 cc,Diesel,Co. Wicklow,All years,Million,3
Kilometres Travelled,2018,All owners,1001 - 1200 cc,Other fuel types,Co. Carlow,All years,Million,1
Kilometres Travelled,2018,All owners,1001 - 1200 cc,Other fuel types,Co. Cavan,All years,Million,1
Kilometres Travelled,2018,All owners,1001 - 1200 cc,Other fuel types,Co. Clare,All years,Million,2
Kilometres Travelled,2018,All owners,1001 - 1200 cc,Other fuel types,Co. Cork,All years,Million,9
Kilometres Travelled,2018,All owners,1001 - 1200 cc,Other fuel types,Co. Donegal,All years,Million,2
Kilometres Travelled,2018,All owners,1001 - 1200 cc,Other fuel types,Co. Dublin,All years,Million,14
Kilometres Travelled,2018,All owners,1001 - 1200 cc,Other fuel types,Co. Galway,All years,Million,3
Kilometres Travelled,2018,All owners,1001 - 1200 cc,Other fuel types,Co. Kerry,All years,Million,3
Kilometres Travelled,2018,All owners,1001 - 1200 cc,Other fuel types,Co. Kildare,All years,Million,5
Kilometres Travelled,2018,All owners,1001 - 1200 cc,Other fuel types,Co. Kilkenny,All years,Million,1
Kilometres Travelled,2018,All owners,1001 - 1200 cc,Other fuel types,Co. Laois,All years,Million,1
Kilometres Travelled,2018,All owners,1001 - 1200 cc,Other fuel types,Co. Leitrim,All years,Million,0
Kilometres Travelled,2018,All owners,1001 - 1200 cc,Other fuel types,Co. Limerick,All years,Million,2
Kilometres Travelled,2018,All owners,1001 - 1200 cc,Other fuel types,Co. Longford,All years,Million,0
Kilometres Travelled,2018,All owners,1001 - 1200 cc,Other fuel types,Co. Louth,All years,Million,2
Kilometres Travelled,2018,All owners,1001 - 1200 cc,Other fuel types,Co. Mayo,All years,Million,1
Kilometres Travelled,2018,All owners,1001 - 1200 cc,Other fuel types,Co. Meath,All years,Million,5
Kilometres Travelled,2018,All owners,1001 - 1200 cc,Other fuel types,Co. Monaghan,All years,Million,1
Kilometres Travelled,2018,All owners,1001 - 1200 cc,Other fuel types,Co. Offaly,All years,Million,1
Kilometres Travelled,2018,All owners,1001 - 1200 cc,Other fuel types,Co. Roscommon,All years,Million,1
Kilometres Travelled,2018,All owners,1001 - 1200 cc,Other fuel types,Co. Sligo,All years,Million,1
Kilometres Travelled,2018,All owners,1001 - 1200 cc,Other fuel types,Co. Tipperary,All years,Million,2
Kilometres Travelled,2018,All owners,1001 - 1200 cc,Other fuel types,Co. Waterford,All years,Million,2
Kilometres Travelled,2018,All owners,1001 - 1200 cc,Other fuel types,Co. Westmeath,All years,Million,2
Kilometres Travelled,2018,All owners,1001 - 1200 cc,Other fuel types,Co. Wexford,All years,Million,3
Kilometres Travelled,2018,All owners,1001 - 1200 cc,Other fuel types,Co. Wicklow,All years,Million,2
Kilometres Travelled,2018,All owners,1201 - 1400 cc,Petrol,Co. Carlow,All years,Million,65
Kilometres Travelled,2018,All owners,1201 - 1400 cc,Petrol,Co. Cavan,All years,Million,64
Kilometres Travelled,2018,All owners,1201 - 1400 cc,Petrol,Co. Clare,All years,Million,149
Kilometres Travelled,2018,All owners,1201 - 1400 cc,Petrol,Co. Cork,All years,Million,695
Kilometres Travelled,2018,All owners,1201 - 1400 cc,Petrol,Co. Donegal,All years,Million,149
Kilometres Travelled,2018,All owners,1201 - 1400 cc,Petrol,Co. Dublin,All years,Million,1223
Kilometres Travelled,2018,All owners,1201 - 1400 cc,Petrol,Co. Galway,All years,Million,277
Kilometres Travelled,2018,All owners,1201 - 1400 cc,Petrol,Co. Kerry,All years,Million,194
Kilometres Travelled,2018,All owners,1201 - 1400 cc,Petrol,Co. Kildare,All years,Million,237
Kilometres Travelled,2018,All owners,1201 - 1400 cc,Petrol,Co. Kilkenny,All years,Million,106
Kilometres Travelled,2018,All owners,1201 - 1400 cc,Petrol,Co. Laois,All years,Million,74
Kilometres Travelled,2018,All owners,1201 - 1400 cc,Petrol,Co. Leitrim,All years,Million,33
Kilometres Travelled,2018,All owners,1201 - 1400 cc,Petrol,Co. Limerick,All years,Million,238
Kilometres Travelled,2018,All owners,1201 - 1400 cc,Petrol,Co. Longford,All years,Million,35
Kilometres Travelled,2018,All owners,1201 - 1400 cc,Petrol,Co. Louth,All years,Million,108
Kilometres Travelled,2018,All owners,1201 - 1400 cc,Petrol,Co. Mayo,All years,Million,147
Kilometres Travelled,2018,All owners,1201 - 1400 cc,Petrol,Co. Meath,All years,Million,194
Kilometres Travelled,2018,All owners,1201 - 1400 cc,Petrol,Co. Monaghan,All years,Million,52
Kilometres Travelled,2018,All owners,1201 - 1400 cc,Petrol,Co. Offaly,All years,Million,73
Kilometres Travelled,2018,All owners,1201 - 1400 cc,Petrol,Co. Roscommon,All years,Million,76
Kilometres Travelled,2018,All owners,1201 - 1400 cc,Petrol,Co. Sligo,All years,Million,71
Kilometres Travelled,2018,All owners,1201 - 1400 cc,Petrol,Co. Tipperary,All years,Million,191
Kilometres Travelled,2018,All owners,1201 - 1400 cc,Petrol,Co. Waterford,All years,Million,148
Kilometres Travelled,2018,All owners,1201 - 1400 cc,Petrol,Co. Westmeath,All years,Million,85
Kilometres Travelled,2018,All owners,1201 - 1400 cc,Petrol,Co. Wexford,All years,Million,174
Kilometres Travelled,2018,All owners,1201 - 1400 cc,Petrol,Co. Wicklow,All years,Million,169
Kilometres Travelled,2018,All owners,1201 - 1400 cc,Diesel,Co. Carlow,All years,Million,25
Kilometres Travelled,2018,All owners,1201 - 1400 cc,Diesel,Co. Cavan,All years,Million,39
Kilometres Travelled,2018,All owners,1201 - 1400 cc,Diesel,Co. Clare,All years,Million,53
Kilometres Travelled,2018,All owners,1201 - 1400 cc,Diesel,Co. Cork,All years,Million,204
Kilometres Travelled,2018,All owners,1201 - 1400 cc,Diesel,Co. Donegal,All years,Million,87
Kilometres Travelled,2018,All owners,1201 - 1400 cc,Diesel,Co. Dublin,All years,Million,152
Kilometres Travelled,2018,All owners,1201 - 1400 cc,Diesel,Co. Galway,All years,Million,99
Kilometres Travelled,2018,All owners,1201 - 1400 cc,Diesel,Co. Kerry,All years,Million,64
Kilometres Travelled,2018,All owners,1201 - 1400 cc,Diesel,Co. Kildare,All years,Million,67
Kilometres Travelled,2018,All owners,1201 - 1400 cc,Diesel,Co. Kilkenny,All years,Million,43
Kilometres Travelled,2018,All owners,1201 - 1400 cc,Diesel,Co. Laois,All years,Million,31
Kilometres Travelled,2018,All owners,1201 - 1400 cc,Diesel,Co. Leitrim,All years,Million,16
Kilometres Travelled,2018,All owners,1201 - 1400 cc,Diesel,Co. Limerick,All years,Million,81
Kilometres Travelled,2018,All owners,1201 - 1400 cc,Diesel,Co. Longford,All years,Million,19
Kilometres Travelled,2018,All owners,1201 - 1400 cc,Diesel,Co. Louth,All years,Million,46
Kilometres Travelled,2018,All owners,1201 - 1400 cc,Diesel,Co. Mayo,All years,Million,66
Kilometres Travelled,2018,All owners,1201 - 1400 cc,Diesel,Co. Meath,All years,Million,70
Kilometres Travelled,2018,All owners,1201 - 1400 cc,Diesel,Co. Monaghan,All years,Million,29
Kilometres Travelled,2018,All owners,1201 - 1400 cc,Diesel,Co. Offaly,All years,Million,39
Kilometres Travelled,2018,All owners,1201 - 1400 cc,Diesel,Co. Roscommon,All years,Million,39
Kilometres Travelled,2018,All owners,1201 - 1400 cc,Diesel,Co. Sligo,All years,Million,27
Kilometres Travelled,2018,All owners,1201 - 1400 cc,Diesel,Co. Tipperary,All years,Million,82
Kilometres Travelled,2018,All owners,1201 - 1400 cc,Diesel,Co. Waterford,All years,Million,40
Kilometres Travelled,2018,All owners,1201 - 1400 cc,Diesel,Co. Westmeath,All years,Million,41
Kilometres Travelled,2018,All owners,1201 - 1400 cc,Diesel,Co. Wexford,All years,Million,66
Kilometres Travelled,2018,All owners,1201 - 1400 cc,Diesel,Co. Wicklow,All years,Million,43
Kilometres Travelled,2018,All owners,1201 - 1400 cc,Other fuel types,Co. Carlow,All years,Million,0
Kilometres Travelled,2018,All owners,1201 - 1400 cc,Other fuel types,Co. Cavan,All years,Million,0
Kilometres Travelled,2018,All owners,1201 - 1400 cc,Other fuel types,Co. Clare,All years,Million,1
Kilometres Travelled,2018,All owners,1201 - 1400 cc,Other fuel types,Co. Cork,All years,Million,3
Kilometres Travelled,2018,All owners,1201 - 1400 cc,Other fuel types,Co. Donegal,All years,Million,0
Kilometres Travelled,2018,All owners,1201 - 1400 cc,Other fuel types,Co. Dublin,All years,Million,19
Kilometres Travelled,2018,All owners,1201 - 1400 cc,Other fuel types,Co. Galway,All years,Million,2
Kilometres Travelled,2018,All owners,1201 - 1400 cc,Other fuel types,Co. Kerry,All years,Million,0
Kilometres Travelled,2018,All owners,1201 - 1400 cc,Other fuel types,Co. Kildare,All years,Million,3
Kilometres Travelled,2018,All owners,1201 - 1400 cc,Other fuel types,Co. Kilkenny,All years,Million,1
Kilometres Travelled,2018,All owners,1201 - 1400 cc,Other fuel types,Co. Laois,All years,Million,1
Kilometres Travelled,2018,All owners,1201 - 1400 cc,Other fuel types,Co. Leitrim,All years,Million,0
Kilometres Travelled,2018,All owners,1201 - 1400 cc,Other fuel types,Co. Limerick,All years,Million,1
Kilometres Travelled,2018,All owners,1201 - 1400 cc,Other fuel types,Co. Longford,All years,Million,0
Kilometres Travelled,2018,All owners,1201 - 1400 cc,Other fuel types,Co. Louth,All years,Million,1
Kilometres Travelled,2018,All owners,1201 - 1400 cc,Other fuel types,Co. Mayo,All years,Million,0
Kilometres Travelled,2018,All owners,1201 - 1400 cc,Other fuel types,Co. Meath,All years,Million,2
Kilometres Travelled,2018,All owners,1201 - 1400 cc,Other fuel types,Co. Monaghan,All years,Million,0
Kilometres Travelled,2018,All owners,1201 - 1400 cc,Other fuel types,Co. Offaly,All years,Million,1
Kilometres Travelled,2018,All owners,1201 - 1400 cc,Other fuel types,Co. Roscommon,All years,Million,0
Kilometres Travelled,2018,All owners,1201 - 1400 cc,Other fuel types,Co. Sligo,All years,Million,0
Kilometres Travelled,2018,All owners,1201 - 1400 cc,Other fuel types,Co. Tipperary,All years,Million,1
Kilometres Travelled,2018,All owners,1201 - 1400 cc,Other fuel types,Co. Waterford,All years,Million,1
Kilometres Travelled,2018,All owners,1201 - 1400 cc,Other fuel types,Co. Westmeath,All years,Million,0
Kilometres Travelled,2018,All owners,1201 - 1400 cc,Other fuel types,Co. Wexford,All years,Million,1
Kilometres Travelled,2018,All owners,1201 - 1400 cc,Other fuel types,Co. Wicklow,All years,Million,2
Kilometres Travelled,2018,All owners,1401 - 1600 cc,Petrol,Co. Carlow,All years,Million,28
Kilometres Travelled,2018,All owners,1401 - 1600 cc,Petrol,Co. Cavan,All years,Million,29
Kilometres Travelled,2018,All owners,1401 - 1600 cc,Petrol,Co. Clare,All years,Million,75
Kilometres Travelled,2018,All owners,1401 - 1600 cc,Petrol,Co. Cork,All years,Million,291
Kilometres Travelled,2018,All owners,1401 - 1600 cc,Petrol,Co. Donegal,All years,Million,56
Kilometres Travelled,2018,All owners,1401 - 1600 cc,Petrol,Co. Dublin,All years,Million,651
Kilometres Travelled,2018,All owners,1401 - 1600 cc,Petrol,Co. Galway,All years,Million,128
Kilometres Travelled,2018,All owners,1401 - 1600 cc,Petrol,Co. Kerry,All years,Million,95
Kilometres Travelled,2018,All owners,1401 - 1600 cc,Petrol,Co. Kildare,All years,Million,116
Kilometres Travelled,2018,All owners,1401 - 1600 cc,Petrol,Co. Kilkenny,All years,Million,44
Kilometres Travelled,2018,All owners,1401 - 1600 cc,Petrol,Co. Laois,All years,Million,34
Kilometres Travelled,2018,All owners,1401 - 1600 cc,Petrol,Co. Leitrim,All years,Million,13
Kilometres Travelled,2018,All owners,1401 - 1600 cc,Petrol,Co. Limerick,All years,Million,110
Kilometres Travelled,2018,All owners,1401 - 1600 cc,Petrol,Co. Longford,All years,Million,16
Kilometres Travelled,2018,All owners,1401 - 1600 cc,Petrol,Co. Louth,All years,Million,45
Kilometres Travelled,2018,All owners,1401 - 1600 cc,Petrol,Co. Mayo,All years,Million,61
Kilometres Travelled,2018,All owners,1401 - 1600 cc,Petrol,Co. Meath,All years,Million,91
Kilometres Travelled,2018,All owners,1401 - 1600 cc,Petrol,Co. Monaghan,All years,Million,18
Kilometres Travelled,2018,All owners,1401 - 1600 cc,Petrol,Co. Offaly,All years,Million,34
Kilometres Travelled,2018,All owners,1401 - 1600 cc,Petrol,Co. Roscommon,All years,Million,28
Kilometres Travelled,2018,All owners,1401 - 1600 cc,Petrol,Co. Sligo,All years,Million,31
Kilometres Travelled,2018,All owners,1401 - 1600 cc,Petrol,Co. Tipperary,All years,Million,87
Kilometres Travelled,2018,All owners,1401 - 1600 cc,Petrol,Co. Waterford,All years,Million,65
Kilometres Travelled,2018,All owners,1401 - 1600 cc,Petrol,Co. Westmeath,All years,Million,38
Kilometres Travelled,2018,All owners,1401 - 1600 cc,Petrol,Co. Wexford,All years,Million,72
Kilometres Travelled,2018,All owners,1401 - 1600 cc,Petrol,Co. Wicklow,All years,Million,81
Kilometres Travelled,2018,All owners,1401 - 1600 cc,Diesel,Co. Carlow,All years,Million,151
Kilometres Travelled,2018,All owners,1401 - 1600 cc,Diesel,Co. Cavan,All years,Million,176
Kilometres Travelled,2018,All owners,1401 - 1600 cc,Diesel,Co. Clare,All years,Million,299
Kilometres Travelled,2018,All owners,1401 - 1600 cc,Diesel,Co. Cork,All years,Million,1053
Kilometres Travelled,2018,All owners,1401 - 1600 cc,Diesel,Co. Donegal,All years,Million,303
Kilometres Travelled,2018,All owners,1401 - 1600 cc,Diesel,Co. Dublin,All years,Million,1591
Kilometres Travelled,2018,All owners,1401 - 1600 cc,Diesel,Co. Galway,All years,Million,523
Kilometres Travelled,2018,All owners,1401 - 1600 cc,Diesel,Co. Kerry,All years,Million,321
Kilometres Travelled,2018,All owners,1401 - 1600 cc,Diesel,Co. Kildare,All years,Million,477
Kilometres Travelled,2018,All owners,1401 - 1600 cc,Diesel,Co. Kilkenny,All years,Million,236
Kilometres Travelled,2018,All owners,1401 - 1600 cc,Diesel,Co. Laois,All years,Million,201
Kilometres Travelled,2018,All owners,1401 - 1600 cc,Diesel,Co. Leitrim,All years,Million,76
Kilometres Travelled,2018,All owners,1401 - 1600 cc,Diesel,Co. Limerick,All years,Million,407
Kilometres Travelled,2018,All owners,1401 - 1600 cc,Diesel,Co. Longford,All years,Million,89
Kilometres Travelled,2018,All owners,1401 - 1600 cc,Diesel,Co. Louth,All years,Million,256
Kilometres Travelled,2018,All owners,1401 - 1600 cc,Diesel,Co. Mayo,All years,Million,290
Kilometres Travelled,2018,All owners,1401 - 1600 cc,Diesel,Co. Meath,All years,Million,448
Kilometres Travelled,2018,All owners,1401 - 1600 cc,Diesel,Co. Monaghan,All years,Million,138
Kilometres Travelled,2018,All owners,1401 - 1600 cc,Diesel,Co. Offaly,All years,Million,196
Kilometres Travelled,2018,All owners,1401 - 1600 cc,Diesel,Co. Roscommon,All years,Million,200
Kilometres Travelled,2018,All owners,1401 - 1600 cc,Diesel,Co. Sligo,All years,Million,130
Kilometres Travelled,2018,All owners,1401 - 1600 cc,Diesel,Co. Tipperary,All years,Million,422
Kilometres Travelled,2018,All owners,1401 - 1600 cc,Diesel,Co. Waterford,All years,Million,264
Kilometres Travelled,2018,All owners,1401 - 1600 cc,Diesel,Co. Westmeath,All years,Million,225
Kilometres Travelled,2018,All owners,1401 - 1600 cc,Diesel,Co. Wexford,All years,Million,415
Kilometres Travelled,2018,All owners,1401 - 1600 cc,Diesel,Co. Wicklow,All years,Million,268
Kilometres Travelled,2018,All owners,1401 - 1600 cc,Other fuel types,Co. Carlow,All years,Million,1
Kilometres Travelled,2018,All owners,1401 - 1600 cc,Other fuel types,Co. Cavan,All years,Million,1
Kilometres Travelled,2018,All owners,1401 - 1600 cc,Other fuel types,Co. Clare,All years,Million,2
Kilometres Travelled,2018,All owners,1401 - 1600 cc,Other fuel types,Co. Cork,All years,Million,9
Kilometres Travelled,2018,All owners,1401 - 1600 cc,Other fuel types,Co. Donegal,All years,Million,2
Kilometres Travelled,2018,All owners,1401 - 1600 cc,Other fuel types,Co. Dublin,All years,Million,41
Kilometres Travelled,2018,All owners,1401 - 1600 cc,Other fuel types,Co. Galway,All years,Million,5
Kilometres Travelled,2018,All owners,1401 - 1600 cc,Other fuel types,Co. Kerry,All years,Million,2
Kilometres Travelled,2018,All owners,1401 - 1600 cc,Other fuel types,Co. Kildare,All years,Million,5
Kilometres Travelled,2018,All owners,1401 - 1600 cc,Other fuel types,Co. Kilkenny,All years,Million,1
Kilometres Travelled,2018,All owners,1401 - 1600 cc,Other fuel types,Co. Laois,All years,Million,1
Kilometres Travelled,2018,All owners,1401 - 1600 cc,Other fuel types,Co. Leitrim,All years,Million,0
Kilometres Travelled,2018,All owners,1401 - 1600 cc,Other fuel types,Co. Limerick,All years,Million,3
Kilometres Travelled,2018,All owners,1401 - 1600 cc,Other fuel types,Co. Longford,All years,Million,0
Kilometres Travelled,2018,All owners,1401 - 1600 cc,Other fuel types,Co. Louth,All years,Million,2
Kilometres Travelled,2018,All owners,1401 - 1600 cc,Other fuel types,Co. Mayo,All years,Million,1
Kilometres Travelled,2018,All owners,1401 - 1600 cc,Other fuel types,Co. Meath,All years,Million,3
Kilometres Travelled,2018,All owners,1401 - 1600 cc,Other fuel types,Co. Monaghan,All years,Million,1
Kilometres Travelled,2018,All owners,1401 - 1600 cc,Other fuel types,Co. Offaly,All years,Million,2
Kilometres Travelled,2018,All owners,1401 - 1600 cc,Other fuel types,Co. Roscommon,All years,Million,1
Kilometres Travelled,2018,All owners,1401 - 1600 cc,Other fuel types,Co. Sligo,All years,Million,1
Kilometres Travelled,2018,All owners,1401 - 1600 cc,Other fuel types,Co. Tipperary,All years,Million,2
Kilometres Travelled,2018,All owners,1401 - 1600 cc,Other fuel types,Co. Waterford,All years,Million,2
Kilometres Travelled,2018,All owners,1401 - 1600 cc,Other fuel types,Co. Westmeath,All years,Million,2
Kilometres Travelled,2018,All owners,1401 - 1600 cc,Other fuel types,Co. Wexford,All years,Million,2
Kilometres Travelled,2018,All owners,1401 - 1600 cc,Other fuel types,Co. Wicklow,All years,Million,4
Kilometres Travelled,2018,All owners,1601 - 1800 cc,Petrol,Co. Carlow,All years,Million,6
Kilometres Travelled,2018,All owners,1601 - 1800 cc,Petrol,Co. Cavan,All years,Million,6
Kilometres Travelled,2018,All owners,1601 - 1800 cc,Petrol,Co. Clare,All years,Million,15
Kilometres Travelled,2018,All owners,1601 - 1800 cc,Petrol,Co. Cork,All years,Million,74
Kilometres Travelled,2018,All owners,1601 - 1800 cc,Petrol,Co. Donegal,All years,Million,10
Kilometres Travelled,2018,All owners,1601 - 1800 cc,Petrol,Co. Dublin,All years,Million,210
Kilometres Travelled,2018,All owners,1601 - 1800 cc,Petrol,Co. Galway,All years,Million,30
Kilometres Travelled,2018,All owners,1601 - 1800 cc,Petrol,Co. Kerry,All years,Million,19
Kilometres Travelled,2018,All owners,1601 - 1800 cc,Petrol,Co. Kildare,All years,Million,33
Kilometres Travelled,2018,All owners,1601 - 1800 cc,Petrol,Co. Kilkenny,All years,Million,10
Kilometres Travelled,2018,All owners,1601 - 1800 cc,Petrol,Co. Laois,All years,Million,8
Kilometres Travelled,2018,All owners,1601 - 1800 cc,Petrol,Co. Leitrim,All years,Million,2
Kilometres Travelled,2018,All owners,1601 - 1800 cc,Petrol,Co. Limerick,All years,Million,23
Kilometres Travelled,2018,All owners,1601 - 1800 cc,Petrol,Co. Longford,All years,Million,4
Kilometres Travelled,2018,All owners,1601 - 1800 cc,Petrol,Co. Louth,All years,Million,12
Kilometres Travelled,2018,All owners,1601 - 1800 cc,Petrol,Co. Mayo,All years,Million,14
Kilometres Travelled,2018,All owners,1601 - 1800 cc,Petrol,Co. Meath,All years,Million,28
Kilometres Travelled,2018,All owners,1601 - 1800 cc,Petrol,Co. Monaghan,All years,Million,4
Kilometres Travelled,2018,All owners,1601 - 1800 cc,Petrol,Co. Offaly,All years,Million,8
Kilometres Travelled,2018,All owners,1601 - 1800 cc,Petrol,Co. Roscommon,All years,Million,5
Kilometres Travelled,2018,All owners,1601 - 1800 cc,Petrol,Co. Sligo,All years,Million,6
Kilometres Travelled,2018,All owners,1601 - 1800 cc,Petrol,Co. Tipperary,All years,Million,19
Kilometres Travelled,2018,All owners,1601 - 1800 cc,Petrol,Co. Waterford,All years,Million,16
Kilometres Travelled,2018,All owners,1601 - 1800 cc,Petrol,Co. Westmeath,All years,Million,9
Kilometres Travelled,2018,All owners,1601 - 1800 cc,Petrol,Co. Wexford,All years,Million,17
Kilometres Travelled,2018,All owners,1601 - 1800 cc,Petrol,Co. Wicklow,All years,Million,24
Kilometres Travelled,2018,All owners,1601 - 1800 cc,Diesel,Co. Carlow,All years,Million,29
Kilometres Travelled,2018,All owners,1601 - 1800 cc,Diesel,Co. Cavan,All years,Million,34
Kilometres Travelled,2018,All owners,1601 - 1800 cc,Diesel,Co. Clare,All years,Million,52
Kilometres Travelled,2018,All owners,1601 - 1800 cc,Diesel,Co. Cork,All years,Million,226
Kilometres Travelled,2018,All owners,1601 - 1800 cc,Diesel,Co. Donegal,All years,Million,74
Kilometres Travelled,2018,All owners,1601 - 1800 cc,Diesel,Co. Dublin,All years,Million,320
Kilometres Travelled,2018,All owners,1601 - 1800 cc,Diesel,Co. Galway,All years,Million,115
Kilometres Travelled,2018,All owners,1601 - 1800 cc,Diesel,Co. Kerry,All years,Million,75
Kilometres Travelled,2018,All owners,1601 - 1800 cc,Diesel,Co. Kildare,All years,Million,104
Kilometres Travelled,2018,All owners,1601 - 1800 cc,Diesel,Co. Kilkenny,All years,Million,49
Kilometres Travelled,2018,All owners,1601 - 1800 cc,Diesel,Co. Laois,All years,Million,41
Kilometres Travelled,2018,All owners,1601 - 1800 cc,Diesel,Co. Leitrim,All years,Million,16
Kilometres Travelled,2018,All owners,1601 - 1800 cc,Diesel,Co. Limerick,All years,Million,79
Kilometres Travelled,2018,All owners,1601 - 1800 cc,Diesel,Co. Longford,All years,Million,20
Kilometres Travelled,2018,All owners,1601 - 1800 cc,Diesel,Co. Louth,All years,Million,47
Kilometres Travelled,2018,All owners,1601 - 1800 cc,Diesel,Co. Mayo,All years,Million,67
Kilometres Travelled,2018,All owners,1601 - 1800 cc,Diesel,Co. Meath,All years,Million,86
Kilometres Travelled,2018,All owners,1601 - 1800 cc,Diesel,Co. Monaghan,All years,Million,34
Kilometres Travelled,2018,All owners,1601 - 1800 cc,Diesel,Co. Offaly,All years,Million,36
Kilometres Travelled,2018,All owners,1601 - 1800 cc,Diesel,Co. Roscommon,All years,Million,32
Kilometres Travelled,2018,All owners,1601 - 1800 cc,Diesel,Co. Sligo,All years,Million,30
Kilometres Travelled,2018,All owners,1601 - 1800 cc,Diesel,Co. Tipperary,All years,Million,76
Kilometres Travelled,2018,All owners,1601 - 1800 cc,Diesel,Co. Waterford,All years,Million,42
Kilometres Travelled,2018,All owners,1601 - 1800 cc,Diesel,Co. Westmeath,All years,Million,46
Kilometres Travelled,2018,All owners,1601 - 1800 cc,Diesel,Co. Wexford,All years,Million,70
Kilometres Travelled,2018,All owners,1601 - 1800 cc,Diesel,Co. Wicklow,All years,Million,54
Kilometres Travelled,2018,All owners,1601 - 1800 cc,Other fuel types,Co. Carlow,All years,Million,1
Kilometres Travelled,2018,All owners,1601 - 1800 cc,Other fuel types,Co. Cavan,All years,Million,1
Kilometres Travelled,2018,All owners,1601 - 1800 cc,Other fuel types,Co. Clare,All years,Million,3
Kilometres Travelled,2018,All owners,1601 - 1800 cc,Other fuel types,Co. Cork,All years,Million,17
Kilometres Travelled,2018,All owners,1601 - 1800 cc,Other fuel types,Co. Donegal,All years,Million,4
Kilometres Travelled,2018,All owners,1601 - 1800 cc,Other fuel types,Co. Dublin,All years,Million,71
Kilometres Travelled,2018,All owners,1601 - 1800 cc,Other fuel types,Co. Galway,All years,Million,10
Kilometres Travelled,2018,All owners,1601 - 1800 cc,Other fuel types,Co. Kerry,All years,Million,4
Kilometres Travelled,2018,All owners,1601 - 1800 cc,Other fuel types,Co. Kildare,All years,Million,9
Kilometres Travelled,2018,All owners,1601 - 1800 cc,Other fuel types,Co. Kilkenny,All years,Million,2
Kilometres Travelled,2018,All owners,1601 - 1800 cc,Other fuel types,Co. Laois,All years,Million,2
Kilometres Travelled,2018,All owners,1601 - 1800 cc,Other fuel types,Co. Leitrim,All years,Million,1
Kilometres Travelled,2018,All owners,1601 - 1800 cc,Other fuel types,Co. Limerick,All years,Million,5
Kilometres Travelled,2018,All owners,1601 - 1800 cc,Other fuel types,Co. Longford,All years,Million,1
Kilometres Travelled,2018,All owners,1601 - 1800 cc,Other fuel types,Co. Louth,All years,Million,3
Kilometres Travelled,2018,All owners,1601 - 1800 cc,Other fuel types,Co. Mayo,All years,Million,3
Kilometres Travelled,2018,All owners,1601 - 1800 cc,Other fuel types,Co. Meath,All years,Million,6
Kilometres Travelled,2018,All owners,1601 - 1800 cc,Other fuel types,Co. Monaghan,All years,Million,1
Kilometres Travelled,2018,All owners,1601 - 1800 cc,Other fuel types,Co. Offaly,All years,Million,2
Kilometres Travelled,2018,All owners,1601 - 1800 cc,Other fuel types,Co. Roscommon,All years,Million,2
Kilometres Travelled,2018,All owners,1601 - 1800 cc,Other fuel types,Co. Sligo,All years,Million,2
Kilometres Travelled,2018,All owners,1601 - 1800 cc,Other fuel types,Co. Tipperary,All years,Million,3
Kilometres Travelled,2018,All owners,1601 - 1800 cc,Other fuel types,Co. Waterford,All years,Million,3
Kilometres Travelled,2018,All owners,1601 - 1800 cc,Other fuel types,Co. Westmeath,All years,Million,3
Kilometres Travelled,2018,All owners,1601 - 1800 cc,Other fuel types,Co. Wexford,All years,Million,4
Kilometres Travelled,2018,All owners,1601 - 1800 cc,Other fuel types,Co. Wicklow,All years,Million,6
Kilometres Travelled,2018,All owners,1801 - 2000 cc,Petrol,Co. Carlow,All years,Million,4
Kilometres Travelled,2018,All owners,1801 - 2000 cc,Petrol,Co. Cavan,All years,Million,5
Kilometres Travelled,2018,All owners,1801 - 2000 cc,Petrol,Co. Clare,All years,Million,11
Kilometres Travelled,2018,All owners,1801 - 2000 cc,Petrol,Co. Cork,All years,Million,57
Kilometres Travelled,2018,All owners,1801 - 2000 cc,Petrol,Co. Donegal,All years,Million,8
Kilometres Travelled,2018,All owners,1801 - 2000 cc,Petrol,Co. Dublin,All years,Million,175
Kilometres Travelled,2018,All owners,1801 - 2000 cc,Petrol,Co. Galway,All years,Million,23
Kilometres Travelled,2018,All owners,1801 - 2000 cc,Petrol,Co. Kerry,All years,Million,14
Kilometres Travelled,2018,All owners,1801 - 2000 cc,Petrol,Co. Kildare,All years,Million,25
Kilometres Travelled,2018,All owners,1801 - 2000 cc,Petrol,Co. Kilkenny,All years,Million,7
Kilometres Travelled,2018,All owners,1801 - 2000 cc,Petrol,Co. Laois,All years,Million,6
Kilometres Travelled,2018,All owners,1801 - 2000 cc,Petrol,Co. Leitrim,All years,Million,2
Kilometres Travelled,2018,All owners,1801 - 2000 cc,Petrol,Co. Limerick,All years,Million,16
Kilometres Travelled,2018,All owners,1801 - 2000 cc,Petrol,Co. Longford,All years,Million,2
Kilometres Travelled,2018,All owners,1801 - 2000 cc,Petrol,Co. Louth,All years,Million,8
Kilometres Travelled,2018,All owners,1801 - 2000 cc,Petrol,Co. Mayo,All years,Million,9
Kilometres Travelled,2018,All owners,1801 - 2000 cc,Petrol,Co. Meath,All years,Million,18
Kilometres Travelled,2018,All owners,1801 - 2000 cc,Petrol,Co. Monaghan,All years,Million,3
Kilometres Travelled,2018,All owners,1801 - 2000 cc,Petrol,Co. Offaly,All years,Million,5
Kilometres Travelled,2018,All owners,1801 - 2000 cc,Petrol,Co. Roscommon,All years,Million,4
Kilometres Travelled,2018,All owners,1801 - 2000 cc,Petrol,Co. Sligo,All years,Million,4
Kilometres Travelled,2018,All owners,1801 - 2000 cc,Petrol,Co. Tipperary,All years,Million,14
Kilometres Travelled,2018,All owners,1801 - 2000 cc,Petrol,Co. Waterford,All years,Million,10
Kilometres Travelled,2018,All owners,1801 - 2000 cc,Petrol,Co. Westmeath,All years,Million,6
Kilometres Travelled,2018,All owners,1801 - 2000 cc,Petrol,Co. Wexford,All years,Million,12
Kilometres Travelled,2018,All owners,1801 - 2000 cc,Petrol,Co. Wicklow,All years,Million,24
Kilometres Travelled,2018,All owners,1801 - 2000 cc,Diesel,Co. Carlow,All years,Million,143
Kilometres Travelled,2018,All owners,1801 - 2000 cc,Diesel,Co. Cavan,All years,Million,178
Kilometres Travelled,2018,All owners,1801 - 2000 cc,Diesel,Co. Clare,All years,Million,258
Kilometres Travelled,2018,All owners,1801 - 2000 cc,Diesel,Co. Cork,All years,Million,964
Kilometres Travelled,2018,All owners,1801 - 2000 cc,Diesel,Co. Donegal,All years,Million,333
Kilometres Travelled,2018,All owners,1801 - 2000 cc,Diesel,Co. Dublin,All years,Million,1538
Kilometres Travelled,2018,All owners,1801 - 2000 cc,Diesel,Co. Galway,All years,Million,576
Kilometres Travelled,2018,All owners,1801 - 2000 cc,Diesel,Co. Kerry,All years,Million,306
Kilometres Travelled,2018,All owners,1801 - 2000 cc,Diesel,Co. Kildare,All years,Million,421
Kilometres Travelled,2018,All owners,1801 - 2000 cc,Diesel,Co. Kilkenny,All years,Million,203
Kilometres Travelled,2018,All owners,1801 - 2000 cc,Diesel,Co. Laois,All years,Million,179
Kilometres Travelled,2018,All owners,1801 - 2000 cc,Diesel,Co. Leitrim,All years,Million,91
Kilometres Travelled,2018,All owners,1801 - 2000 cc,Diesel,Co. Limerick,All years,Million,377
Kilometres Travelled,2018,All owners,1801 - 2000 cc,Diesel,Co. Longford,All years,Million,110
Kilometres Travelled,2018,All owners,1801 - 2000 cc,Diesel,Co. Louth,All years,Million,217
Kilometres Travelled,2018,All owners,1801 - 2000 cc,Diesel,Co. Mayo,All years,Million,337
Kilometres Travelled,2018,All owners,1801 - 2000 cc,Diesel,Co. Meath,All years,Million,398
Kilometres Travelled,2018,All owners,1801 - 2000 cc,Diesel,Co. Monaghan,All years,Million,153
Kilometres Travelled,2018,All owners,1801 - 2000 cc,Diesel,Co. Offaly,All years,Million,174
Kilometres Travelled,2018,All owners,1801 - 2000 cc,Diesel,Co. Roscommon,All years,Million,176
Kilometres Travelled,2018,All owners,1801 - 2000 cc,Diesel,Co. Sligo,All years,Million,153
Kilometres Travelled,2018,All owners,1801 - 2000 cc,Diesel,Co. Tipperary,All years,Million,401
Kilometres Travelled,2018,All owners,1801 - 2000 cc,Diesel,Co. Waterford,All years,Million,216
Kilometres Travelled,2018,All owners,1801 - 2000 cc,Diesel,Co. Westmeath,All years,Million,221
Kilometres Travelled,2018,All owners,1801 - 2000 cc,Diesel,Co. Wexford,All years,Million,332
Kilometres Travelled,2018,All owners,1801 - 2000 cc,Diesel,Co. Wicklow,All years,Million,253
Kilometres Travelled,2018,All owners,1801 - 2000 cc,Other fuel types,Co. Carlow,All years,Million,0
Kilometres Travelled,2018,All owners,1801 - 2000 cc,Other fuel types,Co. Cavan,All years,Million,0
Kilometres Travelled,2018,All owners,1801 - 2000 cc,Other fuel types,Co. Clare,All years,Million,1
Kilometres Travelled,2018,All owners,1801 - 2000 cc,Other fuel types,Co. Cork,All years,Million,4
Kilometres Travelled,2018,All owners,1801 - 2000 cc,Other fuel types,Co. Donegal,All years,Million,1
Kilometres Travelled,2018,All owners,1801 - 2000 cc,Other fuel types,Co. Dublin,All years,Million,16
Kilometres Travelled,2018,All owners,1801 - 2000 cc,Other fuel types,Co. Galway,All years,Million,2
Kilometres Travelled,2018,All owners,1801 - 2000 cc,Other fuel types,Co. Kerry,All years,Million,1
Kilometres Travelled,2018,All owners,1801 - 2000 cc,Other fuel types,Co. Kildare,All years,Million,2
Kilometres Travelled,2018,All owners,1801 - 2000 cc,Other fuel types,Co. Kilkenny,All years,Million,0
Kilometres Travelled,2018,All owners,1801 - 2000 cc,Other fuel types,Co. Laois,All years,Million,0
Kilometres Travelled,2018,All owners,1801 - 2000 cc,Other fuel types,Co. Leitrim,All years,Million,0
Kilometres Travelled,2018,All owners,1801 - 2000 cc,Other fuel types,Co. Limerick,All years,Million,1
Kilometres Travelled,2018,All owners,1801 - 2000 cc,Other fuel types,Co. Longford,All years,Million,0
Kilometres Travelled,2018,All owners,1801 - 2000 cc,Other fuel types,Co. Louth,All years,Million,0
Kilometres Travelled,2018,All owners,1801 - 2000 cc,Other fuel types,Co. Mayo,All years,Million,1
Kilometres Travelled,2018,All owners,1801 - 2000 cc,Other fuel types,Co. Meath,All years,Million,1
Kilometres Travelled,2018,All owners,1801 - 2000 cc,Other fuel types,Co. Monaghan,All years,Million,0
Kilometres Travelled,2018,All owners,1801 - 2000 cc,Other fuel types,Co. Offaly,All years,Million,0
Kilometres Travelled,2018,All owners,1801 - 2000 cc,Other fuel types,Co. Roscommon,All years,Million,0
Kilometres Travelled,2018,All owners,1801 - 2000 cc,Other fuel types,Co. Sligo,All years,Million,0
Kilometres Travelled,2018,All owners,1801 - 2000 cc,Other fuel types,Co. Tipperary,All years,Million,1
Kilometres Travelled,2018,All owners,1801 - 2000 cc,Other fuel types,Co. Waterford,All years,Million,1
Kilometres Travelled,2018,All owners,1801 - 2000 cc,Other fuel types,Co. Westmeath,All years,Million,1
Kilometres Travelled,2018,All owners,1801 - 2000 cc,Other fuel types,Co. Wexford,All years,Million,1
Kilometres Travelled,2018,All owners,1801 - 2000 cc,Other fuel types,Co. Wicklow,All years,Million,1
Kilometres Travelled,2018,All owners,Over 2000 cc,Petrol,Co. Carlow,All years,Million,1
Kilometres Travelled,2018,All owners,Over 2000 cc,Petrol,Co. Cavan,All years,Million,1
Kilometres Travelled,2018,All owners,Over 2000 cc,Petrol,Co. Clare,All years,Million,2
Kilometres Travelled,2018,All owners,Over 2000 cc,Petrol,Co. Cork,All years,Million,16
Kilometres Travelled,2018,All owners,Over 2000 cc,Petrol,Co. Donegal,All years,Million,2
Kilometres Travelled,2018,All owners,Over 2000 cc,Petrol,Co. Dublin,All years,Million,70
Kilometres Travelled,2018,All owners,Over 2000 cc,Petrol,Co. Galway,All years,Million,7
Kilometres Travelled,2018,All owners,Over 2000 cc,Petrol,Co. Kerry,All years,Million,3
Kilometres Travelled,2018,All owners,Over 2000 cc,Petrol,Co. Kildare,All years,Million,8
Kilometres Travelled,2018,All owners,Over 2000 cc,Petrol,Co. Kilkenny,All years,Million,2
Kilometres Travelled,2018,All owners,Over 2000 cc,Petrol,Co. Laois,All years,Million,1
Kilometres Travelled,2018,All owners,Over 2000 cc,Petrol,Co. Leitrim,All years,Million,0
Kilometres Travelled,2018,All owners,Over 2000 cc,Petrol,Co. Limerick,All years,Million,4
Kilometres Travelled,2018,All owners,Over 2000 cc,Petrol,Co. Longford,All years,Million,1
Kilometres Travelled,2018,All owners,Over 2000 cc,Petrol,Co. Louth,All years,Million,3
Kilometres Travelled,2018,All owners,Over 2000 cc,Petrol,Co. Mayo,All years,Million,2
Kilometres Travelled,2018,All owners,Over 2000 cc,Petrol,Co. Meath,All years,Million,6
Kilometres Travelled,2018,All owners,Over 2000 cc,Petrol,Co. Monaghan,All years,Million,1
Kilometres Travelled,2018,All owners,Over 2000 cc,Petrol,Co. Offaly,All years,Million,1
Kilometres Travelled,2018,All owners,Over 2000 cc,Petrol,Co. Roscommon,All years,Million,1
Kilometres Travelled,2018,All owners,Over 2000 cc,Petrol,Co. Sligo,All years,Million,1
Kilometres Travelled,2018,All owners,Over 2000 cc,Petrol,Co. Tipperary,All years,Million,4
Kilometres Travelled,2018,All owners,Over 2000 cc,Petrol,Co. Waterford,All years,Million,3
Kilometres Travelled,2018,All owners,Over 2000 cc,Petrol,Co. Westmeath,All years,Million,1
Kilometres Travelled,2018,All owners,Over 2000 cc,Petrol,Co. Wexford,All years,Million,3
Kilometres Travelled,2018,All owners,Over 2000 cc,Petrol,Co. Wicklow,All years,Million,8
Kilometres Travelled,2018,All owners,Over 2000 cc,Diesel,Co. Carlow,All years,Million,29
Kilometres Travelled,2018,All owners,Over 2000 cc,Diesel,Co. Cavan,All years,Million,29
Kilometres Travelled,2018,All owners,Over 2000 cc,Diesel,Co. Clare,All years,Million,53
Kilometres Travelled,2018,All owners,Over 2000 cc,Diesel,Co. Cork,All years,Million,198
Kilometres Travelled,2018,All owners,Over 2000 cc,Diesel,Co. Donegal,All years,Million,45
Kilometres Travelled,2018,All owners,Over 2000 cc,Diesel,Co. Dublin,All years,Million,475
Kilometres Travelled,2018,All owners,Over 2000 cc,Diesel,Co. Galway,All years,Million,103
Kilometres Travelled,2018,All owners,Over 2000 cc,Diesel,Co. Kerry,All years,Million,56
Kilometres Travelled,2018,All owners,Over 2000 cc,Diesel,Co. Kildare,All years,Million,115
Kilometres Travelled,2018,All owners,Over 2000 cc,Diesel,Co. Kilkenny,All years,Million,47
Kilometres Travelled,2018,All owners,Over 2000 cc,Diesel,Co. Laois,All years,Million,36
Kilometres Travelled,2018,All owners,Over 2000 cc,Diesel,Co. Leitrim,All years,Million,11
Kilometres Travelled,2018,All owners,Over 2000 cc,Diesel,Co. Limerick,All years,Million,76
Kilometres Travelled,2018,All owners,Over 2000 cc,Diesel,Co. Longford,All years,Million,17
Kilometres Travelled,2018,All owners,Over 2000 cc,Diesel,Co. Louth,All years,Million,48
Kilometres Travelled,2018,All owners,Over 2000 cc,Diesel,Co. Mayo,All years,Million,53
Kilometres Travelled,2018,All owners,Over 2000 cc,Diesel,Co. Meath,All years,Million,106
Kilometres Travelled,2018,All owners,Over 2000 cc,Diesel,Co. Monaghan,All years,Million,26
Kilometres Travelled,2018,All owners,Over 2000 cc,Diesel,Co. Offaly,All years,Million,34
Kilometres Travelled,2018,All owners,Over 2000 cc,Diesel,Co. Roscommon,All years,Million,24
Kilometres Travelled,2018,All owners,Over 2000 cc,Diesel,Co. Sligo,All years,Million,21
Kilometres Travelled,2018,All owners,Over 2000 cc,Diesel,Co. Tipperary,All years,Million,79
Kilometres Travelled,2018,All owners,Over 2000 cc,Diesel,Co. Waterford,All years,Million,52
Kilometres Travelled,2018,All owners,Over 2000 cc,Diesel,Co. Westmeath,All years,Million,39
Kilometres Travelled,2018,All owners,Over 2000 cc,Diesel,Co. Wexford,All years,Million,77
Kilometres Travelled,2018,All owners,Over 2000 cc,Diesel,Co. Wicklow,All years,Million,77
Kilometres Travelled,2018,All owners,Over 2000 cc,Other fuel types,Co. Carlow,All years,Million,1
Kilometres Travelled,2018,All owners,Over 2000 cc,Other fuel types,Co. Cavan,All years,Million,1
Kilometres Travelled,2018,All owners,Over 2000 cc,Other fuel types,Co. Clare,All years,Million,1
Kilometres Travelled,2018,All owners,Over 2000 cc,Other fuel types,Co. Cork,All years,Million,10
Kilometres Travelled,2018,All owners,Over 2000 cc,Other fuel types,Co. Donegal,All years,Million,1
Kilometres Travelled,2018,All owners,Over 2000 cc,Other fuel types,Co. Dublin,All years,Million,44
Kilometres Travelled,2018,All owners,Over 2000 cc,Other fuel types,Co. Galway,All years,Million,5
Kilometres Travelled,2018,All owners,Over 2000 cc,Other fuel types,Co. Kerry,All years,Million,2
Kilometres Travelled,2018,All owners,Over 2000 cc,Other fuel types,Co. Kildare,All years,Million,4
Kilometres Travelled,2018,All owners,Over 2000 cc,Other fuel types,Co. Kilkenny,All years,Million,1
Kilometres Travelled,2018,All owners,Over 2000 cc,Other fuel types,Co. Laois,All years,Million,1
Kilometres Travelled,2018,All owners,Over 2000 cc,Other fuel types,Co. Leitrim,All years,Million,0
Kilometres Travelled,2018,All owners,Over 2000 cc,Other fuel types,Co. Limerick,All years,Million,2
Kilometres Travelled,2018,All owners,Over 2000 cc,Other fuel types,Co. Longford,All years,Million,1
Kilometres Travelled,2018,All owners,Over 2000 cc,Other fuel types,Co. Louth,All years,Million,1
Kilometres Travelled,2018,All owners,Over 2000 cc,Other fuel types,Co. Mayo,All years,Million,1
Kilometres Travelled,2018,All owners,Over 2000 cc,Other fuel types,Co. Meath,All years,Million,4
Kilometres Travelled,2018,All owners,Over 2000 cc,Other fuel types,Co. Monaghan,All years,Million,0
Kilometres Travelled,2018,All owners,Over 2000 cc,Other fuel types,Co. Offaly,All years,Million,1
Kilometres Travelled,2018,All owners,Over 2000 cc,Other fuel types,Co. Roscommon,All years,Million,1
Kilometres Travelled,2018,All owners,Over 2000 cc,Other fuel types,Co. Sligo,All years,Million,0
Kilometres Travelled,2018,All owners,Over 2000 cc,Other fuel types,Co. Tipperary,All years,Million,1
Kilometres Travelled,2018,All owners,Over 2000 cc,Other fuel types,Co. Waterford,All years,Million,1
Kilometres Travelled,2018,All owners,Over 2000 cc,Other fuel types,Co. Westmeath,All years,Million,1
Kilometres Travelled,2018,All owners,Over 2000 cc,Other fuel types,Co. Wexford,All years,Million,2
Kilometres Travelled,2018,All owners,Over 2000 cc,Other fuel types,Co. Wicklow,All years,Million,3
Kilometres Travelled,2019,All owners,Up to 1000 cc,Petrol,Co. Carlow,All years,Million,22
Kilometres Travelled,2019,All owners,Up to 1000 cc,Petrol,Co. Cavan,All years,Million,24
Kilometres Travelled,2019,All owners,Up to 1000 cc,Petrol,Co. Clare,All years,Million,48
Kilometres Travelled,2019,All owners,Up to 1000 cc,Petrol,Co. Cork,All years,Million,259
Kilometres Travelled,2019,All owners,Up to 1000 cc,Petrol,Co. Donegal,All years,Million,47
Kilometres Travelled,2019,All owners,Up to 1000 cc,Petrol,Co. Dublin,All years,Million,505
Kilometres Travelled,2019,All owners,Up to 1000 cc,Petrol,Co. Galway,All years,Million,84
Kilometres Travelled,2019,All owners,Up to 1000 cc,Petrol,Co. Kerry,All years,Million,59
Kilometres Travelled,2019,All owners,Up to 1000 cc,Petrol,Co. Kildare,All years,Million,93
Kilometres Travelled,2019,All owners,Up to 1000 cc,Petrol,Co. Kilkenny,All years,Million,38
Kilometres Travelled,2019,All owners,Up to 1000 cc,Petrol,Co. Laois,All years,Million,29
Kilometres Travelled,2019,All owners,Up to 1000 cc,Petrol,Co. Leitrim,All years,Million,12
Kilometres Travelled,2019,All owners,Up to 1000 cc,Petrol,Co. Limerick,All years,Million,79
Kilometres Travelled,2019,All owners,Up to 1000 cc,Petrol,Co. Longford,All years,Million,14
Kilometres Travelled,2019,All owners,Up to 1000 cc,Petrol,Co. Louth,All years,Million,51
Kilometres Travelled,2019,All owners,Up to 1000 cc,Petrol,Co. Mayo,All years,Million,47
Kilometres Travelled,2019,All owners,Up to 1000 cc,Petrol,Co. Meath,All years,Million,70
Kilometres Travelled,2019,All owners,Up to 1000 cc,Petrol,Co. Monaghan,All years,Million,16
Kilometres Travelled,2019,All owners,Up to 1000 cc,Petrol,Co. Offaly,All years,Million,27
Kilometres Travelled,2019,All owners,Up to 1000 cc,Petrol,Co. Roscommon,All years,Million,46
Kilometres Travelled,2019,All owners,Up to 1000 cc,Petrol,Co. Sligo,All years,Million,24
Kilometres Travelled,2019,All owners,Up to 1000 cc,Petrol,Co. Tipperary,All years,Million,66
Kilometres Travelled,2019,All owners,Up to 1000 cc,Petrol,Co. Waterford,All years,Million,62
Kilometres Travelled,2019,All owners,Up to 1000 cc,Petrol,Co. Westmeath,All years,Million,30
Kilometres Travelled,2019,All owners,Up to 1000 cc,Petrol,Co. Wexford,All years,Million,65
Kilometres Travelled,2019,All owners,Up to 1000 cc,Petrol,Co. Wicklow,All years,Million,66
Kilometres Travelled,2019,All owners,Up to 1000 cc,Diesel,Co. Carlow,All years,Million,0
Kilometres Travelled,2019,All owners,Up to 1000 cc,Diesel,Co. Cavan,All years,Million,0
Kilometres Travelled,2019,All owners,Up to 1000 cc,Diesel,Co. Clare,All years,Million,0
Kilometres Travelled,2019,All owners,Up to 1000 cc,Diesel,Co. Cork,All years,Million,0
Kilometres Travelled,2019,All owners,Up to 1000 cc,Diesel,Co. Donegal,All years,Million,0
Kilometres Travelled,2019,All owners,Up to 1000 cc,Diesel,Co. Dublin,All years,Million,2
Kilometres Travelled,2019,All owners,Up to 1000 cc,Diesel,Co. Galway,All years,Million,0
Kilometres Travelled,2019,All owners,Up to 1000 cc,Diesel,Co. Kerry,All years,Million,0
Kilometres Travelled,2019,All owners,Up to 1000 cc,Diesel,Co. Kildare,All years,Million,0
Kilometres Travelled,2019,All owners,Up to 1000 cc,Diesel,Co. Kilkenny,All years,Million,0
Kilometres Travelled,2019,All owners,Up to 1000 cc,Diesel,Co. Laois,All years,Million,0
Kilometres Travelled,2019,All owners,Up to 1000 cc,Diesel,Co. Leitrim,All years,Million,0
Kilometres Travelled,2019,All owners,Up to 1000 cc,Diesel,Co. Limerick,All years,Million,0
Kilometres Travelled,2019,All owners,Up to 1000 cc,Diesel,Co. Longford,All years,Million,0
Kilometres Travelled,2019,All owners,Up to 1000 cc,Diesel,Co. Louth,All years,Million,0
Kilometres Travelled,2019,All owners,Up to 1000 cc,Diesel,Co. Mayo,All years,Million,0
Kilometres Travelled,2019,All owners,Up to 1000 cc,Diesel,Co. Meath,All years,Million,0
Kilometres Travelled,2019,All owners,Up to 1000 cc,Diesel,Co. Monaghan,All years,Million,0
Kilometres Travelled,2019,All owners,Up to 1000 cc,Diesel,Co. Offaly,All years,Million,0
Kilometres Travelled,2019,All owners,Up to 1000 cc,Diesel,Co. Roscommon,All years,Million,0
Kilometres Travelled,2019,All owners,Up to 1000 cc,Diesel,Co. Sligo,All years,Million,0
Kilometres Travelled,2019,All owners,Up to 1000 cc,Diesel,Co. Tipperary,All years,Million,0
Kilometres Travelled,2019,All owners,Up to 1000 cc,Diesel,Co. Waterford,All years,Million,0
Kilometres Travelled,2019,All owners,Up to 1000 cc,Diesel,Co. Westmeath,All years,Million,0
Kilometres Travelled,2019,All owners,Up to 1000 cc,Diesel,Co. Wexford,All years,Million,0
Kilometres Travelled,2019,All owners,Up to 1000 cc,Diesel,Co. Wicklow,All years,Million,0
Kilometres Travelled,2019,All owners,Up to 1000 cc,Other fuel types,Co. Carlow,All years,Million,1
Kilometres Travelled,2019,All owners,Up to 1000 cc,Other fuel types,Co. Cavan,All years,Million,1
Kilometres Travelled,2019,All owners,Up to 1000 cc,Other fuel types,Co. Clare,All years,Million,2
Kilometres Travelled,2019,All owners,Up to 1000 cc,Other fuel types,Co. Cork,All years,Million,11
Kilometres Travelled,2019,All owners,Up to 1000 cc,Other fuel types,Co. Donegal,All years,Million,1
Kilometres Travelled,2019,All owners,Up to 1000 cc,Other fuel types,Co. Dublin,All years,Million,35
Kilometres Travelled,2019,All owners,Up to 1000 cc,Other fuel types,Co. Galway,All years,Million,5
Kilometres Travelled,2019,All owners,Up to 1000 cc,Other fuel types,Co. Kerry,All years,Million,2
Kilometres Travelled,2019,All owners,Up to 1000 cc,Other fuel types,Co. Kildare,All years,Million,6
Kilometres Travelled,2019,All owners,Up to 1000 cc,Other fuel types,Co. Kilkenny,All years,Million,1
Kilometres Travelled,2019,All owners,Up to 1000 cc,Other fuel types,Co. Laois,All years,Million,1
Kilometres Travelled,2019,All owners,Up to 1000 cc,Other fuel types,Co. Leitrim,All years,Million,0
Kilometres Travelled,2019,All owners,Up to 1000 cc,Other fuel types,Co. Limerick,All years,Million,2
Kilometres Travelled,2019,All owners,Up to 1000 cc,Other fuel types,Co. Longford,All years,Million,1
Kilometres Travelled,2019,All owners,Up to 1000 cc,Other fuel types,Co. Louth,All years,Million,2
Kilometres Travelled,2019,All owners,Up to 1000 cc,Other fuel types,Co. Mayo,All years,Million,1
Kilometres Travelled,2019,All owners,Up to 1000 cc,Other fuel types,Co. Meath,All years,Million,5
Kilometres Travelled,2019,All owners,Up to 1000 cc,Other fuel types,Co. Monaghan,All years,Million,1
Kilometres Travelled,2019,All owners,Up to 1000 cc,Other fuel types,Co. Offaly,All years,Million,1
Kilometres Travelled,2019,All owners,Up to 1000 cc,Other fuel types,Co. Roscommon,All years,Million,1
Kilometres Travelled,2019,All owners,Up to 1000 cc,Other fuel types,Co. Sligo,All years,Million,1
Kilometres Travelled,2019,All owners,Up to 1000 cc,Other fuel types,Co. Tipperary,All years,Million,2
Kilometres Travelled,2019,All owners,Up to 1000 cc,Other fuel types,Co. Waterford,All years,Million,2
Kilometres Travelled,2019,All owners,Up to 1000 cc,Other fuel types,Co. Westmeath,All years,Million,2
Kilometres Travelled,2019,All owners,Up to 1000 cc,Other fuel types,Co. Wexford,All years,Million,3
Kilometres Travelled,2019,All owners,Up to 1000 cc,Other fuel types,Co. Wicklow,All years,Million,5
Kilometres Travelled,2019,All owners,1001 - 1200 cc,Petrol,Co. Carlow,All years,Million,20
Kilometres Travelled,2019,All owners,1001 - 1200 cc,Petrol,Co. Cavan,All years,Million,20
Kilometres Travelled,2019,All owners,1001 - 1200 cc,Petrol,Co. Clare,All years,Million,43
Kilometres Travelled,2019,All owners,1001 - 1200 cc,Petrol,Co. Cork,All years,Million,210
Kilometres Travelled,2019,All owners,1001 - 1200 cc,Petrol,Co. Donegal,All years,Million,35
Kilometres Travelled,2019,All owners,1001 - 1200 cc,Petrol,Co. Dublin,All years,Million,475
Kilometres Travelled,2019,All owners,1001 - 1200 cc,Petrol,Co. Galway,All years,Million,74
Kilometres Travelled,2019,All owners,1001 - 1200 cc,Petrol,Co. Kerry,All years,Million,53
Kilometres Travelled,2019,All owners,1001 - 1200 cc,Petrol,Co. Kildare,All years,Million,93
Kilometres Travelled,2019,All owners,1001 - 1200 cc,Petrol,Co. Kilkenny,All years,Million,34
Kilometres Travelled,2019,All owners,1001 - 1200 cc,Petrol,Co. Laois,All years,Million,23
Kilometres Travelled,2019,All owners,1001 - 1200 cc,Petrol,Co. Leitrim,All years,Million,9
Kilometres Travelled,2019,All owners,1001 - 1200 cc,Petrol,Co. Limerick,All years,Million,69
Kilometres Travelled,2019,All owners,1001 - 1200 cc,Petrol,Co. Longford,All years,Million,9
Kilometres Travelled,2019,All owners,1001 - 1200 cc,Petrol,Co. Louth,All years,Million,48
Kilometres Travelled,2019,All owners,1001 - 1200 cc,Petrol,Co. Mayo,All years,Million,32
Kilometres Travelled,2019,All owners,1001 - 1200 cc,Petrol,Co. Meath,All years,Million,74
Kilometres Travelled,2019,All owners,1001 - 1200 cc,Petrol,Co. Monaghan,All years,Million,14
Kilometres Travelled,2019,All owners,1001 - 1200 cc,Petrol,Co. Offaly,All years,Million,22
Kilometres Travelled,2019,All owners,1001 - 1200 cc,Petrol,Co. Roscommon,All years,Million,28
Kilometres Travelled,2019,All owners,1001 - 1200 cc,Petrol,Co. Sligo,All years,Million,19
Kilometres Travelled,2019,All owners,1001 - 1200 cc,Petrol,Co. Tipperary,All years,Million,57
Kilometres Travelled,2019,All owners,1001 - 1200 cc,Petrol,Co. Waterford,All years,Million,55
Kilometres Travelled,2019,All owners,1001 - 1200 cc,Petrol,Co. Westmeath,All years,Million,28
Kilometres Travelled,2019,All owners,1001 - 1200 cc,Petrol,Co. Wexford,All years,Million,62
Kilometres Travelled,2019,All owners,1001 - 1200 cc,Petrol,Co. Wicklow,All years,Million,68
Kilometres Travelled,2019,All owners,1001 - 1200 cc,Diesel,Co. Carlow,All years,Million,1
Kilometres Travelled,2019,All owners,1001 - 1200 cc,Diesel,Co. Cavan,All years,Million,2
Kilometres Travelled,2019,All owners,1001 - 1200 cc,Diesel,Co. Clare,All years,Million,2
Kilometres Travelled,2019,All owners,1001 - 1200 cc,Diesel,Co. Cork,All years,Million,10
Kilometres Travelled,2019,All owners,1001 - 1200 cc,Diesel,Co. Donegal,All years,Million,3
Kilometres Travelled,2019,All owners,1001 - 1200 cc,Diesel,Co. Dublin,All years,Million,9
Kilometres Travelled,2019,All owners,1001 - 1200 cc,Diesel,Co. Galway,All years,Million,3
Kilometres Travelled,2019,All owners,1001 - 1200 cc,Diesel,Co. Kerry,All years,Million,2
Kilometres Travelled,2019,All owners,1001 - 1200 cc,Diesel,Co. Kildare,All years,Million,5
Kilometres Travelled,2019,All owners,1001 - 1200 cc,Diesel,Co. Kilkenny,All years,Million,3
Kilometres Travelled,2019,All owners,1001 - 1200 cc,Diesel,Co. Laois,All years,Million,2
Kilometres Travelled,2019,All owners,1001 - 1200 cc,Diesel,Co. Leitrim,All years,Million,1
Kilometres Travelled,2019,All owners,1001 - 1200 cc,Diesel,Co. Limerick,All years,Million,3
Kilometres Travelled,2019,All owners,1001 - 1200 cc,Diesel,Co. Longford,All years,Million,1
Kilometres Travelled,2019,All owners,1001 - 1200 cc,Diesel,Co. Louth,All years,Million,3
Kilometres Travelled,2019,All owners,1001 - 1200 cc,Diesel,Co. Mayo,All years,Million,2
Kilometres Travelled,2019,All owners,1001 - 1200 cc,Diesel,Co. Meath,All years,Million,4
Kilometres Travelled,2019,All owners,1001 - 1200 cc,Diesel,Co. Monaghan,All years,Million,2
Kilometres Travelled,2019,All owners,1001 - 1200 cc,Diesel,Co. Offaly,All years,Million,2
Kilometres Travelled,2019,All owners,1001 - 1200 cc,Diesel,Co. Roscommon,All years,Million,1
Kilometres Travelled,2019,All owners,1001 - 1200 cc,Diesel,Co. Sligo,All years,Million,1
Kilometres Travelled,2019,All owners,1001 - 1200 cc,Diesel,Co. Tipperary,All years,Million,3
Kilometres Travelled,2019,All owners,1001 - 1200 cc,Diesel,Co. Waterford,All years,Million,2
Kilometres Travelled,2019,All owners,1001 - 1200 cc,Diesel,Co. Westmeath,All years,Million,3
Kilometres Travelled,2019,All owners,1001 - 1200 cc,Diesel,Co. Wexford,All years,Million,3
Kilometres Travelled,2019,All owners,1001 - 1200 cc,Diesel,Co. Wicklow,All years,Million,3
Kilometres Travelled,2019,All owners,1001 - 1200 cc,Other fuel types,Co. Carlow,All years,Million,1
Kilometres Travelled,2019,All owners,1001 - 1200 cc,Other fuel types,Co. Cavan,All years,Million,1
Kilometres Travelled,2019,All owners,1001 - 1200 cc,Other fuel types,Co. Clare,All years,Million,2
Kilometres Travelled,2019,All owners,1001 - 1200 cc,Other fuel types,Co. Cork,All years,Million,9
Kilometres Travelled,2019,All owners,1001 - 1200 cc,Other fuel types,Co. Donegal,All years,Million,2
Kilometres Travelled,2019,All owners,1001 - 1200 cc,Other fuel types,Co. Dublin,All years,Million,12
Kilometres Travelled,2019,All owners,1001 - 1200 cc,Other fuel types,Co. Galway,All years,Million,3
Kilometres Travelled,2019,All owners,1001 - 1200 cc,Other fuel types,Co. Kerry,All years,Million,3
Kilometres Travelled,2019,All owners,1001 - 1200 cc,Other fuel types,Co. Kildare,All years,Million,5
Kilometres Travelled,2019,All owners,1001 - 1200 cc,Other fuel types,Co. Kilkenny,All years,Million,1
Kilometres Travelled,2019,All owners,1001 - 1200 cc,Other fuel types,Co. Laois,All years,Million,1
Kilometres Travelled,2019,All owners,1001 - 1200 cc,Other fuel types,Co. Leitrim,All years,Million,0
Kilometres Travelled,2019,All owners,1001 - 1200 cc,Other fuel types,Co. Limerick,All years,Million,2
Kilometres Travelled,2019,All owners,1001 - 1200 cc,Other fuel types,Co. Longford,All years,Million,0
Kilometres Travelled,2019,All owners,1001 - 1200 cc,Other fuel types,Co. Louth,All years,Million,2
Kilometres Travelled,2019,All owners,1001 - 1200 cc,Other fuel types,Co. Mayo,All years,Million,1
Kilometres Travelled,2019,All owners,1001 - 1200 cc,Other fuel types,Co. Meath,All years,Million,5
Kilometres Travelled,2019,All owners,1001 - 1200 cc,Other fuel types,Co. Monaghan,All years,Million,0
Kilometres Travelled,2019,All owners,1001 - 1200 cc,Other fuel types,Co. Offaly,All years,Million,1
Kilometres Travelled,2019,All owners,1001 - 1200 cc,Other fuel types,Co. Roscommon,All years,Million,1
Kilometres Travelled,2019,All owners,1001 - 1200 cc,Other fuel types,Co. Sligo,All years,Million,1
Kilometres Travelled,2019,All owners,1001 - 1200 cc,Other fuel types,Co. Tipperary,All years,Million,2
Kilometres Travelled,2019,All owners,1001 - 1200 cc,Other fuel types,Co. Waterford,All years,Million,2
Kilometres Travelled,2019,All owners,1001 - 1200 cc,Other fuel types,Co. Westmeath,All years,Million,2
Kilometres Travelled,2019,All owners,1001 - 1200 cc,Other fuel types,Co. Wexford,All years,Million,3
Kilometres Travelled,2019,All owners,1001 - 1200 cc,Other fuel types,Co. Wicklow,All years,Million,2
Kilometres Travelled,2019,All owners,1201 - 1400 cc,Petrol,Co. Carlow,All years,Million,57
Kilometres Travelled,2019,All owners,1201 - 1400 cc,Petrol,Co. Cavan,All years,Million,56
Kilometres Travelled,2019,All owners,1201 - 1400 cc,Petrol,Co. Clare,All years,Million,128
Kilometres Travelled,2019,All owners,1201 - 1400 cc,Petrol,Co. Cork,All years,Million,605
Kilometres Travelled,2019,All owners,1201 - 1400 cc,Petrol,Co. Donegal,All years,Million,132
Kilometres Travelled,2019,All owners,1201 - 1400 cc,Petrol,Co. Dublin,All years,Million,1060
Kilometres Travelled,2019,All owners,1201 - 1400 cc,Petrol,Co. Galway,All years,Million,243
Kilometres Travelled,2019,All owners,1201 - 1400 cc,Petrol,Co. Kerry,All years,Million,171
Kilometres Travelled,2019,All owners,1201 - 1400 cc,Petrol,Co. Kildare,All years,Million,206
Kilometres Travelled,2019,All owners,1201 - 1400 cc,Petrol,Co. Kilkenny,All years,Million,92
Kilometres Travelled,2019,All owners,1201 - 1400 cc,Petrol,Co. Laois,All years,Million,64
Kilometres Travelled,2019,All owners,1201 - 1400 cc,Petrol,Co. Leitrim,All years,Million,29
Kilometres Travelled,2019,All owners,1201 - 1400 cc,Petrol,Co. Limerick,All years,Million,208
Kilometres Travelled,2019,All owners,1201 - 1400 cc,Petrol,Co. Longford,All years,Million,30
Kilometres Travelled,2019,All owners,1201 - 1400 cc,Petrol,Co. Louth,All years,Million,92
Kilometres Travelled,2019,All owners,1201 - 1400 cc,Petrol,Co. Mayo,All years,Million,128
Kilometres Travelled,2019,All owners,1201 - 1400 cc,Petrol,Co. Meath,All years,Million,169
Kilometres Travelled,2019,All owners,1201 - 1400 cc,Petrol,Co. Monaghan,All years,Million,45
Kilometres Travelled,2019,All owners,1201 - 1400 cc,Petrol,Co. Offaly,All years,Million,62
Kilometres Travelled,2019,All owners,1201 - 1400 cc,Petrol,Co. Roscommon,All years,Million,74
Kilometres Travelled,2019,All owners,1201 - 1400 cc,Petrol,Co. Sligo,All years,Million,64
Kilometres Travelled,2019,All owners,1201 - 1400 cc,Petrol,Co. Tipperary,All years,Million,166
Kilometres Travelled,2019,All owners,1201 - 1400 cc,Petrol,Co. Waterford,All years,Million,131
Kilometres Travelled,2019,All owners,1201 - 1400 cc,Petrol,Co. Westmeath,All years,Million,74
Kilometres Travelled,2019,All owners,1201 - 1400 cc,Petrol,Co. Wexford,All years,Million,151
Kilometres Travelled,2019,All owners,1201 - 1400 cc,Petrol,Co. Wicklow,All years,Million,149
Kilometres Travelled,2019,All owners,1201 - 1400 cc,Diesel,Co. Carlow,All years,Million,24
Kilometres Travelled,2019,All owners,1201 - 1400 cc,Diesel,Co. Cavan,All years,Million,37
Kilometres Travelled,2019,All owners,1201 - 1400 cc,Diesel,Co. Clare,All years,Million,52
Kilometres Travelled,2019,All owners,1201 - 1400 cc,Diesel,Co. Cork,All years,Million,195
Kilometres Travelled,2019,All owners,1201 - 1400 cc,Diesel,Co. Donegal,All years,Million,84
Kilometres Travelled,2019,All owners,1201 - 1400 cc,Diesel,Co. Dublin,All years,Million,138
Kilometres Travelled,2019,All owners,1201 - 1400 cc,Diesel,Co. Galway,All years,Million,95
Kilometres Travelled,2019,All owners,1201 - 1400 cc,Diesel,Co. Kerry,All years,Million,61
Kilometres Travelled,2019,All owners,1201 - 1400 cc,Diesel,Co. Kildare,All years,Million,62
Kilometres Travelled,2019,All owners,1201 - 1400 cc,Diesel,Co. Kilkenny,All years,Million,41
Kilometres Travelled,2019,All owners,1201 - 1400 cc,Diesel,Co. Laois,All years,Million,30
Kilometres Travelled,2019,All owners,1201 - 1400 cc,Diesel,Co. Leitrim,All years,Million,15
Kilometres Travelled,2019,All owners,1201 - 1400 cc,Diesel,Co. Limerick,All years,Million,76
Kilometres Travelled,2019,All owners,1201 - 1400 cc,Diesel,Co. Longford,All years,Million,18
Kilometres Travelled,2019,All owners,1201 - 1400 cc,Diesel,Co. Louth,All years,Million,41
Kilometres Travelled,2019,All owners,1201 - 1400 cc,Diesel,Co. Mayo,All years,Million,62
Kilometres Travelled,2019,All owners,1201 - 1400 cc,Diesel,Co. Meath,All years,Million,65
Kilometres Travelled,2019,All owners,1201 - 1400 cc,Diesel,Co. Monaghan,All years,Million,27
Kilometres Travelled,2019,All owners,1201 - 1400 cc,Diesel,Co. Offaly,All years,Million,38
Kilometres Travelled,2019,All owners,1201 - 1400 cc,Diesel,Co. Roscommon,All years,Million,34
Kilometres Travelled,2019,All owners,1201 - 1400 cc,Diesel,Co. Sligo,All years,Million,26
Kilometres Travelled,2019,All owners,1201 - 1400 cc,Diesel,Co. Tipperary,All years,Million,78
Kilometres Travelled,2019,All owners,1201 - 1400 cc,Diesel,Co. Waterford,All years,Million,38
Kilometres Travelled,2019,All owners,1201 - 1400 cc,Diesel,Co. Westmeath,All years,Million,39
Kilometres Travelled,2019,All owners,1201 - 1400 cc,Diesel,Co. Wexford,All years,Million,62
Kilometres Travelled,2019,All owners,1201 - 1400 cc,Diesel,Co. Wicklow,All years,Million,41
Kilometres Travelled,2019,All owners,1201 - 1400 cc,Other fuel types,Co. Carlow,All years,Million,0
Kilometres Travelled,2019,All owners,1201 - 1400 cc,Other fuel types,Co. Cavan,All years,Million,0
Kilometres Travelled,2019,All owners,1201 - 1400 cc,Other fuel types,Co. Clare,All years,Million,1
Kilometres Travelled,2019,All owners,1201 - 1400 cc,Other fuel types,Co. Cork,All years,Million,4
Kilometres Travelled,2019,All owners,1201 - 1400 cc,Other fuel types,Co. Donegal,All years,Million,0
Kilometres Travelled,2019,All owners,1201 - 1400 cc,Other fuel types,Co. Dublin,All years,Million,25
Kilometres Travelled,2019,All owners,1201 - 1400 cc,Other fuel types,Co. Galway,All years,Million,2
Kilometres Travelled,2019,All owners,1201 - 1400 cc,Other fuel types,Co. Kerry,All years,Million,1
Kilometres Travelled,2019,All owners,1201 - 1400 cc,Other fuel types,Co. Kildare,All years,Million,3
Kilometres Travelled,2019,All owners,1201 - 1400 cc,Other fuel types,Co. Kilkenny,All years,Million,1
Kilometres Travelled,2019,All owners,1201 - 1400 cc,Other fuel types,Co. Laois,All years,Million,1
Kilometres Travelled,2019,All owners,1201 - 1400 cc,Other fuel types,Co. Leitrim,All years,Million,0
Kilometres Travelled,2019,All owners,1201 - 1400 cc,Other fuel types,Co. Limerick,All years,Million,1
Kilometres Travelled,2019,All owners,1201 - 1400 cc,Other fuel types,Co. Longford,All years,Million,0
Kilometres Travelled,2019,All owners,1201 - 1400 cc,Other fuel types,Co. Louth,All years,Million,1
Kilometres Travelled,2019,All owners,1201 - 1400 cc,Other fuel types,Co. Mayo,All years,Million,1
Kilometres Travelled,2019,All owners,1201 - 1400 cc,Other fuel types,Co. Meath,All years,Million,2
Kilometres Travelled,2019,All owners,1201 - 1400 cc,Other fuel types,Co. Monaghan,All years,Million,0
Kilometres Travelled,2019,All owners,1201 - 1400 cc,Other fuel types,Co. Offaly,All years,Million,1
Kilometres Travelled,2019,All owners,1201 - 1400 cc,Other fuel types,Co. Roscommon,All years,Million,0
Kilometres Travelled,2019,All owners,1201 - 1400 cc,Other fuel types,Co. Sligo,All years,Million,0
Kilometres Travelled,2019,All owners,1201 - 1400 cc,Other fuel types,Co. Tipperary,All years,Million,1
Kilometres Travelled,2019,All owners,1201 - 1400 cc,Other fuel types,Co. Waterford,All years,Million,1
Kilometres Travelled,2019,All owners,1201 - 1400 cc,Other fuel types,Co. Westmeath,All years,Million,0
Kilometres Travelled,2019,All owners,1201 - 1400 cc,Other fuel types,Co. Wexford,All years,Million,1
Kilometres Travelled,2019,All owners,1201 - 1400 cc,Other fuel types,Co. Wicklow,All years,Million,2
Kilometres Travelled,2019,All owners,1401 - 1600 cc,Petrol,Co. Carlow,All years,Million,24
Kilometres Travelled,2019,All owners,1401 - 1600 cc,Petrol,Co. Cavan,All years,Million,25
Kilometres Travelled,2019,All owners,1401 - 1600 cc,Petrol,Co. Clare,All years,Million,61
Kilometres Travelled,2019,All owners,1401 - 1600 cc,Petrol,Co. Cork,All years,Million,244
Kilometres Travelled,2019,All owners,1401 - 1600 cc,Petrol,Co. Donegal,All years,Million,47
Kilometres Travelled,2019,All owners,1401 - 1600 cc,Petrol,Co. Dublin,All years,Million,552
Kilometres Travelled,2019,All owners,1401 - 1600 cc,Petrol,Co. Galway,All years,Million,108
Kilometres Travelled,2019,All owners,1401 - 1600 cc,Petrol,Co. Kerry,All years,Million,79
Kilometres Travelled,2019,All owners,1401 - 1600 cc,Petrol,Co. Kildare,All years,Million,97
Kilometres Travelled,2019,All owners,1401 - 1600 cc,Petrol,Co. Kilkenny,All years,Million,35
Kilometres Travelled,2019,All owners,1401 - 1600 cc,Petrol,Co. Laois,All years,Million,29
Kilometres Travelled,2019,All owners,1401 - 1600 cc,Petrol,Co. Leitrim,All years,Million,11
Kilometres Travelled,2019,All owners,1401 - 1600 cc,Petrol,Co. Limerick,All years,Million,90
Kilometres Travelled,2019,All owners,1401 - 1600 cc,Petrol,Co. Longford,All years,Million,13
Kilometres Travelled,2019,All owners,1401 - 1600 cc,Petrol,Co. Louth,All years,Million,37
Kilometres Travelled,2019,All owners,1401 - 1600 cc,Petrol,Co. Mayo,All years,Million,51
Kilometres Travelled,2019,All owners,1401 - 1600 cc,Petrol,Co. Meath,All years,Million,79
Kilometres Travelled,2019,All owners,1401 - 1600 cc,Petrol,Co. Monaghan,All years,Million,15
Kilometres Travelled,2019,All owners,1401 - 1600 cc,Petrol,Co. Offaly,All years,Million,27
Kilometres Travelled,2019,All owners,1401 - 1600 cc,Petrol,Co. Roscommon,All years,Million,25
Kilometres Travelled,2019,All owners,1401 - 1600 cc,Petrol,Co. Sligo,All years,Million,25
Kilometres Travelled,2019,All owners,1401 - 1600 cc,Petrol,Co. Tipperary,All years,Million,72
Kilometres Travelled,2019,All owners,1401 - 1600 cc,Petrol,Co. Waterford,All years,Million,55
Kilometres Travelled,2019,All owners,1401 - 1600 cc,Petrol,Co. Westmeath,All years,Million,31
Kilometres Travelled,2019,All owners,1401 - 1600 cc,Petrol,Co. Wexford,All years,Million,60
Kilometres Travelled,2019,All owners,1401 - 1600 cc,Petrol,Co. Wicklow,All years,Million,70
Kilometres Travelled,2019,All owners,1401 - 1600 cc,Diesel,Co. Carlow,All years,Million,162
Kilometres Travelled,2019,All owners,1401 - 1600 cc,Diesel,Co. Cavan,All years,Million,191
Kilometres Travelled,2019,All owners,1401 - 1600 cc,Diesel,Co. Clare,All years,Million,320
Kilometres Travelled,2019,All owners,1401 - 1600 cc,Diesel,Co. Cork,All years,Million,1120
Kilometres Travelled,2019,All owners,1401 - 1600 cc,Diesel,Co. Donegal,All years,Million,332
Kilometres Travelled,2019,All owners,1401 - 1600 cc,Diesel,Co. Dublin,All years,Million,1634
Kilometres Travelled,2019,All owners,1401 - 1600 cc,Diesel,Co. Galway,All years,Million,567
Kilometres Travelled,2019,All owners,1401 - 1600 cc,Diesel,Co. Kerry,All years,Million,351
Kilometres Travelled,2019,All owners,1401 - 1600 cc,Diesel,Co. Kildare,All years,Million,497
Kilometres Travelled,2019,All owners,1401 - 1600 cc,Diesel,Co. Kilkenny,All years,Million,249
Kilometres Travelled,2019,All owners,1401 - 1600 cc,Diesel,Co. Laois,All years,Million,219
Kilometres Travelled,2019,All owners,1401 - 1600 cc,Diesel,Co. Leitrim,All years,Million,84
Kilometres Travelled,2019,All owners,1401 - 1600 cc,Diesel,Co. Limerick,All years,Million,433
Kilometres Travelled,2019,All owners,1401 - 1600 cc,Diesel,Co. Longford,All years,Million,96
Kilometres Travelled,2019,All owners,1401 - 1600 cc,Diesel,Co. Louth,All years,Million,269
Kilometres Travelled,2019,All owners,1401 - 1600 cc,Diesel,Co. Mayo,All years,Million,314
Kilometres Travelled,2019,All owners,1401 - 1600 cc,Diesel,Co. Meath,All years,Million,478
Kilometres Travelled,2019,All owners,1401 - 1600 cc,Diesel,Co. Monaghan,All years,Million,152
Kilometres Travelled,2019,All owners,1401 - 1600 cc,Diesel,Co. Offaly,All years,Million,215
Kilometres Travelled,2019,All owners,1401 - 1600 cc,Diesel,Co. Roscommon,All years,Million,217
Kilometres Travelled,2019,All owners,1401 - 1600 cc,Diesel,Co. Sligo,All years,Million,139
Kilometres Travelled,2019,All owners,1401 - 1600 cc,Diesel,Co. Tipperary,All years,Million,455
Kilometres Travelled,2019,All owners,1401 - 1600 cc,Diesel,Co. Waterford,All years,Million,286
Kilometres Travelled,2019,All owners,1401 - 1600 cc,Diesel,Co. Westmeath,All years,Million,242
Kilometres Travelled,2019,All owners,1401 - 1600 cc,Diesel,Co. Wexford,All years,Million,448
Kilometres Travelled,2019,All owners,1401 - 1600 cc,Diesel,Co. Wicklow,All years,Million,287
Kilometres Travelled,2019,All owners,1401 - 1600 cc,Other fuel types,Co. Carlow,All years,Million,1
Kilometres Travelled,2019,All owners,1401 - 1600 cc,Other fuel types,Co. Cavan,All years,Million,1
Kilometres Travelled,2019,All owners,1401 - 1600 cc,Other fuel types,Co. Clare,All years,Million,3
Kilometres Travelled,2019,All owners,1401 - 1600 cc,Other fuel types,Co. Cork,All years,Million,12
Kilometres Travelled,2019,All owners,1401 - 1600 cc,Other fuel types,Co. Donegal,All years,Million,3
Kilometres Travelled,2019,All owners,1401 - 1600 cc,Other fuel types,Co. Dublin,All years,Million,51
Kilometres Travelled,2019,All owners,1401 - 1600 cc,Other fuel types,Co. Galway,All years,Million,7
Kilometres Travelled,2019,All owners,1401 - 1600 cc,Other fuel types,Co. Kerry,All years,Million,3
Kilometres Travelled,2019,All owners,1401 - 1600 cc,Other fuel types,Co. Kildare,All years,Million,6
Kilometres Travelled,2019,All owners,1401 - 1600 cc,Other fuel types,Co. Kilkenny,All years,Million,2
Kilometres Travelled,2019,All owners,1401 - 1600 cc,Other fuel types,Co. Laois,All years,Million,2
Kilometres Travelled,2019,All owners,1401 - 1600 cc,Other fuel types,Co. Leitrim,All years,Million,0
Kilometres Travelled,2019,All owners,1401 - 1600 cc,Other fuel types,Co. Limerick,All years,Million,4
Kilometres Travelled,2019,All owners,1401 - 1600 cc,Other fuel types,Co. Longford,All years,Million,1
Kilometres Travelled,2019,All owners,1401 - 1600 cc,Other fuel types,Co. Louth,All years,Million,3
Kilometres Travelled,2019,All owners,1401 - 1600 cc,Other fuel types,Co. Mayo,All years,Million,2
Kilometres Travelled,2019,All owners,1401 - 1600 cc,Other fuel types,Co. Meath,All years,Million,5
Kilometres Travelled,2019,All owners,1401 - 1600 cc,Other fuel types,Co. Monaghan,All years,Million,1
Kilometres Travelled,2019,All owners,1401 - 1600 cc,Other fuel types,Co. Offaly,All years,Million,2
Kilometres Travelled,2019,All owners,1401 - 1600 cc,Other fuel types,Co. Roscommon,All years,Million,1
Kilometres Travelled,2019,All owners,1401 - 1600 cc,Other fuel types,Co. Sligo,All years,Million,2
Kilometres Travelled,2019,All owners,1401 - 1600 cc,Other fuel types,Co. Tipperary,All years,Million,3
Kilometres Travelled,2019,All owners,1401 - 1600 cc,Other fuel types,Co. Waterford,All years,Million,2
Kilometres Travelled,2019,All owners,1401 - 1600 cc,Other fuel types,Co. Westmeath,All years,Million,2
Kilometres Travelled,2019,All owners,1401 - 1600 cc,Other fuel types,Co. Wexford,All years,Million,3
Kilometres Travelled,2019,All owners,1401 - 1600 cc,Other fuel types,Co. Wicklow,All years,Million,5
Kilometres Travelled,2019,All owners,1601 - 1800 cc,Petrol,Co. Carlow,All years,Million,5
Kilometres Travelled,2019,All owners,1601 - 1800 cc,Petrol,Co. Cavan,All years,Million,5
Kilometres Travelled,2019,All owners,1601 - 1800 cc,Petrol,Co. Clare,All years,Million,12
Kilometres Travelled,2019,All owners,1601 - 1800 cc,Petrol,Co. Cork,All years,Million,59
Kilometres Travelled,2019,All owners,1601 - 1800 cc,Petrol,Co. Donegal,All years,Million,8
Kilometres Travelled,2019,All owners,1601 - 1800 cc,Petrol,Co. Dublin,All years,Million,165
Kilometres Travelled,2019,All owners,1601 - 1800 cc,Petrol,Co. Galway,All years,Million,25
Kilometres Travelled,2019,All owners,1601 - 1800 cc,Petrol,Co. Kerry,All years,Million,15
Kilometres Travelled,2019,All owners,1601 - 1800 cc,Petrol,Co. Kildare,All years,Million,26
Kilometres Travelled,2019,All owners,1601 - 1800 cc,Petrol,Co. Kilkenny,All years,Million,8
Kilometres Travelled,2019,All owners,1601 - 1800 cc,Petrol,Co. Laois,All years,Million,6
Kilometres Travelled,2019,All owners,1601 - 1800 cc,Petrol,Co. Leitrim,All years,Million,2
Kilometres Travelled,2019,All owners,1601 - 1800 cc,Petrol,Co. Limerick,All years,Million,18
Kilometres Travelled,2019,All owners,1601 - 1800 cc,Petrol,Co. Longford,All years,Million,3
Kilometres Travelled,2019,All owners,1601 - 1800 cc,Petrol,Co. Louth,All years,Million,9
Kilometres Travelled,2019,All owners,1601 - 1800 cc,Petrol,Co. Mayo,All years,Million,11
Kilometres Travelled,2019,All owners,1601 - 1800 cc,Petrol,Co. Meath,All years,Million,22
Kilometres Travelled,2019,All owners,1601 - 1800 cc,Petrol,Co. Monaghan,All years,Million,3
Kilometres Travelled,2019,All owners,1601 - 1800 cc,Petrol,Co. Offaly,All years,Million,6
Kilometres Travelled,2019,All owners,1601 - 1800 cc,Petrol,Co. Roscommon,All years,Million,4
Kilometres Travelled,2019,All owners,1601 - 1800 cc,Petrol,Co. Sligo,All years,Million,5
Kilometres Travelled,2019,All owners,1601 - 1800 cc,Petrol,Co. Tipperary,All years,Million,14
Kilometres Travelled,2019,All owners,1601 - 1800 cc,Petrol,Co. Waterford,All years,Million,11
Kilometres Travelled,2019,All owners,1601 - 1800 cc,Petrol,Co. Westmeath,All years,Million,7
Kilometres Travelled,2019,All owners,1601 - 1800 cc,Petrol,Co. Wexford,All years,Million,13
Kilometres Travelled,2019,All owners,1601 - 1800 cc,Petrol,Co. Wicklow,All years,Million,20
Kilometres Travelled,2019,All owners,1601 - 1800 cc,Diesel,Co. Carlow,All years,Million,29
Kilometres Travelled,2019,All owners,1601 - 1800 cc,Diesel,Co. Cavan,All years,Million,33
Kilometres Travelled,2019,All owners,1601 - 1800 cc,Diesel,Co. Clare,All years,Million,54
Kilometres Travelled,2019,All owners,1601 - 1800 cc,Diesel,Co. Cork,All years,Million,221
Kilometres Travelled,2019,All owners,1601 - 1800 cc,Diesel,Co. Donegal,All years,Million,74
Kilometres Travelled,2019,All owners,1601 - 1800 cc,Diesel,Co. Dublin,All years,Million,301
Kilometres Travelled,2019,All owners,1601 - 1800 cc,Diesel,Co. Galway,All years,Million,118
Kilometres Travelled,2019,All owners,1601 - 1800 cc,Diesel,Co. Kerry,All years,Million,76
Kilometres Travelled,2019,All owners,1601 - 1800 cc,Diesel,Co. Kildare,All years,Million,103
Kilometres Travelled,2019,All owners,1601 - 1800 cc,Diesel,Co. Kilkenny,All years,Million,49
Kilometres Travelled,2019,All owners,1601 - 1800 cc,Diesel,Co. Laois,All years,Million,42
Kilometres Travelled,2019,All owners,1601 - 1800 cc,Diesel,Co. Leitrim,All years,Million,17
Kilometres Travelled,2019,All owners,1601 - 1800 cc,Diesel,Co. Limerick,All years,Million,79
Kilometres Travelled,2019,All owners,1601 - 1800 cc,Diesel,Co. Longford,All years,Million,21
Kilometres Travelled,2019,All owners,1601 - 1800 cc,Diesel,Co. Louth,All years,Million,48
Kilometres Travelled,2019,All owners,1601 - 1800 cc,Diesel,Co. Mayo,All years,Million,65
Kilometres Travelled,2019,All owners,1601 - 1800 cc,Diesel,Co. Meath,All years,Million,85
Kilometres Travelled,2019,All owners,1601 - 1800 cc,Diesel,Co. Monaghan,All years,Million,33
Kilometres Travelled,2019,All owners,1601 - 1800 cc,Diesel,Co. Offaly,All years,Million,37
Kilometres Travelled,2019,All owners,1601 - 1800 cc,Diesel,Co. Roscommon,All years,Million,34
Kilometres Travelled,2019,All owners,1601 - 1800 cc,Diesel,Co. Sligo,All years,Million,30
Kilometres Travelled,2019,All owners,1601 - 1800 cc,Diesel,Co. Tipperary,All years,Million,76
Kilometres Travelled,2019,All owners,1601 - 1800 cc,Diesel,Co. Waterford,All years,Million,42
Kilometres Travelled,2019,All owners,1601 - 1800 cc,Diesel,Co. Westmeath,All years,Million,47
Kilometres Travelled,2019,All owners,1601 - 1800 cc,Diesel,Co. Wexford,All years,Million,71
Kilometres Travelled,2019,All owners,1601 - 1800 cc,Diesel,Co. Wicklow,All years,Million,55
Kilometres Travelled,2019,All owners,1601 - 1800 cc,Other fuel types,Co. Carlow,All years,Million,2
Kilometres Travelled,2019,All owners,1601 - 1800 cc,Other fuel types,Co. Cavan,All years,Million,2
Kilometres Travelled,2019,All owners,1601 - 1800 cc,Other fuel types,Co. Clare,All years,Million,4
Kilometres Travelled,2019,All owners,1601 - 1800 cc,Other fuel types,Co. Cork,All years,Million,25
Kilometres Travelled,2019,All owners,1601 - 1800 cc,Other fuel types,Co. Donegal,All years,Million,6
Kilometres Travelled,2019,All owners,1601 - 1800 cc,Other fuel types,Co. Dublin,All years,Million,102
Kilometres Travelled,2019,All owners,1601 - 1800 cc,Other fuel types,Co. Galway,All years,Million,14
Kilometres Travelled,2019,All owners,1601 - 1800 cc,Other fuel types,Co. Kerry,All years,Million,5
Kilometres Travelled,2019,All owners,1601 - 1800 cc,Other fuel types,Co. Kildare,All years,Million,13
Kilometres Travelled,2019,All owners,1601 - 1800 cc,Other fuel types,Co. Kilkenny,All years,Million,4
Kilometres Travelled,2019,All owners,1601 - 1800 cc,Other fuel types,Co. Laois,All years,Million,2
Kilometres Travelled,2019,All owners,1601 - 1800 cc,Other fuel types,Co. Leitrim,All years,Million,1
Kilometres Travelled,2019,All owners,1601 - 1800 cc,Other fuel types,Co. Limerick,All years,Million,8
Kilometres Travelled,2019,All owners,1601 - 1800 cc,Other fuel types,Co. Longford,All years,Million,2
Kilometres Travelled,2019,All owners,1601 - 1800 cc,Other fuel types,Co. Louth,All years,Million,5
Kilometres Travelled,2019,All owners,1601 - 1800 cc,Other fuel types,Co. Mayo,All years,Million,4
Kilometres Travelled,2019,All owners,1601 - 1800 cc,Other fuel types,Co. Meath,All years,Million,9
Kilometres Travelled,2019,All owners,1601 - 1800 cc,Other fuel types,Co. Monaghan,All years,Million,1
Kilometres Travelled,2019,All owners,1601 - 1800 cc,Other fuel types,Co. Offaly,All years,Million,3
Kilometres Travelled,2019,All owners,1601 - 1800 cc,Other fuel types,Co. Roscommon,All years,Million,3
Kilometres Travelled,2019,All owners,1601 - 1800 cc,Other fuel types,Co. Sligo,All years,Million,2
Kilometres Travelled,2019,All owners,1601 - 1800 cc,Other fuel types,Co. Tipperary,All years,Million,5
Kilometres Travelled,2019,All owners,1601 - 1800 cc,Other fuel types,Co. Waterford,All years,Million,4
Kilometres Travelled,2019,All owners,1601 - 1800 cc,Other fuel types,Co. Westmeath,All years,Million,4
Kilometres Travelled,2019,All owners,1601 - 1800 cc,Other fuel types,Co. Wexford,All years,Million,5
Kilometres Travelled,2019,All owners,1601 - 1800 cc,Other fuel types,Co. Wicklow,All years,Million,8
Kilometres Travelled,2019,All owners,1801 - 2000 cc,Petrol,Co. Carlow,All years,Million,4
Kilometres Travelled,2019,All owners,1801 - 2000 cc,Petrol,Co. Cavan,All years,Million,4
Kilometres Travelled,2019,All owners,1801 - 2000 cc,Petrol,Co. Clare,All years,Million,9
Kilometres Travelled,2019,All owners,1801 - 2000 cc,Petrol,Co. Cork,All years,Million,49
Kilometres Travelled,2019,All owners,1801 - 2000 cc,Petrol,Co. Donegal,All years,Million,7
Kilometres Travelled,2019,All owners,1801 - 2000 cc,Petrol,Co. Dublin,All years,Million,150
Kilometres Travelled,2019,All owners,1801 - 2000 cc,Petrol,Co. Galway,All years,Million,20
Kilometres Travelled,2019,All owners,1801 - 2000 cc,Petrol,Co. Kerry,All years,Million,11
Kilometres Travelled,2019,All owners,1801 - 2000 cc,Petrol,Co. Kildare,All years,Million,20
Kilometres Travelled,2019,All owners,1801 - 2000 cc,Petrol,Co. Kilkenny,All years,Million,6
Kilometres Travelled,2019,All owners,1801 - 2000 cc,Petrol,Co. Laois,All years,Million,5
Kilometres Travelled,2019,All owners,1801 - 2000 cc,Petrol,Co. Leitrim,All years,Million,2
Kilometres Travelled,2019,All owners,1801 - 2000 cc,Petrol,Co. Limerick,All years,Million,14
Kilometres Travelled,2019,All owners,1801 - 2000 cc,Petrol,Co. Longford,All years,Million,2
Kilometres Travelled,2019,All owners,1801 - 2000 cc,Petrol,Co. Louth,All years,Million,7
Kilometres Travelled,2019,All owners,1801 - 2000 cc,Petrol,Co. Mayo,All years,Million,8
Kilometres Travelled,2019,All owners,1801 - 2000 cc,Petrol,Co. Meath,All years,Million,16
Kilometres Travelled,2019,All owners,1801 - 2000 cc,Petrol,Co. Monaghan,All years,Million,3
Kilometres Travelled,2019,All owners,1801 - 2000 cc,Petrol,Co. Offaly,All years,Million,4
Kilometres Travelled,2019,All owners,1801 - 2000 cc,Petrol,Co. Roscommon,All years,Million,3
Kilometres Travelled,2019,All owners,1801 - 2000 cc,Petrol,Co. Sligo,All years,Million,4
Kilometres Travelled,2019,All owners,1801 - 2000 cc,Petrol,Co. Tipperary,All years,Million,11
Kilometres Travelled,2019,All owners,1801 - 2000 cc,Petrol,Co. Waterford,All years,Million,9
Kilometres Travelled,2019,All owners,1801 - 2000 cc,Petrol,Co. Westmeath,All years,Million,5
Kilometres Travelled,2019,All owners,1801 - 2000 cc,Petrol,Co. Wexford,All years,Million,10
Kilometres Travelled,2019,All owners,1801 - 2000 cc,Petrol,Co. Wicklow,All years,Million,20
Kilometres Travelled,2019,All owners,1801 - 2000 cc,Diesel,Co. Carlow,All years,Million,140
Kilometres Travelled,2019,All owners,1801 - 2000 cc,Diesel,Co. Cavan,All years,Million,181
Kilometres Travelled,2019,All owners,1801 - 2000 cc,Diesel,Co. Clare,All years,Million,255
Kilometres Travelled,2019,All owners,1801 - 2000 cc,Diesel,Co. Cork,All years,Million,964
Kilometres Travelled,2019,All owners,1801 - 2000 cc,Diesel,Co. Donegal,All years,Million,331
Kilometres Travelled,2019,All owners,1801 - 2000 cc,Diesel,Co. Dublin,All years,Million,1539
Kilometres Travelled,2019,All owners,1801 - 2000 cc,Diesel,Co. Galway,All years,Million,578
Kilometres Travelled,2019,All owners,1801 - 2000 cc,Diesel,Co. Kerry,All years,Million,303
Kilometres Travelled,2019,All owners,1801 - 2000 cc,Diesel,Co. Kildare,All years,Million,416
Kilometres Travelled,2019,All owners,1801 - 2000 cc,Diesel,Co. Kilkenny,All years,Million,199
Kilometres Travelled,2019,All owners,1801 - 2000 cc,Diesel,Co. Laois,All years,Million,174
Kilometres Travelled,2019,All owners,1801 - 2000 cc,Diesel,Co. Leitrim,All years,Million,90
Kilometres Travelled,2019,All owners,1801 - 2000 cc,Diesel,Co. Limerick,All years,Million,374
Kilometres Travelled,2019,All owners,1801 - 2000 cc,Diesel,Co. Longford,All years,Million,108
Kilometres Travelled,2019,All owners,1801 - 2000 cc,Diesel,Co. Louth,All years,Million,215
Kilometres Travelled,2019,All owners,1801 - 2000 cc,Diesel,Co. Mayo,All years,Million,335
Kilometres Travelled,2019,All owners,1801 - 2000 cc,Diesel,Co. Meath,All years,Million,403
Kilometres Travelled,2019,All owners,1801 - 2000 cc,Diesel,Co. Monaghan,All years,Million,151
Kilometres Travelled,2019,All owners,1801 - 2000 cc,Diesel,Co. Offaly,All years,Million,172
Kilometres Travelled,2019,All owners,1801 - 2000 cc,Diesel,Co. Roscommon,All years,Million,170
Kilometres Travelled,2019,All owners,1801 - 2000 cc,Diesel,Co. Sligo,All years,Million,150
Kilometres Travelled,2019,All owners,1801 - 2000 cc,Diesel,Co. Tipperary,All years,Million,400
Kilometres Travelled,2019,All owners,1801 - 2000 cc,Diesel,Co. Waterford,All years,Million,217
Kilometres Travelled,2019,All owners,1801 - 2000 cc,Diesel,Co. Westmeath,All years,Million,221
Kilometres Travelled,2019,All owners,1801 - 2000 cc,Diesel,Co. Wexford,All years,Million,334
Kilometres Travelled,2019,All owners,1801 - 2000 cc,Diesel,Co. Wicklow,All years,Million,251
Kilometres Travelled,2019,All owners,1801 - 2000 cc,Other fuel types,Co. Carlow,All years,Million,0
Kilometres Travelled,2019,All owners,1801 - 2000 cc,Other fuel types,Co. Cavan,All years,Million,0
Kilometres Travelled,2019,All owners,1801 - 2000 cc,Other fuel types,Co. Clare,All years,Million,1
Kilometres Travelled,2019,All owners,1801 - 2000 cc,Other fuel types,Co. Cork,All years,Million,7
Kilometres Travelled,2019,All owners,1801 - 2000 cc,Other fuel types,Co. Donegal,All years,Million,1
Kilometres Travelled,2019,All owners,1801 - 2000 cc,Other fuel types,Co. Dublin,All years,Million,30
Kilometres Travelled,2019,All owners,1801 - 2000 cc,Other fuel types,Co. Galway,All years,Million,3
Kilometres Travelled,2019,All owners,1801 - 2000 cc,Other fuel types,Co. Kerry,All years,Million,1
Kilometres Travelled,2019,All owners,1801 - 2000 cc,Other fuel types,Co. Kildare,All years,Million,3
Kilometres Travelled,2019,All owners,1801 - 2000 cc,Other fuel types,Co. Kilkenny,All years,Million,1
Kilometres Travelled,2019,All owners,1801 - 2000 cc,Other fuel types,Co. Laois,All years,Million,0
Kilometres Travelled,2019,All owners,1801 - 2000 cc,Other fuel types,Co. Leitrim,All years,Million,0
Kilometres Travelled,2019,All owners,1801 - 2000 cc,Other fuel types,Co. Limerick,All years,Million,2
Kilometres Travelled,2019,All owners,1801 - 2000 cc,Other fuel types,Co. Longford,All years,Million,0
Kilometres Travelled,2019,All owners,1801 - 2000 cc,Other fuel types,Co. Louth,All years,Million,1
Kilometres Travelled,2019,All owners,1801 - 2000 cc,Other fuel types,Co. Mayo,All years,Million,1
Kilometres Travelled,2019,All owners,1801 - 2000 cc,Other fuel types,Co. Meath,All years,Million,2
Kilometres Travelled,2019,All owners,1801 - 2000 cc,Other fuel types,Co. Monaghan,All years,Million,0
Kilometres Travelled,2019,All owners,1801 - 2000 cc,Other fuel types,Co. Offaly,All years,Million,0
Kilometres Travelled,2019,All owners,1801 - 2000 cc,Other fuel types,Co. Roscommon,All years,Million,0
Kilometres Travelled,2019,All owners,1801 - 2000 cc,Other fuel types,Co. Sligo,All years,Million,0
Kilometres Travelled,2019,All owners,1801 - 2000 cc,Other fuel types,Co. Tipperary,All years,Million,1
Kilometres Travelled,2019,All owners,1801 - 2000 cc,Other fuel types,Co. Waterford,All years,Million,1
Kilometres Travelled,2019,All owners,1801 - 2000 cc,Other fuel types,Co. Westmeath,All years,Million,1
Kilometres Travelled,2019,All owners,1801 - 2000 cc,Other fuel types,Co. Wexford,All years,Million,1
Kilometres Travelled,2019,All owners,1801 - 2000 cc,Other fuel types,Co. Wicklow,All years,Million,2
Kilometres Travelled,2019,All owners,Over 2000 cc,Petrol,Co. Carlow,All years,Million,1
Kilometres Travelled,2019,All owners,Over 2000 cc,Petrol,Co. Cavan,All years,Million,1
Kilometres Travelled,2019,All owners,Over 2000 cc,Petrol,Co. Clare,All years,Million,2
Kilometres Travelled,2019,All owners,Over 2000 cc,Petrol,Co. Cork,All years,Million,13
Kilometres Travelled,2019,All owners,Over 2000 cc,Petrol,Co. Donegal,All years,Million,2
Kilometres Travelled,2019,All owners,Over 2000 cc,Petrol,Co. Dublin,All years,Million,55
Kilometres Travelled,2019,All owners,Over 2000 cc,Petrol,Co. Galway,All years,Million,6
Kilometres Travelled,2019,All owners,Over 2000 cc,Petrol,Co. Kerry,All years,Million,2
Kilometres Travelled,2019,All owners,Over 2000 cc,Petrol,Co. Kildare,All years,Million,6
Kilometres Travelled,2019,All owners,Over 2000 cc,Petrol,Co. Kilkenny,All years,Million,1
Kilometres Travelled,2019,All owners,Over 2000 cc,Petrol,Co. Laois,All years,Million,1
Kilometres Travelled,2019,All owners,Over 2000 cc,Petrol,Co. Leitrim,All years,Million,0
Kilometres Travelled,2019,All owners,Over 2000 cc,Petrol,Co. Limerick,All years,Million,4
Kilometres Travelled,2019,All owners,Over 2000 cc,Petrol,Co. Longford,All years,Million,0
Kilometres Travelled,2019,All owners,Over 2000 cc,Petrol,Co. Louth,All years,Million,2
Kilometres Travelled,2019,All owners,Over 2000 cc,Petrol,Co. Mayo,All years,Million,2
Kilometres Travelled,2019,All owners,Over 2000 cc,Petrol,Co. Meath,All years,Million,5
Kilometres Travelled,2019,All owners,Over 2000 cc,Petrol,Co. Monaghan,All years,Million,1
Kilometres Travelled,2019,All owners,Over 2000 cc,Petrol,Co. Offaly,All years,Million,1
Kilometres Travelled,2019,All owners,Over 2000 cc,Petrol,Co. Roscommon,All years,Million,1
Kilometres Travelled,2019,All owners,Over 2000 cc,Petrol,Co. Sligo,All years,Million,1
Kilometres Travelled,2019,All owners,Over 2000 cc,Petrol,Co. Tipperary,All years,Million,3
Kilometres Travelled,2019,All owners,Over 2000 cc,Petrol,Co. Waterford,All years,Million,2
Kilometres Travelled,2019,All owners,Over 2000 cc,Petrol,Co. Westmeath,All years,Million,1
Kilometres Travelled,2019,All owners,Over 2000 cc,Petrol,Co. Wexford,All years,Million,2
Kilometres Travelled,2019,All owners,Over 2000 cc,Petrol,Co. Wicklow,All years,Million,6
Kilometres Travelled,2019,All owners,Over 2000 cc,Diesel,Co. Carlow,All years,Million,30
Kilometres Travelled,2019,All owners,Over 2000 cc,Diesel,Co. Cavan,All years,Million,31
Kilometres Travelled,2019,All owners,Over 2000 cc,Diesel,Co. Clare,All years,Million,51
Kilometres Travelled,2019,All owners,Over 2000 cc,Diesel,Co. Cork,All years,Million,199
Kilometres Travelled,2019,All owners,Over 2000 cc,Diesel,Co. Donegal,All years,Million,47
Kilometres Travelled,2019,All owners,Over 2000 cc,Diesel,Co. Dublin,All years,Million,466
Kilometres Travelled,2019,All owners,Over 2000 cc,Diesel,Co. Galway,All years,Million,107
Kilometres Travelled,2019,All owners,Over 2000 cc,Diesel,Co. Kerry,All years,Million,58
Kilometres Travelled,2019,All owners,Over 2000 cc,Diesel,Co. Kildare,All years,Million,115
Kilometres Travelled,2019,All owners,Over 2000 cc,Diesel,Co. Kilkenny,All years,Million,47
Kilometres Travelled,2019,All owners,Over 2000 cc,Diesel,Co. Laois,All years,Million,39
Kilometres Travelled,2019,All owners,Over 2000 cc,Diesel,Co. Leitrim,All years,Million,12
Kilometres Travelled,2019,All owners,Over 2000 cc,Diesel,Co. Limerick,All years,Million,80
Kilometres Travelled,2019,All owners,Over 2000 cc,Diesel,Co. Longford,All years,Million,16
Kilometres Travelled,2019,All owners,Over 2000 cc,Diesel,Co. Louth,All years,Million,49
Kilometres Travelled,2019,All owners,Over 2000 cc,Diesel,Co. Mayo,All years,Million,54
Kilometres Travelled,2019,All owners,Over 2000 cc,Diesel,Co. Meath,All years,Million,108
Kilometres Travelled,2019,All owners,Over 2000 cc,Diesel,Co. Monaghan,All years,Million,27
Kilometres Travelled,2019,All owners,Over 2000 cc,Diesel,Co. Offaly,All years,Million,34
Kilometres Travelled,2019,All owners,Over 2000 cc,Diesel,Co. Roscommon,All years,Million,26
Kilometres Travelled,2019,All owners,Over 2000 cc,Diesel,Co. Sligo,All years,Million,21
Kilometres Travelled,2019,All owners,Over 2000 cc,Diesel,Co. Tipperary,All years,Million,80
Kilometres Travelled,2019,All owners,Over 2000 cc,Diesel,Co. Waterford,All years,Million,52
Kilometres Travelled,2019,All owners,Over 2000 cc,Diesel,Co. Westmeath,All years,Million,39
Kilometres Travelled,2019,All owners,Over 2000 cc,Diesel,Co. Wexford,All years,Million,78
Kilometres Travelled,2019,All owners,Over 2000 cc,Diesel,Co. Wicklow,All years,Million,77
Kilometres Travelled,2019,All owners,Over 2000 cc,Other fuel types,Co. Carlow,All years,Million,1
Kilometres Travelled,2019,All owners,Over 2000 cc,Other fuel types,Co. Cavan,All years,Million,1
Kilometres Travelled,2019,All owners,Over 2000 cc,Other fuel types,Co. Clare,All years,Million,2
Kilometres Travelled,2019,All owners,Over 2000 cc,Other fuel types,Co. Cork,All years,Million,15
Kilometres Travelled,2019,All owners,Over 2000 cc,Other fuel types,Co. Donegal,All years,Million,2
Kilometres Travelled,2019,All owners,Over 2000 cc,Other fuel types,Co. Dublin,All years,Million,62
Kilometres Travelled,2019,All owners,Over 2000 cc,Other fuel types,Co. Galway,All years,Million,8
Kilometres Travelled,2019,All owners,Over 2000 cc,Other fuel types,Co. Kerry,All years,Million,3
Kilometres Travelled,2019,All owners,Over 2000 cc,Other fuel types,Co. Kildare,All years,Million,6
Kilometres Travelled,2019,All owners,Over 2000 cc,Other fuel types,Co. Kilkenny,All years,Million,2
Kilometres Travelled,2019,All owners,Over 2000 cc,Other fuel types,Co. Laois,All years,Million,1
Kilometres Travelled,2019,All owners,Over 2000 cc,Other fuel types,Co. Leitrim,All years,Million,0
Kilometres Travelled,2019,All owners,Over 2000 cc,Other fuel types,Co. Limerick,All years,Million,3
Kilometres Travelled,2019,All owners,Over 2000 cc,Other fuel types,Co. Longford,All years,Million,1
Kilometres Travelled,2019,All owners,Over 2000 cc,Other fuel types,Co. Louth,All years,Million,2
Kilometres Travelled,2019,All owners,Over 2000 cc,Other fuel types,Co. Mayo,All years,Million,2
Kilometres Travelled,2019,All owners,Over 2000 cc,Other fuel types,Co. Meath,All years,Million,6
Kilometres Travelled,2019,All owners,Over 2000 cc,Other fuel types,Co. Monaghan,All years,Million,1
Kilometres Travelled,2019,All owners,Over 2000 cc,Other fuel types,Co. Offaly,All years,Million,1
Kilometres Travelled,2019,All owners,Over 2000 cc,Other fuel types,Co. Roscommon,All years,Million,1
Kilometres Travelled,2019,All owners,Over 2000 cc,Other fuel types,Co. Sligo,All years,Million,1
Kilometres Travelled,2019,All owners,Over 2000 cc,Other fuel types,Co. Tipperary,All years,Million,2
Kilometres Travelled,2019,All owners,Over 2000 cc,Other fuel types,Co. Waterford,All years,Million,2
Kilometres Travelled,2019,All owners,Over 2000 cc,Other fuel types,Co. Westmeath,All years,Million,2
Kilometres Travelled,2019,All owners,Over 2000 cc,Other fuel types,Co. Wexford,All years,Million,2
Kilometres Travelled,2019,All owners,Over 2000 cc,Other fuel types,Co. Wicklow,All years,Million,5
Kilometres Travelled,2020,All owners,Up to 1000 cc,Petrol,Co. Carlow,All years,Million,17
Kilometres Travelled,2020,All owners,Up to 1000 cc,Petrol,Co. Cavan,All years,Million,19
Kilometres Travelled,2020,All owners,Up to 1000 cc,Petrol,Co. Clare,All years,Million,38
Kilometres Travelled,2020,All owners,Up to 1000 cc,Petrol,Co. Cork,All years,Million,205
Kilometres Travelled,2020,All owners,Up to 1000 cc,Petrol,Co. Donegal,All years,Million,37
Kilometres Travelled,2020,All owners,Up to 1000 cc,Petrol,Co. Dublin,All years,Million,385
Kilometres Travelled,2020,All owners,Up to 1000 cc,Petrol,Co. Galway,All years,Million,67
Kilometres Travelled,2020,All owners,Up to 1000 cc,Petrol,Co. Kerry,All years,Million,45
Kilometres Travelled,2020,All owners,Up to 1000 cc,Petrol,Co. Kildare,All years,Million,74
Kilometres Travelled,2020,All owners,Up to 1000 cc,Petrol,Co. Kilkenny,All years,Million,29
Kilometres Travelled,2020,All owners,Up to 1000 cc,Petrol,Co. Laois,All years,Million,22
Kilometres Travelled,2020,All owners,Up to 1000 cc,Petrol,Co. Leitrim,All years,Million,9
Kilometres Travelled,2020,All owners,Up to 1000 cc,Petrol,Co. Limerick,All years,Million,64
Kilometres Travelled,2020,All owners,Up to 1000 cc,Petrol,Co. Longford,All years,Million,11
Kilometres Travelled,2020,All owners,Up to 1000 cc,Petrol,Co. Louth,All years,Million,41
Kilometres Travelled,2020,All owners,Up to 1000 cc,Petrol,Co. Mayo,All years,Million,36
Kilometres Travelled,2020,All owners,Up to 1000 cc,Petrol,Co. Meath,All years,Million,57
Kilometres Travelled,2020,All owners,Up to 1000 cc,Petrol,Co. Monaghan,All years,Million,12
Kilometres Travelled,2020,All owners,Up to 1000 cc,Petrol,Co. Offaly,All years,Million,20
Kilometres Travelled,2020,All owners,Up to 1000 cc,Petrol,Co. Roscommon,All years,Million,28
Kilometres Travelled,2020,All owners,Up to 1000 cc,Petrol,Co. Sligo,All years,Million,19
Kilometres Travelled,2020,All owners,Up to 1000 cc,Petrol,Co. Tipperary,All years,Million,49
Kilometres Travelled,2020,All owners,Up to 1000 cc,Petrol,Co. Waterford,All years,Million,48
Kilometres Travelled,2020,All owners,Up to 1000 cc,Petrol,Co. Westmeath,All years,Million,23
Kilometres Travelled,2020,All owners,Up to 1000 cc,Petrol,Co. Wexford,All years,Million,49
Kilometres Travelled,2020,All owners,Up to 1000 cc,Petrol,Co. Wicklow,All years,Million,52
Kilometres Travelled,2020,All owners,Up to 1000 cc,Diesel,Co. Carlow,All years,Million,0
Kilometres Travelled,2020,All owners,Up to 1000 cc,Diesel,Co. Cavan,All years,Million,0
Kilometres Travelled,2020,All owners,Up to 1000 cc,Diesel,Co. Clare,All years,Million,0
Kilometres Travelled,2020,All owners,Up to 1000 cc,Diesel,Co. Cork,All years,Million,0
Kilometres Travelled,2020,All owners,Up to 1000 cc,Diesel,Co. Donegal,All years,Million,0
Kilometres Travelled,2020,All owners,Up to 1000 cc,Diesel,Co. Dublin,All years,Million,1
Kilometres Travelled,2020,All owners,Up to 1000 cc,Diesel,Co. Galway,All years,Million,0
Kilometres Travelled,2020,All owners,Up to 1000 cc,Diesel,Co. Kerry,All years,Million,0
Kilometres Travelled,2020,All owners,Up to 1000 cc,Diesel,Co. Kildare,All years,Million,0
Kilometres Travelled,2020,All owners,Up to 1000 cc,Diesel,Co. Kilkenny,All years,Million,0
Kilometres Travelled,2020,All owners,Up to 1000 cc,Diesel,Co. Laois,All years,Million,0
Kilometres Travelled,2020,All owners,Up to 1000 cc,Diesel,Co. Leitrim,All years,Million,0
Kilometres Travelled,2020,All owners,Up to 1000 cc,Diesel,Co. Limerick,All years,Million,0
Kilometres Travelled,2020,All owners,Up to 1000 cc,Diesel,Co. Longford,All years,Million,0
Kilometres Travelled,2020,All owners,Up to 1000 cc,Diesel,Co. Louth,All years,Million,0
Kilometres Travelled,2020,All owners,Up to 1000 cc,Diesel,Co. Mayo,All years,Million,0
Kilometres Travelled,2020,All owners,Up to 1000 cc,Diesel,Co. Meath,All years,Million,0
Kilometres Travelled,2020,All owners,Up to 1000 cc,Diesel,Co. Monaghan,All years,Million,0
Kilometres Travelled,2020,All owners,Up to 1000 cc,Diesel,Co. Offaly,All years,Million,0
Kilometres Travelled,2020,All owners,Up to 1000 cc,Diesel,Co. Roscommon,All years,Million,0
Kilometres Travelled,2020,All owners,Up to 1000 cc,Diesel,Co. Sligo,All years,Million,0
Kilometres Travelled,2020,All owners,Up to 1000 cc,Diesel,Co. Tipperary,All years,Million,0
Kilometres Travelled,2020,All owners,Up to 1000 cc,Diesel,Co. Waterford,All years,Million,0
Kilometres Travelled,2020,All owners,Up to 1000 cc,Diesel,Co. Westmeath,All years,Million,0
Kilometres Travelled,2020,All owners,Up to 1000 cc,Diesel,Co. Wexford,All years,Million,0
Kilometres Travelled,2020,All owners,Up to 1000 cc,Diesel,Co. Wicklow,All years,Million,0
Kilometres Travelled,2020,All owners,Up to 1000 cc,Other fuel types,Co. Carlow,All years,Million,1
Kilometres Travelled,2020,All owners,Up to 1000 cc,Other fuel types,Co. Cavan,All years,Million,1
Kilometres Travelled,2020,All owners,Up to 1000 cc,Other fuel types,Co. Clare,All years,Million,2
Kilometres Travelled,2020,All owners,Up to 1000 cc,Other fuel types,Co. Cork,All years,Million,13
Kilometres Travelled,2020,All owners,Up to 1000 cc,Other fuel types,Co. Donegal,All years,Million,1
Kilometres Travelled,2020,All owners,Up to 1000 cc,Other fuel types,Co. Dublin,All years,Million,43
Kilometres Travelled,2020,All owners,Up to 1000 cc,Other fuel types,Co. Galway,All years,Million,5
Kilometres Travelled,2020,All owners,Up to 1000 cc,Other fuel types,Co. Kerry,All years,Million,2
Kilometres Travelled,2020,All owners,Up to 1000 cc,Other fuel types,Co. Kildare,All years,Million,7
Kilometres Travelled,2020,All owners,Up to 1000 cc,Other fuel types,Co. Kilkenny,All years,Million,2
Kilometres Travelled,2020,All owners,Up to 1000 cc,Other fuel types,Co. Laois,All years,Million,1
Kilometres Travelled,2020,All owners,Up to 1000 cc,Other fuel types,Co. Leitrim,All years,Million,0
Kilometres Travelled,2020,All owners,Up to 1000 cc,Other fuel types,Co. Limerick,All years,Million,3
Kilometres Travelled,2020,All owners,Up to 1000 cc,Other fuel types,Co. Longford,All years,Million,1
Kilometres Travelled,2020,All owners,Up to 1000 cc,Other fuel types,Co. Louth,All years,Million,2
Kilometres Travelled,2020,All owners,Up to 1000 cc,Other fuel types,Co. Mayo,All years,Million,1
Kilometres Travelled,2020,All owners,Up to 1000 cc,Other fuel types,Co. Meath,All years,Million,5
Kilometres Travelled,2020,All owners,Up to 1000 cc,Other fuel types,Co. Monaghan,All years,Million,1
Kilometres Travelled,2020,All owners,Up to 1000 cc,Other fuel types,Co. Offaly,All years,Million,1
Kilometres Travelled,2020,All owners,Up to 1000 cc,Other fuel types,Co. Roscommon,All years,Million,1
Kilometres Travelled,2020,All owners,Up to 1000 cc,Other fuel types,Co. Sligo,All years,Million,1
Kilometres Travelled,2020,All owners,Up to 1000 cc,Other fuel types,Co. Tipperary,All years,Million,2
Kilometres Travelled,2020,All owners,Up to 1000 cc,Other fuel types,Co. Waterford,All years,Million,2
Kilometres Travelled,2020,All owners,Up to 1000 cc,Other fuel types,Co. Westmeath,All years,Million,2
Kilometres Travelled,2020,All owners,Up to 1000 cc,Other fuel types,Co. Wexford,All years,Million,3
Kilometres Travelled,2020,All owners,Up to 1000 cc,Other fuel types,Co. Wicklow,All years,Million,6
Kilometres Travelled,2020,All owners,1001 - 1200 cc,Petrol,Co. Carlow,All years,Million,13
Kilometres Travelled,2020,All owners,1001 - 1200 cc,Petrol,Co. Cavan,All years,Million,13
Kilometres Travelled,2020,All owners,1001 - 1200 cc,Petrol,Co. Clare,All years,Million,30
Kilometres Travelled,2020,All owners,1001 - 1200 cc,Petrol,Co. Cork,All years,Million,152
Kilometres Travelled,2020,All owners,1001 - 1200 cc,Petrol,Co. Donegal,All years,Million,25
Kilometres Travelled,2020,All owners,1001 - 1200 cc,Petrol,Co. Dublin,All years,Million,338
Kilometres Travelled,2020,All owners,1001 - 1200 cc,Petrol,Co. Galway,All years,Million,53
Kilometres Travelled,2020,All owners,1001 - 1200 cc,Petrol,Co. Kerry,All years,Million,38
Kilometres Travelled,2020,All owners,1001 - 1200 cc,Petrol,Co. Kildare,All years,Million,67
Kilometres Travelled,2020,All owners,1001 - 1200 cc,Petrol,Co. Kilkenny,All years,Million,24
Kilometres Travelled,2020,All owners,1001 - 1200 cc,Petrol,Co. Laois,All years,Million,16
Kilometres Travelled,2020,All owners,1001 - 1200 cc,Petrol,Co. Leitrim,All years,Million,6
Kilometres Travelled,2020,All owners,1001 - 1200 cc,Petrol,Co. Limerick,All years,Million,49
Kilometres Travelled,2020,All owners,1001 - 1200 cc,Petrol,Co. Longford,All years,Million,6
Kilometres Travelled,2020,All owners,1001 - 1200 cc,Petrol,Co. Louth,All years,Million,35
Kilometres Travelled,2020,All owners,1001 - 1200 cc,Petrol,Co. Mayo,All years,Million,22
Kilometres Travelled,2020,All owners,1001 - 1200 cc,Petrol,Co. Meath,All years,Million,52
Kilometres Travelled,2020,All owners,1001 - 1200 cc,Petrol,Co. Monaghan,All years,Million,10
Kilometres Travelled,2020,All owners,1001 - 1200 cc,Petrol,Co. Offaly,All years,Million,15
Kilometres Travelled,2020,All owners,1001 - 1200 cc,Petrol,Co. Roscommon,All years,Million,15
Kilometres Travelled,2020,All owners,1001 - 1200 cc,Petrol,Co. Sligo,All years,Million,14
Kilometres Travelled,2020,All owners,1001 - 1200 cc,Petrol,Co. Tipperary,All years,Million,40
Kilometres Travelled,2020,All owners,1001 - 1200 cc,Petrol,Co. Waterford,All years,Million,39
Kilometres Travelled,2020,All owners,1001 - 1200 cc,Petrol,Co. Westmeath,All years,Million,20
Kilometres Travelled,2020,All owners,1001 - 1200 cc,Petrol,Co. Wexford,All years,Million,43
Kilometres Travelled,2020,All owners,1001 - 1200 cc,Petrol,Co. Wicklow,All years,Million,49
Kilometres Travelled,2020,All owners,1001 - 1200 cc,Diesel,Co. Carlow,All years,Million,1
Kilometres Travelled,2020,All owners,1001 - 1200 cc,Diesel,Co. Cavan,All years,Million,1
Kilometres Travelled,2020,All owners,1001 - 1200 cc,Diesel,Co. Clare,All years,Million,2
Kilometres Travelled,2020,All owners,1001 - 1200 cc,Diesel,Co. Cork,All years,Million,7
Kilometres Travelled,2020,All owners,1001 - 1200 cc,Diesel,Co. Donegal,All years,Million,2
Kilometres Travelled,2020,All owners,1001 - 1200 cc,Diesel,Co. Dublin,All years,Million,7
Kilometres Travelled,2020,All owners,1001 - 1200 cc,Diesel,Co. Galway,All years,Million,3
Kilometres Travelled,2020,All owners,1001 - 1200 cc,Diesel,Co. Kerry,All years,Million,1
Kilometres Travelled,2020,All owners,1001 - 1200 cc,Diesel,Co. Kildare,All years,Million,4
Kilometres Travelled,2020,All owners,1001 - 1200 cc,Diesel,Co. Kilkenny,All years,Million,3
Kilometres Travelled,2020,All owners,1001 - 1200 cc,Diesel,Co. Laois,All years,Million,1
Kilometres Travelled,2020,All owners,1001 - 1200 cc,Diesel,Co. Leitrim,All years,Million,1
Kilometres Travelled,2020,All owners,1001 - 1200 cc,Diesel,Co. Limerick,All years,Million,2
Kilometres Travelled,2020,All owners,1001 - 1200 cc,Diesel,Co. Longford,All years,Million,1
Kilometres Travelled,2020,All owners,1001 - 1200 cc,Diesel,Co. Louth,All years,Million,3
Kilometres Travelled,2020,All owners,1001 - 1200 cc,Diesel,Co. Mayo,All years,Million,1
Kilometres Travelled,2020,All owners,1001 - 1200 cc,Diesel,Co. Meath,All years,Million,3
Kilometres Travelled,2020,All owners,1001 - 1200 cc,Diesel,Co. Monaghan,All years,Million,1
Kilometres Travelled,2020,All owners,1001 - 1200 cc,Diesel,Co. Offaly,All years,Million,1
Kilometres Travelled,2020,All owners,1001 - 1200 cc,Diesel,Co. Roscommon,All years,Million,1
Kilometres Travelled,2020,All owners,1001 - 1200 cc,Diesel,Co. Sligo,All years,Million,1
Kilometres Travelled,2020,All owners,1001 - 1200 cc,Diesel,Co. Tipperary,All years,Million,3
Kilometres Travelled,2020,All owners,1001 - 1200 cc,Diesel,Co. Waterford,All years,Million,2
Kilometres Travelled,2020,All owners,1001 - 1200 cc,Diesel,Co. Westmeath,All years,Million,2
Kilometres Travelled,2020,All owners,1001 - 1200 cc,Diesel,Co. Wexford,All years,Million,3
Kilometres Travelled,2020,All owners,1001 - 1200 cc,Diesel,Co. Wicklow,All years,Million,2
Kilometres Travelled,2020,All owners,1001 - 1200 cc,Other fuel types,Co. Carlow,All years,Million,1
Kilometres Travelled,2020,All owners,1001 - 1200 cc,Other fuel types,Co. Cavan,All years,Million,1
Kilometres Travelled,2020,All owners,1001 - 1200 cc,Other fuel types,Co. Clare,All years,Million,1
Kilometres Travelled,2020,All owners,1001 - 1200 cc,Other fuel types,Co. Cork,All years,Million,6
Kilometres Travelled,2020,All owners,1001 - 1200 cc,Other fuel types,Co. Donegal,All years,Million,1
Kilometres Travelled,2020,All owners,1001 - 1200 cc,Other fuel types,Co. Dublin,All years,Million,9
Kilometres Travelled,2020,All owners,1001 - 1200 cc,Other fuel types,Co. Galway,All years,Million,2
Kilometres Travelled,2020,All owners,1001 - 1200 cc,Other fuel types,Co. Kerry,All years,Million,2
Kilometres Travelled,2020,All owners,1001 - 1200 cc,Other fuel types,Co. Kildare,All years,Million,3
Kilometres Travelled,2020,All owners,1001 - 1200 cc,Other fuel types,Co. Kilkenny,All years,Million,1
Kilometres Travelled,2020,All owners,1001 - 1200 cc,Other fuel types,Co. Laois,All years,Million,1
Kilometres Travelled,2020,All owners,1001 - 1200 cc,Other fuel types,Co. Leitrim,All years,Million,0
Kilometres Travelled,2020,All owners,1001 - 1200 cc,Other fuel types,Co. Limerick,All years,Million,2
Kilometres Travelled,2020,All owners,1001 - 1200 cc,Other fuel types,Co. Longford,All years,Million,0
Kilometres Travelled,2020,All owners,1001 - 1200 cc,Other fuel types,Co. Louth,All years,Million,1
Kilometres Travelled,2020,All owners,1001 - 1200 cc,Other fuel types,Co. Mayo,All years,Million,0
Kilometres Travelled,2020,All owners,1001 - 1200 cc,Other fuel types,Co. Meath,All years,Million,3
Kilometres Travelled,2020,All owners,1001 - 1200 cc,Other fuel types,Co. Monaghan,All years,Million,0
Kilometres Travelled,2020,All owners,1001 - 1200 cc,Other fuel types,Co. Offaly,All years,Million,1
Kilometres Travelled,2020,All owners,1001 - 1200 cc,Other fuel types,Co. Roscommon,All years,Million,0
Kilometres Travelled,2020,All owners,1001 - 1200 cc,Other fuel types,Co. Sligo,All years,Million,0
Kilometres Travelled,2020,All owners,1001 - 1200 cc,Other fuel types,Co. Tipperary,All years,Million,1
Kilometres Travelled,2020,All owners,1001 - 1200 cc,Other fuel types,Co. Waterford,All years,Million,1
Kilometres Travelled,2020,All owners,1001 - 1200 cc,Other fuel types,Co. Westmeath,All years,Million,1
Kilometres Travelled,2020,All owners,1001 - 1200 cc,Other fuel types,Co. Wexford,All years,Million,2
Kilometres Travelled,2020,All owners,1001 - 1200 cc,Other fuel types,Co. Wicklow,All years,Million,1
Kilometres Travelled,2020,All owners,1201 - 1400 cc,Petrol,Co. Carlow,All years,Million,37
Kilometres Travelled,2020,All owners,1201 - 1400 cc,Petrol,Co. Cavan,All years,Million,36
Kilometres Travelled,2020,All owners,1201 - 1400 cc,Petrol,Co. Clare,All years,Million,85
Kilometres Travelled,2020,All owners,1201 - 1400 cc,Petrol,Co. Cork,All years,Million,405
Kilometres Travelled,2020,All owners,1201 - 1400 cc,Petrol,Co. Donegal,All years,Million,89
Kilometres Travelled,2020,All owners,1201 - 1400 cc,Petrol,Co. Dublin,All years,Million,713
Kilometres Travelled,2020,All owners,1201 - 1400 cc,Petrol,Co. Galway,All years,Million,163
Kilometres Travelled,2020,All owners,1201 - 1400 cc,Petrol,Co. Kerry,All years,Million,114
Kilometres Travelled,2020,All owners,1201 - 1400 cc,Petrol,Co. Kildare,All years,Million,139
Kilometres Travelled,2020,All owners,1201 - 1400 cc,Petrol,Co. Kilkenny,All years,Million,61
Kilometres Travelled,2020,All owners,1201 - 1400 cc,Petrol,Co. Laois,All years,Million,42
Kilometres Travelled,2020,All owners,1201 - 1400 cc,Petrol,Co. Leitrim,All years,Million,20
Kilometres Travelled,2020,All owners,1201 - 1400 cc,Petrol,Co. Limerick,All years,Million,135
Kilometres Travelled,2020,All owners,1201 - 1400 cc,Petrol,Co. Longford,All years,Million,20
Kilometres Travelled,2020,All owners,1201 - 1400 cc,Petrol,Co. Louth,All years,Million,62
Kilometres Travelled,2020,All owners,1201 - 1400 cc,Petrol,Co. Mayo,All years,Million,85
Kilometres Travelled,2020,All owners,1201 - 1400 cc,Petrol,Co. Meath,All years,Million,114
Kilometres Travelled,2020,All owners,1201 - 1400 cc,Petrol,Co. Monaghan,All years,Million,29
Kilometres Travelled,2020,All owners,1201 - 1400 cc,Petrol,Co. Offaly,All years,Million,41
Kilometres Travelled,2020,All owners,1201 - 1400 cc,Petrol,Co. Roscommon,All years,Million,48
Kilometres Travelled,2020,All owners,1201 - 1400 cc,Petrol,Co. Sligo,All years,Million,44
Kilometres Travelled,2020,All owners,1201 - 1400 cc,Petrol,Co. Tipperary,All years,Million,109
Kilometres Travelled,2020,All owners,1201 - 1400 cc,Petrol,Co. Waterford,All years,Million,87
Kilometres Travelled,2020,All owners,1201 - 1400 cc,Petrol,Co. Westmeath,All years,Million,49
Kilometres Travelled,2020,All owners,1201 - 1400 cc,Petrol,Co. Wexford,All years,Million,99
Kilometres Travelled,2020,All owners,1201 - 1400 cc,Petrol,Co. Wicklow,All years,Million,102
Kilometres Travelled,2020,All owners,1201 - 1400 cc,Diesel,Co. Carlow,All years,Million,17
Kilometres Travelled,2020,All owners,1201 - 1400 cc,Diesel,Co. Cavan,All years,Million,26
Kilometres Travelled,2020,All owners,1201 - 1400 cc,Diesel,Co. Clare,All years,Million,36
Kilometres Travelled,2020,All owners,1201 - 1400 cc,Diesel,Co. Cork,All years,Million,137
Kilometres Travelled,2020,All owners,1201 - 1400 cc,Diesel,Co. Donegal,All years,Million,59
Kilometres Travelled,2020,All owners,1201 - 1400 cc,Diesel,Co. Dublin,All years,Million,92
Kilometres Travelled,2020,All owners,1201 - 1400 cc,Diesel,Co. Galway,All years,Million,67
Kilometres Travelled,2020,All owners,1201 - 1400 cc,Diesel,Co. Kerry,All years,Million,43
Kilometres Travelled,2020,All owners,1201 - 1400 cc,Diesel,Co. Kildare,All years,Million,42
Kilometres Travelled,2020,All owners,1201 - 1400 cc,Diesel,Co. Kilkenny,All years,Million,29
Kilometres Travelled,2020,All owners,1201 - 1400 cc,Diesel,Co. Laois,All years,Million,20
Kilometres Travelled,2020,All owners,1201 - 1400 cc,Diesel,Co. Leitrim,All years,Million,11
Kilometres Travelled,2020,All owners,1201 - 1400 cc,Diesel,Co. Limerick,All years,Million,53
Kilometres Travelled,2020,All owners,1201 - 1400 cc,Diesel,Co. Longford,All years,Million,13
Kilometres Travelled,2020,All owners,1201 - 1400 cc,Diesel,Co. Louth,All years,Million,28
Kilometres Travelled,2020,All owners,1201 - 1400 cc,Diesel,Co. Mayo,All years,Million,43
Kilometres Travelled,2020,All owners,1201 - 1400 cc,Diesel,Co. Meath,All years,Million,45
Kilometres Travelled,2020,All owners,1201 - 1400 cc,Diesel,Co. Monaghan,All years,Million,19
Kilometres Travelled,2020,All owners,1201 - 1400 cc,Diesel,Co. Offaly,All years,Million,27
Kilometres Travelled,2020,All owners,1201 - 1400 cc,Diesel,Co. Roscommon,All years,Million,23
Kilometres Travelled,2020,All owners,1201 - 1400 cc,Diesel,Co. Sligo,All years,Million,18
Kilometres Travelled,2020,All owners,1201 - 1400 cc,Diesel,Co. Tipperary,All years,Million,55
Kilometres Travelled,2020,All owners,1201 - 1400 cc,Diesel,Co. Waterford,All years,Million,27
Kilometres Travelled,2020,All owners,1201 - 1400 cc,Diesel,Co. Westmeath,All years,Million,27
Kilometres Travelled,2020,All owners,1201 - 1400 cc,Diesel,Co. Wexford,All years,Million,44
Kilometres Travelled,2020,All owners,1201 - 1400 cc,Diesel,Co. Wicklow,All years,Million,29
Kilometres Travelled,2020,All owners,1201 - 1400 cc,Other fuel types,Co. Carlow,All years,Million,0
Kilometres Travelled,2020,All owners,1201 - 1400 cc,Other fuel types,Co. Cavan,All years,Million,0
Kilometres Travelled,2020,All owners,1201 - 1400 cc,Other fuel types,Co. Clare,All years,Million,1
Kilometres Travelled,2020,All owners,1201 - 1400 cc,Other fuel types,Co. Cork,All years,Million,3
Kilometres Travelled,2020,All owners,1201 - 1400 cc,Other fuel types,Co. Donegal,All years,Million,0
Kilometres Travelled,2020,All owners,1201 - 1400 cc,Other fuel types,Co. Dublin,All years,Million,23
Kilometres Travelled,2020,All owners,1201 - 1400 cc,Other fuel types,Co. Galway,All years,Million,2
Kilometres Travelled,2020,All owners,1201 - 1400 cc,Other fuel types,Co. Kerry,All years,Million,1
Kilometres Travelled,2020,All owners,1201 - 1400 cc,Other fuel types,Co. Kildare,All years,Million,3
Kilometres Travelled,2020,All owners,1201 - 1400 cc,Other fuel types,Co. Kilkenny,All years,Million,1
Kilometres Travelled,2020,All owners,1201 - 1400 cc,Other fuel types,Co. Laois,All years,Million,1
Kilometres Travelled,2020,All owners,1201 - 1400 cc,Other fuel types,Co. Leitrim,All years,Million,0
Kilometres Travelled,2020,All owners,1201 - 1400 cc,Other fuel types,Co. Limerick,All years,Million,1
Kilometres Travelled,2020,All owners,1201 - 1400 cc,Other fuel types,Co. Longford,All years,Million,0
Kilometres Travelled,2020,All owners,1201 - 1400 cc,Other fuel types,Co. Louth,All years,Million,1
Kilometres Travelled,2020,All owners,1201 - 1400 cc,Other fuel types,Co. Mayo,All years,Million,1
Kilometres Travelled,2020,All owners,1201 - 1400 cc,Other fuel types,Co. Meath,All years,Million,2
Kilometres Travelled,2020,All owners,1201 - 1400 cc,Other fuel types,Co. Monaghan,All years,Million,0
Kilometres Travelled,2020,All owners,1201 - 1400 cc,Other fuel types,Co. Offaly,All years,Million,0
Kilometres Travelled,2020,All owners,1201 - 1400 cc,Other fuel types,Co. Roscommon,All years,Million,0
Kilometres Travelled,2020,All owners,1201 - 1400 cc,Other fuel types,Co. Sligo,All years,Million,0
Kilometres Travelled,2020,All owners,1201 - 1400 cc,Other fuel types,Co. Tipperary,All years,Million,1
Kilometres Travelled,2020,All owners,1201 - 1400 cc,Other fuel types,Co. Waterford,All years,Million,1
Kilometres Travelled,2020,All owners,1201 - 1400 cc,Other fuel types,Co. Westmeath,All years,Million,0
Kilometres Travelled,2020,All owners,1201 - 1400 cc,Other fuel types,Co. Wexford,All years,Million,1
Kilometres Travelled,2020,All owners,1201 - 1400 cc,Other fuel types,Co. Wicklow,All years,Million,2
Kilometres Travelled,2020,All owners,1401 - 1600 cc,Petrol,Co. Carlow,All years,Million,14
Kilometres Travelled,2020,All owners,1401 - 1600 cc,Petrol,Co. Cavan,All years,Million,15
Kilometres Travelled,2020,All owners,1401 - 1600 cc,Petrol,Co. Clare,All years,Million,38
Kilometres Travelled,2020,All owners,1401 - 1600 cc,Petrol,Co. Cork,All years,Million,159
Kilometres Travelled,2020,All owners,1401 - 1600 cc,Petrol,Co. Donegal,All years,Million,30
Kilometres Travelled,2020,All owners,1401 - 1600 cc,Petrol,Co. Dublin,All years,Million,365
Kilometres Travelled,2020,All owners,1401 - 1600 cc,Petrol,Co. Galway,All years,Million,69
Kilometres Travelled,2020,All owners,1401 - 1600 cc,Petrol,Co. Kerry,All years,Million,50
Kilometres Travelled,2020,All owners,1401 - 1600 cc,Petrol,Co. Kildare,All years,Million,64
Kilometres Travelled,2020,All owners,1401 - 1600 cc,Petrol,Co. Kilkenny,All years,Million,22
Kilometres Travelled,2020,All owners,1401 - 1600 cc,Petrol,Co. Laois,All years,Million,18
Kilometres Travelled,2020,All owners,1401 - 1600 cc,Petrol,Co. Leitrim,All years,Million,7
Kilometres Travelled,2020,All owners,1401 - 1600 cc,Petrol,Co. Limerick,All years,Million,56
Kilometres Travelled,2020,All owners,1401 - 1600 cc,Petrol,Co. Longford,All years,Million,8
Kilometres Travelled,2020,All owners,1401 - 1600 cc,Petrol,Co. Louth,All years,Million,25
Kilometres Travelled,2020,All owners,1401 - 1600 cc,Petrol,Co. Mayo,All years,Million,32
Kilometres Travelled,2020,All owners,1401 - 1600 cc,Petrol,Co. Meath,All years,Million,51
Kilometres Travelled,2020,All owners,1401 - 1600 cc,Petrol,Co. Monaghan,All years,Million,9
Kilometres Travelled,2020,All owners,1401 - 1600 cc,Petrol,Co. Offaly,All years,Million,17
Kilometres Travelled,2020,All owners,1401 - 1600 cc,Petrol,Co. Roscommon,All years,Million,14
Kilometres Travelled,2020,All owners,1401 - 1600 cc,Petrol,Co. Sligo,All years,Million,16
Kilometres Travelled,2020,All owners,1401 - 1600 cc,Petrol,Co. Tipperary,All years,Million,45
Kilometres Travelled,2020,All owners,1401 - 1600 cc,Petrol,Co. Waterford,All years,Million,35
Kilometres Travelled,2020,All owners,1401 - 1600 cc,Petrol,Co. Westmeath,All years,Million,19
Kilometres Travelled,2020,All owners,1401 - 1600 cc,Petrol,Co. Wexford,All years,Million,38
Kilometres Travelled,2020,All owners,1401 - 1600 cc,Petrol,Co. Wicklow,All years,Million,46
Kilometres Travelled,2020,All owners,1401 - 1600 cc,Diesel,Co. Carlow,All years,Million,127
Kilometres Travelled,2020,All owners,1401 - 1600 cc,Diesel,Co. Cavan,All years,Million,152
Kilometres Travelled,2020,All owners,1401 - 1600 cc,Diesel,Co. Clare,All years,Million,250
Kilometres Travelled,2020,All owners,1401 - 1600 cc,Diesel,Co. Cork,All years,Million,863
Kilometres Travelled,2020,All owners,1401 - 1600 cc,Diesel,Co. Donegal,All years,Million,266
Kilometres Travelled,2020,All owners,1401 - 1600 cc,Diesel,Co. Dublin,All years,Million,1202
Kilometres Travelled,2020,All owners,1401 - 1600 cc,Diesel,Co. Galway,All years,Million,444
Kilometres Travelled,2020,All owners,1401 - 1600 cc,Diesel,Co. Kerry,All years,Million,280
Kilometres Travelled,2020,All owners,1401 - 1600 cc,Diesel,Co. Kildare,All years,Million,384
Kilometres Travelled,2020,All owners,1401 - 1600 cc,Diesel,Co. Kilkenny,All years,Million,195
Kilometres Travelled,2020,All owners,1401 - 1600 cc,Diesel,Co. Laois,All years,Million,174
Kilometres Travelled,2020,All owners,1401 - 1600 cc,Diesel,Co. Leitrim,All years,Million,65
Kilometres Travelled,2020,All owners,1401 - 1600 cc,Diesel,Co. Limerick,All years,Million,341
Kilometres Travelled,2020,All owners,1401 - 1600 cc,Diesel,Co. Longford,All years,Million,77
Kilometres Travelled,2020,All owners,1401 - 1600 cc,Diesel,Co. Louth,All years,Million,209
Kilometres Travelled,2020,All owners,1401 - 1600 cc,Diesel,Co. Mayo,All years,Million,250
Kilometres Travelled,2020,All owners,1401 - 1600 cc,Diesel,Co. Meath,All years,Million,371
Kilometres Travelled,2020,All owners,1401 - 1600 cc,Diesel,Co. Monaghan,All years,Million,120
Kilometres Travelled,2020,All owners,1401 - 1600 cc,Diesel,Co. Offaly,All years,Million,166
Kilometres Travelled,2020,All owners,1401 - 1600 cc,Diesel,Co. Roscommon,All years,Million,151
Kilometres Travelled,2020,All owners,1401 - 1600 cc,Diesel,Co. Sligo,All years,Million,111
Kilometres Travelled,2020,All owners,1401 - 1600 cc,Diesel,Co. Tipperary,All years,Million,360
Kilometres Travelled,2020,All owners,1401 - 1600 cc,Diesel,Co. Waterford,All years,Million,215
Kilometres Travelled,2020,All owners,1401 - 1600 cc,Diesel,Co. Westmeath,All years,Million,190
Kilometres Travelled,2020,All owners,1401 - 1600 cc,Diesel,Co. Wexford,All years,Million,349
Kilometres Travelled,2020,All owners,1401 - 1600 cc,Diesel,Co. Wicklow,All years,Million,219
Kilometres Travelled,2020,All owners,1401 - 1600 cc,Other fuel types,Co. Carlow,All years,Million,1
Kilometres Travelled,2020,All owners,1401 - 1600 cc,Other fuel types,Co. Cavan,All years,Million,1
Kilometres Travelled,2020,All owners,1401 - 1600 cc,Other fuel types,Co. Clare,All years,Million,2
Kilometres Travelled,2020,All owners,1401 - 1600 cc,Other fuel types,Co. Cork,All years,Million,12
Kilometres Travelled,2020,All owners,1401 - 1600 cc,Other fuel types,Co. Donegal,All years,Million,3
Kilometres Travelled,2020,All owners,1401 - 1600 cc,Other fuel types,Co. Dublin,All years,Million,51
Kilometres Travelled,2020,All owners,1401 - 1600 cc,Other fuel types,Co. Galway,All years,Million,7
Kilometres Travelled,2020,All owners,1401 - 1600 cc,Other fuel types,Co. Kerry,All years,Million,3
Kilometres Travelled,2020,All owners,1401 - 1600 cc,Other fuel types,Co. Kildare,All years,Million,6
Kilometres Travelled,2020,All owners,1401 - 1600 cc,Other fuel types,Co. Kilkenny,All years,Million,2
Kilometres Travelled,2020,All owners,1401 - 1600 cc,Other fuel types,Co. Laois,All years,Million,2
Kilometres Travelled,2020,All owners,1401 - 1600 cc,Other fuel types,Co. Leitrim,All years,Million,0
Kilometres Travelled,2020,All owners,1401 - 1600 cc,Other fuel types,Co. Limerick,All years,Million,4
Kilometres Travelled,2020,All owners,1401 - 1600 cc,Other fuel types,Co. Longford,All years,Million,1
Kilometres Travelled,2020,All owners,1401 - 1600 cc,Other fuel types,Co. Louth,All years,Million,3
Kilometres Travelled,2020,All owners,1401 - 1600 cc,Other fuel types,Co. Mayo,All years,Million,2
Kilometres Travelled,2020,All owners,1401 - 1600 cc,Other fuel types,Co. Meath,All years,Million,5
Kilometres Travelled,2020,All owners,1401 - 1600 cc,Other fuel types,Co. Monaghan,All years,Million,1
Kilometres Travelled,2020,All owners,1401 - 1600 cc,Other fuel types,Co. Offaly,All years,Million,2
Kilometres Travelled,2020,All owners,1401 - 1600 cc,Other fuel types,Co. Roscommon,All years,Million,1
Kilometres Travelled,2020,All owners,1401 - 1600 cc,Other fuel types,Co. Sligo,All years,Million,2
Kilometres Travelled,2020,All owners,1401 - 1600 cc,Other fuel types,Co. Tipperary,All years,Million,3
Kilometres Travelled,2020,All owners,1401 - 1600 cc,Other fuel types,Co. Waterford,All years,Million,2
Kilometres Travelled,2020,All owners,1401 - 1600 cc,Other fuel types,Co. Westmeath,All years,Million,2
Kilometres Travelled,2020,All owners,1401 - 1600 cc,Other fuel types,Co. Wexford,All years,Million,3
Kilometres Travelled,2020,All owners,1401 - 1600 cc,Other fuel types,Co. Wicklow,All years,Million,5
Kilometres Travelled,2020,All owners,1601 - 1800 cc,Petrol,Co. Carlow,All years,Million,3
Kilometres Travelled,2020,All owners,1601 - 1800 cc,Petrol,Co. Cavan,All years,Million,3
Kilometres Travelled,2020,All owners,1601 - 1800 cc,Petrol,Co. Clare,All years,Million,7
Kilometres Travelled,2020,All owners,1601 - 1800 cc,Petrol,Co. Cork,All years,Million,35
Kilometres Travelled,2020,All owners,1601 - 1800 cc,Petrol,Co. Donegal,All years,Million,5
Kilometres Travelled,2020,All owners,1601 - 1800 cc,Petrol,Co. Dublin,All years,Million,99
Kilometres Travelled,2020,All owners,1601 - 1800 cc,Petrol,Co. Galway,All years,Million,15
Kilometres Travelled,2020,All owners,1601 - 1800 cc,Petrol,Co. Kerry,All years,Million,9
Kilometres Travelled,2020,All owners,1601 - 1800 cc,Petrol,Co. Kildare,All years,Million,16
Kilometres Travelled,2020,All owners,1601 - 1800 cc,Petrol,Co. Kilkenny,All years,Million,5
Kilometres Travelled,2020,All owners,1601 - 1800 cc,Petrol,Co. Laois,All years,Million,3
Kilometres Travelled,2020,All owners,1601 - 1800 cc,Petrol,Co. Leitrim,All years,Million,1
Kilometres Travelled,2020,All owners,1601 - 1800 cc,Petrol,Co. Limerick,All years,Million,11
Kilometres Travelled,2020,All owners,1601 - 1800 cc,Petrol,Co. Longford,All years,Million,2
Kilometres Travelled,2020,All owners,1601 - 1800 cc,Petrol,Co. Louth,All years,Million,5
Kilometres Travelled,2020,All owners,1601 - 1800 cc,Petrol,Co. Mayo,All years,Million,7
Kilometres Travelled,2020,All owners,1601 - 1800 cc,Petrol,Co. Meath,All years,Million,13
Kilometres Travelled,2020,All owners,1601 - 1800 cc,Petrol,Co. Monaghan,All years,Million,2
Kilometres Travelled,2020,All owners,1601 - 1800 cc,Petrol,Co. Offaly,All years,Million,4
Kilometres Travelled,2020,All owners,1601 - 1800 cc,Petrol,Co. Roscommon,All years,Million,3
Kilometres Travelled,2020,All owners,1601 - 1800 cc,Petrol,Co. Sligo,All years,Million,3
Kilometres Travelled,2020,All owners,1601 - 1800 cc,Petrol,Co. Tipperary,All years,Million,8
Kilometres Travelled,2020,All owners,1601 - 1800 cc,Petrol,Co. Waterford,All years,Million,7
Kilometres Travelled,2020,All owners,1601 - 1800 cc,Petrol,Co. Westmeath,All years,Million,4
Kilometres Travelled,2020,All owners,1601 - 1800 cc,Petrol,Co. Wexford,All years,Million,8
Kilometres Travelled,2020,All owners,1601 - 1800 cc,Petrol,Co. Wicklow,All years,Million,12
Kilometres Travelled,2020,All owners,1601 - 1800 cc,Diesel,Co. Carlow,All years,Million,21
Kilometres Travelled,2020,All owners,1601 - 1800 cc,Diesel,Co. Cavan,All years,Million,24
Kilometres Travelled,2020,All owners,1601 - 1800 cc,Diesel,Co. Clare,All years,Million,40
Kilometres Travelled,2020,All owners,1601 - 1800 cc,Diesel,Co. Cork,All years,Million,162
Kilometres Travelled,2020,All owners,1601 - 1800 cc,Diesel,Co. Donegal,All years,Million,55
Kilometres Travelled,2020,All owners,1601 - 1800 cc,Diesel,Co. Dublin,All years,Million,209
Kilometres Travelled,2020,All owners,1601 - 1800 cc,Diesel,Co. Galway,All years,Million,87
Kilometres Travelled,2020,All owners,1601 - 1800 cc,Diesel,Co. Kerry,All years,Million,58
Kilometres Travelled,2020,All owners,1601 - 1800 cc,Diesel,Co. Kildare,All years,Million,76
Kilometres Travelled,2020,All owners,1601 - 1800 cc,Diesel,Co. Kilkenny,All years,Million,36
Kilometres Travelled,2020,All owners,1601 - 1800 cc,Diesel,Co. Laois,All years,Million,31
Kilometres Travelled,2020,All owners,1601 - 1800 cc,Diesel,Co. Leitrim,All years,Million,12
Kilometres Travelled,2020,All owners,1601 - 1800 cc,Diesel,Co. Limerick,All years,Million,59
Kilometres Travelled,2020,All owners,1601 - 1800 cc,Diesel,Co. Longford,All years,Million,16
Kilometres Travelled,2020,All owners,1601 - 1800 cc,Diesel,Co. Louth,All years,Million,35
Kilometres Travelled,2020,All owners,1601 - 1800 cc,Diesel,Co. Mayo,All years,Million,47
Kilometres Travelled,2020,All owners,1601 - 1800 cc,Diesel,Co. Meath,All years,Million,64
Kilometres Travelled,2020,All owners,1601 - 1800 cc,Diesel,Co. Monaghan,All years,Million,24
Kilometres Travelled,2020,All owners,1601 - 1800 cc,Diesel,Co. Offaly,All years,Million,27
Kilometres Travelled,2020,All owners,1601 - 1800 cc,Diesel,Co. Roscommon,All years,Million,24
Kilometres Travelled,2020,All owners,1601 - 1800 cc,Diesel,Co. Sligo,All years,Million,23
Kilometres Travelled,2020,All owners,1601 - 1800 cc,Diesel,Co. Tipperary,All years,Million,57
Kilometres Travelled,2020,All owners,1601 - 1800 cc,Diesel,Co. Waterford,All years,Million,31
Kilometres Travelled,2020,All owners,1601 - 1800 cc,Diesel,Co. Westmeath,All years,Million,34
Kilometres Travelled,2020,All owners,1601 - 1800 cc,Diesel,Co. Wexford,All years,Million,53
Kilometres Travelled,2020,All owners,1601 - 1800 cc,Diesel,Co. Wicklow,All years,Million,41
Kilometres Travelled,2020,All owners,1601 - 1800 cc,Other fuel types,Co. Carlow,All years,Million,2
Kilometres Travelled,2020,All owners,1601 - 1800 cc,Other fuel types,Co. Cavan,All years,Million,3
Kilometres Travelled,2020,All owners,1601 - 1800 cc,Other fuel types,Co. Clare,All years,Million,5
Kilometres Travelled,2020,All owners,1601 - 1800 cc,Other fuel types,Co. Cork,All years,Million,26
Kilometres Travelled,2020,All owners,1601 - 1800 cc,Other fuel types,Co. Donegal,All years,Million,6
Kilometres Travelled,2020,All owners,1601 - 1800 cc,Other fuel types,Co. Dublin,All years,Million,95
Kilometres Travelled,2020,All owners,1601 - 1800 cc,Other fuel types,Co. Galway,All years,Million,14
Kilometres Travelled,2020,All owners,1601 - 1800 cc,Other fuel types,Co. Kerry,All years,Million,5
Kilometres Travelled,2020,All owners,1601 - 1800 cc,Other fuel types,Co. Kildare,All years,Million,13
Kilometres Travelled,2020,All owners,1601 - 1800 cc,Other fuel types,Co. Kilkenny,All years,Million,4
Kilometres Travelled,2020,All owners,1601 - 1800 cc,Other fuel types,Co. Laois,All years,Million,2
Kilometres Travelled,2020,All owners,1601 - 1800 cc,Other fuel types,Co. Leitrim,All years,Million,1
Kilometres Travelled,2020,All owners,1601 - 1800 cc,Other fuel types,Co. Limerick,All years,Million,8
Kilometres Travelled,2020,All owners,1601 - 1800 cc,Other fuel types,Co. Longford,All years,Million,2
Kilometres Travelled,2020,All owners,1601 - 1800 cc,Other fuel types,Co. Louth,All years,Million,5
Kilometres Travelled,2020,All owners,1601 - 1800 cc,Other fuel types,Co. Mayo,All years,Million,5
Kilometres Travelled,2020,All owners,1601 - 1800 cc,Other fuel types,Co. Meath,All years,Million,10
Kilometres Travelled,2020,All owners,1601 - 1800 cc,Other fuel types,Co. Monaghan,All years,Million,2
Kilometres Travelled,2020,All owners,1601 - 1800 cc,Other fuel types,Co. Offaly,All years,Million,3
Kilometres Travelled,2020,All owners,1601 - 1800 cc,Other fuel types,Co. Roscommon,All years,Million,3
Kilometres Travelled,2020,All owners,1601 - 1800 cc,Other fuel types,Co. Sligo,All years,Million,3
Kilometres Travelled,2020,All owners,1601 - 1800 cc,Other fuel types,Co. Tipperary,All years,Million,6
Kilometres Travelled,2020,All owners,1601 - 1800 cc,Other fuel types,Co. Waterford,All years,Million,4
Kilometres Travelled,2020,All owners,1601 - 1800 cc,Other fuel types,Co. Westmeath,All years,Million,4
Kilometres Travelled,2020,All owners,1601 - 1800 cc,Other fuel types,Co. Wexford,All years,Million,6
Kilometres Travelled,2020,All owners,1601 - 1800 cc,Other fuel types,Co. Wicklow,All years,Million,8
Kilometres Travelled,2020,All owners,1801 - 2000 cc,Petrol,Co. Carlow,All years,Million,3
Kilometres Travelled,2020,All owners,1801 - 2000 cc,Petrol,Co. Cavan,All years,Million,3
Kilometres Travelled,2020,All owners,1801 - 2000 cc,Petrol,Co. Clare,All years,Million,6
Kilometres Travelled,2020,All owners,1801 - 2000 cc,Petrol,Co. Cork,All years,Million,34
Kilometres Travelled,2020,All owners,1801 - 2000 cc,Petrol,Co. Donegal,All years,Million,5
Kilometres Travelled,2020,All owners,1801 - 2000 cc,Petrol,Co. Dublin,All years,Million,100
Kilometres Travelled,2020,All owners,1801 - 2000 cc,Petrol,Co. Galway,All years,Million,13
Kilometres Travelled,2020,All owners,1801 - 2000 cc,Petrol,Co. Kerry,All years,Million,7
Kilometres Travelled,2020,All owners,1801 - 2000 cc,Petrol,Co. Kildare,All years,Million,14
Kilometres Travelled,2020,All owners,1801 - 2000 cc,Petrol,Co. Kilkenny,All years,Million,4
Kilometres Travelled,2020,All owners,1801 - 2000 cc,Petrol,Co. Laois,All years,Million,3
Kilometres Travelled,2020,All owners,1801 - 2000 cc,Petrol,Co. Leitrim,All years,Million,1
Kilometres Travelled,2020,All owners,1801 - 2000 cc,Petrol,Co. Limerick,All years,Million,9
Kilometres Travelled,2020,All owners,1801 - 2000 cc,Petrol,Co. Longford,All years,Million,1
Kilometres Travelled,2020,All owners,1801 - 2000 cc,Petrol,Co. Louth,All years,Million,5
Kilometres Travelled,2020,All owners,1801 - 2000 cc,Petrol,Co. Mayo,All years,Million,5
Kilometres Travelled,2020,All owners,1801 - 2000 cc,Petrol,Co. Meath,All years,Million,12
Kilometres Travelled,2020,All owners,1801 - 2000 cc,Petrol,Co. Monaghan,All years,Million,2
Kilometres Travelled,2020,All owners,1801 - 2000 cc,Petrol,Co. Offaly,All years,Million,3
Kilometres Travelled,2020,All owners,1801 - 2000 cc,Petrol,Co. Roscommon,All years,Million,2
Kilometres Travelled,2020,All owners,1801 - 2000 cc,Petrol,Co. Sligo,All years,Million,3
Kilometres Travelled,2020,All owners,1801 - 2000 cc,Petrol,Co. Tipperary,All years,Million,7
Kilometres Travelled,2020,All owners,1801 - 2000 cc,Petrol,Co. Waterford,All years,Million,6
Kilometres Travelled,2020,All owners,1801 - 2000 cc,Petrol,Co. Westmeath,All years,Million,3
Kilometres Travelled,2020,All owners,1801 - 2000 cc,Petrol,Co. Wexford,All years,Million,7
Kilometres Travelled,2020,All owners,1801 - 2000 cc,Petrol,Co. Wicklow,All years,Million,13
Kilometres Travelled,2020,All owners,1801 - 2000 cc,Diesel,Co. Carlow,All years,Million,104
Kilometres Travelled,2020,All owners,1801 - 2000 cc,Diesel,Co. Cavan,All years,Million,136
Kilometres Travelled,2020,All owners,1801 - 2000 cc,Diesel,Co. Clare,All years,Million,189
Kilometres Travelled,2020,All owners,1801 - 2000 cc,Diesel,Co. Cork,All years,Million,716
Kilometres Travelled,2020,All owners,1801 - 2000 cc,Diesel,Co. Donegal,All years,Million,246
Kilometres Travelled,2020,All owners,1801 - 2000 cc,Diesel,Co. Dublin,All years,Million,1134
Kilometres Travelled,2020,All owners,1801 - 2000 cc,Diesel,Co. Galway,All years,Million,433
Kilometres Travelled,2020,All owners,1801 - 2000 cc,Diesel,Co. Kerry,All years,Million,225
Kilometres Travelled,2020,All owners,1801 - 2000 cc,Diesel,Co. Kildare,All years,Million,314
Kilometres Travelled,2020,All owners,1801 - 2000 cc,Diesel,Co. Kilkenny,All years,Million,150
Kilometres Travelled,2020,All owners,1801 - 2000 cc,Diesel,Co. Laois,All years,Million,131
Kilometres Travelled,2020,All owners,1801 - 2000 cc,Diesel,Co. Leitrim,All years,Million,68
Kilometres Travelled,2020,All owners,1801 - 2000 cc,Diesel,Co. Limerick,All years,Million,276
Kilometres Travelled,2020,All owners,1801 - 2000 cc,Diesel,Co. Longford,All years,Million,80
Kilometres Travelled,2020,All owners,1801 - 2000 cc,Diesel,Co. Louth,All years,Million,161
Kilometres Travelled,2020,All owners,1801 - 2000 cc,Diesel,Co. Mayo,All years,Million,249
Kilometres Travelled,2020,All owners,1801 - 2000 cc,Diesel,Co. Meath,All years,Million,304
Kilometres Travelled,2020,All owners,1801 - 2000 cc,Diesel,Co. Monaghan,All years,Million,112
Kilometres Travelled,2020,All owners,1801 - 2000 cc,Diesel,Co. Offaly,All years,Million,129
Kilometres Travelled,2020,All owners,1801 - 2000 cc,Diesel,Co. Roscommon,All years,Million,128
Kilometres Travelled,2020,All owners,1801 - 2000 cc,Diesel,Co. Sligo,All years,Million,111
Kilometres Travelled,2020,All owners,1801 - 2000 cc,Diesel,Co. Tipperary,All years,Million,302
Kilometres Travelled,2020,All owners,1801 - 2000 cc,Diesel,Co. Waterford,All years,Million,161
Kilometres Travelled,2020,All owners,1801 - 2000 cc,Diesel,Co. Westmeath,All years,Million,165
Kilometres Travelled,2020,All owners,1801 - 2000 cc,Diesel,Co. Wexford,All years,Million,249
Kilometres Travelled,2020,All owners,1801 - 2000 cc,Diesel,Co. Wicklow,All years,Million,188
Kilometres Travelled,2020,All owners,1801 - 2000 cc,Other fuel types,Co. Carlow,All years,Million,0
Kilometres Travelled,2020,All owners,1801 - 2000 cc,Other fuel types,Co. Cavan,All years,Million,0
Kilometres Travelled,2020,All owners,1801 - 2000 cc,Other fuel types,Co. Clare,All years,Million,1
Kilometres Travelled,2020,All owners,1801 - 2000 cc,Other fuel types,Co. Cork,All years,Million,8
Kilometres Travelled,2020,All owners,1801 - 2000 cc,Other fuel types,Co. Donegal,All years,Million,1
Kilometres Travelled,2020,All owners,1801 - 2000 cc,Other fuel types,Co. Dublin,All years,Million,37
Kilometres Travelled,2020,All owners,1801 - 2000 cc,Other fuel types,Co. Galway,All years,Million,4
Kilometres Travelled,2020,All owners,1801 - 2000 cc,Other fuel types,Co. Kerry,All years,Million,1
Kilometres Travelled,2020,All owners,1801 - 2000 cc,Other fuel types,Co. Kildare,All years,Million,4
Kilometres Travelled,2020,All owners,1801 - 2000 cc,Other fuel types,Co. Kilkenny,All years,Million,1
Kilometres Travelled,2020,All owners,1801 - 2000 cc,Other fuel types,Co. Laois,All years,Million,1
Kilometres Travelled,2020,All owners,1801 - 2000 cc,Other fuel types,Co. Leitrim,All years,Million,0
Kilometres Travelled,2020,All owners,1801 - 2000 cc,Other fuel types,Co. Limerick,All years,Million,2
Kilometres Travelled,2020,All owners,1801 - 2000 cc,Other fuel types,Co. Longford,All years,Million,0
Kilometres Travelled,2020,All owners,1801 - 2000 cc,Other fuel types,Co. Louth,All years,Million,1
Kilometres Travelled,2020,All owners,1801 - 2000 cc,Other fuel types,Co. Mayo,All years,Million,1
Kilometres Travelled,2020,All owners,1801 - 2000 cc,Other fuel types,Co. Meath,All years,Million,3
Kilometres Travelled,2020,All owners,1801 - 2000 cc,Other fuel types,Co. Monaghan,All years,Million,0
Kilometres Travelled,2020,All owners,1801 - 2000 cc,Other fuel types,Co. Offaly,All years,Million,0
Kilometres Travelled,2020,All owners,1801 - 2000 cc,Other fuel types,Co. Roscommon,All years,Million,0
Kilometres Travelled,2020,All owners,1801 - 2000 cc,Other fuel types,Co. Sligo,All years,Million,0
Kilometres Travelled,2020,All owners,1801 - 2000 cc,Other fuel types,Co. Tipperary,All years,Million,1
Kilometres Travelled,2020,All owners,1801 - 2000 cc,Other fuel types,Co. Waterford,All years,Million,1
Kilometres Travelled,2020,All owners,1801 - 2000 cc,Other fuel types,Co. Westmeath,All years,Million,1
Kilometres Travelled,2020,All owners,1801 - 2000 cc,Other fuel types,Co. Wexford,All years,Million,1
Kilometres Travelled,2020,All owners,1801 - 2000 cc,Other fuel types,Co. Wicklow,All years,Million,3
Kilometres Travelled,2020,All owners,Over 2000 cc,Petrol,Co. Carlow,All years,Million,1
Kilometres Travelled,2020,All owners,Over 2000 cc,Petrol,Co. Cavan,All years,Million,1
Kilometres Travelled,2020,All owners,Over 2000 cc,Petrol,Co. Clare,All years,Million,1
Kilometres Travelled,2020,All owners,Over 2000 cc,Petrol,Co. Cork,All years,Million,8
Kilometres Travelled,2020,All owners,Over 2000 cc,Petrol,Co. Donegal,All years,Million,1
Kilometres Travelled,2020,All owners,Over 2000 cc,Petrol,Co. Dublin,All years,Million,35
Kilometres Travelled,2020,All owners,Over 2000 cc,Petrol,Co. Galway,All years,Million,3
Kilometres Travelled,2020,All owners,Over 2000 cc,Petrol,Co. Kerry,All years,Million,1
Kilometres Travelled,2020,All owners,Over 2000 cc,Petrol,Co. Kildare,All years,Million,4
Kilometres Travelled,2020,All owners,Over 2000 cc,Petrol,Co. Kilkenny,All years,Million,1
Kilometres Travelled,2020,All owners,Over 2000 cc,Petrol,Co. Laois,All years,Million,1
Kilometres Travelled,2020,All owners,Over 2000 cc,Petrol,Co. Leitrim,All years,Million,0
Kilometres Travelled,2020,All owners,Over 2000 cc,Petrol,Co. Limerick,All years,Million,2
Kilometres Travelled,2020,All owners,Over 2000 cc,Petrol,Co. Longford,All years,Million,0
Kilometres Travelled,2020,All owners,Over 2000 cc,Petrol,Co. Louth,All years,Million,1
Kilometres Travelled,2020,All owners,Over 2000 cc,Petrol,Co. Mayo,All years,Million,1
Kilometres Travelled,2020,All owners,Over 2000 cc,Petrol,Co. Meath,All years,Million,3
Kilometres Travelled,2020,All owners,Over 2000 cc,Petrol,Co. Monaghan,All years,Million,0
Kilometres Travelled,2020,All owners,Over 2000 cc,Petrol,Co. Offaly,All years,Million,1
Kilometres Travelled,2020,All owners,Over 2000 cc,Petrol,Co. Roscommon,All years,Million,0
Kilometres Travelled,2020,All owners,Over 2000 cc,Petrol,Co. Sligo,All years,Million,0
Kilometres Travelled,2020,All owners,Over 2000 cc,Petrol,Co. Tipperary,All years,Million,2
Kilometres Travelled,2020,All owners,Over 2000 cc,Petrol,Co. Waterford,All years,Million,1
Kilometres Travelled,2020,All owners,Over 2000 cc,Petrol,Co. Westmeath,All years,Million,1
Kilometres Travelled,2020,All owners,Over 2000 cc,Petrol,Co. Wexford,All years,Million,1
Kilometres Travelled,2020,All owners,Over 2000 cc,Petrol,Co. Wicklow,All years,Million,5
Kilometres Travelled,2020,All owners,Over 2000 cc,Diesel,Co. Carlow,All years,Million,22
Kilometres Travelled,2020,All owners,Over 2000 cc,Diesel,Co. Cavan,All years,Million,24
Kilometres Travelled,2020,All owners,Over 2000 cc,Diesel,Co. Clare,All years,Million,37
Kilometres Travelled,2020,All owners,Over 2000 cc,Diesel,Co. Cork,All years,Million,149
Kilometres Travelled,2020,All owners,Over 2000 cc,Diesel,Co. Donegal,All years,Million,35
Kilometres Travelled,2020,All owners,Over 2000 cc,Diesel,Co. Dublin,All years,Million,335
Kilometres Travelled,2020,All owners,Over 2000 cc,Diesel,Co. Galway,All years,Million,78
Kilometres Travelled,2020,All owners,Over 2000 cc,Diesel,Co. Kerry,All years,Million,43
Kilometres Travelled,2020,All owners,Over 2000 cc,Diesel,Co. Kildare,All years,Million,86
Kilometres Travelled,2020,All owners,Over 2000 cc,Diesel,Co. Kilkenny,All years,Million,36
Kilometres Travelled,2020,All owners,Over 2000 cc,Diesel,Co. Laois,All years,Million,29
Kilometres Travelled,2020,All owners,Over 2000 cc,Diesel,Co. Leitrim,All years,Million,9
Kilometres Travelled,2020,All owners,Over 2000 cc,Diesel,Co. Limerick,All years,Million,61
Kilometres Travelled,2020,All owners,Over 2000 cc,Diesel,Co. Longford,All years,Million,13
Kilometres Travelled,2020,All owners,Over 2000 cc,Diesel,Co. Louth,All years,Million,36
Kilometres Travelled,2020,All owners,Over 2000 cc,Diesel,Co. Mayo,All years,Million,39
Kilometres Travelled,2020,All owners,Over 2000 cc,Diesel,Co. Meath,All years,Million,82
Kilometres Travelled,2020,All owners,Over 2000 cc,Diesel,Co. Monaghan,All years,Million,20
Kilometres Travelled,2020,All owners,Over 2000 cc,Diesel,Co. Offaly,All years,Million,26
Kilometres Travelled,2020,All owners,Over 2000 cc,Diesel,Co. Roscommon,All years,Million,20
Kilometres Travelled,2020,All owners,Over 2000 cc,Diesel,Co. Sligo,All years,Million,17
Kilometres Travelled,2020,All owners,Over 2000 cc,Diesel,Co. Tipperary,All years,Million,60
Kilometres Travelled,2020,All owners,Over 2000 cc,Diesel,Co. Waterford,All years,Million,38
Kilometres Travelled,2020,All owners,Over 2000 cc,Diesel,Co. Westmeath,All years,Million,30
Kilometres Travelled,2020,All owners,Over 2000 cc,Diesel,Co. Wexford,All years,Million,59
Kilometres Travelled,2020,All owners,Over 2000 cc,Diesel,Co. Wicklow,All years,Million,55
Kilometres Travelled,2020,All owners,Over 2000 cc,Other fuel types,Co. Carlow,All years,Million,1
Kilometres Travelled,2020,All owners,Over 2000 cc,Other fuel types,Co. Cavan,All years,Million,2
Kilometres Travelled,2020,All owners,Over 2000 cc,Other fuel types,Co. Clare,All years,Million,2
Kilometres Travelled,2020,All owners,Over 2000 cc,Other fuel types,Co. Cork,All years,Million,15
Kilometres Travelled,2020,All owners,Over 2000 cc,Other fuel types,Co. Donegal,All years,Million,2
Kilometres Travelled,2020,All owners,Over 2000 cc,Other fuel types,Co. Dublin,All years,Million,60
Kilometres Travelled,2020,All owners,Over 2000 cc,Other fuel types,Co. Galway,All years,Million,8
Kilometres Travelled,2020,All owners,Over 2000 cc,Other fuel types,Co. Kerry,All years,Million,3
Kilometres Travelled,2020,All owners,Over 2000 cc,Other fuel types,Co. Kildare,All years,Million,6
Kilometres Travelled,2020,All owners,Over 2000 cc,Other fuel types,Co. Kilkenny,All years,Million,2
Kilometres Travelled,2020,All owners,Over 2000 cc,Other fuel types,Co. Laois,All years,Million,1
Kilometres Travelled,2020,All owners,Over 2000 cc,Other fuel types,Co. Leitrim,All years,Million,0
Kilometres Travelled,2020,All owners,Over 2000 cc,Other fuel types,Co. Limerick,All years,Million,3
Kilometres Travelled,2020,All owners,Over 2000 cc,Other fuel types,Co. Longford,All years,Million,1
Kilometres Travelled,2020,All owners,Over 2000 cc,Other fuel types,Co. Louth,All years,Million,2
Kilometres Travelled,2020,All owners,Over 2000 cc,Other fuel types,Co. Mayo,All years,Million,2
Kilometres Travelled,2020,All owners,Over 2000 cc,Other fuel types,Co. Meath,All years,Million,6
Kilometres Travelled,2020,All owners,Over 2000 cc,Other fuel types,Co. Monaghan,All years,Million,1
Kilometres Travelled,2020,All owners,Over 2000 cc,Other fuel types,Co. Offaly,All years,Million,2
Kilometres Travelled,2020,All owners,Over 2000 cc,Other fuel types,Co. Roscommon,All years,Million,1
Kilometres Travelled,2020,All owners,Over 2000 cc,Other fuel types,Co. Sligo,All years,Million,1
Kilometres Travelled,2020,All owners,Over 2000 cc,Other fuel types,Co. Tipperary,All years,Million,3
Kilometres Travelled,2020,All owners,Over 2000 cc,Other fuel types,Co. Waterford,All years,Million,2
Kilometres Travelled,2020,All owners,Over 2000 cc,Other fuel types,Co. Westmeath,All years,Million,2
Kilometres Travelled,2020,All owners,Over 2000 cc,Other fuel types,Co. Wexford,All years,Million,2
Kilometres Travelled,2020,All owners,Over 2000 cc,Other fuel types,Co. Wicklow,All years,Million,5
Kilometres Travelled,2021,All owners,Up to 1000 cc,Petrol,Co. Carlow,All years,Million,19
Kilometres Travelled,2021,All owners,Up to 1000 cc,Petrol,Co. Cavan,All years,Million,24
Kilometres Travelled,2021,All owners,Up to 1000 cc,Petrol,Co. Clare,All years,Million,48
Kilometres Travelled,2021,All owners,Up to 1000 cc,Petrol,Co. Cork,All years,Million,257
Kilometres Travelled,2021,All owners,Up to 1000 cc,Petrol,Co. Donegal,All years,Million,46
Kilometres Travelled,2021,All owners,Up to 1000 cc,Petrol,Co. Dublin,All years,Million,473
Kilometres Travelled,2021,All owners,Up to 1000 cc,Petrol,Co. Galway,All years,Million,83
Kilometres Travelled,2021,All owners,Up to 1000 cc,Petrol,Co. Kerry,All years,Million,55
Kilometres Travelled,2021,All owners,Up to 1000 cc,Petrol,Co. Kildare,All years,Million,93
Kilometres Travelled,2021,All owners,Up to 1000 cc,Petrol,Co. Kilkenny,All years,Million,36
Kilometres Travelled,2021,All owners,Up to 1000 cc,Petrol,Co. Laois,All years,Million,25
Kilometres Travelled,2021,All owners,Up to 1000 cc,Petrol,Co. Leitrim,All years,Million,11
Kilometres Travelled,2021,All owners,Up to 1000 cc,Petrol,Co. Limerick,All years,Million,79
Kilometres Travelled,2021,All owners,Up to 1000 cc,Petrol,Co. Longford,All years,Million,12
Kilometres Travelled,2021,All owners,Up to 1000 cc,Petrol,Co. Louth,All years,Million,50
Kilometres Travelled,2021,All owners,Up to 1000 cc,Petrol,Co. Mayo,All years,Million,42
Kilometres Travelled,2021,All owners,Up to 1000 cc,Petrol,Co. Meath,All years,Million,72
Kilometres Travelled,2021,All owners,Up to 1000 cc,Petrol,Co. Monaghan,All years,Million,15
Kilometres Travelled,2021,All owners,Up to 1000 cc,Petrol,Co. Offaly,All years,Million,25
Kilometres Travelled,2021,All owners,Up to 1000 cc,Petrol,Co. Roscommon,All years,Million,34
Kilometres Travelled,2021,All owners,Up to 1000 cc,Petrol,Co. Sligo,All years,Million,23
Kilometres Travelled,2021,All owners,Up to 1000 cc,Petrol,Co. Tipperary,All years,Million,58
Kilometres Travelled,2021,All owners,Up to 1000 cc,Petrol,Co. Waterford,All years,Million,59
Kilometres Travelled,2021,All owners,Up to 1000 cc,Petrol,Co. Westmeath,All years,Million,28
Kilometres Travelled,2021,All owners,Up to 1000 cc,Petrol,Co. Wexford,All years,Million,63
Kilometres Travelled,2021,All owners,Up to 1000 cc,Petrol,Co. Wicklow,All years,Million,62
Kilometres Travelled,2021,All owners,Up to 1000 cc,Diesel,Co. Carlow,All years,Million,0
Kilometres Travelled,2021,All owners,Up to 1000 cc,Diesel,Co. Cavan,All years,Million,0
Kilometres Travelled,2021,All owners,Up to 1000 cc,Diesel,Co. Clare,All years,Million,0
Kilometres Travelled,2021,All owners,Up to 1000 cc,Diesel,Co. Cork,All years,Million,0
Kilometres Travelled,2021,All owners,Up to 1000 cc,Diesel,Co. Donegal,All years,Million,0
Kilometres Travelled,2021,All owners,Up to 1000 cc,Diesel,Co. Dublin,All years,Million,1
Kilometres Travelled,2021,All owners,Up to 1000 cc,Diesel,Co. Galway,All years,Million,0
Kilometres Travelled,2021,All owners,Up to 1000 cc,Diesel,Co. Kerry,All years,Million,0
Kilometres Travelled,2021,All owners,Up to 1000 cc,Diesel,Co. Kildare,All years,Million,0
Kilometres Travelled,2021,All owners,Up to 1000 cc,Diesel,Co. Kilkenny,All years,Million,0
Kilometres Travelled,2021,All owners,Up to 1000 cc,Diesel,Co. Laois,All years,Million,0
Kilometres Travelled,2021,All owners,Up to 1000 cc,Diesel,Co. Leitrim,All years,Million,0
Kilometres Travelled,2021,All owners,Up to 1000 cc,Diesel,Co. Limerick,All years,Million,0
Kilometres Travelled,2021,All owners,Up to 1000 cc,Diesel,Co. Longford,All years,Million,0
Kilometres Travelled,2021,All owners,Up to 1000 cc,Diesel,Co. Louth,All years,Million,0
Kilometres Travelled,2021,All owners,Up to 1000 cc,Diesel,Co. Mayo,All years,Million,0
Kilometres Travelled,2021,All owners,Up to 1000 cc,Diesel,Co. Meath,All years,Million,0
Kilometres Travelled,2021,All owners,Up to 1000 cc,Diesel,Co. Monaghan,All years,Million,0
Kilometres Travelled,2021,All owners,Up to 1000 cc,Diesel,Co. Offaly,All years,Million,0
Kilometres Travelled,2021,All owners,Up to 1000 cc,Diesel,Co. Roscommon,All years,Million,0
Kilometres Travelled,2021,All owners,Up to 1000 cc,Diesel,Co. Sligo,All years,Million,0
Kilometres Travelled,2021,All owners,Up to 1000 cc,Diesel,Co. Tipperary,All years,Million,0
Kilometres Travelled,2021,All owners,Up to 1000 cc,Diesel,Co. Waterford,All years,Million,0
Kilometres Travelled,2021,All owners,Up to 1000 cc,Diesel,Co. Westmeath,All years,Million,0
Kilometres Travelled,2021,All owners,Up to 1000 cc,Diesel,Co. Wexford,All years,Million,0
Kilometres Travelled,2021,All owners,Up to 1000 cc,Diesel,Co. Wicklow,All years,Million,0
Kilometres Travelled,2021,All owners,Up to 1000 cc,Other fuel types,Co. Carlow,All years,Million,2
Kilometres Travelled,2021,All owners,Up to 1000 cc,Other fuel types,Co. Cavan,All years,Million,2
Kilometres Travelled,2021,All owners,Up to 1000 cc,Other fuel types,Co. Clare,All years,Million,5
Kilometres Travelled,2021,All owners,Up to 1000 cc,Other fuel types,Co. Cork,All years,Million,27
Kilometres Travelled,2021,All owners,Up to 1000 cc,Other fuel types,Co. Donegal,All years,Million,3
Kilometres Travelled,2021,All owners,Up to 1000 cc,Other fuel types,Co. Dublin,All years,Million,90
Kilometres Travelled,2021,All owners,Up to 1000 cc,Other fuel types,Co. Galway,All years,Million,10
Kilometres Travelled,2021,All owners,Up to 1000 cc,Other fuel types,Co. Kerry,All years,Million,4
Kilometres Travelled,2021,All owners,Up to 1000 cc,Other fuel types,Co. Kildare,All years,Million,13
Kilometres Travelled,2021,All owners,Up to 1000 cc,Other fuel types,Co. Kilkenny,All years,Million,3
Kilometres Travelled,2021,All owners,Up to 1000 cc,Other fuel types,Co. Laois,All years,Million,3
Kilometres Travelled,2021,All owners,Up to 1000 cc,Other fuel types,Co. Leitrim,All years,Million,1
Kilometres Travelled,2021,All owners,Up to 1000 cc,Other fuel types,Co. Limerick,All years,Million,6
Kilometres Travelled,2021,All owners,Up to 1000 cc,Other fuel types,Co. Longford,All years,Million,1
Kilometres Travelled,2021,All owners,Up to 1000 cc,Other fuel types,Co. Louth,All years,Million,5
Kilometres Travelled,2021,All owners,Up to 1000 cc,Other fuel types,Co. Mayo,All years,Million,3
Kilometres Travelled,2021,All owners,Up to 1000 cc,Other fuel types,Co. Meath,All years,Million,10
Kilometres Travelled,2021,All owners,Up to 1000 cc,Other fuel types,Co. Monaghan,All years,Million,1
Kilometres Travelled,2021,All owners,Up to 1000 cc,Other fuel types,Co. Offaly,All years,Million,2
Kilometres Travelled,2021,All owners,Up to 1000 cc,Other fuel types,Co. Roscommon,All years,Million,2
Kilometres Travelled,2021,All owners,Up to 1000 cc,Other fuel types,Co. Sligo,All years,Million,2
Kilometres Travelled,2021,All owners,Up to 1000 cc,Other fuel types,Co. Tipperary,All years,Million,5
Kilometres Travelled,2021,All owners,Up to 1000 cc,Other fuel types,Co. Waterford,All years,Million,4
Kilometres Travelled,2021,All owners,Up to 1000 cc,Other fuel types,Co. Westmeath,All years,Million,4
Kilometres Travelled,2021,All owners,Up to 1000 cc,Other fuel types,Co. Wexford,All years,Million,6
Kilometres Travelled,2021,All owners,Up to 1000 cc,Other fuel types,Co. Wicklow,All years,Million,11
Kilometres Travelled,2021,All owners,1001 - 1200 cc,Petrol,Co. Carlow,All years,Million,15
Kilometres Travelled,2021,All owners,1001 - 1200 cc,Petrol,Co. Cavan,All years,Million,15
Kilometres Travelled,2021,All owners,1001 - 1200 cc,Petrol,Co. Clare,All years,Million,35
Kilometres Travelled,2021,All owners,1001 - 1200 cc,Petrol,Co. Cork,All years,Million,170
Kilometres Travelled,2021,All owners,1001 - 1200 cc,Petrol,Co. Donegal,All years,Million,31
Kilometres Travelled,2021,All owners,1001 - 1200 cc,Petrol,Co. Dublin,All years,Million,393
Kilometres Travelled,2021,All owners,1001 - 1200 cc,Petrol,Co. Galway,All years,Million,60
Kilometres Travelled,2021,All owners,1001 - 1200 cc,Petrol,Co. Kerry,All years,Million,43
Kilometres Travelled,2021,All owners,1001 - 1200 cc,Petrol,Co. Kildare,All years,Million,77
Kilometres Travelled,2021,All owners,1001 - 1200 cc,Petrol,Co. Kilkenny,All years,Million,26
Kilometres Travelled,2021,All owners,1001 - 1200 cc,Petrol,Co. Laois,All years,Million,17
Kilometres Travelled,2021,All owners,1001 - 1200 cc,Petrol,Co. Leitrim,All years,Million,7
Kilometres Travelled,2021,All owners,1001 - 1200 cc,Petrol,Co. Limerick,All years,Million,56
Kilometres Travelled,2021,All owners,1001 - 1200 cc,Petrol,Co. Longford,All years,Million,7
Kilometres Travelled,2021,All owners,1001 - 1200 cc,Petrol,Co. Louth,All years,Million,39
Kilometres Travelled,2021,All owners,1001 - 1200 cc,Petrol,Co. Mayo,All years,Million,25
Kilometres Travelled,2021,All owners,1001 - 1200 cc,Petrol,Co. Meath,All years,Million,61
Kilometres Travelled,2021,All owners,1001 - 1200 cc,Petrol,Co. Monaghan,All years,Million,11
Kilometres Travelled,2021,All owners,1001 - 1200 cc,Petrol,Co. Offaly,All years,Million,17
Kilometres Travelled,2021,All owners,1001 - 1200 cc,Petrol,Co. Roscommon,All years,Million,17
Kilometres Travelled,2021,All owners,1001 - 1200 cc,Petrol,Co. Sligo,All years,Million,16
Kilometres Travelled,2021,All owners,1001 - 1200 cc,Petrol,Co. Tipperary,All years,Million,44
Kilometres Travelled,2021,All owners,1001 - 1200 cc,Petrol,Co. Waterford,All years,Million,44
Kilometres Travelled,2021,All owners,1001 - 1200 cc,Petrol,Co. Westmeath,All years,Million,22
Kilometres Travelled,2021,All owners,1001 - 1200 cc,Petrol,Co. Wexford,All years,Million,46
Kilometres Travelled,2021,All owners,1001 - 1200 cc,Petrol,Co. Wicklow,All years,Million,55
Kilometres Travelled,2021,All owners,1001 - 1200 cc,Diesel,Co. Carlow,All years,Million,1
Kilometres Travelled,2021,All owners,1001 - 1200 cc,Diesel,Co. Cavan,All years,Million,1
Kilometres Travelled,2021,All owners,1001 - 1200 cc,Diesel,Co. Clare,All years,Million,2
Kilometres Travelled,2021,All owners,1001 - 1200 cc,Diesel,Co. Cork,All years,Million,8
Kilometres Travelled,2021,All owners,1001 - 1200 cc,Diesel,Co. Donegal,All years,Million,3
Kilometres Travelled,2021,All owners,1001 - 1200 cc,Diesel,Co. Dublin,All years,Million,8
Kilometres Travelled,2021,All owners,1001 - 1200 cc,Diesel,Co. Galway,All years,Million,3
Kilometres Travelled,2021,All owners,1001 - 1200 cc,Diesel,Co. Kerry,All years,Million,2
Kilometres Travelled,2021,All owners,1001 - 1200 cc,Diesel,Co. Kildare,All years,Million,4
Kilometres Travelled,2021,All owners,1001 - 1200 cc,Diesel,Co. Kilkenny,All years,Million,3
Kilometres Travelled,2021,All owners,1001 - 1200 cc,Diesel,Co. Laois,All years,Million,2
Kilometres Travelled,2021,All owners,1001 - 1200 cc,Diesel,Co. Leitrim,All years,Million,1
Kilometres Travelled,2021,All owners,1001 - 1200 cc,Diesel,Co. Limerick,All years,Million,2
Kilometres Travelled,2021,All owners,1001 - 1200 cc,Diesel,Co. Longford,All years,Million,1
Kilometres Travelled,2021,All owners,1001 - 1200 cc,Diesel,Co. Louth,All years,Million,3
Kilometres Travelled,2021,All owners,1001 - 1200 cc,Diesel,Co. Mayo,All years,Million,2
Kilometres Travelled,2021,All owners,1001 - 1200 cc,Diesel,Co. Meath,All years,Million,3
Kilometres Travelled,2021,All owners,1001 - 1200 cc,Diesel,Co. Monaghan,All years,Million,2
Kilometres Travelled,2021,All owners,1001 - 1200 cc,Diesel,Co. Offaly,All years,Million,2
Kilometres Travelled,2021,All owners,1001 - 1200 cc,Diesel,Co. Roscommon,All years,Million,1
Kilometres Travelled,2021,All owners,1001 - 1200 cc,Diesel,Co. Sligo,All years,Million,1
Kilometres Travelled,2021,All owners,1001 - 1200 cc,Diesel,Co. Tipperary,All years,Million,3
Kilometres Travelled,2021,All owners,1001 - 1200 cc,Diesel,Co. Waterford,All years,Million,2
Kilometres Travelled,2021,All owners,1001 - 1200 cc,Diesel,Co. Westmeath,All years,Million,2
Kilometres Travelled,2021,All owners,1001 - 1200 cc,Diesel,Co. Wexford,All years,Million,3
Kilometres Travelled,2021,All owners,1001 - 1200 cc,Diesel,Co. Wicklow,All years,Million,3
Kilometres Travelled,2021,All owners,1001 - 1200 cc,Other fuel types,Co. Carlow,All years,Million,1
Kilometres Travelled,2021,All owners,1001 - 1200 cc,Other fuel types,Co. Cavan,All years,Million,1
Kilometres Travelled,2021,All owners,1001 - 1200 cc,Other fuel types,Co. Clare,All years,Million,1
Kilometres Travelled,2021,All owners,1001 - 1200 cc,Other fuel types,Co. Cork,All years,Million,6
Kilometres Travelled,2021,All owners,1001 - 1200 cc,Other fuel types,Co. Donegal,All years,Million,1
Kilometres Travelled,2021,All owners,1001 - 1200 cc,Other fuel types,Co. Dublin,All years,Million,10
Kilometres Travelled,2021,All owners,1001 - 1200 cc,Other fuel types,Co. Galway,All years,Million,2
Kilometres Travelled,2021,All owners,1001 - 1200 cc,Other fuel types,Co. Kerry,All years,Million,2
Kilometres Travelled,2021,All owners,1001 - 1200 cc,Other fuel types,Co. Kildare,All years,Million,3
Kilometres Travelled,2021,All owners,1001 - 1200 cc,Other fuel types,Co. Kilkenny,All years,Million,1
Kilometres Travelled,2021,All owners,1001 - 1200 cc,Other fuel types,Co. Laois,All years,Million,1
Kilometres Travelled,2021,All owners,1001 - 1200 cc,Other fuel types,Co. Leitrim,All years,Million,0
Kilometres Travelled,2021,All owners,1001 - 1200 cc,Other fuel types,Co. Limerick,All years,Million,2
Kilometres Travelled,2021,All owners,1001 - 1200 cc,Other fuel types,Co. Longford,All years,Million,0
Kilometres Travelled,2021,All owners,1001 - 1200 cc,Other fuel types,Co. Louth,All years,Million,1
Kilometres Travelled,2021,All owners,1001 - 1200 cc,Other fuel types,Co. Mayo,All years,Million,0
Kilometres Travelled,2021,All owners,1001 - 1200 cc,Other fuel types,Co. Meath,All years,Million,3
Kilometres Travelled,2021,All owners,1001 - 1200 cc,Other fuel types,Co. Monaghan,All years,Million,0
Kilometres Travelled,2021,All owners,1001 - 1200 cc,Other fuel types,Co. Offaly,All years,Million,1
Kilometres Travelled,2021,All owners,1001 - 1200 cc,Other fuel types,Co. Roscommon,All years,Million,0
Kilometres Travelled,2021,All owners,1001 - 1200 cc,Other fuel types,Co. Sligo,All years,Million,0
Kilometres Travelled,2021,All owners,1001 - 1200 cc,Other fuel types,Co. Tipperary,All years,Million,1
Kilometres Travelled,2021,All owners,1001 - 1200 cc,Other fuel types,Co. Waterford,All years,Million,2
Kilometres Travelled,2021,All owners,1001 - 1200 cc,Other fuel types,Co. Westmeath,All years,Million,1
Kilometres Travelled,2021,All owners,1001 - 1200 cc,Other fuel types,Co. Wexford,All years,Million,2
Kilometres Travelled,2021,All owners,1001 - 1200 cc,Other fuel types,Co. Wicklow,All years,Million,1
Kilometres Travelled,2021,All owners,1201 - 1400 cc,Petrol,Co. Carlow,All years,Million,38
Kilometres Travelled,2021,All owners,1201 - 1400 cc,Petrol,Co. Cavan,All years,Million,37
Kilometres Travelled,2021,All owners,1201 - 1400 cc,Petrol,Co. Clare,All years,Million,88
Kilometres Travelled,2021,All owners,1201 - 1400 cc,Petrol,Co. Cork,All years,Million,422
Kilometres Travelled,2021,All owners,1201 - 1400 cc,Petrol,Co. Donegal,All years,Million,92
Kilometres Travelled,2021,All owners,1201 - 1400 cc,Petrol,Co. Dublin,All years,Million,748
Kilometres Travelled,2021,All owners,1201 - 1400 cc,Petrol,Co. Galway,All years,Million,169
Kilometres Travelled,2021,All owners,1201 - 1400 cc,Petrol,Co. Kerry,All years,Million,117
Kilometres Travelled,2021,All owners,1201 - 1400 cc,Petrol,Co. Kildare,All years,Million,148
Kilometres Travelled,2021,All owners,1201 - 1400 cc,Petrol,Co. Kilkenny,All years,Million,63
Kilometres Travelled,2021,All owners,1201 - 1400 cc,Petrol,Co. Laois,All years,Million,43
Kilometres Travelled,2021,All owners,1201 - 1400 cc,Petrol,Co. Leitrim,All years,Million,21
Kilometres Travelled,2021,All owners,1201 - 1400 cc,Petrol,Co. Limerick,All years,Million,140
Kilometres Travelled,2021,All owners,1201 - 1400 cc,Petrol,Co. Longford,All years,Million,20
Kilometres Travelled,2021,All owners,1201 - 1400 cc,Petrol,Co. Louth,All years,Million,64
Kilometres Travelled,2021,All owners,1201 - 1400 cc,Petrol,Co. Mayo,All years,Million,88
Kilometres Travelled,2021,All owners,1201 - 1400 cc,Petrol,Co. Meath,All years,Million,119
Kilometres Travelled,2021,All owners,1201 - 1400 cc,Petrol,Co. Monaghan,All years,Million,31
Kilometres Travelled,2021,All owners,1201 - 1400 cc,Petrol,Co. Offaly,All years,Million,42
Kilometres Travelled,2021,All owners,1201 - 1400 cc,Petrol,Co. Roscommon,All years,Million,47
Kilometres Travelled,2021,All owners,1201 - 1400 cc,Petrol,Co. Sligo,All years,Million,43
Kilometres Travelled,2021,All owners,1201 - 1400 cc,Petrol,Co. Tipperary,All years,Million,110
Kilometres Travelled,2021,All owners,1201 - 1400 cc,Petrol,Co. Waterford,All years,Million,92
Kilometres Travelled,2021,All owners,1201 - 1400 cc,Petrol,Co. Westmeath,All years,Million,50
Kilometres Travelled,2021,All owners,1201 - 1400 cc,Petrol,Co. Wexford,All years,Million,102
Kilometres Travelled,2021,All owners,1201 - 1400 cc,Petrol,Co. Wicklow,All years,Million,106
Kilometres Travelled,2021,All owners,1201 - 1400 cc,Diesel,Co. Carlow,All years,Million,19
Kilometres Travelled,2021,All owners,1201 - 1400 cc,Diesel,Co. Cavan,All years,Million,28
Kilometres Travelled,2021,All owners,1201 - 1400 cc,Diesel,Co. Clare,All years,Million,39
Kilometres Travelled,2021,All owners,1201 - 1400 cc,Diesel,Co. Cork,All years,Million,148
Kilometres Travelled,2021,All owners,1201 - 1400 cc,Diesel,Co. Donegal,All years,Million,61
Kilometres Travelled,2021,All owners,1201 - 1400 cc,Diesel,Co. Dublin,All years,Million,99
Kilometres Travelled,2021,All owners,1201 - 1400 cc,Diesel,Co. Galway,All years,Million,72
Kilometres Travelled,2021,All owners,1201 - 1400 cc,Diesel,Co. Kerry,All years,Million,48
Kilometres Travelled,2021,All owners,1201 - 1400 cc,Diesel,Co. Kildare,All years,Million,45
Kilometres Travelled,2021,All owners,1201 - 1400 cc,Diesel,Co. Kilkenny,All years,Million,31
Kilometres Travelled,2021,All owners,1201 - 1400 cc,Diesel,Co. Laois,All years,Million,22
Kilometres Travelled,2021,All owners,1201 - 1400 cc,Diesel,Co. Leitrim,All years,Million,11
Kilometres Travelled,2021,All owners,1201 - 1400 cc,Diesel,Co. Limerick,All years,Million,60
Kilometres Travelled,2021,All owners,1201 - 1400 cc,Diesel,Co. Longford,All years,Million,13
Kilometres Travelled,2021,All owners,1201 - 1400 cc,Diesel,Co. Louth,All years,Million,28
Kilometres Travelled,2021,All owners,1201 - 1400 cc,Diesel,Co. Mayo,All years,Million,47
Kilometres Travelled,2021,All owners,1201 - 1400 cc,Diesel,Co. Meath,All years,Million,48
Kilometres Travelled,2021,All owners,1201 - 1400 cc,Diesel,Co. Monaghan,All years,Million,19
Kilometres Travelled,2021,All owners,1201 - 1400 cc,Diesel,Co. Offaly,All years,Million,29
Kilometres Travelled,2021,All owners,1201 - 1400 cc,Diesel,Co. Roscommon,All years,Million,26
Kilometres Travelled,2021,All owners,1201 - 1400 cc,Diesel,Co. Sligo,All years,Million,19
Kilometres Travelled,2021,All owners,1201 - 1400 cc,Diesel,Co. Tipperary,All years,Million,60
Kilometres Travelled,2021,All owners,1201 - 1400 cc,Diesel,Co. Waterford,All years,Million,29
Kilometres Travelled,2021,All owners,1201 - 1400 cc,Diesel,Co. Westmeath,All years,Million,30
Kilometres Travelled,2021,All owners,1201 - 1400 cc,Diesel,Co. Wexford,All years,Million,47
Kilometres Travelled,2021,All owners,1201 - 1400 cc,Diesel,Co. Wicklow,All years,Million,30
Kilometres Travelled,2021,All owners,1201 - 1400 cc,Other fuel types,Co. Carlow,All years,Million,1
Kilometres Travelled,2021,All owners,1201 - 1400 cc,Other fuel types,Co. Cavan,All years,Million,1
Kilometres Travelled,2021,All owners,1201 - 1400 cc,Other fuel types,Co. Clare,All years,Million,1
Kilometres Travelled,2021,All owners,1201 - 1400 cc,Other fuel types,Co. Cork,All years,Million,5
Kilometres Travelled,2021,All owners,1201 - 1400 cc,Other fuel types,Co. Donegal,All years,Million,0
Kilometres Travelled,2021,All owners,1201 - 1400 cc,Other fuel types,Co. Dublin,All years,Million,33
Kilometres Travelled,2021,All owners,1201 - 1400 cc,Other fuel types,Co. Galway,All years,Million,3
Kilometres Travelled,2021,All owners,1201 - 1400 cc,Other fuel types,Co. Kerry,All years,Million,1
Kilometres Travelled,2021,All owners,1201 - 1400 cc,Other fuel types,Co. Kildare,All years,Million,4
Kilometres Travelled,2021,All owners,1201 - 1400 cc,Other fuel types,Co. Kilkenny,All years,Million,1
Kilometres Travelled,2021,All owners,1201 - 1400 cc,Other fuel types,Co. Laois,All years,Million,1
Kilometres Travelled,2021,All owners,1201 - 1400 cc,Other fuel types,Co. Leitrim,All years,Million,0
Kilometres Travelled,2021,All owners,1201 - 1400 cc,Other fuel types,Co. Limerick,All years,Million,2
Kilometres Travelled,2021,All owners,1201 - 1400 cc,Other fuel types,Co. Longford,All years,Million,0
Kilometres Travelled,2021,All owners,1201 - 1400 cc,Other fuel types,Co. Louth,All years,Million,1
Kilometres Travelled,2021,All owners,1201 - 1400 cc,Other fuel types,Co. Mayo,All years,Million,1
Kilometres Travelled,2021,All owners,1201 - 1400 cc,Other fuel types,Co. Meath,All years,Million,3
Kilometres Travelled,2021,All owners,1201 - 1400 cc,Other fuel types,Co. Monaghan,All years,Million,0
Kilometres Travelled,2021,All owners,1201 - 1400 cc,Other fuel types,Co. Offaly,All years,Million,1
Kilometres Travelled,2021,All owners,1201 - 1400 cc,Other fuel types,Co. Roscommon,All years,Million,0
Kilometres Travelled,2021,All owners,1201 - 1400 cc,Other fuel types,Co. Sligo,All years,Million,0
Kilometres Travelled,2021,All owners,1201 - 1400 cc,Other fuel types,Co. Tipperary,All years,Million,2
Kilometres Travelled,2021,All owners,1201 - 1400 cc,Other fuel types,Co. Waterford,All years,Million,1
Kilometres Travelled,2021,All owners,1201 - 1400 cc,Other fuel types,Co. Westmeath,All years,Million,1
Kilometres Travelled,2021,All owners,1201 - 1400 cc,Other fuel types,Co. Wexford,All years,Million,1
Kilometres Travelled,2021,All owners,1201 - 1400 cc,Other fuel types,Co. Wicklow,All years,Million,2
Kilometres Travelled,2021,All owners,1401 - 1600 cc,Petrol,Co. Carlow,All years,Million,15
Kilometres Travelled,2021,All owners,1401 - 1600 cc,Petrol,Co. Cavan,All years,Million,15
Kilometres Travelled,2021,All owners,1401 - 1600 cc,Petrol,Co. Clare,All years,Million,37
Kilometres Travelled,2021,All owners,1401 - 1600 cc,Petrol,Co. Cork,All years,Million,158
Kilometres Travelled,2021,All owners,1401 - 1600 cc,Petrol,Co. Donegal,All years,Million,31
Kilometres Travelled,2021,All owners,1401 - 1600 cc,Petrol,Co. Dublin,All years,Million,376
Kilometres Travelled,2021,All owners,1401 - 1600 cc,Petrol,Co. Galway,All years,Million,68
Kilometres Travelled,2021,All owners,1401 - 1600 cc,Petrol,Co. Kerry,All years,Million,50
Kilometres Travelled,2021,All owners,1401 - 1600 cc,Petrol,Co. Kildare,All years,Million,63
Kilometres Travelled,2021,All owners,1401 - 1600 cc,Petrol,Co. Kilkenny,All years,Million,23
Kilometres Travelled,2021,All owners,1401 - 1600 cc,Petrol,Co. Laois,All years,Million,18
Kilometres Travelled,2021,All owners,1401 - 1600 cc,Petrol,Co. Leitrim,All years,Million,7
Kilometres Travelled,2021,All owners,1401 - 1600 cc,Petrol,Co. Limerick,All years,Million,53
Kilometres Travelled,2021,All owners,1401 - 1600 cc,Petrol,Co. Longford,All years,Million,8
Kilometres Travelled,2021,All owners,1401 - 1600 cc,Petrol,Co. Louth,All years,Million,24
Kilometres Travelled,2021,All owners,1401 - 1600 cc,Petrol,Co. Mayo,All years,Million,32
Kilometres Travelled,2021,All owners,1401 - 1600 cc,Petrol,Co. Meath,All years,Million,50
Kilometres Travelled,2021,All owners,1401 - 1600 cc,Petrol,Co. Monaghan,All years,Million,9
Kilometres Travelled,2021,All owners,1401 - 1600 cc,Petrol,Co. Offaly,All years,Million,17
Kilometres Travelled,2021,All owners,1401 - 1600 cc,Petrol,Co. Roscommon,All years,Million,14
Kilometres Travelled,2021,All owners,1401 - 1600 cc,Petrol,Co. Sligo,All years,Million,16
Kilometres Travelled,2021,All owners,1401 - 1600 cc,Petrol,Co. Tipperary,All years,Million,44
Kilometres Travelled,2021,All owners,1401 - 1600 cc,Petrol,Co. Waterford,All years,Million,36
Kilometres Travelled,2021,All owners,1401 - 1600 cc,Petrol,Co. Westmeath,All years,Million,18
Kilometres Travelled,2021,All owners,1401 - 1600 cc,Petrol,Co. Wexford,All years,Million,39
Kilometres Travelled,2021,All owners,1401 - 1600 cc,Petrol,Co. Wicklow,All years,Million,47
Kilometres Travelled,2021,All owners,1401 - 1600 cc,Diesel,Co. Carlow,All years,Million,152
Kilometres Travelled,2021,All owners,1401 - 1600 cc,Diesel,Co. Cavan,All years,Million,186
Kilometres Travelled,2021,All owners,1401 - 1600 cc,Diesel,Co. Clare,All years,Million,302
Kilometres Travelled,2021,All owners,1401 - 1600 cc,Diesel,Co. Cork,All years,Million,1024
Kilometres Travelled,2021,All owners,1401 - 1600 cc,Diesel,Co. Donegal,All years,Million,324
Kilometres Travelled,2021,All owners,1401 - 1600 cc,Diesel,Co. Dublin,All years,Million,1351
Kilometres Travelled,2021,All owners,1401 - 1600 cc,Diesel,Co. Galway,All years,Million,532
Kilometres Travelled,2021,All owners,1401 - 1600 cc,Diesel,Co. Kerry,All years,Million,343
Kilometres Travelled,2021,All owners,1401 - 1600 cc,Diesel,Co. Kildare,All years,Million,444
Kilometres Travelled,2021,All owners,1401 - 1600 cc,Diesel,Co. Kilkenny,All years,Million,235
Kilometres Travelled,2021,All owners,1401 - 1600 cc,Diesel,Co. Laois,All years,Million,209
Kilometres Travelled,2021,All owners,1401 - 1600 cc,Diesel,Co. Leitrim,All years,Million,80
Kilometres Travelled,2021,All owners,1401 - 1600 cc,Diesel,Co. Limerick,All years,Million,410
Kilometres Travelled,2021,All owners,1401 - 1600 cc,Diesel,Co. Longford,All years,Million,93
Kilometres Travelled,2021,All owners,1401 - 1600 cc,Diesel,Co. Louth,All years,Million,244
Kilometres Travelled,2021,All owners,1401 - 1600 cc,Diesel,Co. Mayo,All years,Million,308
Kilometres Travelled,2021,All owners,1401 - 1600 cc,Diesel,Co. Meath,All years,Million,434
Kilometres Travelled,2021,All owners,1401 - 1600 cc,Diesel,Co. Monaghan,All years,Million,145
Kilometres Travelled,2021,All owners,1401 - 1600 cc,Diesel,Co. Offaly,All years,Million,199
Kilometres Travelled,2021,All owners,1401 - 1600 cc,Diesel,Co. Roscommon,All years,Million,175
Kilometres Travelled,2021,All owners,1401 - 1600 cc,Diesel,Co. Sligo,All years,Million,133
Kilometres Travelled,2021,All owners,1401 - 1600 cc,Diesel,Co. Tipperary,All years,Million,439
Kilometres Travelled,2021,All owners,1401 - 1600 cc,Diesel,Co. Waterford,All years,Million,247
Kilometres Travelled,2021,All owners,1401 - 1600 cc,Diesel,Co. Westmeath,All years,Million,226
Kilometres Travelled,2021,All owners,1401 - 1600 cc,Diesel,Co. Wexford,All years,Million,420
Kilometres Travelled,2021,All owners,1401 - 1600 cc,Diesel,Co. Wicklow,All years,Million,255
Kilometres Travelled,2021,All owners,1401 - 1600 cc,Other fuel types,Co. Carlow,All years,Million,2
Kilometres Travelled,2021,All owners,1401 - 1600 cc,Other fuel types,Co. Cavan,All years,Million,2
Kilometres Travelled,2021,All owners,1401 - 1600 cc,Other fuel types,Co. Clare,All years,Million,5
Kilometres Travelled,2021,All owners,1401 - 1600 cc,Other fuel types,Co. Cork,All years,Million,26
Kilometres Travelled,2021,All owners,1401 - 1600 cc,Other fuel types,Co. Donegal,All years,Million,7
Kilometres Travelled,2021,All owners,1401 - 1600 cc,Other fuel types,Co. Dublin,All years,Million,100
Kilometres Travelled,2021,All owners,1401 - 1600 cc,Other fuel types,Co. Galway,All years,Million,12
Kilometres Travelled,2021,All owners,1401 - 1600 cc,Other fuel types,Co. Kerry,All years,Million,5
Kilometres Travelled,2021,All owners,1401 - 1600 cc,Other fuel types,Co. Kildare,All years,Million,14
Kilometres Travelled,2021,All owners,1401 - 1600 cc,Other fuel types,Co. Kilkenny,All years,Million,4
Kilometres Travelled,2021,All owners,1401 - 1600 cc,Other fuel types,Co. Laois,All years,Million,4
Kilometres Travelled,2021,All owners,1401 - 1600 cc,Other fuel types,Co. Leitrim,All years,Million,1
Kilometres Travelled,2021,All owners,1401 - 1600 cc,Other fuel types,Co. Limerick,All years,Million,8
Kilometres Travelled,2021,All owners,1401 - 1600 cc,Other fuel types,Co. Longford,All years,Million,1
Kilometres Travelled,2021,All owners,1401 - 1600 cc,Other fuel types,Co. Louth,All years,Million,6
Kilometres Travelled,2021,All owners,1401 - 1600 cc,Other fuel types,Co. Mayo,All years,Million,4
Kilometres Travelled,2021,All owners,1401 - 1600 cc,Other fuel types,Co. Meath,All years,Million,10
Kilometres Travelled,2021,All owners,1401 - 1600 cc,Other fuel types,Co. Monaghan,All years,Million,1
Kilometres Travelled,2021,All owners,1401 - 1600 cc,Other fuel types,Co. Offaly,All years,Million,3
Kilometres Travelled,2021,All owners,1401 - 1600 cc,Other fuel types,Co. Roscommon,All years,Million,2
Kilometres Travelled,2021,All owners,1401 - 1600 cc,Other fuel types,Co. Sligo,All years,Million,3
Kilometres Travelled,2021,All owners,1401 - 1600 cc,Other fuel types,Co. Tipperary,All years,Million,6
Kilometres Travelled,2021,All owners,1401 - 1600 cc,Other fuel types,Co. Waterford,All years,Million,5
Kilometres Travelled,2021,All owners,1401 - 1600 cc,Other fuel types,Co. Westmeath,All years,Million,4
Kilometres Travelled,2021,All owners,1401 - 1600 cc,Other fuel types,Co. Wexford,All years,Million,6
Kilometres Travelled,2021,All owners,1401 - 1600 cc,Other fuel types,Co. Wicklow,All years,Million,9
Kilometres Travelled,2021,All owners,1601 - 1800 cc,Petrol,Co. Carlow,All years,Million,3
Kilometres Travelled,2021,All owners,1601 - 1800 cc,Petrol,Co. Cavan,All years,Million,3
Kilometres Travelled,2021,All owners,1601 - 1800 cc,Petrol,Co. Clare,All years,Million,6
Kilometres Travelled,2021,All owners,1601 - 1800 cc,Petrol,Co. Cork,All years,Million,32
Kilometres Travelled,2021,All owners,1601 - 1800 cc,Petrol,Co. Donegal,All years,Million,5
Kilometres Travelled,2021,All owners,1601 - 1800 cc,Petrol,Co. Dublin,All years,Million,93
Kilometres Travelled,2021,All owners,1601 - 1800 cc,Petrol,Co. Galway,All years,Million,14
Kilometres Travelled,2021,All owners,1601 - 1800 cc,Petrol,Co. Kerry,All years,Million,9
Kilometres Travelled,2021,All owners,1601 - 1800 cc,Petrol,Co. Kildare,All years,Million,14
Kilometres Travelled,2021,All owners,1601 - 1800 cc,Petrol,Co. Kilkenny,All years,Million,5
Kilometres Travelled,2021,All owners,1601 - 1800 cc,Petrol,Co. Laois,All years,Million,3
Kilometres Travelled,2021,All owners,1601 - 1800 cc,Petrol,Co. Leitrim,All years,Million,1
Kilometres Travelled,2021,All owners,1601 - 1800 cc,Petrol,Co. Limerick,All years,Million,10
Kilometres Travelled,2021,All owners,1601 - 1800 cc,Petrol,Co. Longford,All years,Million,2
Kilometres Travelled,2021,All owners,1601 - 1800 cc,Petrol,Co. Louth,All years,Million,5
Kilometres Travelled,2021,All owners,1601 - 1800 cc,Petrol,Co. Mayo,All years,Million,5
Kilometres Travelled,2021,All owners,1601 - 1800 cc,Petrol,Co. Meath,All years,Million,12
Kilometres Travelled,2021,All owners,1601 - 1800 cc,Petrol,Co. Monaghan,All years,Million,2
Kilometres Travelled,2021,All owners,1601 - 1800 cc,Petrol,Co. Offaly,All years,Million,3
Kilometres Travelled,2021,All owners,1601 - 1800 cc,Petrol,Co. Roscommon,All years,Million,3
Kilometres Travelled,2021,All owners,1601 - 1800 cc,Petrol,Co. Sligo,All years,Million,3
Kilometres Travelled,2021,All owners,1601 - 1800 cc,Petrol,Co. Tipperary,All years,Million,8
Kilometres Travelled,2021,All owners,1601 - 1800 cc,Petrol,Co. Waterford,All years,Million,7
Kilometres Travelled,2021,All owners,1601 - 1800 cc,Petrol,Co. Westmeath,All years,Million,4
Kilometres Travelled,2021,All owners,1601 - 1800 cc,Petrol,Co. Wexford,All years,Million,7
Kilometres Travelled,2021,All owners,1601 - 1800 cc,Petrol,Co. Wicklow,All years,Million,11
Kilometres Travelled,2021,All owners,1601 - 1800 cc,Diesel,Co. Carlow,All years,Million,24
Kilometres Travelled,2021,All owners,1601 - 1800 cc,Diesel,Co. Cavan,All years,Million,28
Kilometres Travelled,2021,All owners,1601 - 1800 cc,Diesel,Co. Clare,All years,Million,47
Kilometres Travelled,2021,All owners,1601 - 1800 cc,Diesel,Co. Cork,All years,Million,184
Kilometres Travelled,2021,All owners,1601 - 1800 cc,Diesel,Co. Donegal,All years,Million,62
Kilometres Travelled,2021,All owners,1601 - 1800 cc,Diesel,Co. Dublin,All years,Million,222
Kilometres Travelled,2021,All owners,1601 - 1800 cc,Diesel,Co. Galway,All years,Million,99
Kilometres Travelled,2021,All owners,1601 - 1800 cc,Diesel,Co. Kerry,All years,Million,68
Kilometres Travelled,2021,All owners,1601 - 1800 cc,Diesel,Co. Kildare,All years,Million,83
Kilometres Travelled,2021,All owners,1601 - 1800 cc,Diesel,Co. Kilkenny,All years,Million,40
Kilometres Travelled,2021,All owners,1601 - 1800 cc,Diesel,Co. Laois,All years,Million,35
Kilometres Travelled,2021,All owners,1601 - 1800 cc,Diesel,Co. Leitrim,All years,Million,13
Kilometres Travelled,2021,All owners,1601 - 1800 cc,Diesel,Co. Limerick,All years,Million,67
Kilometres Travelled,2021,All owners,1601 - 1800 cc,Diesel,Co. Longford,All years,Million,18
Kilometres Travelled,2021,All owners,1601 - 1800 cc,Diesel,Co. Louth,All years,Million,38
Kilometres Travelled,2021,All owners,1601 - 1800 cc,Diesel,Co. Mayo,All years,Million,53
Kilometres Travelled,2021,All owners,1601 - 1800 cc,Diesel,Co. Meath,All years,Million,71
Kilometres Travelled,2021,All owners,1601 - 1800 cc,Diesel,Co. Monaghan,All years,Million,26
Kilometres Travelled,2021,All owners,1601 - 1800 cc,Diesel,Co. Offaly,All years,Million,32
Kilometres Travelled,2021,All owners,1601 - 1800 cc,Diesel,Co. Roscommon,All years,Million,28
Kilometres Travelled,2021,All owners,1601 - 1800 cc,Diesel,Co. Sligo,All years,Million,25
Kilometres Travelled,2021,All owners,1601 - 1800 cc,Diesel,Co. Tipperary,All years,Million,65
Kilometres Travelled,2021,All owners,1601 - 1800 cc,Diesel,Co. Waterford,All years,Million,35
Kilometres Travelled,2021,All owners,1601 - 1800 cc,Diesel,Co. Westmeath,All years,Million,38
Kilometres Travelled,2021,All owners,1601 - 1800 cc,Diesel,Co. Wexford,All years,Million,63
Kilometres Travelled,2021,All owners,1601 - 1800 cc,Diesel,Co. Wicklow,All years,Million,47
Kilometres Travelled,2021,All owners,1601 - 1800 cc,Other fuel types,Co. Carlow,All years,Million,3
Kilometres Travelled,2021,All owners,1601 - 1800 cc,Other fuel types,Co. Cavan,All years,Million,5
Kilometres Travelled,2021,All owners,1601 - 1800 cc,Other fuel types,Co. Clare,All years,Million,7
Kilometres Travelled,2021,All owners,1601 - 1800 cc,Other fuel types,Co. Cork,All years,Million,39
Kilometres Travelled,2021,All owners,1601 - 1800 cc,Other fuel types,Co. Donegal,All years,Million,9
Kilometres Travelled,2021,All owners,1601 - 1800 cc,Other fuel types,Co. Dublin,All years,Million,138
Kilometres Travelled,2021,All owners,1601 - 1800 cc,Other fuel types,Co. Galway,All years,Million,20
Kilometres Travelled,2021,All owners,1601 - 1800 cc,Other fuel types,Co. Kerry,All years,Million,9
Kilometres Travelled,2021,All owners,1601 - 1800 cc,Other fuel types,Co. Kildare,All years,Million,19
Kilometres Travelled,2021,All owners,1601 - 1800 cc,Other fuel types,Co. Kilkenny,All years,Million,6
Kilometres Travelled,2021,All owners,1601 - 1800 cc,Other fuel types,Co. Laois,All years,Million,4
Kilometres Travelled,2021,All owners,1601 - 1800 cc,Other fuel types,Co. Leitrim,All years,Million,2
Kilometres Travelled,2021,All owners,1601 - 1800 cc,Other fuel types,Co. Limerick,All years,Million,13
Kilometres Travelled,2021,All owners,1601 - 1800 cc,Other fuel types,Co. Longford,All years,Million,2
Kilometres Travelled,2021,All owners,1601 - 1800 cc,Other fuel types,Co. Louth,All years,Million,8
Kilometres Travelled,2021,All owners,1601 - 1800 cc,Other fuel types,Co. Mayo,All years,Million,7
Kilometres Travelled,2021,All owners,1601 - 1800 cc,Other fuel types,Co. Meath,All years,Million,16
Kilometres Travelled,2021,All owners,1601 - 1800 cc,Other fuel types,Co. Monaghan,All years,Million,3
Kilometres Travelled,2021,All owners,1601 - 1800 cc,Other fuel types,Co. Offaly,All years,Million,5
Kilometres Travelled,2021,All owners,1601 - 1800 cc,Other fuel types,Co. Roscommon,All years,Million,4
Kilometres Travelled,2021,All owners,1601 - 1800 cc,Other fuel types,Co. Sligo,All years,Million,4
Kilometres Travelled,2021,All owners,1601 - 1800 cc,Other fuel types,Co. Tipperary,All years,Million,9
Kilometres Travelled,2021,All owners,1601 - 1800 cc,Other fuel types,Co. Waterford,All years,Million,6
Kilometres Travelled,2021,All owners,1601 - 1800 cc,Other fuel types,Co. Westmeath,All years,Million,7
Kilometres Travelled,2021,All owners,1601 - 1800 cc,Other fuel types,Co. Wexford,All years,Million,9
Kilometres Travelled,2021,All owners,1601 - 1800 cc,Other fuel types,Co. Wicklow,All years,Million,11
Kilometres Travelled,2021,All owners,1801 - 2000 cc,Petrol,Co. Carlow,All years,Million,2
Kilometres Travelled,2021,All owners,1801 - 2000 cc,Petrol,Co. Cavan,All years,Million,3
Kilometres Travelled,2021,All owners,1801 - 2000 cc,Petrol,Co. Clare,All years,Million,6
Kilometres Travelled,2021,All owners,1801 - 2000 cc,Petrol,Co. Cork,All years,Million,37
Kilometres Travelled,2021,All owners,1801 - 2000 cc,Petrol,Co. Donegal,All years,Million,6
Kilometres Travelled,2021,All owners,1801 - 2000 cc,Petrol,Co. Dublin,All years,Million,103
Kilometres Travelled,2021,All owners,1801 - 2000 cc,Petrol,Co. Galway,All years,Million,13
Kilometres Travelled,2021,All owners,1801 - 2000 cc,Petrol,Co. Kerry,All years,Million,8
Kilometres Travelled,2021,All owners,1801 - 2000 cc,Petrol,Co. Kildare,All years,Million,15
Kilometres Travelled,2021,All owners,1801 - 2000 cc,Petrol,Co. Kilkenny,All years,Million,4
Kilometres Travelled,2021,All owners,1801 - 2000 cc,Petrol,Co. Laois,All years,Million,3
Kilometres Travelled,2021,All owners,1801 - 2000 cc,Petrol,Co. Leitrim,All years,Million,1
Kilometres Travelled,2021,All owners,1801 - 2000 cc,Petrol,Co. Limerick,All years,Million,9
Kilometres Travelled,2021,All owners,1801 - 2000 cc,Petrol,Co. Longford,All years,Million,2
Kilometres Travelled,2021,All owners,1801 - 2000 cc,Petrol,Co. Louth,All years,Million,6
Kilometres Travelled,2021,All owners,1801 - 2000 cc,Petrol,Co. Mayo,All years,Million,5
Kilometres Travelled,2021,All owners,1801 - 2000 cc,Petrol,Co. Meath,All years,Million,13
Kilometres Travelled,2021,All owners,1801 - 2000 cc,Petrol,Co. Monaghan,All years,Million,2
Kilometres Travelled,2021,All owners,1801 - 2000 cc,Petrol,Co. Offaly,All years,Million,3
Kilometres Travelled,2021,All owners,1801 - 2000 cc,Petrol,Co. Roscommon,All years,Million,2
Kilometres Travelled,2021,All owners,1801 - 2000 cc,Petrol,Co. Sligo,All years,Million,3
Kilometres Travelled,2021,All owners,1801 - 2000 cc,Petrol,Co. Tipperary,All years,Million,7
Kilometres Travelled,2021,All owners,1801 - 2000 cc,Petrol,Co. Waterford,All years,Million,7
Kilometres Travelled,2021,All owners,1801 - 2000 cc,Petrol,Co. Westmeath,All years,Million,4
Kilometres Travelled,2021,All owners,1801 - 2000 cc,Petrol,Co. Wexford,All years,Million,7
Kilometres Travelled,2021,All owners,1801 - 2000 cc,Petrol,Co. Wicklow,All years,Million,14
Kilometres Travelled,2021,All owners,1801 - 2000 cc,Diesel,Co. Carlow,All years,Million,123
Kilometres Travelled,2021,All owners,1801 - 2000 cc,Diesel,Co. Cavan,All years,Million,162
Kilometres Travelled,2021,All owners,1801 - 2000 cc,Diesel,Co. Clare,All years,Million,223
Kilometres Travelled,2021,All owners,1801 - 2000 cc,Diesel,Co. Cork,All years,Million,837
Kilometres Travelled,2021,All owners,1801 - 2000 cc,Diesel,Co. Donegal,All years,Million,289
Kilometres Travelled,2021,All owners,1801 - 2000 cc,Diesel,Co. Dublin,All years,Million,1311
Kilometres Travelled,2021,All owners,1801 - 2000 cc,Diesel,Co. Galway,All years,Million,510
Kilometres Travelled,2021,All owners,1801 - 2000 cc,Diesel,Co. Kerry,All years,Million,266
Kilometres Travelled,2021,All owners,1801 - 2000 cc,Diesel,Co. Kildare,All years,Million,371
Kilometres Travelled,2021,All owners,1801 - 2000 cc,Diesel,Co. Kilkenny,All years,Million,179
Kilometres Travelled,2021,All owners,1801 - 2000 cc,Diesel,Co. Laois,All years,Million,155
Kilometres Travelled,2021,All owners,1801 - 2000 cc,Diesel,Co. Leitrim,All years,Million,81
Kilometres Travelled,2021,All owners,1801 - 2000 cc,Diesel,Co. Limerick,All years,Million,324
Kilometres Travelled,2021,All owners,1801 - 2000 cc,Diesel,Co. Longford,All years,Million,94
Kilometres Travelled,2021,All owners,1801 - 2000 cc,Diesel,Co. Louth,All years,Million,188
Kilometres Travelled,2021,All owners,1801 - 2000 cc,Diesel,Co. Mayo,All years,Million,299
Kilometres Travelled,2021,All owners,1801 - 2000 cc,Diesel,Co. Meath,All years,Million,358
Kilometres Travelled,2021,All owners,1801 - 2000 cc,Diesel,Co. Monaghan,All years,Million,135
Kilometres Travelled,2021,All owners,1801 - 2000 cc,Diesel,Co. Offaly,All years,Million,157
Kilometres Travelled,2021,All owners,1801 - 2000 cc,Diesel,Co. Roscommon,All years,Million,154
Kilometres Travelled,2021,All owners,1801 - 2000 cc,Diesel,Co. Sligo,All years,Million,128
Kilometres Travelled,2021,All owners,1801 - 2000 cc,Diesel,Co. Tipperary,All years,Million,360
Kilometres Travelled,2021,All owners,1801 - 2000 cc,Diesel,Co. Waterford,All years,Million,187
Kilometres Travelled,2021,All owners,1801 - 2000 cc,Diesel,Co. Westmeath,All years,Million,192
Kilometres Travelled,2021,All owners,1801 - 2000 cc,Diesel,Co. Wexford,All years,Million,293
Kilometres Travelled,2021,All owners,1801 - 2000 cc,Diesel,Co. Wicklow,All years,Million,220
Kilometres Travelled,2021,All owners,1801 - 2000 cc,Other fuel types,Co. Carlow,All years,Million,1
Kilometres Travelled,2021,All owners,1801 - 2000 cc,Other fuel types,Co. Cavan,All years,Million,1
Kilometres Travelled,2021,All owners,1801 - 2000 cc,Other fuel types,Co. Clare,All years,Million,2
Kilometres Travelled,2021,All owners,1801 - 2000 cc,Other fuel types,Co. Cork,All years,Million,17
Kilometres Travelled,2021,All owners,1801 - 2000 cc,Other fuel types,Co. Donegal,All years,Million,2
Kilometres Travelled,2021,All owners,1801 - 2000 cc,Other fuel types,Co. Dublin,All years,Million,75
Kilometres Travelled,2021,All owners,1801 - 2000 cc,Other fuel types,Co. Galway,All years,Million,7
Kilometres Travelled,2021,All owners,1801 - 2000 cc,Other fuel types,Co. Kerry,All years,Million,2
Kilometres Travelled,2021,All owners,1801 - 2000 cc,Other fuel types,Co. Kildare,All years,Million,9
Kilometres Travelled,2021,All owners,1801 - 2000 cc,Other fuel types,Co. Kilkenny,All years,Million,2
Kilometres Travelled,2021,All owners,1801 - 2000 cc,Other fuel types,Co. Laois,All years,Million,1
Kilometres Travelled,2021,All owners,1801 - 2000 cc,Other fuel types,Co. Leitrim,All years,Million,0
Kilometres Travelled,2021,All owners,1801 - 2000 cc,Other fuel types,Co. Limerick,All years,Million,3
Kilometres Travelled,2021,All owners,1801 - 2000 cc,Other fuel types,Co. Longford,All years,Million,1
Kilometres Travelled,2021,All owners,1801 - 2000 cc,Other fuel types,Co. Louth,All years,Million,3
Kilometres Travelled,2021,All owners,1801 - 2000 cc,Other fuel types,Co. Mayo,All years,Million,2
Kilometres Travelled,2021,All owners,1801 - 2000 cc,Other fuel types,Co. Meath,All years,Million,7
Kilometres Travelled,2021,All owners,1801 - 2000 cc,Other fuel types,Co. Monaghan,All years,Million,1
Kilometres Travelled,2021,All owners,1801 - 2000 cc,Other fuel types,Co. Offaly,All years,Million,1
Kilometres Travelled,2021,All owners,1801 - 2000 cc,Other fuel types,Co. Roscommon,All years,Million,1
Kilometres Travelled,2021,All owners,1801 - 2000 cc,Other fuel types,Co. Sligo,All years,Million,1
Kilometres Travelled,2021,All owners,1801 - 2000 cc,Other fuel types,Co. Tipperary,All years,Million,2
Kilometres Travelled,2021,All owners,1801 - 2000 cc,Other fuel types,Co. Waterford,All years,Million,3
Kilometres Travelled,2021,All owners,1801 - 2000 cc,Other fuel types,Co. Westmeath,All years,Million,2
Kilometres Travelled,2021,All owners,1801 - 2000 cc,Other fuel types,Co. Wexford,All years,Million,3
Kilometres Travelled,2021,All owners,1801 - 2000 cc,Other fuel types,Co. Wicklow,All years,Million,6
Kilometres Travelled,2021,All owners,Over 2000 cc,Petrol,Co. Carlow,All years,Million,1
Kilometres Travelled,2021,All owners,Over 2000 cc,Petrol,Co. Cavan,All years,Million,1
Kilometres Travelled,2021,All owners,Over 2000 cc,Petrol,Co. Clare,All years,Million,1
Kilometres Travelled,2021,All owners,Over 2000 cc,Petrol,Co. Cork,All years,Million,9
Kilometres Travelled,2021,All owners,Over 2000 cc,Petrol,Co. Donegal,All years,Million,1
Kilometres Travelled,2021,All owners,Over 2000 cc,Petrol,Co. Dublin,All years,Million,34
Kilometres Travelled,2021,All owners,Over 2000 cc,Petrol,Co. Galway,All years,Million,3
Kilometres Travelled,2021,All owners,Over 2000 cc,Petrol,Co. Kerry,All years,Million,2
Kilometres Travelled,2021,All owners,Over 2000 cc,Petrol,Co. Kildare,All years,Million,4
Kilometres Travelled,2021,All owners,Over 2000 cc,Petrol,Co. Kilkenny,All years,Million,1
Kilometres Travelled,2021,All owners,Over 2000 cc,Petrol,Co. Laois,All years,Million,1
Kilometres Travelled,2021,All owners,Over 2000 cc,Petrol,Co. Leitrim,All years,Million,0
Kilometres Travelled,2021,All owners,Over 2000 cc,Petrol,Co. Limerick,All years,Million,2
Kilometres Travelled,2021,All owners,Over 2000 cc,Petrol,Co. Longford,All years,Million,0
Kilometres Travelled,2021,All owners,Over 2000 cc,Petrol,Co. Louth,All years,Million,2
Kilometres Travelled,2021,All owners,Over 2000 cc,Petrol,Co. Mayo,All years,Million,1
Kilometres Travelled,2021,All owners,Over 2000 cc,Petrol,Co. Meath,All years,Million,3
Kilometres Travelled,2021,All owners,Over 2000 cc,Petrol,Co. Monaghan,All years,Million,0
Kilometres Travelled,2021,All owners,Over 2000 cc,Petrol,Co. Offaly,All years,Million,1
Kilometres Travelled,2021,All owners,Over 2000 cc,Petrol,Co. Roscommon,All years,Million,0
Kilometres Travelled,2021,All owners,Over 2000 cc,Petrol,Co. Sligo,All years,Million,1
Kilometres Travelled,2021,All owners,Over 2000 cc,Petrol,Co. Tipperary,All years,Million,2
Kilometres Travelled,2021,All owners,Over 2000 cc,Petrol,Co. Waterford,All years,Million,1
Kilometres Travelled,2021,All owners,Over 2000 cc,Petrol,Co. Westmeath,All years,Million,1
Kilometres Travelled,2021,All owners,Over 2000 cc,Petrol,Co. Wexford,All years,Million,2
Kilometres Travelled,2021,All owners,Over 2000 cc,Petrol,Co. Wicklow,All years,Million,4
Kilometres Travelled,2021,All owners,Over 2000 cc,Diesel,Co. Carlow,All years,Million,24
Kilometres Travelled,2021,All owners,Over 2000 cc,Diesel,Co. Cavan,All years,Million,28
Kilometres Travelled,2021,All owners,Over 2000 cc,Diesel,Co. Clare,All years,Million,42
Kilometres Travelled,2021,All owners,Over 2000 cc,Diesel,Co. Cork,All years,Million,172
Kilometres Travelled,2021,All owners,Over 2000 cc,Diesel,Co. Donegal,All years,Million,40
Kilometres Travelled,2021,All owners,Over 2000 cc,Diesel,Co. Dublin,All years,Million,363
Kilometres Travelled,2021,All owners,Over 2000 cc,Diesel,Co. Galway,All years,Million,91
Kilometres Travelled,2021,All owners,Over 2000 cc,Diesel,Co. Kerry,All years,Million,49
Kilometres Travelled,2021,All owners,Over 2000 cc,Diesel,Co. Kildare,All years,Million,99
Kilometres Travelled,2021,All owners,Over 2000 cc,Diesel,Co. Kilkenny,All years,Million,41
Kilometres Travelled,2021,All owners,Over 2000 cc,Diesel,Co. Laois,All years,Million,34
Kilometres Travelled,2021,All owners,Over 2000 cc,Diesel,Co. Leitrim,All years,Million,10
Kilometres Travelled,2021,All owners,Over 2000 cc,Diesel,Co. Limerick,All years,Million,68
Kilometres Travelled,2021,All owners,Over 2000 cc,Diesel,Co. Longford,All years,Million,15
Kilometres Travelled,2021,All owners,Over 2000 cc,Diesel,Co. Louth,All years,Million,40
Kilometres Travelled,2021,All owners,Over 2000 cc,Diesel,Co. Mayo,All years,Million,46
Kilometres Travelled,2021,All owners,Over 2000 cc,Diesel,Co. Meath,All years,Million,93
Kilometres Travelled,2021,All owners,Over 2000 cc,Diesel,Co. Monaghan,All years,Million,23
Kilometres Travelled,2021,All owners,Over 2000 cc,Diesel,Co. Offaly,All years,Million,29
Kilometres Travelled,2021,All owners,Over 2000 cc,Diesel,Co. Roscommon,All years,Million,24
Kilometres Travelled,2021,All owners,Over 2000 cc,Diesel,Co. Sligo,All years,Million,19
Kilometres Travelled,2021,All owners,Over 2000 cc,Diesel,Co. Tipperary,All years,Million,69
Kilometres Travelled,2021,All owners,Over 2000 cc,Diesel,Co. Waterford,All years,Million,43
Kilometres Travelled,2021,All owners,Over 2000 cc,Diesel,Co. Westmeath,All years,Million,33
Kilometres Travelled,2021,All owners,Over 2000 cc,Diesel,Co. Wexford,All years,Million,68
Kilometres Travelled,2021,All owners,Over 2000 cc,Diesel,Co. Wicklow,All years,Million,62
Kilometres Travelled,2021,All owners,Over 2000 cc,Other fuel types,Co. Carlow,All years,Million,2
Kilometres Travelled,2021,All owners,Over 2000 cc,Other fuel types,Co. Cavan,All years,Million,2
Kilometres Travelled,2021,All owners,Over 2000 cc,Other fuel types,Co. Clare,All years,Million,3
Kilometres Travelled,2021,All owners,Over 2000 cc,Other fuel types,Co. Cork,All years,Million,24
Kilometres Travelled,2021,All owners,Over 2000 cc,Other fuel types,Co. Donegal,All years,Million,4
Kilometres Travelled,2021,All owners,Over 2000 cc,Other fuel types,Co. Dublin,All years,Million,90
Kilometres Travelled,2021,All owners,Over 2000 cc,Other fuel types,Co. Galway,All years,Million,13
Kilometres Travelled,2021,All owners,Over 2000 cc,Other fuel types,Co. Kerry,All years,Million,5
Kilometres Travelled,2021,All owners,Over 2000 cc,Other fuel types,Co. Kildare,All years,Million,11
Kilometres Travelled,2021,All owners,Over 2000 cc,Other fuel types,Co. Kilkenny,All years,Million,2
Kilometres Travelled,2021,All owners,Over 2000 cc,Other fuel types,Co. Laois,All years,Million,2
Kilometres Travelled,2021,All owners,Over 2000 cc,Other fuel types,Co. Leitrim,All years,Million,1
Kilometres Travelled,2021,All owners,Over 2000 cc,Other fuel types,Co. Limerick,All years,Million,6
Kilometres Travelled,2021,All owners,Over 2000 cc,Other fuel types,Co. Longford,All years,Million,1
Kilometres Travelled,2021,All owners,Over 2000 cc,Other fuel types,Co. Louth,All years,Million,4
Kilometres Travelled,2021,All owners,Over 2000 cc,Other fuel types,Co. Mayo,All years,Million,4
Kilometres Travelled,2021,All owners,Over 2000 cc,Other fuel types,Co. Meath,All years,Million,10
Kilometres Travelled,2021,All owners,Over 2000 cc,Other fuel types,Co. Monaghan,All years,Million,1
Kilometres Travelled,2021,All owners,Over 2000 cc,Other fuel types,Co. Offaly,All years,Million,2
Kilometres Travelled,2021,All owners,Over 2000 cc,Other fuel types,Co. Roscommon,All years,Million,2
Kilometres Travelled,2021,All owners,Over 2000 cc,Other fuel types,Co. Sligo,All years,Million,1
Kilometres Travelled,2021,All owners,Over 2000 cc,Other fuel types,Co. Tipperary,All years,Million,5
Kilometres Travelled,2021,All owners,Over 2000 cc,Other fuel types,Co. Waterford,All years,Million,3
Kilometres Travelled,2021,All owners,Over 2000 cc,Other fuel types,Co. Westmeath,All years,Million,3
Kilometres Travelled,2021,All owners,Over 2000 cc,Other fuel types,Co. Wexford,All years,Million,4
Kilometres Travelled,2021,All owners,Over 2000 cc,Other fuel types,Co. Wicklow,All years,Million,8
Kilometres Travelled,2022,All owners,Up to 1000 cc,Petrol,Co. Carlow,All years,Million,25
Kilometres Travelled,2022,All owners,Up to 1000 cc,Petrol,Co. Cavan,All years,Million,30
Kilometres Travelled,2022,All owners,Up to 1000 cc,Petrol,Co. Clare,All years,Million,60
Kilometres Travelled,2022,All owners,Up to 1000 cc,Petrol,Co. Cork,All years,Million,321
Kilometres Travelled,2022,All owners,Up to 1000 cc,Petrol,Co. Donegal,All years,Million,56
Kilometres Travelled,2022,All owners,Up to 1000 cc,Petrol,Co. Dublin,All years,Million,604
Kilometres Travelled,2022,All owners,Up to 1000 cc,Petrol,Co. Galway,All years,Million,103
Kilometres Travelled,2022,All owners,Up to 1000 cc,Petrol,Co. Kerry,All years,Million,68
Kilometres Travelled,2022,All owners,Up to 1000 cc,Petrol,Co. Kildare,All years,Million,122
Kilometres Travelled,2022,All owners,Up to 1000 cc,Petrol,Co. Kilkenny,All years,Million,45
Kilometres Travelled,2022,All owners,Up to 1000 cc,Petrol,Co. Laois,All years,Million,31
Kilometres Travelled,2022,All owners,Up to 1000 cc,Petrol,Co. Leitrim,All years,Million,13
Kilometres Travelled,2022,All owners,Up to 1000 cc,Petrol,Co. Limerick,All years,Million,99
Kilometres Travelled,2022,All owners,Up to 1000 cc,Petrol,Co. Longford,All years,Million,15
Kilometres Travelled,2022,All owners,Up to 1000 cc,Petrol,Co. Louth,All years,Million,66
Kilometres Travelled,2022,All owners,Up to 1000 cc,Petrol,Co. Mayo,All years,Million,51
Kilometres Travelled,2022,All owners,Up to 1000 cc,Petrol,Co. Meath,All years,Million,92
Kilometres Travelled,2022,All owners,Up to 1000 cc,Petrol,Co. Monaghan,All years,Million,19
Kilometres Travelled,2022,All owners,Up to 1000 cc,Petrol,Co. Offaly,All years,Million,29
Kilometres Travelled,2022,All owners,Up to 1000 cc,Petrol,Co. Roscommon,All years,Million,57
Kilometres Travelled,2022,All owners,Up to 1000 cc,Petrol,Co. Sligo,All years,Million,29
Kilometres Travelled,2022,All owners,Up to 1000 cc,Petrol,Co. Tipperary,All years,Million,70
Kilometres Travelled,2022,All owners,Up to 1000 cc,Petrol,Co. Waterford,All years,Million,76
Kilometres Travelled,2022,All owners,Up to 1000 cc,Petrol,Co. Westmeath,All years,Million,35
Kilometres Travelled,2022,All owners,Up to 1000 cc,Petrol,Co. Wexford,All years,Million,81
Kilometres Travelled,2022,All owners,Up to 1000 cc,Petrol,Co. Wicklow,All years,Million,75
Kilometres Travelled,2022,All owners,Up to 1000 cc,Diesel,Co. Carlow,All years,Million,0
Kilometres Travelled,2022,All owners,Up to 1000 cc,Diesel,Co. Cavan,All years,Million,0
Kilometres Travelled,2022,All owners,Up to 1000 cc,Diesel,Co. Clare,All years,Million,0
Kilometres Travelled,2022,All owners,Up to 1000 cc,Diesel,Co. Cork,All years,Million,0
Kilometres Travelled,2022,All owners,Up to 1000 cc,Diesel,Co. Donegal,All years,Million,0
Kilometres Travelled,2022,All owners,Up to 1000 cc,Diesel,Co. Dublin,All years,Million,2
Kilometres Travelled,2022,All owners,Up to 1000 cc,Diesel,Co. Galway,All years,Million,0
Kilometres Travelled,2022,All owners,Up to 1000 cc,Diesel,Co. Kerry,All years,Million,0
Kilometres Travelled,2022,All owners,Up to 1000 cc,Diesel,Co. Kildare,All years,Million,0
Kilometres Travelled,2022,All owners,Up to 1000 cc,Diesel,Co. Kilkenny,All years,Million,0
Kilometres Travelled,2022,All owners,Up to 1000 cc,Diesel,Co. Laois,All years,Million,0
Kilometres Travelled,2022,All owners,Up to 1000 cc,Diesel,Co. Leitrim,All years,Million,0
Kilometres Travelled,2022,All owners,Up to 1000 cc,Diesel,Co. Limerick,All years,Million,0
Kilometres Travelled,2022,All owners,Up to 1000 cc,Diesel,Co. Longford,All years,Million,0
Kilometres Travelled,2022,All owners,Up to 1000 cc,Diesel,Co. Louth,All years,Million,0
Kilometres Travelled,2022,All owners,Up to 1000 cc,Diesel,Co. Mayo,All years,Million,0
Kilometres Travelled,2022,All owners,Up to 1000 cc,Diesel,Co. Meath,All years,Million,0
Kilometres Travelled,2022,All owners,Up to 1000 cc,Diesel,Co. Monaghan,All years,Million,0
Kilometres Travelled,2022,All owners,Up to 1000 cc,Diesel,Co. Offaly,All years,Million,0
Kilometres Travelled,2022,All owners,Up to 1000 cc,Diesel,Co. Roscommon,All years,Million,0
Kilometres Travelled,2022,All owners,Up to 1000 cc,Diesel,Co. Sligo,All years,Million,0
Kilometres Travelled,2022,All owners,Up to 1000 cc,Diesel,Co. Tipperary,All years,Million,0
Kilometres Travelled,2022,All owners,Up to 1000 cc,Diesel,Co. Waterford,All years,Million,0
Kilometres Travelled,2022,All owners,Up to 1000 cc,Diesel,Co. Westmeath,All years,Million,0
Kilometres Travelled,2022,All owners,Up to 1000 cc,Diesel,Co. Wexford,All years,Million,0
Kilometres Travelled,2022,All owners,Up to 1000 cc,Diesel,Co. Wicklow,All years,Million,0
Kilometres Travelled,2022,All owners,Up to 1000 cc,Other fuel types,Co. Carlow,All years,Million,5
Kilometres Travelled,2022,All owners,Up to 1000 cc,Other fuel types,Co. Cavan,All years,Million,4
Kilometres Travelled,2022,All owners,Up to 1000 cc,Other fuel types,Co. Clare,All years,Million,11
Kilometres Travelled,2022,All owners,Up to 1000 cc,Other fuel types,Co. Cork,All years,Million,55
Kilometres Travelled,2022,All owners,Up to 1000 cc,Other fuel types,Co. Donegal,All years,Million,7
Kilometres Travelled,2022,All owners,Up to 1000 cc,Other fuel types,Co. Dublin,All years,Million,186
Kilometres Travelled,2022,All owners,Up to 1000 cc,Other fuel types,Co. Galway,All years,Million,20
Kilometres Travelled,2022,All owners,Up to 1000 cc,Other fuel types,Co. Kerry,All years,Million,9
Kilometres Travelled,2022,All owners,Up to 1000 cc,Other fuel types,Co. Kildare,All years,Million,28
Kilometres Travelled,2022,All owners,Up to 1000 cc,Other fuel types,Co. Kilkenny,All years,Million,7
Kilometres Travelled,2022,All owners,Up to 1000 cc,Other fuel types,Co. Laois,All years,Million,6
Kilometres Travelled,2022,All owners,Up to 1000 cc,Other fuel types,Co. Leitrim,All years,Million,2
Kilometres Travelled,2022,All owners,Up to 1000 cc,Other fuel types,Co. Limerick,All years,Million,14
Kilometres Travelled,2022,All owners,Up to 1000 cc,Other fuel types,Co. Longford,All years,Million,2
Kilometres Travelled,2022,All owners,Up to 1000 cc,Other fuel types,Co. Louth,All years,Million,11
Kilometres Travelled,2022,All owners,Up to 1000 cc,Other fuel types,Co. Mayo,All years,Million,7
Kilometres Travelled,2022,All owners,Up to 1000 cc,Other fuel types,Co. Meath,All years,Million,22
Kilometres Travelled,2022,All owners,Up to 1000 cc,Other fuel types,Co. Monaghan,All years,Million,2
Kilometres Travelled,2022,All owners,Up to 1000 cc,Other fuel types,Co. Offaly,All years,Million,4
Kilometres Travelled,2022,All owners,Up to 1000 cc,Other fuel types,Co. Roscommon,All years,Million,3
Kilometres Travelled,2022,All owners,Up to 1000 cc,Other fuel types,Co. Sligo,All years,Million,5
Kilometres Travelled,2022,All owners,Up to 1000 cc,Other fuel types,Co. Tipperary,All years,Million,10
Kilometres Travelled,2022,All owners,Up to 1000 cc,Other fuel types,Co. Waterford,All years,Million,9
Kilometres Travelled,2022,All owners,Up to 1000 cc,Other fuel types,Co. Westmeath,All years,Million,7
Kilometres Travelled,2022,All owners,Up to 1000 cc,Other fuel types,Co. Wexford,All years,Million,13
Kilometres Travelled,2022,All owners,Up to 1000 cc,Other fuel types,Co. Wicklow,All years,Million,21
Kilometres Travelled,2022,All owners,1001 - 1200 cc,Petrol,Co. Carlow,All years,Million,19
Kilometres Travelled,2022,All owners,1001 - 1200 cc,Petrol,Co. Cavan,All years,Million,17
Kilometres Travelled,2022,All owners,1001 - 1200 cc,Petrol,Co. Clare,All years,Million,42
Kilometres Travelled,2022,All owners,1001 - 1200 cc,Petrol,Co. Cork,All years,Million,199
Kilometres Travelled,2022,All owners,1001 - 1200 cc,Petrol,Co. Donegal,All years,Million,37
Kilometres Travelled,2022,All owners,1001 - 1200 cc,Petrol,Co. Dublin,All years,Million,469
Kilometres Travelled,2022,All owners,1001 - 1200 cc,Petrol,Co. Galway,All years,Million,71
Kilometres Travelled,2022,All owners,1001 - 1200 cc,Petrol,Co. Kerry,All years,Million,51
Kilometres Travelled,2022,All owners,1001 - 1200 cc,Petrol,Co. Kildare,All years,Million,92
Kilometres Travelled,2022,All owners,1001 - 1200 cc,Petrol,Co. Kilkenny,All years,Million,31
Kilometres Travelled,2022,All owners,1001 - 1200 cc,Petrol,Co. Laois,All years,Million,21
Kilometres Travelled,2022,All owners,1001 - 1200 cc,Petrol,Co. Leitrim,All years,Million,9
Kilometres Travelled,2022,All owners,1001 - 1200 cc,Petrol,Co. Limerick,All years,Million,66
Kilometres Travelled,2022,All owners,1001 - 1200 cc,Petrol,Co. Longford,All years,Million,9
Kilometres Travelled,2022,All owners,1001 - 1200 cc,Petrol,Co. Louth,All years,Million,46
Kilometres Travelled,2022,All owners,1001 - 1200 cc,Petrol,Co. Mayo,All years,Million,30
Kilometres Travelled,2022,All owners,1001 - 1200 cc,Petrol,Co. Meath,All years,Million,71
Kilometres Travelled,2022,All owners,1001 - 1200 cc,Petrol,Co. Monaghan,All years,Million,14
Kilometres Travelled,2022,All owners,1001 - 1200 cc,Petrol,Co. Offaly,All years,Million,21
Kilometres Travelled,2022,All owners,1001 - 1200 cc,Petrol,Co. Roscommon,All years,Million,26
Kilometres Travelled,2022,All owners,1001 - 1200 cc,Petrol,Co. Sligo,All years,Million,19
Kilometres Travelled,2022,All owners,1001 - 1200 cc,Petrol,Co. Tipperary,All years,Million,51
Kilometres Travelled,2022,All owners,1001 - 1200 cc,Petrol,Co. Waterford,All years,Million,53
Kilometres Travelled,2022,All owners,1001 - 1200 cc,Petrol,Co. Westmeath,All years,Million,24
Kilometres Travelled,2022,All owners,1001 - 1200 cc,Petrol,Co. Wexford,All years,Million,53
Kilometres Travelled,2022,All owners,1001 - 1200 cc,Petrol,Co. Wicklow,All years,Million,62
Kilometres Travelled,2022,All owners,1001 - 1200 cc,Diesel,Co. Carlow,All years,Million,1
Kilometres Travelled,2022,All owners,1001 - 1200 cc,Diesel,Co. Cavan,All years,Million,1
Kilometres Travelled,2022,All owners,1001 - 1200 cc,Diesel,Co. Clare,All years,Million,2
Kilometres Travelled,2022,All owners,1001 - 1200 cc,Diesel,Co. Cork,All years,Million,9
Kilometres Travelled,2022,All owners,1001 - 1200 cc,Diesel,Co. Donegal,All years,Million,3
Kilometres Travelled,2022,All owners,1001 - 1200 cc,Diesel,Co. Dublin,All years,Million,8
Kilometres Travelled,2022,All owners,1001 - 1200 cc,Diesel,Co. Galway,All years,Million,4
Kilometres Travelled,2022,All owners,1001 - 1200 cc,Diesel,Co. Kerry,All years,Million,2
Kilometres Travelled,2022,All owners,1001 - 1200 cc,Diesel,Co. Kildare,All years,Million,4
Kilometres Travelled,2022,All owners,1001 - 1200 cc,Diesel,Co. Kilkenny,All years,Million,3
Kilometres Travelled,2022,All owners,1001 - 1200 cc,Diesel,Co. Laois,All years,Million,2
Kilometres Travelled,2022,All owners,1001 - 1200 cc,Diesel,Co. Leitrim,All years,Million,1
Kilometres Travelled,2022,All owners,1001 - 1200 cc,Diesel,Co. Limerick,All years,Million,3
Kilometres Travelled,2022,All owners,1001 - 1200 cc,Diesel,Co. Longford,All years,Million,1
Kilometres Travelled,2022,All owners,1001 - 1200 cc,Diesel,Co. Louth,All years,Million,3
Kilometres Travelled,2022,All owners,1001 - 1200 cc,Diesel,Co. Mayo,All years,Million,2
Kilometres Travelled,2022,All owners,1001 - 1200 cc,Diesel,Co. Meath,All years,Million,4
Kilometres Travelled,2022,All owners,1001 - 1200 cc,Diesel,Co. Monaghan,All years,Million,2
Kilometres Travelled,2022,All owners,1001 - 1200 cc,Diesel,Co. Offaly,All years,Million,2
Kilometres Travelled,2022,All owners,1001 - 1200 cc,Diesel,Co. Roscommon,All years,Million,1
Kilometres Travelled,2022,All owners,1001 - 1200 cc,Diesel,Co. Sligo,All years,Million,1
Kilometres Travelled,2022,All owners,1001 - 1200 cc,Diesel,Co. Tipperary,All years,Million,3
Kilometres Travelled,2022,All owners,1001 - 1200 cc,Diesel,Co. Waterford,All years,Million,2
Kilometres Travelled,2022,All owners,1001 - 1200 cc,Diesel,Co. Westmeath,All years,Million,2
Kilometres Travelled,2022,All owners,1001 - 1200 cc,Diesel,Co. Wexford,All years,Million,3
Kilometres Travelled,2022,All owners,1001 - 1200 cc,Diesel,Co. Wicklow,All years,Million,3
Kilometres Travelled,2022,All owners,1001 - 1200 cc,Other fuel types,Co. Carlow,All years,Million,1
Kilometres Travelled,2022,All owners,1001 - 1200 cc,Other fuel types,Co. Cavan,All years,Million,1
Kilometres Travelled,2022,All owners,1001 - 1200 cc,Other fuel types,Co. Clare,All years,Million,2
Kilometres Travelled,2022,All owners,1001 - 1200 cc,Other fuel types,Co. Cork,All years,Million,7
Kilometres Travelled,2022,All owners,1001 - 1200 cc,Other fuel types,Co. Donegal,All years,Million,2
Kilometres Travelled,2022,All owners,1001 - 1200 cc,Other fuel types,Co. Dublin,All years,Million,12
Kilometres Travelled,2022,All owners,1001 - 1200 cc,Other fuel types,Co. Galway,All years,Million,2
Kilometres Travelled,2022,All owners,1001 - 1200 cc,Other fuel types,Co. Kerry,All years,Million,2
Kilometres Travelled,2022,All owners,1001 - 1200 cc,Other fuel types,Co. Kildare,All years,Million,4
Kilometres Travelled,2022,All owners,1001 - 1200 cc,Other fuel types,Co. Kilkenny,All years,Million,1
Kilometres Travelled,2022,All owners,1001 - 1200 cc,Other fuel types,Co. Laois,All years,Million,1
Kilometres Travelled,2022,All owners,1001 - 1200 cc,Other fuel types,Co. Leitrim,All years,Million,0
Kilometres Travelled,2022,All owners,1001 - 1200 cc,Other fuel types,Co. Limerick,All years,Million,2
Kilometres Travelled,2022,All owners,1001 - 1200 cc,Other fuel types,Co. Longford,All years,Million,0
Kilometres Travelled,2022,All owners,1001 - 1200 cc,Other fuel types,Co. Louth,All years,Million,2
Kilometres Travelled,2022,All owners,1001 - 1200 cc,Other fuel types,Co. Mayo,All years,Million,0
Kilometres Travelled,2022,All owners,1001 - 1200 cc,Other fuel types,Co. Meath,All years,Million,4
Kilometres Travelled,2022,All owners,1001 - 1200 cc,Other fuel types,Co. Monaghan,All years,Million,0
Kilometres Travelled,2022,All owners,1001 - 1200 cc,Other fuel types,Co. Offaly,All years,Million,1
Kilometres Travelled,2022,All owners,1001 - 1200 cc,Other fuel types,Co. Roscommon,All years,Million,1
Kilometres Travelled,2022,All owners,1001 - 1200 cc,Other fuel types,Co. Sligo,All years,Million,0
Kilometres Travelled,2022,All owners,1001 - 1200 cc,Other fuel types,Co. Tipperary,All years,Million,2
Kilometres Travelled,2022,All owners,1001 - 1200 cc,Other fuel types,Co. Waterford,All years,Million,2
Kilometres Travelled,2022,All owners,1001 - 1200 cc,Other fuel types,Co. Westmeath,All years,Million,1
Kilometres Travelled,2022,All owners,1001 - 1200 cc,Other fuel types,Co. Wexford,All years,Million,3
Kilometres Travelled,2022,All owners,1001 - 1200 cc,Other fuel types,Co. Wicklow,All years,Million,2
Kilometres Travelled,2022,All owners,1201 - 1400 cc,Petrol,Co. Carlow,All years,Million,39
Kilometres Travelled,2022,All owners,1201 - 1400 cc,Petrol,Co. Cavan,All years,Million,38
Kilometres Travelled,2022,All owners,1201 - 1400 cc,Petrol,Co. Clare,All years,Million,91
Kilometres Travelled,2022,All owners,1201 - 1400 cc,Petrol,Co. Cork,All years,Million,444
Kilometres Travelled,2022,All owners,1201 - 1400 cc,Petrol,Co. Donegal,All years,Million,98
Kilometres Travelled,2022,All owners,1201 - 1400 cc,Petrol,Co. Dublin,All years,Million,799
Kilometres Travelled,2022,All owners,1201 - 1400 cc,Petrol,Co. Galway,All years,Million,178
Kilometres Travelled,2022,All owners,1201 - 1400 cc,Petrol,Co. Kerry,All years,Million,121
Kilometres Travelled,2022,All owners,1201 - 1400 cc,Petrol,Co. Kildare,All years,Million,159
Kilometres Travelled,2022,All owners,1201 - 1400 cc,Petrol,Co. Kilkenny,All years,Million,66
Kilometres Travelled,2022,All owners,1201 - 1400 cc,Petrol,Co. Laois,All years,Million,45
Kilometres Travelled,2022,All owners,1201 - 1400 cc,Petrol,Co. Leitrim,All years,Million,22
Kilometres Travelled,2022,All owners,1201 - 1400 cc,Petrol,Co. Limerick,All years,Million,144
Kilometres Travelled,2022,All owners,1201 - 1400 cc,Petrol,Co. Longford,All years,Million,22
Kilometres Travelled,2022,All owners,1201 - 1400 cc,Petrol,Co. Louth,All years,Million,69
Kilometres Travelled,2022,All owners,1201 - 1400 cc,Petrol,Co. Mayo,All years,Million,90
Kilometres Travelled,2022,All owners,1201 - 1400 cc,Petrol,Co. Meath,All years,Million,126
Kilometres Travelled,2022,All owners,1201 - 1400 cc,Petrol,Co. Monaghan,All years,Million,31
Kilometres Travelled,2022,All owners,1201 - 1400 cc,Petrol,Co. Offaly,All years,Million,43
Kilometres Travelled,2022,All owners,1201 - 1400 cc,Petrol,Co. Roscommon,All years,Million,55
Kilometres Travelled,2022,All owners,1201 - 1400 cc,Petrol,Co. Sligo,All years,Million,46
Kilometres Travelled,2022,All owners,1201 - 1400 cc,Petrol,Co. Tipperary,All years,Million,113
Kilometres Travelled,2022,All owners,1201 - 1400 cc,Petrol,Co. Waterford,All years,Million,97
Kilometres Travelled,2022,All owners,1201 - 1400 cc,Petrol,Co. Westmeath,All years,Million,53
Kilometres Travelled,2022,All owners,1201 - 1400 cc,Petrol,Co. Wexford,All years,Million,106
Kilometres Travelled,2022,All owners,1201 - 1400 cc,Petrol,Co. Wicklow,All years,Million,115
Kilometres Travelled,2022,All owners,1201 - 1400 cc,Diesel,Co. Carlow,All years,Million,21
Kilometres Travelled,2022,All owners,1201 - 1400 cc,Diesel,Co. Cavan,All years,Million,30
Kilometres Travelled,2022,All owners,1201 - 1400 cc,Diesel,Co. Clare,All years,Million,41
Kilometres Travelled,2022,All owners,1201 - 1400 cc,Diesel,Co. Cork,All years,Million,161
Kilometres Travelled,2022,All owners,1201 - 1400 cc,Diesel,Co. Donegal,All years,Million,64
Kilometres Travelled,2022,All owners,1201 - 1400 cc,Diesel,Co. Dublin,All years,Million,104
Kilometres Travelled,2022,All owners,1201 - 1400 cc,Diesel,Co. Galway,All years,Million,78
Kilometres Travelled,2022,All owners,1201 - 1400 cc,Diesel,Co. Kerry,All years,Million,52
Kilometres Travelled,2022,All owners,1201 - 1400 cc,Diesel,Co. Kildare,All years,Million,49
Kilometres Travelled,2022,All owners,1201 - 1400 cc,Diesel,Co. Kilkenny,All years,Million,35
Kilometres Travelled,2022,All owners,1201 - 1400 cc,Diesel,Co. Laois,All years,Million,24
Kilometres Travelled,2022,All owners,1201 - 1400 cc,Diesel,Co. Leitrim,All years,Million,12
Kilometres Travelled,2022,All owners,1201 - 1400 cc,Diesel,Co. Limerick,All years,Million,64
Kilometres Travelled,2022,All owners,1201 - 1400 cc,Diesel,Co. Longford,All years,Million,14
Kilometres Travelled,2022,All owners,1201 - 1400 cc,Diesel,Co. Louth,All years,Million,29
Kilometres Travelled,2022,All owners,1201 - 1400 cc,Diesel,Co. Mayo,All years,Million,51
Kilometres Travelled,2022,All owners,1201 - 1400 cc,Diesel,Co. Meath,All years,Million,52
Kilometres Travelled,2022,All owners,1201 - 1400 cc,Diesel,Co. Monaghan,All years,Million,20
Kilometres Travelled,2022,All owners,1201 - 1400 cc,Diesel,Co. Offaly,All years,Million,31
Kilometres Travelled,2022,All owners,1201 - 1400 cc,Diesel,Co. Roscommon,All years,Million,28
Kilometres Travelled,2022,All owners,1201 - 1400 cc,Diesel,Co. Sligo,All years,Million,21
Kilometres Travelled,2022,All owners,1201 - 1400 cc,Diesel,Co. Tipperary,All years,Million,65
Kilometres Travelled,2022,All owners,1201 - 1400 cc,Diesel,Co. Waterford,All years,Million,32
Kilometres Travelled,2022,All owners,1201 - 1400 cc,Diesel,Co. Westmeath,All years,Million,32
Kilometres Travelled,2022,All owners,1201 - 1400 cc,Diesel,Co. Wexford,All years,Million,51
Kilometres Travelled,2022,All owners,1201 - 1400 cc,Diesel,Co. Wicklow,All years,Million,32
Kilometres Travelled,2022,All owners,1201 - 1400 cc,Other fuel types,Co. Carlow,All years,Million,1
Kilometres Travelled,2022,All owners,1201 - 1400 cc,Other fuel types,Co. Cavan,All years,Million,1
Kilometres Travelled,2022,All owners,1201 - 1400 cc,Other fuel types,Co. Clare,All years,Million,1
Kilometres Travelled,2022,All owners,1201 - 1400 cc,Other fuel types,Co. Cork,All years,Million,7
Kilometres Travelled,2022,All owners,1201 - 1400 cc,Other fuel types,Co. Donegal,All years,Million,1
Kilometres Travelled,2022,All owners,1201 - 1400 cc,Other fuel types,Co. Dublin,All years,Million,44
Kilometres Travelled,2022,All owners,1201 - 1400 cc,Other fuel types,Co. Galway,All years,Million,4
Kilometres Travelled,2022,All owners,1201 - 1400 cc,Other fuel types,Co. Kerry,All years,Million,1
Kilometres Travelled,2022,All owners,1201 - 1400 cc,Other fuel types,Co. Kildare,All years,Million,6
Kilometres Travelled,2022,All owners,1201 - 1400 cc,Other fuel types,Co. Kilkenny,All years,Million,1
Kilometres Travelled,2022,All owners,1201 - 1400 cc,Other fuel types,Co. Laois,All years,Million,1
Kilometres Travelled,2022,All owners,1201 - 1400 cc,Other fuel types,Co. Leitrim,All years,Million,0
Kilometres Travelled,2022,All owners,1201 - 1400 cc,Other fuel types,Co. Limerick,All years,Million,3
Kilometres Travelled,2022,All owners,1201 - 1400 cc,Other fuel types,Co. Longford,All years,Million,0
Kilometres Travelled,2022,All owners,1201 - 1400 cc,Other fuel types,Co. Louth,All years,Million,2
Kilometres Travelled,2022,All owners,1201 - 1400 cc,Other fuel types,Co. Mayo,All years,Million,1
Kilometres Travelled,2022,All owners,1201 - 1400 cc,Other fuel types,Co. Meath,All years,Million,4
Kilometres Travelled,2022,All owners,1201 - 1400 cc,Other fuel types,Co. Monaghan,All years,Million,0
Kilometres Travelled,2022,All owners,1201 - 1400 cc,Other fuel types,Co. Offaly,All years,Million,1
Kilometres Travelled,2022,All owners,1201 - 1400 cc,Other fuel types,Co. Roscommon,All years,Million,1
Kilometres Travelled,2022,All owners,1201 - 1400 cc,Other fuel types,Co. Sligo,All years,Million,1
Kilometres Travelled,2022,All owners,1201 - 1400 cc,Other fuel types,Co. Tipperary,All years,Million,2
Kilometres Travelled,2022,All owners,1201 - 1400 cc,Other fuel types,Co. Waterford,All years,Million,2
Kilometres Travelled,2022,All owners,1201 - 1400 cc,Other fuel types,Co. Westmeath,All years,Million,1
Kilometres Travelled,2022,All owners,1201 - 1400 cc,Other fuel types,Co. Wexford,All years,Million,2
Kilometres Travelled,2022,All owners,1201 - 1400 cc,Other fuel types,Co. Wicklow,All years,Million,3
Kilometres Travelled,2022,All owners,1401 - 1600 cc,Petrol,Co. Carlow,All years,Million,14
Kilometres Travelled,2022,All owners,1401 - 1600 cc,Petrol,Co. Cavan,All years,Million,14
Kilometres Travelled,2022,All owners,1401 - 1600 cc,Petrol,Co. Clare,All years,Million,37
Kilometres Travelled,2022,All owners,1401 - 1600 cc,Petrol,Co. Cork,All years,Million,163
Kilometres Travelled,2022,All owners,1401 - 1600 cc,Petrol,Co. Donegal,All years,Million,31
Kilometres Travelled,2022,All owners,1401 - 1600 cc,Petrol,Co. Dublin,All years,Million,397
Kilometres Travelled,2022,All owners,1401 - 1600 cc,Petrol,Co. Galway,All years,Million,70
Kilometres Travelled,2022,All owners,1401 - 1600 cc,Petrol,Co. Kerry,All years,Million,49
Kilometres Travelled,2022,All owners,1401 - 1600 cc,Petrol,Co. Kildare,All years,Million,67
Kilometres Travelled,2022,All owners,1401 - 1600 cc,Petrol,Co. Kilkenny,All years,Million,23
Kilometres Travelled,2022,All owners,1401 - 1600 cc,Petrol,Co. Laois,All years,Million,18
Kilometres Travelled,2022,All owners,1401 - 1600 cc,Petrol,Co. Leitrim,All years,Million,7
Kilometres Travelled,2022,All owners,1401 - 1600 cc,Petrol,Co. Limerick,All years,Million,54
Kilometres Travelled,2022,All owners,1401 - 1600 cc,Petrol,Co. Longford,All years,Million,8
Kilometres Travelled,2022,All owners,1401 - 1600 cc,Petrol,Co. Louth,All years,Million,26
Kilometres Travelled,2022,All owners,1401 - 1600 cc,Petrol,Co. Mayo,All years,Million,32
Kilometres Travelled,2022,All owners,1401 - 1600 cc,Petrol,Co. Meath,All years,Million,53
Kilometres Travelled,2022,All owners,1401 - 1600 cc,Petrol,Co. Monaghan,All years,Million,9
Kilometres Travelled,2022,All owners,1401 - 1600 cc,Petrol,Co. Offaly,All years,Million,16
Kilometres Travelled,2022,All owners,1401 - 1600 cc,Petrol,Co. Roscommon,All years,Million,14
Kilometres Travelled,2022,All owners,1401 - 1600 cc,Petrol,Co. Sligo,All years,Million,16
Kilometres Travelled,2022,All owners,1401 - 1600 cc,Petrol,Co. Tipperary,All years,Million,44
Kilometres Travelled,2022,All owners,1401 - 1600 cc,Petrol,Co. Waterford,All years,Million,36
Kilometres Travelled,2022,All owners,1401 - 1600 cc,Petrol,Co. Westmeath,All years,Million,19
Kilometres Travelled,2022,All owners,1401 - 1600 cc,Petrol,Co. Wexford,All years,Million,39
Kilometres Travelled,2022,All owners,1401 - 1600 cc,Petrol,Co. Wicklow,All years,Million,47
Kilometres Travelled,2022,All owners,1401 - 1600 cc,Diesel,Co. Carlow,All years,Million,178
Kilometres Travelled,2022,All owners,1401 - 1600 cc,Diesel,Co. Cavan,All years,Million,217
Kilometres Travelled,2022,All owners,1401 - 1600 cc,Diesel,Co. Clare,All years,Million,352
Kilometres Travelled,2022,All owners,1401 - 1600 cc,Diesel,Co. Cork,All years,Million,1184
Kilometres Travelled,2022,All owners,1401 - 1600 cc,Diesel,Co. Donegal,All years,Million,381
Kilometres Travelled,2022,All owners,1401 - 1600 cc,Diesel,Co. Dublin,All years,Million,1505
Kilometres Travelled,2022,All owners,1401 - 1600 cc,Diesel,Co. Galway,All years,Million,623
Kilometres Travelled,2022,All owners,1401 - 1600 cc,Diesel,Co. Kerry,All years,Million,413
Kilometres Travelled,2022,All owners,1401 - 1600 cc,Diesel,Co. Kildare,All years,Million,519
Kilometres Travelled,2022,All owners,1401 - 1600 cc,Diesel,Co. Kilkenny,All years,Million,275
Kilometres Travelled,2022,All owners,1401 - 1600 cc,Diesel,Co. Laois,All years,Million,247
Kilometres Travelled,2022,All owners,1401 - 1600 cc,Diesel,Co. Leitrim,All years,Million,94
Kilometres Travelled,2022,All owners,1401 - 1600 cc,Diesel,Co. Limerick,All years,Million,480
Kilometres Travelled,2022,All owners,1401 - 1600 cc,Diesel,Co. Longford,All years,Million,108
Kilometres Travelled,2022,All owners,1401 - 1600 cc,Diesel,Co. Louth,All years,Million,277
Kilometres Travelled,2022,All owners,1401 - 1600 cc,Diesel,Co. Mayo,All years,Million,365
Kilometres Travelled,2022,All owners,1401 - 1600 cc,Diesel,Co. Meath,All years,Million,492
Kilometres Travelled,2022,All owners,1401 - 1600 cc,Diesel,Co. Monaghan,All years,Million,173
Kilometres Travelled,2022,All owners,1401 - 1600 cc,Diesel,Co. Offaly,All years,Million,235
Kilometres Travelled,2022,All owners,1401 - 1600 cc,Diesel,Co. Roscommon,All years,Million,207
Kilometres Travelled,2022,All owners,1401 - 1600 cc,Diesel,Co. Sligo,All years,Million,156
Kilometres Travelled,2022,All owners,1401 - 1600 cc,Diesel,Co. Tipperary,All years,Million,512
Kilometres Travelled,2022,All owners,1401 - 1600 cc,Diesel,Co. Waterford,All years,Million,288
Kilometres Travelled,2022,All owners,1401 - 1600 cc,Diesel,Co. Westmeath,All years,Million,265
Kilometres Travelled,2022,All owners,1401 - 1600 cc,Diesel,Co. Wexford,All years,Million,494
Kilometres Travelled,2022,All owners,1401 - 1600 cc,Diesel,Co. Wicklow,All years,Million,291
Kilometres Travelled,2022,All owners,1401 - 1600 cc,Other fuel types,Co. Carlow,All years,Million,4
Kilometres Travelled,2022,All owners,1401 - 1600 cc,Other fuel types,Co. Cavan,All years,Million,5
Kilometres Travelled,2022,All owners,1401 - 1600 cc,Other fuel types,Co. Clare,All years,Million,10
Kilometres Travelled,2022,All owners,1401 - 1600 cc,Other fuel types,Co. Cork,All years,Million,50
Kilometres Travelled,2022,All owners,1401 - 1600 cc,Other fuel types,Co. Donegal,All years,Million,12
Kilometres Travelled,2022,All owners,1401 - 1600 cc,Other fuel types,Co. Dublin,All years,Million,180
Kilometres Travelled,2022,All owners,1401 - 1600 cc,Other fuel types,Co. Galway,All years,Million,22
Kilometres Travelled,2022,All owners,1401 - 1600 cc,Other fuel types,Co. Kerry,All years,Million,10
Kilometres Travelled,2022,All owners,1401 - 1600 cc,Other fuel types,Co. Kildare,All years,Million,27
Kilometres Travelled,2022,All owners,1401 - 1600 cc,Other fuel types,Co. Kilkenny,All years,Million,8
Kilometres Travelled,2022,All owners,1401 - 1600 cc,Other fuel types,Co. Laois,All years,Million,7
Kilometres Travelled,2022,All owners,1401 - 1600 cc,Other fuel types,Co. Leitrim,All years,Million,2
Kilometres Travelled,2022,All owners,1401 - 1600 cc,Other fuel types,Co. Limerick,All years,Million,16
Kilometres Travelled,2022,All owners,1401 - 1600 cc,Other fuel types,Co. Longford,All years,Million,2
Kilometres Travelled,2022,All owners,1401 - 1600 cc,Other fuel types,Co. Louth,All years,Million,11
Kilometres Travelled,2022,All owners,1401 - 1600 cc,Other fuel types,Co. Mayo,All years,Million,8
Kilometres Travelled,2022,All owners,1401 - 1600 cc,Other fuel types,Co. Meath,All years,Million,19
Kilometres Travelled,2022,All owners,1401 - 1600 cc,Other fuel types,Co. Monaghan,All years,Million,3
Kilometres Travelled,2022,All owners,1401 - 1600 cc,Other fuel types,Co. Offaly,All years,Million,6
Kilometres Travelled,2022,All owners,1401 - 1600 cc,Other fuel types,Co. Roscommon,All years,Million,4
Kilometres Travelled,2022,All owners,1401 - 1600 cc,Other fuel types,Co. Sligo,All years,Million,5
Kilometres Travelled,2022,All owners,1401 - 1600 cc,Other fuel types,Co. Tipperary,All years,Million,12
Kilometres Travelled,2022,All owners,1401 - 1600 cc,Other fuel types,Co. Waterford,All years,Million,9
Kilometres Travelled,2022,All owners,1401 - 1600 cc,Other fuel types,Co. Westmeath,All years,Million,7
Kilometres Travelled,2022,All owners,1401 - 1600 cc,Other fuel types,Co. Wexford,All years,Million,11
Kilometres Travelled,2022,All owners,1401 - 1600 cc,Other fuel types,Co. Wicklow,All years,Million,16
Kilometres Travelled,2022,All owners,1601 - 1800 cc,Petrol,Co. Carlow,All years,Million,3
Kilometres Travelled,2022,All owners,1601 - 1800 cc,Petrol,Co. Cavan,All years,Million,3
Kilometres Travelled,2022,All owners,1601 - 1800 cc,Petrol,Co. Clare,All years,Million,6
Kilometres Travelled,2022,All owners,1601 - 1800 cc,Petrol,Co. Cork,All years,Million,30
Kilometres Travelled,2022,All owners,1601 - 1800 cc,Petrol,Co. Donegal,All years,Million,5
Kilometres Travelled,2022,All owners,1601 - 1800 cc,Petrol,Co. Dublin,All years,Million,89
Kilometres Travelled,2022,All owners,1601 - 1800 cc,Petrol,Co. Galway,All years,Million,13
Kilometres Travelled,2022,All owners,1601 - 1800 cc,Petrol,Co. Kerry,All years,Million,8
Kilometres Travelled,2022,All owners,1601 - 1800 cc,Petrol,Co. Kildare,All years,Million,14
Kilometres Travelled,2022,All owners,1601 - 1800 cc,Petrol,Co. Kilkenny,All years,Million,5
Kilometres Travelled,2022,All owners,1601 - 1800 cc,Petrol,Co. Laois,All years,Million,3
Kilometres Travelled,2022,All owners,1601 - 1800 cc,Petrol,Co. Leitrim,All years,Million,1
Kilometres Travelled,2022,All owners,1601 - 1800 cc,Petrol,Co. Limerick,All years,Million,9
Kilometres Travelled,2022,All owners,1601 - 1800 cc,Petrol,Co. Longford,All years,Million,1
Kilometres Travelled,2022,All owners,1601 - 1800 cc,Petrol,Co. Louth,All years,Million,5
Kilometres Travelled,2022,All owners,1601 - 1800 cc,Petrol,Co. Mayo,All years,Million,5
Kilometres Travelled,2022,All owners,1601 - 1800 cc,Petrol,Co. Meath,All years,Million,12
Kilometres Travelled,2022,All owners,1601 - 1800 cc,Petrol,Co. Monaghan,All years,Million,2
Kilometres Travelled,2022,All owners,1601 - 1800 cc,Petrol,Co. Offaly,All years,Million,3
Kilometres Travelled,2022,All owners,1601 - 1800 cc,Petrol,Co. Roscommon,All years,Million,2
Kilometres Travelled,2022,All owners,1601 - 1800 cc,Petrol,Co. Sligo,All years,Million,3
Kilometres Travelled,2022,All owners,1601 - 1800 cc,Petrol,Co. Tipperary,All years,Million,8
Kilometres Travelled,2022,All owners,1601 - 1800 cc,Petrol,Co. Waterford,All years,Million,6
Kilometres Travelled,2022,All owners,1601 - 1800 cc,Petrol,Co. Westmeath,All years,Million,4
Kilometres Travelled,2022,All owners,1601 - 1800 cc,Petrol,Co. Wexford,All years,Million,8
Kilometres Travelled,2022,All owners,1601 - 1800 cc,Petrol,Co. Wicklow,All years,Million,11
Kilometres Travelled,2022,All owners,1601 - 1800 cc,Diesel,Co. Carlow,All years,Million,26
Kilometres Travelled,2022,All owners,1601 - 1800 cc,Diesel,Co. Cavan,All years,Million,30
Kilometres Travelled,2022,All owners,1601 - 1800 cc,Diesel,Co. Clare,All years,Million,54
Kilometres Travelled,2022,All owners,1601 - 1800 cc,Diesel,Co. Cork,All years,Million,206
Kilometres Travelled,2022,All owners,1601 - 1800 cc,Diesel,Co. Donegal,All years,Million,70
Kilometres Travelled,2022,All owners,1601 - 1800 cc,Diesel,Co. Dublin,All years,Million,239
Kilometres Travelled,2022,All owners,1601 - 1800 cc,Diesel,Co. Galway,All years,Million,110
Kilometres Travelled,2022,All owners,1601 - 1800 cc,Diesel,Co. Kerry,All years,Million,76
Kilometres Travelled,2022,All owners,1601 - 1800 cc,Diesel,Co. Kildare,All years,Million,94
Kilometres Travelled,2022,All owners,1601 - 1800 cc,Diesel,Co. Kilkenny,All years,Million,44
Kilometres Travelled,2022,All owners,1601 - 1800 cc,Diesel,Co. Laois,All years,Million,39
Kilometres Travelled,2022,All owners,1601 - 1800 cc,Diesel,Co. Leitrim,All years,Million,14
Kilometres Travelled,2022,All owners,1601 - 1800 cc,Diesel,Co. Limerick,All years,Million,74
Kilometres Travelled,2022,All owners,1601 - 1800 cc,Diesel,Co. Longford,All years,Million,20
Kilometres Travelled,2022,All owners,1601 - 1800 cc,Diesel,Co. Louth,All years,Million,41
Kilometres Travelled,2022,All owners,1601 - 1800 cc,Diesel,Co. Mayo,All years,Million,58
Kilometres Travelled,2022,All owners,1601 - 1800 cc,Diesel,Co. Meath,All years,Million,78
Kilometres Travelled,2022,All owners,1601 - 1800 cc,Diesel,Co. Monaghan,All years,Million,28
Kilometres Travelled,2022,All owners,1601 - 1800 cc,Diesel,Co. Offaly,All years,Million,36
Kilometres Travelled,2022,All owners,1601 - 1800 cc,Diesel,Co. Roscommon,All years,Million,31
Kilometres Travelled,2022,All owners,1601 - 1800 cc,Diesel,Co. Sligo,All years,Million,29
Kilometres Travelled,2022,All owners,1601 - 1800 cc,Diesel,Co. Tipperary,All years,Million,73
Kilometres Travelled,2022,All owners,1601 - 1800 cc,Diesel,Co. Waterford,All years,Million,38
Kilometres Travelled,2022,All owners,1601 - 1800 cc,Diesel,Co. Westmeath,All years,Million,42
Kilometres Travelled,2022,All owners,1601 - 1800 cc,Diesel,Co. Wexford,All years,Million,70
Kilometres Travelled,2022,All owners,1601 - 1800 cc,Diesel,Co. Wicklow,All years,Million,52
Kilometres Travelled,2022,All owners,1601 - 1800 cc,Other fuel types,Co. Carlow,All years,Million,5
Kilometres Travelled,2022,All owners,1601 - 1800 cc,Other fuel types,Co. Cavan,All years,Million,7
Kilometres Travelled,2022,All owners,1601 - 1800 cc,Other fuel types,Co. Clare,All years,Million,11
Kilometres Travelled,2022,All owners,1601 - 1800 cc,Other fuel types,Co. Cork,All years,Million,59
Kilometres Travelled,2022,All owners,1601 - 1800 cc,Other fuel types,Co. Donegal,All years,Million,13
Kilometres Travelled,2022,All owners,1601 - 1800 cc,Other fuel types,Co. Dublin,All years,Million,198
Kilometres Travelled,2022,All owners,1601 - 1800 cc,Other fuel types,Co. Galway,All years,Million,30
Kilometres Travelled,2022,All owners,1601 - 1800 cc,Other fuel types,Co. Kerry,All years,Million,13
Kilometres Travelled,2022,All owners,1601 - 1800 cc,Other fuel types,Co. Kildare,All years,Million,29
Kilometres Travelled,2022,All owners,1601 - 1800 cc,Other fuel types,Co. Kilkenny,All years,Million,9
Kilometres Travelled,2022,All owners,1601 - 1800 cc,Other fuel types,Co. Laois,All years,Million,6
Kilometres Travelled,2022,All owners,1601 - 1800 cc,Other fuel types,Co. Leitrim,All years,Million,2
Kilometres Travelled,2022,All owners,1601 - 1800 cc,Other fuel types,Co. Limerick,All years,Million,18
Kilometres Travelled,2022,All owners,1601 - 1800 cc,Other fuel types,Co. Longford,All years,Million,4
Kilometres Travelled,2022,All owners,1601 - 1800 cc,Other fuel types,Co. Louth,All years,Million,13
Kilometres Travelled,2022,All owners,1601 - 1800 cc,Other fuel types,Co. Mayo,All years,Million,11
Kilometres Travelled,2022,All owners,1601 - 1800 cc,Other fuel types,Co. Meath,All years,Million,24
Kilometres Travelled,2022,All owners,1601 - 1800 cc,Other fuel types,Co. Monaghan,All years,Million,4
Kilometres Travelled,2022,All owners,1601 - 1800 cc,Other fuel types,Co. Offaly,All years,Million,8
Kilometres Travelled,2022,All owners,1601 - 1800 cc,Other fuel types,Co. Roscommon,All years,Million,8
Kilometres Travelled,2022,All owners,1601 - 1800 cc,Other fuel types,Co. Sligo,All years,Million,6
Kilometres Travelled,2022,All owners,1601 - 1800 cc,Other fuel types,Co. Tipperary,All years,Million,14
Kilometres Travelled,2022,All owners,1601 - 1800 cc,Other fuel types,Co. Waterford,All years,Million,10
Kilometres Travelled,2022,All owners,1601 - 1800 cc,Other fuel types,Co. Westmeath,All years,Million,10
Kilometres Travelled,2022,All owners,1601 - 1800 cc,Other fuel types,Co. Wexford,All years,Million,13
Kilometres Travelled,2022,All owners,1601 - 1800 cc,Other fuel types,Co. Wicklow,All years,Million,15
Kilometres Travelled,2022,All owners,1801 - 2000 cc,Petrol,Co. Carlow,All years,Million,3
Kilometres Travelled,2022,All owners,1801 - 2000 cc,Petrol,Co. Cavan,All years,Million,3
Kilometres Travelled,2022,All owners,1801 - 2000 cc,Petrol,Co. Clare,All years,Million,7
Kilometres Travelled,2022,All owners,1801 - 2000 cc,Petrol,Co. Cork,All years,Million,40
Kilometres Travelled,2022,All owners,1801 - 2000 cc,Petrol,Co. Donegal,All years,Million,6
Kilometres Travelled,2022,All owners,1801 - 2000 cc,Petrol,Co. Dublin,All years,Million,109
Kilometres Travelled,2022,All owners,1801 - 2000 cc,Petrol,Co. Galway,All years,Million,13
Kilometres Travelled,2022,All owners,1801 - 2000 cc,Petrol,Co. Kerry,All years,Million,8
Kilometres Travelled,2022,All owners,1801 - 2000 cc,Petrol,Co. Kildare,All years,Million,17
Kilometres Travelled,2022,All owners,1801 - 2000 cc,Petrol,Co. Kilkenny,All years,Million,5
Kilometres Travelled,2022,All owners,1801 - 2000 cc,Petrol,Co. Laois,All years,Million,4
Kilometres Travelled,2022,All owners,1801 - 2000 cc,Petrol,Co. Leitrim,All years,Million,1
Kilometres Travelled,2022,All owners,1801 - 2000 cc,Petrol,Co. Limerick,All years,Million,9
Kilometres Travelled,2022,All owners,1801 - 2000 cc,Petrol,Co. Longford,All years,Million,2
Kilometres Travelled,2022,All owners,1801 - 2000 cc,Petrol,Co. Louth,All years,Million,7
Kilometres Travelled,2022,All owners,1801 - 2000 cc,Petrol,Co. Mayo,All years,Million,5
Kilometres Travelled,2022,All owners,1801 - 2000 cc,Petrol,Co. Meath,All years,Million,14
Kilometres Travelled,2022,All owners,1801 - 2000 cc,Petrol,Co. Monaghan,All years,Million,2
Kilometres Travelled,2022,All owners,1801 - 2000 cc,Petrol,Co. Offaly,All years,Million,3
Kilometres Travelled,2022,All owners,1801 - 2000 cc,Petrol,Co. Roscommon,All years,Million,3
Kilometres Travelled,2022,All owners,1801 - 2000 cc,Petrol,Co. Sligo,All years,Million,3
Kilometres Travelled,2022,All owners,1801 - 2000 cc,Petrol,Co. Tipperary,All years,Million,8
Kilometres Travelled,2022,All owners,1801 - 2000 cc,Petrol,Co. Waterford,All years,Million,7
Kilometres Travelled,2022,All owners,1801 - 2000 cc,Petrol,Co. Westmeath,All years,Million,4
Kilometres Travelled,2022,All owners,1801 - 2000 cc,Petrol,Co. Wexford,All years,Million,8
Kilometres Travelled,2022,All owners,1801 - 2000 cc,Petrol,Co. Wicklow,All years,Million,15
Kilometres Travelled,2022,All owners,1801 - 2000 cc,Diesel,Co. Carlow,All years,Million,140
Kilometres Travelled,2022,All owners,1801 - 2000 cc,Diesel,Co. Cavan,All years,Million,185
Kilometres Travelled,2022,All owners,1801 - 2000 cc,Diesel,Co. Clare,All years,Million,258
Kilometres Travelled,2022,All owners,1801 - 2000 cc,Diesel,Co. Cork,All years,Million,949
Kilometres Travelled,2022,All owners,1801 - 2000 cc,Diesel,Co. Donegal,All years,Million,331
Kilometres Travelled,2022,All owners,1801 - 2000 cc,Diesel,Co. Dublin,All years,Million,1488
Kilometres Travelled,2022,All owners,1801 - 2000 cc,Diesel,Co. Galway,All years,Million,588
Kilometres Travelled,2022,All owners,1801 - 2000 cc,Diesel,Co. Kerry,All years,Million,303
Kilometres Travelled,2022,All owners,1801 - 2000 cc,Diesel,Co. Kildare,All years,Million,428
Kilometres Travelled,2022,All owners,1801 - 2000 cc,Diesel,Co. Kilkenny,All years,Million,206
Kilometres Travelled,2022,All owners,1801 - 2000 cc,Diesel,Co. Laois,All years,Million,180
Kilometres Travelled,2022,All owners,1801 - 2000 cc,Diesel,Co. Leitrim,All years,Million,92
Kilometres Travelled,2022,All owners,1801 - 2000 cc,Diesel,Co. Limerick,All years,Million,370
Kilometres Travelled,2022,All owners,1801 - 2000 cc,Diesel,Co. Longford,All years,Million,107
Kilometres Travelled,2022,All owners,1801 - 2000 cc,Diesel,Co. Louth,All years,Million,211
Kilometres Travelled,2022,All owners,1801 - 2000 cc,Diesel,Co. Mayo,All years,Million,339
Kilometres Travelled,2022,All owners,1801 - 2000 cc,Diesel,Co. Meath,All years,Million,410
Kilometres Travelled,2022,All owners,1801 - 2000 cc,Diesel,Co. Monaghan,All years,Million,154
Kilometres Travelled,2022,All owners,1801 - 2000 cc,Diesel,Co. Offaly,All years,Million,178
Kilometres Travelled,2022,All owners,1801 - 2000 cc,Diesel,Co. Roscommon,All years,Million,180
Kilometres Travelled,2022,All owners,1801 - 2000 cc,Diesel,Co. Sligo,All years,Million,146
Kilometres Travelled,2022,All owners,1801 - 2000 cc,Diesel,Co. Tipperary,All years,Million,414
Kilometres Travelled,2022,All owners,1801 - 2000 cc,Diesel,Co. Waterford,All years,Million,213
Kilometres Travelled,2022,All owners,1801 - 2000 cc,Diesel,Co. Westmeath,All years,Million,219
Kilometres Travelled,2022,All owners,1801 - 2000 cc,Diesel,Co. Wexford,All years,Million,336
Kilometres Travelled,2022,All owners,1801 - 2000 cc,Diesel,Co. Wicklow,All years,Million,248
Kilometres Travelled,2022,All owners,1801 - 2000 cc,Other fuel types,Co. Carlow,All years,Million,2
Kilometres Travelled,2022,All owners,1801 - 2000 cc,Other fuel types,Co. Cavan,All years,Million,2
Kilometres Travelled,2022,All owners,1801 - 2000 cc,Other fuel types,Co. Clare,All years,Million,4
Kilometres Travelled,2022,All owners,1801 - 2000 cc,Other fuel types,Co. Cork,All years,Million,27
Kilometres Travelled,2022,All owners,1801 - 2000 cc,Other fuel types,Co. Donegal,All years,Million,4
Kilometres Travelled,2022,All owners,1801 - 2000 cc,Other fuel types,Co. Dublin,All years,Million,117
Kilometres Travelled,2022,All owners,1801 - 2000 cc,Other fuel types,Co. Galway,All years,Million,12
Kilometres Travelled,2022,All owners,1801 - 2000 cc,Other fuel types,Co. Kerry,All years,Million,4
Kilometres Travelled,2022,All owners,1801 - 2000 cc,Other fuel types,Co. Kildare,All years,Million,15
Kilometres Travelled,2022,All owners,1801 - 2000 cc,Other fuel types,Co. Kilkenny,All years,Million,3
Kilometres Travelled,2022,All owners,1801 - 2000 cc,Other fuel types,Co. Laois,All years,Million,3
Kilometres Travelled,2022,All owners,1801 - 2000 cc,Other fuel types,Co. Leitrim,All years,Million,1
Kilometres Travelled,2022,All owners,1801 - 2000 cc,Other fuel types,Co. Limerick,All years,Million,6
Kilometres Travelled,2022,All owners,1801 - 2000 cc,Other fuel types,Co. Longford,All years,Million,1
Kilometres Travelled,2022,All owners,1801 - 2000 cc,Other fuel types,Co. Louth,All years,Million,5
Kilometres Travelled,2022,All owners,1801 - 2000 cc,Other fuel types,Co. Mayo,All years,Million,3
Kilometres Travelled,2022,All owners,1801 - 2000 cc,Other fuel types,Co. Meath,All years,Million,12
Kilometres Travelled,2022,All owners,1801 - 2000 cc,Other fuel types,Co. Monaghan,All years,Million,2
Kilometres Travelled,2022,All owners,1801 - 2000 cc,Other fuel types,Co. Offaly,All years,Million,2
Kilometres Travelled,2022,All owners,1801 - 2000 cc,Other fuel types,Co. Roscommon,All years,Million,1
Kilometres Travelled,2022,All owners,1801 - 2000 cc,Other fuel types,Co. Sligo,All years,Million,1
Kilometres Travelled,2022,All owners,1801 - 2000 cc,Other fuel types,Co. Tipperary,All years,Million,4
Kilometres Travelled,2022,All owners,1801 - 2000 cc,Other fuel types,Co. Waterford,All years,Million,5
Kilometres Travelled,2022,All owners,1801 - 2000 cc,Other fuel types,Co. Westmeath,All years,Million,3
Kilometres Travelled,2022,All owners,1801 - 2000 cc,Other fuel types,Co. Wexford,All years,Million,5
Kilometres Travelled,2022,All owners,1801 - 2000 cc,Other fuel types,Co. Wicklow,All years,Million,9
Kilometres Travelled,2022,All owners,Over 2000 cc,Petrol,Co. Carlow,All years,Million,0
Kilometres Travelled,2022,All owners,Over 2000 cc,Petrol,Co. Cavan,All years,Million,1
Kilometres Travelled,2022,All owners,Over 2000 cc,Petrol,Co. Clare,All years,Million,1
Kilometres Travelled,2022,All owners,Over 2000 cc,Petrol,Co. Cork,All years,Million,8
Kilometres Travelled,2022,All owners,Over 2000 cc,Petrol,Co. Donegal,All years,Million,1
Kilometres Travelled,2022,All owners,Over 2000 cc,Petrol,Co. Dublin,All years,Million,35
Kilometres Travelled,2022,All owners,Over 2000 cc,Petrol,Co. Galway,All years,Million,3
Kilometres Travelled,2022,All owners,Over 2000 cc,Petrol,Co. Kerry,All years,Million,2
Kilometres Travelled,2022,All owners,Over 2000 cc,Petrol,Co. Kildare,All years,Million,4
Kilometres Travelled,2022,All owners,Over 2000 cc,Petrol,Co. Kilkenny,All years,Million,1
Kilometres Travelled,2022,All owners,Over 2000 cc,Petrol,Co. Laois,All years,Million,1
Kilometres Travelled,2022,All owners,Over 2000 cc,Petrol,Co. Leitrim,All years,Million,0
Kilometres Travelled,2022,All owners,Over 2000 cc,Petrol,Co. Limerick,All years,Million,2
Kilometres Travelled,2022,All owners,Over 2000 cc,Petrol,Co. Longford,All years,Million,0
Kilometres Travelled,2022,All owners,Over 2000 cc,Petrol,Co. Louth,All years,Million,2
Kilometres Travelled,2022,All owners,Over 2000 cc,Petrol,Co. Mayo,All years,Million,1
Kilometres Travelled,2022,All owners,Over 2000 cc,Petrol,Co. Meath,All years,Million,4
Kilometres Travelled,2022,All owners,Over 2000 cc,Petrol,Co. Monaghan,All years,Million,1
Kilometres Travelled,2022,All owners,Over 2000 cc,Petrol,Co. Offaly,All years,Million,1
Kilometres Travelled,2022,All owners,Over 2000 cc,Petrol,Co. Roscommon,All years,Million,0
Kilometres Travelled,2022,All owners,Over 2000 cc,Petrol,Co. Sligo,All years,Million,0
Kilometres Travelled,2022,All owners,Over 2000 cc,Petrol,Co. Tipperary,All years,Million,2
Kilometres Travelled,2022,All owners,Over 2000 cc,Petrol,Co. Waterford,All years,Million,2
Kilometres Travelled,2022,All owners,Over 2000 cc,Petrol,Co. Westmeath,All years,Million,1
Kilometres Travelled,2022,All owners,Over 2000 cc,Petrol,Co. Wexford,All years,Million,2
Kilometres Travelled,2022,All owners,Over 2000 cc,Petrol,Co. Wicklow,All years,Million,4
Kilometres Travelled,2022,All owners,Over 2000 cc,Diesel,Co. Carlow,All years,Million,27
Kilometres Travelled,2022,All owners,Over 2000 cc,Diesel,Co. Cavan,All years,Million,30
Kilometres Travelled,2022,All owners,Over 2000 cc,Diesel,Co. Clare,All years,Million,46
Kilometres Travelled,2022,All owners,Over 2000 cc,Diesel,Co. Cork,All years,Million,192
Kilometres Travelled,2022,All owners,Over 2000 cc,Diesel,Co. Donegal,All years,Million,45
Kilometres Travelled,2022,All owners,Over 2000 cc,Diesel,Co. Dublin,All years,Million,382
Kilometres Travelled,2022,All owners,Over 2000 cc,Diesel,Co. Galway,All years,Million,100
Kilometres Travelled,2022,All owners,Over 2000 cc,Diesel,Co. Kerry,All years,Million,57
Kilometres Travelled,2022,All owners,Over 2000 cc,Diesel,Co. Kildare,All years,Million,110
Kilometres Travelled,2022,All owners,Over 2000 cc,Diesel,Co. Kilkenny,All years,Million,46
Kilometres Travelled,2022,All owners,Over 2000 cc,Diesel,Co. Laois,All years,Million,37
Kilometres Travelled,2022,All owners,Over 2000 cc,Diesel,Co. Leitrim,All years,Million,11
Kilometres Travelled,2022,All owners,Over 2000 cc,Diesel,Co. Limerick,All years,Million,75
Kilometres Travelled,2022,All owners,Over 2000 cc,Diesel,Co. Longford,All years,Million,17
Kilometres Travelled,2022,All owners,Over 2000 cc,Diesel,Co. Louth,All years,Million,46
Kilometres Travelled,2022,All owners,Over 2000 cc,Diesel,Co. Mayo,All years,Million,52
Kilometres Travelled,2022,All owners,Over 2000 cc,Diesel,Co. Meath,All years,Million,103
Kilometres Travelled,2022,All owners,Over 2000 cc,Diesel,Co. Monaghan,All years,Million,25
Kilometres Travelled,2022,All owners,Over 2000 cc,Diesel,Co. Offaly,All years,Million,32
Kilometres Travelled,2022,All owners,Over 2000 cc,Diesel,Co. Roscommon,All years,Million,25
Kilometres Travelled,2022,All owners,Over 2000 cc,Diesel,Co. Sligo,All years,Million,21
Kilometres Travelled,2022,All owners,Over 2000 cc,Diesel,Co. Tipperary,All years,Million,78
Kilometres Travelled,2022,All owners,Over 2000 cc,Diesel,Co. Waterford,All years,Million,48
Kilometres Travelled,2022,All owners,Over 2000 cc,Diesel,Co. Westmeath,All years,Million,37
Kilometres Travelled,2022,All owners,Over 2000 cc,Diesel,Co. Wexford,All years,Million,75
Kilometres Travelled,2022,All owners,Over 2000 cc,Diesel,Co. Wicklow,All years,Million,68
Kilometres Travelled,2022,All owners,Over 2000 cc,Other fuel types,Co. Carlow,All years,Million,3
Kilometres Travelled,2022,All owners,Over 2000 cc,Other fuel types,Co. Cavan,All years,Million,4
Kilometres Travelled,2022,All owners,Over 2000 cc,Other fuel types,Co. Clare,All years,Million,5
Kilometres Travelled,2022,All owners,Over 2000 cc,Other fuel types,Co. Cork,All years,Million,38
Kilometres Travelled,2022,All owners,Over 2000 cc,Other fuel types,Co. Donegal,All years,Million,6
Kilometres Travelled,2022,All owners,Over 2000 cc,Other fuel types,Co. Dublin,All years,Million,129
Kilometres Travelled,2022,All owners,Over 2000 cc,Other fuel types,Co. Galway,All years,Million,19
Kilometres Travelled,2022,All owners,Over 2000 cc,Other fuel types,Co. Kerry,All years,Million,7
Kilometres Travelled,2022,All owners,Over 2000 cc,Other fuel types,Co. Kildare,All years,Million,16
Kilometres Travelled,2022,All owners,Over 2000 cc,Other fuel types,Co. Kilkenny,All years,Million,4
Kilometres Travelled,2022,All owners,Over 2000 cc,Other fuel types,Co. Laois,All years,Million,3
Kilometres Travelled,2022,All owners,Over 2000 cc,Other fuel types,Co. Leitrim,All years,Million,1
Kilometres Travelled,2022,All owners,Over 2000 cc,Other fuel types,Co. Limerick,All years,Million,9
Kilometres Travelled,2022,All owners,Over 2000 cc,Other fuel types,Co. Longford,All years,Million,2
Kilometres Travelled,2022,All owners,Over 2000 cc,Other fuel types,Co. Louth,All years,Million,7
Kilometres Travelled,2022,All owners,Over 2000 cc,Other fuel types,Co. Mayo,All years,Million,6
Kilometres Travelled,2022,All owners,Over 2000 cc,Other fuel types,Co. Meath,All years,Million,16
Kilometres Travelled,2022,All owners,Over 2000 cc,Other fuel types,Co. Monaghan,All years,Million,2
Kilometres Travelled,2022,All owners,Over 2000 cc,Other fuel types,Co. Offaly,All years,Million,4
Kilometres Travelled,2022,All owners,Over 2000 cc,Other fuel types,Co. Roscommon,All years,Million,4
Kilometres Travelled,2022,All owners,Over 2000 cc,Other fuel types,Co. Sligo,All years,Million,2
Kilometres Travelled,2022,All owners,Over 2000 cc,Other fuel types,Co. Tipperary,All years,Million,8
Kilometres Travelled,2022,All owners,Over 2000 cc,Other fuel types,Co. Waterford,All years,Million,5
Kilometres Travelled,2022,All owners,Over 2000 cc,Other fuel types,Co. Westmeath,All years,Million,5
Kilometres Travelled,2022,All owners,Over 2000 cc,Other fuel types,Co. Wexford,All years,Million,6
Kilometres Travelled,2022,All owners,Over 2000 cc,Other fuel types,Co. Wicklow,All years,Million,11
Kilometres Travelled,2023,All owners,Up to 1000 cc,Petrol,Co. Carlow,All years,Million,28
Kilometres Travelled,2023,All owners,Up to 1000 cc,Petrol,Co. Cavan,All years,Million,32
Kilometres Travelled,2023,All owners,Up to 1000 cc,Petrol,Co. Clare,All years,Million,66
Kilometres Travelled,2023,All owners,Up to 1000 cc,Petrol,Co. Cork,All years,Million,349
Kilometres Travelled,2023,All owners,Up to 1000 cc,Petrol,Co. Donegal,All years,Million,65
Kilometres Travelled,2023,All owners,Up to 1000 cc,Petrol,Co. Dublin,All years,Million,649
Kilometres Travelled,2023,All owners,Up to 1000 cc,Petrol,Co. Galway,All years,Million,113
Kilometres Travelled,2023,All owners,Up to 1000 cc,Petrol,Co. Kerry,All years,Million,75
Kilometres Travelled,2023,All owners,Up to 1000 cc,Petrol,Co. Kildare,All years,Million,135
Kilometres Travelled,2023,All owners,Up to 1000 cc,Petrol,Co. Kilkenny,All years,Million,49
Kilometres Travelled,2023,All owners,Up to 1000 cc,Petrol,Co. Laois,All years,Million,36
Kilometres Travelled,2023,All owners,Up to 1000 cc,Petrol,Co. Leitrim,All years,Million,14
Kilometres Travelled,2023,All owners,Up to 1000 cc,Petrol,Co. Limerick,All years,Million,108
Kilometres Travelled,2023,All owners,Up to 1000 cc,Petrol,Co. Longford,All years,Million,16
Kilometres Travelled,2023,All owners,Up to 1000 cc,Petrol,Co. Louth,All years,Million,74
Kilometres Travelled,2023,All owners,Up to 1000 cc,Petrol,Co. Mayo,All years,Million,55
Kilometres Travelled,2023,All owners,Up to 1000 cc,Petrol,Co. Meath,All years,Million,103
Kilometres Travelled,2023,All owners,Up to 1000 cc,Petrol,Co. Monaghan,All years,Million,22
Kilometres Travelled,2023,All owners,Up to 1000 cc,Petrol,Co. Offaly,All years,Million,32
Kilometres Travelled,2023,All owners,Up to 1000 cc,Petrol,Co. Roscommon,All years,Million,79
Kilometres Travelled,2023,All owners,Up to 1000 cc,Petrol,Co. Sligo,All years,Million,32
Kilometres Travelled,2023,All owners,Up to 1000 cc,Petrol,Co. Tipperary,All years,Million,76
Kilometres Travelled,2023,All owners,Up to 1000 cc,Petrol,Co. Waterford,All years,Million,86
Kilometres Travelled,2023,All owners,Up to 1000 cc,Petrol,Co. Westmeath,All years,Million,38
Kilometres Travelled,2023,All owners,Up to 1000 cc,Petrol,Co. Wexford,All years,Million,89
Kilometres Travelled,2023,All owners,Up to 1000 cc,Petrol,Co. Wicklow,All years,Million,80
Kilometres Travelled,2023,All owners,Up to 1000 cc,Diesel,Co. Carlow,All years,Million,0
Kilometres Travelled,2023,All owners,Up to 1000 cc,Diesel,Co. Cavan,All years,Million,0
Kilometres Travelled,2023,All owners,Up to 1000 cc,Diesel,Co. Clare,All years,Million,0
Kilometres Travelled,2023,All owners,Up to 1000 cc,Diesel,Co. Cork,All years,Million,0
Kilometres Travelled,2023,All owners,Up to 1000 cc,Diesel,Co. Donegal,All years,Million,0
Kilometres Travelled,2023,All owners,Up to 1000 cc,Diesel,Co. Dublin,All years,Million,2
Kilometres Travelled,2023,All owners,Up to 1000 cc,Diesel,Co. Galway,All years,Million,0
Kilometres Travelled,2023,All owners,Up to 1000 cc,Diesel,Co. Kerry,All years,Million,0
Kilometres Travelled,2023,All owners,Up to 1000 cc,Diesel,Co. Kildare,All years,Million,0
Kilometres Travelled,2023,All owners,Up to 1000 cc,Diesel,Co. Kilkenny,All years,Million,0
Kilometres Travelled,2023,All owners,Up to 1000 cc,Diesel,Co. Laois,All years,Million,0
Kilometres Travelled,2023,All owners,Up to 1000 cc,Diesel,Co. Leitrim,All years,Million,0
Kilometres Travelled,2023,All owners,Up to 1000 cc,Diesel,Co. Limerick,All years,Million,0
Kilometres Travelled,2023,All owners,Up to 1000 cc,Diesel,Co. Longford,All years,Million,0
Kilometres Travelled,2023,All owners,Up to 1000 cc,Diesel,Co. Louth,All years,Million,0
Kilometres Travelled,2023,All owners,Up to 1000 cc,Diesel,Co. Mayo,All years,Million,0
Kilometres Travelled,2023,All owners,Up to 1000 cc,Diesel,Co. Meath,All years,Million,0
Kilometres Travelled,2023,All owners,Up to 1000 cc,Diesel,Co. Monaghan,All years,Million,0
Kilometres Travelled,2023,All owners,Up to 1000 cc,Diesel,Co. Offaly,All years,Million,0
Kilometres Travelled,2023,All owners,Up to 1000 cc,Diesel,Co. Roscommon,All years,Million,0
Kilometres Travelled,2023,All owners,Up to 1000 cc,Diesel,Co. Sligo,All years,Million,0
Kilometres Travelled,2023,All owners,Up to 1000 cc,Diesel,Co. Tipperary,All years,Million,0
Kilometres Travelled,2023,All owners,Up to 1000 cc,Diesel,Co. Waterford,All years,Million,0
Kilometres Travelled,2023,All owners,Up to 1000 cc,Diesel,Co. Westmeath,All years,Million,0
Kilometres Travelled,2023,All owners,Up to 1000 cc,Diesel,Co. Wexford,All years,Million,0
Kilometres Travelled,2023,All owners,Up to 1000 cc,Diesel,Co. Wicklow,All years,Million,0
Kilometres Travelled,2023,All owners,Up to 1000 cc,Other fuel types,Co. Carlow,All years,Million,8
Kilometres Travelled,2023,All owners,Up to 1000 cc,Other fuel types,Co. Cavan,All years,Million,7
Kilometres Travelled,2023,All owners,Up to 1000 cc,Other fuel types,Co. Clare,All years,Million,18
Kilometres Travelled,2023,All owners,Up to 1000 cc,Other fuel types,Co. Cork,All years,Million,90
Kilometres Travelled,2023,All owners,Up to 1000 cc,Other fuel types,Co. Donegal,All years,Million,11
Kilometres Travelled,2023,All owners,Up to 1000 cc,Other fuel types,Co. Dublin,All years,Million,308
Kilometres Travelled,2023,All owners,Up to 1000 cc,Other fuel types,Co. Galway,All years,Million,33
Kilometres Travelled,2023,All owners,Up to 1000 cc,Other fuel types,Co. Kerry,All years,Million,15
Kilometres Travelled,2023,All owners,Up to 1000 cc,Other fuel types,Co. Kildare,All years,Million,49
Kilometres Travelled,2023,All owners,Up to 1000 cc,Other fuel types,Co. Kilkenny,All years,Million,12
Kilometres Travelled,2023,All owners,Up to 1000 cc,Other fuel types,Co. Laois,All years,Million,10
Kilometres Travelled,2023,All owners,Up to 1000 cc,Other fuel types,Co. Leitrim,All years,Million,3
Kilometres Travelled,2023,All owners,Up to 1000 cc,Other fuel types,Co. Limerick,All years,Million,23
Kilometres Travelled,2023,All owners,Up to 1000 cc,Other fuel types,Co. Longford,All years,Million,3
Kilometres Travelled,2023,All owners,Up to 1000 cc,Other fuel types,Co. Louth,All years,Million,18
Kilometres Travelled,2023,All owners,Up to 1000 cc,Other fuel types,Co. Mayo,All years,Million,11
Kilometres Travelled,2023,All owners,Up to 1000 cc,Other fuel types,Co. Meath,All years,Million,39
Kilometres Travelled,2023,All owners,Up to 1000 cc,Other fuel types,Co. Monaghan,All years,Million,4
Kilometres Travelled,2023,All owners,Up to 1000 cc,Other fuel types,Co. Offaly,All years,Million,7
Kilometres Travelled,2023,All owners,Up to 1000 cc,Other fuel types,Co. Roscommon,All years,Million,5
Kilometres Travelled,2023,All owners,Up to 1000 cc,Other fuel types,Co. Sligo,All years,Million,8
Kilometres Travelled,2023,All owners,Up to 1000 cc,Other fuel types,Co. Tipperary,All years,Million,17
Kilometres Travelled,2023,All owners,Up to 1000 cc,Other fuel types,Co. Waterford,All years,Million,16
Kilometres Travelled,2023,All owners,Up to 1000 cc,Other fuel types,Co. Westmeath,All years,Million,12
Kilometres Travelled,2023,All owners,Up to 1000 cc,Other fuel types,Co. Wexford,All years,Million,23
Kilometres Travelled,2023,All owners,Up to 1000 cc,Other fuel types,Co. Wicklow,All years,Million,35
Kilometres Travelled,2023,All owners,1001 - 1200 cc,Petrol,Co. Carlow,All years,Million,20
Kilometres Travelled,2023,All owners,1001 - 1200 cc,Petrol,Co. Cavan,All years,Million,18
Kilometres Travelled,2023,All owners,1001 - 1200 cc,Petrol,Co. Clare,All years,Million,42
Kilometres Travelled,2023,All owners,1001 - 1200 cc,Petrol,Co. Cork,All years,Million,206
Kilometres Travelled,2023,All owners,1001 - 1200 cc,Petrol,Co. Donegal,All years,Million,39
Kilometres Travelled,2023,All owners,1001 - 1200 cc,Petrol,Co. Dublin,All years,Million,483
Kilometres Travelled,2023,All owners,1001 - 1200 cc,Petrol,Co. Galway,All years,Million,74
Kilometres Travelled,2023,All owners,1001 - 1200 cc,Petrol,Co. Kerry,All years,Million,52
Kilometres Travelled,2023,All owners,1001 - 1200 cc,Petrol,Co. Kildare,All years,Million,97
Kilometres Travelled,2023,All owners,1001 - 1200 cc,Petrol,Co. Kilkenny,All years,Million,32
Kilometres Travelled,2023,All owners,1001 - 1200 cc,Petrol,Co. Laois,All years,Million,23
Kilometres Travelled,2023,All owners,1001 - 1200 cc,Petrol,Co. Leitrim,All years,Million,9
Kilometres Travelled,2023,All owners,1001 - 1200 cc,Petrol,Co. Limerick,All years,Million,68
Kilometres Travelled,2023,All owners,1001 - 1200 cc,Petrol,Co. Longford,All years,Million,9
Kilometres Travelled,2023,All owners,1001 - 1200 cc,Petrol,Co. Louth,All years,Million,51
Kilometres Travelled,2023,All owners,1001 - 1200 cc,Petrol,Co. Mayo,All years,Million,32
Kilometres Travelled,2023,All owners,1001 - 1200 cc,Petrol,Co. Meath,All years,Million,77
Kilometres Travelled,2023,All owners,1001 - 1200 cc,Petrol,Co. Monaghan,All years,Million,15
Kilometres Travelled,2023,All owners,1001 - 1200 cc,Petrol,Co. Offaly,All years,Million,23
Kilometres Travelled,2023,All owners,1001 - 1200 cc,Petrol,Co. Roscommon,All years,Million,27
Kilometres Travelled,2023,All owners,1001 - 1200 cc,Petrol,Co. Sligo,All years,Million,19
Kilometres Travelled,2023,All owners,1001 - 1200 cc,Petrol,Co. Tipperary,All years,Million,54
Kilometres Travelled,2023,All owners,1001 - 1200 cc,Petrol,Co. Waterford,All years,Million,58
Kilometres Travelled,2023,All owners,1001 - 1200 cc,Petrol,Co. Westmeath,All years,Million,25
Kilometres Travelled,2023,All owners,1001 - 1200 cc,Petrol,Co. Wexford,All years,Million,55
Kilometres Travelled,2023,All owners,1001 - 1200 cc,Petrol,Co. Wicklow,All years,Million,63
Kilometres Travelled,2023,All owners,1001 - 1200 cc,Diesel,Co. Carlow,All years,Million,1
Kilometres Travelled,2023,All owners,1001 - 1200 cc,Diesel,Co. Cavan,All years,Million,1
Kilometres Travelled,2023,All owners,1001 - 1200 cc,Diesel,Co. Clare,All years,Million,2
Kilometres Travelled,2023,All owners,1001 - 1200 cc,Diesel,Co. Cork,All years,Million,8
Kilometres Travelled,2023,All owners,1001 - 1200 cc,Diesel,Co. Donegal,All years,Million,3
Kilometres Travelled,2023,All owners,1001 - 1200 cc,Diesel,Co. Dublin,All years,Million,8
Kilometres Travelled,2023,All owners,1001 - 1200 cc,Diesel,Co. Galway,All years,Million,3
Kilometres Travelled,2023,All owners,1001 - 1200 cc,Diesel,Co. Kerry,All years,Million,2
Kilometres Travelled,2023,All owners,1001 - 1200 cc,Diesel,Co. Kildare,All years,Million,4
Kilometres Travelled,2023,All owners,1001 - 1200 cc,Diesel,Co. Kilkenny,All years,Million,3
Kilometres Travelled,2023,All owners,1001 - 1200 cc,Diesel,Co. Laois,All years,Million,2
Kilometres Travelled,2023,All owners,1001 - 1200 cc,Diesel,Co. Leitrim,All years,Million,1
Kilometres Travelled,2023,All owners,1001 - 1200 cc,Diesel,Co. Limerick,All years,Million,2
Kilometres Travelled,2023,All owners,1001 - 1200 cc,Diesel,Co. Longford,All years,Million,1
Kilometres Travelled,2023,All owners,1001 - 1200 cc,Diesel,Co. Louth,All years,Million,2
Kilometres Travelled,2023,All owners,1001 - 1200 cc,Diesel,Co. Mayo,All years,Million,2
Kilometres Travelled,2023,All owners,1001 - 1200 cc,Diesel,Co. Meath,All years,Million,3
Kilometres Travelled,2023,All owners,1001 - 1200 cc,Diesel,Co. Monaghan,All years,Million,1
Kilometres Travelled,2023,All owners,1001 - 1200 cc,Diesel,Co. Offaly,All years,Million,1
Kilometres Travelled,2023,All owners,1001 - 1200 cc,Diesel,Co. Roscommon,All years,Million,1
Kilometres Travelled,2023,All owners,1001 - 1200 cc,Diesel,Co. Sligo,All years,Million,1
Kilometres Travelled,2023,All owners,1001 - 1200 cc,Diesel,Co. Tipperary,All years,Million,3
Kilometres Travelled,2023,All owners,1001 - 1200 cc,Diesel,Co. Waterford,All years,Million,2
Kilometres Travelled,2023,All owners,1001 - 1200 cc,Diesel,Co. Westmeath,All years,Million,2
Kilometres Travelled,2023,All owners,1001 - 1200 cc,Diesel,Co. Wexford,All years,Million,3
Kilometres Travelled,2023,All owners,1001 - 1200 cc,Diesel,Co. Wicklow,All years,Million,2
Kilometres Travelled,2023,All owners,1001 - 1200 cc,Other fuel types,Co. Carlow,All years,Million,1
Kilometres Travelled,2023,All owners,1001 - 1200 cc,Other fuel types,Co. Cavan,All years,Million,1
Kilometres Travelled,2023,All owners,1001 - 1200 cc,Other fuel types,Co. Clare,All years,Million,2
Kilometres Travelled,2023,All owners,1001 - 1200 cc,Other fuel types,Co. Cork,All years,Million,8
Kilometres Travelled,2023,All owners,1001 - 1200 cc,Other fuel types,Co. Donegal,All years,Million,2
Kilometres Travelled,2023,All owners,1001 - 1200 cc,Other fuel types,Co. Dublin,All years,Million,13
Kilometres Travelled,2023,All owners,1001 - 1200 cc,Other fuel types,Co. Galway,All years,Million,2
Kilometres Travelled,2023,All owners,1001 - 1200 cc,Other fuel types,Co. Kerry,All years,Million,2
Kilometres Travelled,2023,All owners,1001 - 1200 cc,Other fuel types,Co. Kildare,All years,Million,4
Kilometres Travelled,2023,All owners,1001 - 1200 cc,Other fuel types,Co. Kilkenny,All years,Million,1
Kilometres Travelled,2023,All owners,1001 - 1200 cc,Other fuel types,Co. Laois,All years,Million,1
Kilometres Travelled,2023,All owners,1001 - 1200 cc,Other fuel types,Co. Leitrim,All years,Million,0
Kilometres Travelled,2023,All owners,1001 - 1200 cc,Other fuel types,Co. Limerick,All years,Million,2
Kilometres Travelled,2023,All owners,1001 - 1200 cc,Other fuel types,Co. Longford,All years,Million,0
Kilometres Travelled,2023,All owners,1001 - 1200 cc,Other fuel types,Co. Louth,All years,Million,2
Kilometres Travelled,2023,All owners,1001 - 1200 cc,Other fuel types,Co. Mayo,All years,Million,1
Kilometres Travelled,2023,All owners,1001 - 1200 cc,Other fuel types,Co. Meath,All years,Million,4
Kilometres Travelled,2023,All owners,1001 - 1200 cc,Other fuel types,Co. Monaghan,All years,Million,0
Kilometres Travelled,2023,All owners,1001 - 1200 cc,Other fuel types,Co. Offaly,All years,Million,1
Kilometres Travelled,2023,All owners,1001 - 1200 cc,Other fuel types,Co. Roscommon,All years,Million,1
Kilometres Travelled,2023,All owners,1001 - 1200 cc,Other fuel types,Co. Sligo,All years,Million,1
Kilometres Travelled,2023,All owners,1001 - 1200 cc,Other fuel types,Co. Tipperary,All years,Million,2
Kilometres Travelled,2023,All owners,1001 - 1200 cc,Other fuel types,Co. Waterford,All years,Million,2
Kilometres Travelled,2023,All owners,1001 - 1200 cc,Other fuel types,Co. Westmeath,All years,Million,1
Kilometres Travelled,2023,All owners,1001 - 1200 cc,Other fuel types,Co. Wexford,All years,Million,3
Kilometres Travelled,2023,All owners,1001 - 1200 cc,Other fuel types,Co. Wicklow,All years,Million,2
Kilometres Travelled,2023,All owners,1201 - 1400 cc,Petrol,Co. Carlow,All years,Million,37
Kilometres Travelled,2023,All owners,1201 - 1400 cc,Petrol,Co. Cavan,All years,Million,35
Kilometres Travelled,2023,All owners,1201 - 1400 cc,Petrol,Co. Clare,All years,Million,87
Kilometres Travelled,2023,All owners,1201 - 1400 cc,Petrol,Co. Cork,All years,Million,415
Kilometres Travelled,2023,All owners,1201 - 1400 cc,Petrol,Co. Donegal,All years,Million,94
Kilometres Travelled,2023,All owners,1201 - 1400 cc,Petrol,Co. Dublin,All years,Million,752
Kilometres Travelled,2023,All owners,1201 - 1400 cc,Petrol,Co. Galway,All years,Million,170
Kilometres Travelled,2023,All owners,1201 - 1400 cc,Petrol,Co. Kerry,All years,Million,113
Kilometres Travelled,2023,All owners,1201 - 1400 cc,Petrol,Co. Kildare,All years,Million,154
Kilometres Travelled,2023,All owners,1201 - 1400 cc,Petrol,Co. Kilkenny,All years,Million,61
Kilometres Travelled,2023,All owners,1201 - 1400 cc,Petrol,Co. Laois,All years,Million,43
Kilometres Travelled,2023,All owners,1201 - 1400 cc,Petrol,Co. Leitrim,All years,Million,21
Kilometres Travelled,2023,All owners,1201 - 1400 cc,Petrol,Co. Limerick,All years,Million,135
Kilometres Travelled,2023,All owners,1201 - 1400 cc,Petrol,Co. Longford,All years,Million,21
Kilometres Travelled,2023,All owners,1201 - 1400 cc,Petrol,Co. Louth,All years,Million,67
Kilometres Travelled,2023,All owners,1201 - 1400 cc,Petrol,Co. Mayo,All years,Million,83
Kilometres Travelled,2023,All owners,1201 - 1400 cc,Petrol,Co. Meath,All years,Million,122
Kilometres Travelled,2023,All owners,1201 - 1400 cc,Petrol,Co. Monaghan,All years,Million,30
Kilometres Travelled,2023,All owners,1201 - 1400 cc,Petrol,Co. Offaly,All years,Million,42
Kilometres Travelled,2023,All owners,1201 - 1400 cc,Petrol,Co. Roscommon,All years,Million,51
Kilometres Travelled,2023,All owners,1201 - 1400 cc,Petrol,Co. Sligo,All years,Million,43
Kilometres Travelled,2023,All owners,1201 - 1400 cc,Petrol,Co. Tipperary,All years,Million,106
Kilometres Travelled,2023,All owners,1201 - 1400 cc,Petrol,Co. Waterford,All years,Million,93
Kilometres Travelled,2023,All owners,1201 - 1400 cc,Petrol,Co. Westmeath,All years,Million,50
Kilometres Travelled,2023,All owners,1201 - 1400 cc,Petrol,Co. Wexford,All years,Million,100
Kilometres Travelled,2023,All owners,1201 - 1400 cc,Petrol,Co. Wicklow,All years,Million,109
Kilometres Travelled,2023,All owners,1201 - 1400 cc,Diesel,Co. Carlow,All years,Million,19
Kilometres Travelled,2023,All owners,1201 - 1400 cc,Diesel,Co. Cavan,All years,Million,27
Kilometres Travelled,2023,All owners,1201 - 1400 cc,Diesel,Co. Clare,All years,Million,38
Kilometres Travelled,2023,All owners,1201 - 1400 cc,Diesel,Co. Cork,All years,Million,148
Kilometres Travelled,2023,All owners,1201 - 1400 cc,Diesel,Co. Donegal,All years,Million,59
Kilometres Travelled,2023,All owners,1201 - 1400 cc,Diesel,Co. Dublin,All years,Million,95
Kilometres Travelled,2023,All owners,1201 - 1400 cc,Diesel,Co. Galway,All years,Million,72
Kilometres Travelled,2023,All owners,1201 - 1400 cc,Diesel,Co. Kerry,All years,Million,49
Kilometres Travelled,2023,All owners,1201 - 1400 cc,Diesel,Co. Kildare,All years,Million,43
Kilometres Travelled,2023,All owners,1201 - 1400 cc,Diesel,Co. Kilkenny,All years,Million,33
Kilometres Travelled,2023,All owners,1201 - 1400 cc,Diesel,Co. Laois,All years,Million,21
Kilometres Travelled,2023,All owners,1201 - 1400 cc,Diesel,Co. Leitrim,All years,Million,11
Kilometres Travelled,2023,All owners,1201 - 1400 cc,Diesel,Co. Limerick,All years,Million,60
Kilometres Travelled,2023,All owners,1201 - 1400 cc,Diesel,Co. Longford,All years,Million,13
Kilometres Travelled,2023,All owners,1201 - 1400 cc,Diesel,Co. Louth,All years,Million,26
Kilometres Travelled,2023,All owners,1201 - 1400 cc,Diesel,Co. Mayo,All years,Million,48
Kilometres Travelled,2023,All owners,1201 - 1400 cc,Diesel,Co. Meath,All years,Million,47
Kilometres Travelled,2023,All owners,1201 - 1400 cc,Diesel,Co. Monaghan,All years,Million,18
Kilometres Travelled,2023,All owners,1201 - 1400 cc,Diesel,Co. Offaly,All years,Million,29
Kilometres Travelled,2023,All owners,1201 - 1400 cc,Diesel,Co. Roscommon,All years,Million,26
Kilometres Travelled,2023,All owners,1201 - 1400 cc,Diesel,Co. Sligo,All years,Million,19
Kilometres Travelled,2023,All owners,1201 - 1400 cc,Diesel,Co. Tipperary,All years,Million,59
Kilometres Travelled,2023,All owners,1201 - 1400 cc,Diesel,Co. Waterford,All years,Million,29
Kilometres Travelled,2023,All owners,1201 - 1400 cc,Diesel,Co. Westmeath,All years,Million,29
Kilometres Travelled,2023,All owners,1201 - 1400 cc,Diesel,Co. Wexford,All years,Million,47
Kilometres Travelled,2023,All owners,1201 - 1400 cc,Diesel,Co. Wicklow,All years,Million,30
Kilometres Travelled,2023,All owners,1201 - 1400 cc,Other fuel types,Co. Carlow,All years,Million,1
Kilometres Travelled,2023,All owners,1201 - 1400 cc,Other fuel types,Co. Cavan,All years,Million,1
Kilometres Travelled,2023,All owners,1201 - 1400 cc,Other fuel types,Co. Clare,All years,Million,2
Kilometres Travelled,2023,All owners,1201 - 1400 cc,Other fuel types,Co. Cork,All years,Million,9
Kilometres Travelled,2023,All owners,1201 - 1400 cc,Other fuel types,Co. Donegal,All years,Million,1
Kilometres Travelled,2023,All owners,1201 - 1400 cc,Other fuel types,Co. Dublin,All years,Million,50
Kilometres Travelled,2023,All owners,1201 - 1400 cc,Other fuel types,Co. Galway,All years,Million,5
Kilometres Travelled,2023,All owners,1201 - 1400 cc,Other fuel types,Co. Kerry,All years,Million,1
Kilometres Travelled,2023,All owners,1201 - 1400 cc,Other fuel types,Co. Kildare,All years,Million,7
Kilometres Travelled,2023,All owners,1201 - 1400 cc,Other fuel types,Co. Kilkenny,All years,Million,1
Kilometres Travelled,2023,All owners,1201 - 1400 cc,Other fuel types,Co. Laois,All years,Million,1
Kilometres Travelled,2023,All owners,1201 - 1400 cc,Other fuel types,Co. Leitrim,All years,Million,0
Kilometres Travelled,2023,All owners,1201 - 1400 cc,Other fuel types,Co. Limerick,All years,Million,4
Kilometres Travelled,2023,All owners,1201 - 1400 cc,Other fuel types,Co. Longford,All years,Million,0
Kilometres Travelled,2023,All owners,1201 - 1400 cc,Other fuel types,Co. Louth,All years,Million,2
Kilometres Travelled,2023,All owners,1201 - 1400 cc,Other fuel types,Co. Mayo,All years,Million,1
Kilometres Travelled,2023,All owners,1201 - 1400 cc,Other fuel types,Co. Meath,All years,Million,5
Kilometres Travelled,2023,All owners,1201 - 1400 cc,Other fuel types,Co. Monaghan,All years,Million,1
Kilometres Travelled,2023,All owners,1201 - 1400 cc,Other fuel types,Co. Offaly,All years,Million,1
Kilometres Travelled,2023,All owners,1201 - 1400 cc,Other fuel types,Co. Roscommon,All years,Million,1
Kilometres Travelled,2023,All owners,1201 - 1400 cc,Other fuel types,Co. Sligo,All years,Million,1
Kilometres Travelled,2023,All owners,1201 - 1400 cc,Other fuel types,Co. Tipperary,All years,Million,2
Kilometres Travelled,2023,All owners,1201 - 1400 cc,Other fuel types,Co. Waterford,All years,Million,2
Kilometres Travelled,2023,All owners,1201 - 1400 cc,Other fuel types,Co. Westmeath,All years,Million,1
Kilometres Travelled,2023,All owners,1201 - 1400 cc,Other fuel types,Co. Wexford,All years,Million,2
Kilometres Travelled,2023,All owners,1201 - 1400 cc,Other fuel types,Co. Wicklow,All years,Million,4
Kilometres Travelled,2023,All owners,1401 - 1600 cc,Petrol,Co. Carlow,All years,Million,14
Kilometres Travelled,2023,All owners,1401 - 1600 cc,Petrol,Co. Cavan,All years,Million,15
Kilometres Travelled,2023,All owners,1401 - 1600 cc,Petrol,Co. Clare,All years,Million,35
Kilometres Travelled,2023,All owners,1401 - 1600 cc,Petrol,Co. Cork,All years,Million,155
Kilometres Travelled,2023,All owners,1401 - 1600 cc,Petrol,Co. Donegal,All years,Million,30
Kilometres Travelled,2023,All owners,1401 - 1600 cc,Petrol,Co. Dublin,All years,Million,380
Kilometres Travelled,2023,All owners,1401 - 1600 cc,Petrol,Co. Galway,All years,Million,67
Kilometres Travelled,2023,All owners,1401 - 1600 cc,Petrol,Co. Kerry,All years,Million,45
Kilometres Travelled,2023,All owners,1401 - 1600 cc,Petrol,Co. Kildare,All years,Million,65
Kilometres Travelled,2023,All owners,1401 - 1600 cc,Petrol,Co. Kilkenny,All years,Million,22
Kilometres Travelled,2023,All owners,1401 - 1600 cc,Petrol,Co. Laois,All years,Million,17
Kilometres Travelled,2023,All owners,1401 - 1600 cc,Petrol,Co. Leitrim,All years,Million,7
Kilometres Travelled,2023,All owners,1401 - 1600 cc,Petrol,Co. Limerick,All years,Million,51
Kilometres Travelled,2023,All owners,1401 - 1600 cc,Petrol,Co. Longford,All years,Million,8
Kilometres Travelled,2023,All owners,1401 - 1600 cc,Petrol,Co. Louth,All years,Million,26
Kilometres Travelled,2023,All owners,1401 - 1600 cc,Petrol,Co. Mayo,All years,Million,29
Kilometres Travelled,2023,All owners,1401 - 1600 cc,Petrol,Co. Meath,All years,Million,51
Kilometres Travelled,2023,All owners,1401 - 1600 cc,Petrol,Co. Monaghan,All years,Million,9
Kilometres Travelled,2023,All owners,1401 - 1600 cc,Petrol,Co. Offaly,All years,Million,16
Kilometres Travelled,2023,All owners,1401 - 1600 cc,Petrol,Co. Roscommon,All years,Million,19
Kilometres Travelled,2023,All owners,1401 - 1600 cc,Petrol,Co. Sligo,All years,Million,15
Kilometres Travelled,2023,All owners,1401 - 1600 cc,Petrol,Co. Tipperary,All years,Million,41
Kilometres Travelled,2023,All owners,1401 - 1600 cc,Petrol,Co. Waterford,All years,Million,34
Kilometres Travelled,2023,All owners,1401 - 1600 cc,Petrol,Co. Westmeath,All years,Million,18
Kilometres Travelled,2023,All owners,1401 - 1600 cc,Petrol,Co. Wexford,All years,Million,38
Kilometres Travelled,2023,All owners,1401 - 1600 cc,Petrol,Co. Wicklow,All years,Million,46
Kilometres Travelled,2023,All owners,1401 - 1600 cc,Diesel,Co. Carlow,All years,Million,175
Kilometres Travelled,2023,All owners,1401 - 1600 cc,Diesel,Co. Cavan,All years,Million,213
Kilometres Travelled,2023,All owners,1401 - 1600 cc,Diesel,Co. Clare,All years,Million,346
Kilometres Travelled,2023,All owners,1401 - 1600 cc,Diesel,Co. Cork,All years,Million,1157
Kilometres Travelled,2023,All owners,1401 - 1600 cc,Diesel,Co. Donegal,All years,Million,385
Kilometres Travelled,2023,All owners,1401 - 1600 cc,Diesel,Co. Dublin,All years,Million,1376
Kilometres Travelled,2023,All owners,1401 - 1600 cc,Diesel,Co. Galway,All years,Million,614
Kilometres Travelled,2023,All owners,1401 - 1600 cc,Diesel,Co. Kerry,All years,Million,411
Kilometres Travelled,2023,All owners,1401 - 1600 cc,Diesel,Co. Kildare,All years,Million,509
Kilometres Travelled,2023,All owners,1401 - 1600 cc,Diesel,Co. Kilkenny,All years,Million,269
Kilometres Travelled,2023,All owners,1401 - 1600 cc,Diesel,Co. Laois,All years,Million,244
Kilometres Travelled,2023,All owners,1401 - 1600 cc,Diesel,Co. Leitrim,All years,Million,95
Kilometres Travelled,2023,All owners,1401 - 1600 cc,Diesel,Co. Limerick,All years,Million,468
Kilometres Travelled,2023,All owners,1401 - 1600 cc,Diesel,Co. Longford,All years,Million,107
Kilometres Travelled,2023,All owners,1401 - 1600 cc,Diesel,Co. Louth,All years,Million,266
Kilometres Travelled,2023,All owners,1401 - 1600 cc,Diesel,Co. Mayo,All years,Million,362
Kilometres Travelled,2023,All owners,1401 - 1600 cc,Diesel,Co. Meath,All years,Million,474
Kilometres Travelled,2023,All owners,1401 - 1600 cc,Diesel,Co. Monaghan,All years,Million,171
Kilometres Travelled,2023,All owners,1401 - 1600 cc,Diesel,Co. Offaly,All years,Million,234
Kilometres Travelled,2023,All owners,1401 - 1600 cc,Diesel,Co. Roscommon,All years,Million,208
Kilometres Travelled,2023,All owners,1401 - 1600 cc,Diesel,Co. Sligo,All years,Million,156
Kilometres Travelled,2023,All owners,1401 - 1600 cc,Diesel,Co. Tipperary,All years,Million,501
Kilometres Travelled,2023,All owners,1401 - 1600 cc,Diesel,Co. Waterford,All years,Million,286
Kilometres Travelled,2023,All owners,1401 - 1600 cc,Diesel,Co. Westmeath,All years,Million,261
Kilometres Travelled,2023,All owners,1401 - 1600 cc,Diesel,Co. Wexford,All years,Million,493
Kilometres Travelled,2023,All owners,1401 - 1600 cc,Diesel,Co. Wicklow,All years,Million,284
Kilometres Travelled,2023,All owners,1401 - 1600 cc,Other fuel types,Co. Carlow,All years,Million,6
Kilometres Travelled,2023,All owners,1401 - 1600 cc,Other fuel types,Co. Cavan,All years,Million,7
Kilometres Travelled,2023,All owners,1401 - 1600 cc,Other fuel types,Co. Clare,All years,Million,15
Kilometres Travelled,2023,All owners,1401 - 1600 cc,Other fuel types,Co. Cork,All years,Million,77
Kilometres Travelled,2023,All owners,1401 - 1600 cc,Other fuel types,Co. Donegal,All years,Million,18
Kilometres Travelled,2023,All owners,1401 - 1600 cc,Other fuel types,Co. Dublin,All years,Million,257
Kilometres Travelled,2023,All owners,1401 - 1600 cc,Other fuel types,Co. Galway,All years,Million,32
Kilometres Travelled,2023,All owners,1401 - 1600 cc,Other fuel types,Co. Kerry,All years,Million,15
Kilometres Travelled,2023,All owners,1401 - 1600 cc,Other fuel types,Co. Kildare,All years,Million,40
Kilometres Travelled,2023,All owners,1401 - 1600 cc,Other fuel types,Co. Kilkenny,All years,Million,12
Kilometres Travelled,2023,All owners,1401 - 1600 cc,Other fuel types,Co. Laois,All years,Million,10
Kilometres Travelled,2023,All owners,1401 - 1600 cc,Other fuel types,Co. Leitrim,All years,Million,3
Kilometres Travelled,2023,All owners,1401 - 1600 cc,Other fuel types,Co. Limerick,All years,Million,24
Kilometres Travelled,2023,All owners,1401 - 1600 cc,Other fuel types,Co. Longford,All years,Million,4
Kilometres Travelled,2023,All owners,1401 - 1600 cc,Other fuel types,Co. Louth,All years,Million,17
Kilometres Travelled,2023,All owners,1401 - 1600 cc,Other fuel types,Co. Mayo,All years,Million,11
Kilometres Travelled,2023,All owners,1401 - 1600 cc,Other fuel types,Co. Meath,All years,Million,29
Kilometres Travelled,2023,All owners,1401 - 1600 cc,Other fuel types,Co. Monaghan,All years,Million,4
Kilometres Travelled,2023,All owners,1401 - 1600 cc,Other fuel types,Co. Offaly,All years,Million,9
Kilometres Travelled,2023,All owners,1401 - 1600 cc,Other fuel types,Co. Roscommon,All years,Million,8
Kilometres Travelled,2023,All owners,1401 - 1600 cc,Other fuel types,Co. Sligo,All years,Million,8
Kilometres Travelled,2023,All owners,1401 - 1600 cc,Other fuel types,Co. Tipperary,All years,Million,18
Kilometres Travelled,2023,All owners,1401 - 1600 cc,Other fuel types,Co. Waterford,All years,Million,14
Kilometres Travelled,2023,All owners,1401 - 1600 cc,Other fuel types,Co. Westmeath,All years,Million,11
Kilometres Travelled,2023,All owners,1401 - 1600 cc,Other fuel types,Co. Wexford,All years,Million,17
Kilometres Travelled,2023,All owners,1401 - 1600 cc,Other fuel types,Co. Wicklow,All years,Million,22
Kilometres Travelled,2023,All owners,1601 - 1800 cc,Petrol,Co. Carlow,All years,Million,3
Kilometres Travelled,2023,All owners,1601 - 1800 cc,Petrol,Co. Cavan,All years,Million,3
Kilometres Travelled,2023,All owners,1601 - 1800 cc,Petrol,Co. Clare,All years,Million,6
Kilometres Travelled,2023,All owners,1601 - 1800 cc,Petrol,Co. Cork,All years,Million,27
Kilometres Travelled,2023,All owners,1601 - 1800 cc,Petrol,Co. Donegal,All years,Million,4
Kilometres Travelled,2023,All owners,1601 - 1800 cc,Petrol,Co. Dublin,All years,Million,82
Kilometres Travelled,2023,All owners,1601 - 1800 cc,Petrol,Co. Galway,All years,Million,12
Kilometres Travelled,2023,All owners,1601 - 1800 cc,Petrol,Co. Kerry,All years,Million,7
Kilometres Travelled,2023,All owners,1601 - 1800 cc,Petrol,Co. Kildare,All years,Million,13
Kilometres Travelled,2023,All owners,1601 - 1800 cc,Petrol,Co. Kilkenny,All years,Million,4
Kilometres Travelled,2023,All owners,1601 - 1800 cc,Petrol,Co. Laois,All years,Million,3
Kilometres Travelled,2023,All owners,1601 - 1800 cc,Petrol,Co. Leitrim,All years,Million,1
Kilometres Travelled,2023,All owners,1601 - 1800 cc,Petrol,Co. Limerick,All years,Million,8
Kilometres Travelled,2023,All owners,1601 - 1800 cc,Petrol,Co. Longford,All years,Million,1
Kilometres Travelled,2023,All owners,1601 - 1800 cc,Petrol,Co. Louth,All years,Million,4
Kilometres Travelled,2023,All owners,1601 - 1800 cc,Petrol,Co. Mayo,All years,Million,5
Kilometres Travelled,2023,All owners,1601 - 1800 cc,Petrol,Co. Meath,All years,Million,11
Kilometres Travelled,2023,All owners,1601 - 1800 cc,Petrol,Co. Monaghan,All years,Million,1
Kilometres Travelled,2023,All owners,1601 - 1800 cc,Petrol,Co. Offaly,All years,Million,3
Kilometres Travelled,2023,All owners,1601 - 1800 cc,Petrol,Co. Roscommon,All years,Million,4
Kilometres Travelled,2023,All owners,1601 - 1800 cc,Petrol,Co. Sligo,All years,Million,2
Kilometres Travelled,2023,All owners,1601 - 1800 cc,Petrol,Co. Tipperary,All years,Million,7
Kilometres Travelled,2023,All owners,1601 - 1800 cc,Petrol,Co. Waterford,All years,Million,5
Kilometres Travelled,2023,All owners,1601 - 1800 cc,Petrol,Co. Westmeath,All years,Million,3
Kilometres Travelled,2023,All owners,1601 - 1800 cc,Petrol,Co. Wexford,All years,Million,7
Kilometres Travelled,2023,All owners,1601 - 1800 cc,Petrol,Co. Wicklow,All years,Million,10
Kilometres Travelled,2023,All owners,1601 - 1800 cc,Diesel,Co. Carlow,All years,Million,24
Kilometres Travelled,2023,All owners,1601 - 1800 cc,Diesel,Co. Cavan,All years,Million,27
Kilometres Travelled,2023,All owners,1601 - 1800 cc,Diesel,Co. Clare,All years,Million,51
Kilometres Travelled,2023,All owners,1601 - 1800 cc,Diesel,Co. Cork,All years,Million,195
Kilometres Travelled,2023,All owners,1601 - 1800 cc,Diesel,Co. Donegal,All years,Million,65
Kilometres Travelled,2023,All owners,1601 - 1800 cc,Diesel,Co. Dublin,All years,Million,217
Kilometres Travelled,2023,All owners,1601 - 1800 cc,Diesel,Co. Galway,All years,Million,104
Kilometres Travelled,2023,All owners,1601 - 1800 cc,Diesel,Co. Kerry,All years,Million,74
Kilometres Travelled,2023,All owners,1601 - 1800 cc,Diesel,Co. Kildare,All years,Million,89
Kilometres Travelled,2023,All owners,1601 - 1800 cc,Diesel,Co. Kilkenny,All years,Million,41
Kilometres Travelled,2023,All owners,1601 - 1800 cc,Diesel,Co. Laois,All years,Million,37
Kilometres Travelled,2023,All owners,1601 - 1800 cc,Diesel,Co. Leitrim,All years,Million,14
Kilometres Travelled,2023,All owners,1601 - 1800 cc,Diesel,Co. Limerick,All years,Million,70
Kilometres Travelled,2023,All owners,1601 - 1800 cc,Diesel,Co. Longford,All years,Million,19
Kilometres Travelled,2023,All owners,1601 - 1800 cc,Diesel,Co. Louth,All years,Million,37
Kilometres Travelled,2023,All owners,1601 - 1800 cc,Diesel,Co. Mayo,All years,Million,55
Kilometres Travelled,2023,All owners,1601 - 1800 cc,Diesel,Co. Meath,All years,Million,73
Kilometres Travelled,2023,All owners,1601 - 1800 cc,Diesel,Co. Monaghan,All years,Million,25
Kilometres Travelled,2023,All owners,1601 - 1800 cc,Diesel,Co. Offaly,All years,Million,35
Kilometres Travelled,2023,All owners,1601 - 1800 cc,Diesel,Co. Roscommon,All years,Million,29
Kilometres Travelled,2023,All owners,1601 - 1800 cc,Diesel,Co. Sligo,All years,Million,27
Kilometres Travelled,2023,All owners,1601 - 1800 cc,Diesel,Co. Tipperary,All years,Million,70
Kilometres Travelled,2023,All owners,1601 - 1800 cc,Diesel,Co. Waterford,All years,Million,36
Kilometres Travelled,2023,All owners,1601 - 1800 cc,Diesel,Co. Westmeath,All years,Million,40
Kilometres Travelled,2023,All owners,1601 - 1800 cc,Diesel,Co. Wexford,All years,Million,66
Kilometres Travelled,2023,All owners,1601 - 1800 cc,Diesel,Co. Wicklow,All years,Million,49
Kilometres Travelled,2023,All owners,1601 - 1800 cc,Other fuel types,Co. Carlow,All years,Million,6
Kilometres Travelled,2023,All owners,1601 - 1800 cc,Other fuel types,Co. Cavan,All years,Million,9
Kilometres Travelled,2023,All owners,1601 - 1800 cc,Other fuel types,Co. Clare,All years,Million,13
Kilometres Travelled,2023,All owners,1601 - 1800 cc,Other fuel types,Co. Cork,All years,Million,71
Kilometres Travelled,2023,All owners,1601 - 1800 cc,Other fuel types,Co. Donegal,All years,Million,16
Kilometres Travelled,2023,All owners,1601 - 1800 cc,Other fuel types,Co. Dublin,All years,Million,226
Kilometres Travelled,2023,All owners,1601 - 1800 cc,Other fuel types,Co. Galway,All years,Million,36
Kilometres Travelled,2023,All owners,1601 - 1800 cc,Other fuel types,Co. Kerry,All years,Million,15
Kilometres Travelled,2023,All owners,1601 - 1800 cc,Other fuel types,Co. Kildare,All years,Million,34
Kilometres Travelled,2023,All owners,1601 - 1800 cc,Other fuel types,Co. Kilkenny,All years,Million,11
Kilometres Travelled,2023,All owners,1601 - 1800 cc,Other fuel types,Co. Laois,All years,Million,7
Kilometres Travelled,2023,All owners,1601 - 1800 cc,Other fuel types,Co. Leitrim,All years,Million,3
Kilometres Travelled,2023,All owners,1601 - 1800 cc,Other fuel types,Co. Limerick,All years,Million,22
Kilometres Travelled,2023,All owners,1601 - 1800 cc,Other fuel types,Co. Longford,All years,Million,4
Kilometres Travelled,2023,All owners,1601 - 1800 cc,Other fuel types,Co. Louth,All years,Million,15
Kilometres Travelled,2023,All owners,1601 - 1800 cc,Other fuel types,Co. Mayo,All years,Million,13
Kilometres Travelled,2023,All owners,1601 - 1800 cc,Other fuel types,Co. Meath,All years,Million,30
Kilometres Travelled,2023,All owners,1601 - 1800 cc,Other fuel types,Co. Monaghan,All years,Million,4
Kilometres Travelled,2023,All owners,1601 - 1800 cc,Other fuel types,Co. Offaly,All years,Million,9
Kilometres Travelled,2023,All owners,1601 - 1800 cc,Other fuel types,Co. Roscommon,All years,Million,11
Kilometres Travelled,2023,All owners,1601 - 1800 cc,Other fuel types,Co. Sligo,All years,Million,7
Kilometres Travelled,2023,All owners,1601 - 1800 cc,Other fuel types,Co. Tipperary,All years,Million,17
Kilometres Travelled,2023,All owners,1601 - 1800 cc,Other fuel types,Co. Waterford,All years,Million,12
Kilometres Travelled,2023,All owners,1601 - 1800 cc,Other fuel types,Co. Westmeath,All years,Million,12
Kilometres Travelled,2023,All owners,1601 - 1800 cc,Other fuel types,Co. Wexford,All years,Million,17
Kilometres Travelled,2023,All owners,1601 - 1800 cc,Other fuel types,Co. Wicklow,All years,Million,17
Kilometres Travelled,2023,All owners,1801 - 2000 cc,Petrol,Co. Carlow,All years,Million,3
Kilometres Travelled,2023,All owners,1801 - 2000 cc,Petrol,Co. Cavan,All years,Million,3
Kilometres Travelled,2023,All owners,1801 - 2000 cc,Petrol,Co. Clare,All years,Million,7
Kilometres Travelled,2023,All owners,1801 - 2000 cc,Petrol,Co. Cork,All years,Million,40
Kilometres Travelled,2023,All owners,1801 - 2000 cc,Petrol,Co. Donegal,All years,Million,6
Kilometres Travelled,2023,All owners,1801 - 2000 cc,Petrol,Co. Dublin,All years,Million,104
Kilometres Travelled,2023,All owners,1801 - 2000 cc,Petrol,Co. Galway,All years,Million,14
Kilometres Travelled,2023,All owners,1801 - 2000 cc,Petrol,Co. Kerry,All years,Million,8
Kilometres Travelled,2023,All owners,1801 - 2000 cc,Petrol,Co. Kildare,All years,Million,17
Kilometres Travelled,2023,All owners,1801 - 2000 cc,Petrol,Co. Kilkenny,All years,Million,4
Kilometres Travelled,2023,All owners,1801 - 2000 cc,Petrol,Co. Laois,All years,Million,4
Kilometres Travelled,2023,All owners,1801 - 2000 cc,Petrol,Co. Leitrim,All years,Million,1
Kilometres Travelled,2023,All owners,1801 - 2000 cc,Petrol,Co. Limerick,All years,Million,9
Kilometres Travelled,2023,All owners,1801 - 2000 cc,Petrol,Co. Longford,All years,Million,2
Kilometres Travelled,2023,All owners,1801 - 2000 cc,Petrol,Co. Louth,All years,Million,7
Kilometres Travelled,2023,All owners,1801 - 2000 cc,Petrol,Co. Mayo,All years,Million,5
Kilometres Travelled,2023,All owners,1801 - 2000 cc,Petrol,Co. Meath,All years,Million,13
Kilometres Travelled,2023,All owners,1801 - 2000 cc,Petrol,Co. Monaghan,All years,Million,2
Kilometres Travelled,2023,All owners,1801 - 2000 cc,Petrol,Co. Offaly,All years,Million,3
Kilometres Travelled,2023,All owners,1801 - 2000 cc,Petrol,Co. Roscommon,All years,Million,2
Kilometres Travelled,2023,All owners,1801 - 2000 cc,Petrol,Co. Sligo,All years,Million,3
Kilometres Travelled,2023,All owners,1801 - 2000 cc,Petrol,Co. Tipperary,All years,Million,8
Kilometres Travelled,2023,All owners,1801 - 2000 cc,Petrol,Co. Waterford,All years,Million,8
Kilometres Travelled,2023,All owners,1801 - 2000 cc,Petrol,Co. Westmeath,All years,Million,4
Kilometres Travelled,2023,All owners,1801 - 2000 cc,Petrol,Co. Wexford,All years,Million,8
Kilometres Travelled,2023,All owners,1801 - 2000 cc,Petrol,Co. Wicklow,All years,Million,14
Kilometres Travelled,2023,All owners,1801 - 2000 cc,Diesel,Co. Carlow,All years,Million,140
Kilometres Travelled,2023,All owners,1801 - 2000 cc,Diesel,Co. Cavan,All years,Million,185
Kilometres Travelled,2023,All owners,1801 - 2000 cc,Diesel,Co. Clare,All years,Million,258
Kilometres Travelled,2023,All owners,1801 - 2000 cc,Diesel,Co. Cork,All years,Million,936
Kilometres Travelled,2023,All owners,1801 - 2000 cc,Diesel,Co. Donegal,All years,Million,333
Kilometres Travelled,2023,All owners,1801 - 2000 cc,Diesel,Co. Dublin,All years,Million,1398
Kilometres Travelled,2023,All owners,1801 - 2000 cc,Diesel,Co. Galway,All years,Million,591
Kilometres Travelled,2023,All owners,1801 - 2000 cc,Diesel,Co. Kerry,All years,Million,300
Kilometres Travelled,2023,All owners,1801 - 2000 cc,Diesel,Co. Kildare,All years,Million,423
Kilometres Travelled,2023,All owners,1801 - 2000 cc,Diesel,Co. Kilkenny,All years,Million,207
Kilometres Travelled,2023,All owners,1801 - 2000 cc,Diesel,Co. Laois,All years,Million,181
Kilometres Travelled,2023,All owners,1801 - 2000 cc,Diesel,Co. Leitrim,All years,Million,92
Kilometres Travelled,2023,All owners,1801 - 2000 cc,Diesel,Co. Limerick,All years,Million,368
Kilometres Travelled,2023,All owners,1801 - 2000 cc,Diesel,Co. Longford,All years,Million,107
Kilometres Travelled,2023,All owners,1801 - 2000 cc,Diesel,Co. Louth,All years,Million,209
Kilometres Travelled,2023,All owners,1801 - 2000 cc,Diesel,Co. Mayo,All years,Million,342
Kilometres Travelled,2023,All owners,1801 - 2000 cc,Diesel,Co. Meath,All years,Million,401
Kilometres Travelled,2023,All owners,1801 - 2000 cc,Diesel,Co. Monaghan,All years,Million,153
Kilometres Travelled,2023,All owners,1801 - 2000 cc,Diesel,Co. Offaly,All years,Million,176
Kilometres Travelled,2023,All owners,1801 - 2000 cc,Diesel,Co. Roscommon,All years,Million,186
Kilometres Travelled,2023,All owners,1801 - 2000 cc,Diesel,Co. Sligo,All years,Million,146
Kilometres Travelled,2023,All owners,1801 - 2000 cc,Diesel,Co. Tipperary,All years,Million,413
Kilometres Travelled,2023,All owners,1801 - 2000 cc,Diesel,Co. Waterford,All years,Million,213
Kilometres Travelled,2023,All owners,1801 - 2000 cc,Diesel,Co. Westmeath,All years,Million,217
Kilometres Travelled,2023,All owners,1801 - 2000 cc,Diesel,Co. Wexford,All years,Million,338
Kilometres Travelled,2023,All owners,1801 - 2000 cc,Diesel,Co. Wicklow,All years,Million,238
Kilometres Travelled,2023,All owners,1801 - 2000 cc,Other fuel types,Co. Carlow,All years,Million,3
Kilometres Travelled,2023,All owners,1801 - 2000 cc,Other fuel types,Co. Cavan,All years,Million,3
Kilometres Travelled,2023,All owners,1801 - 2000 cc,Other fuel types,Co. Clare,All years,Million,6
Kilometres Travelled,2023,All owners,1801 - 2000 cc,Other fuel types,Co. Cork,All years,Million,38
Kilometres Travelled,2023,All owners,1801 - 2000 cc,Other fuel types,Co. Donegal,All years,Million,6
Kilometres Travelled,2023,All owners,1801 - 2000 cc,Other fuel types,Co. Dublin,All years,Million,153
Kilometres Travelled,2023,All owners,1801 - 2000 cc,Other fuel types,Co. Galway,All years,Million,16
Kilometres Travelled,2023,All owners,1801 - 2000 cc,Other fuel types,Co. Kerry,All years,Million,6
Kilometres Travelled,2023,All owners,1801 - 2000 cc,Other fuel types,Co. Kildare,All years,Million,21
Kilometres Travelled,2023,All owners,1801 - 2000 cc,Other fuel types,Co. Kilkenny,All years,Million,4
Kilometres Travelled,2023,All owners,1801 - 2000 cc,Other fuel types,Co. Laois,All years,Million,4
Kilometres Travelled,2023,All owners,1801 - 2000 cc,Other fuel types,Co. Leitrim,All years,Million,1
Kilometres Travelled,2023,All owners,1801 - 2000 cc,Other fuel types,Co. Limerick,All years,Million,9
Kilometres Travelled,2023,All owners,1801 - 2000 cc,Other fuel types,Co. Longford,All years,Million,2
Kilometres Travelled,2023,All owners,1801 - 2000 cc,Other fuel types,Co. Louth,All years,Million,7
Kilometres Travelled,2023,All owners,1801 - 2000 cc,Other fuel types,Co. Mayo,All years,Million,4
Kilometres Travelled,2023,All owners,1801 - 2000 cc,Other fuel types,Co. Meath,All years,Million,16
Kilometres Travelled,2023,All owners,1801 - 2000 cc,Other fuel types,Co. Monaghan,All years,Million,2
Kilometres Travelled,2023,All owners,1801 - 2000 cc,Other fuel types,Co. Offaly,All years,Million,3
Kilometres Travelled,2023,All owners,1801 - 2000 cc,Other fuel types,Co. Roscommon,All years,Million,2
Kilometres Travelled,2023,All owners,1801 - 2000 cc,Other fuel types,Co. Sligo,All years,Million,2
Kilometres Travelled,2023,All owners,1801 - 2000 cc,Other fuel types,Co. Tipperary,All years,Million,6
Kilometres Travelled,2023,All owners,1801 - 2000 cc,Other fuel types,Co. Waterford,All years,Million,7
Kilometres Travelled,2023,All owners,1801 - 2000 cc,Other fuel types,Co. Westmeath,All years,Million,4
Kilometres Travelled,2023,All owners,1801 - 2000 cc,Other fuel types,Co. Wexford,All years,Million,7
Kilometres Travelled,2023,All owners,1801 - 2000 cc,Other fuel types,Co. Wicklow,All years,Million,12
Kilometres Travelled,2023,All owners,Over 2000 cc,Petrol,Co. Carlow,All years,Million,1
Kilometres Travelled,2023,All owners,Over 2000 cc,Petrol,Co. Cavan,All years,Million,1
Kilometres Travelled,2023,All owners,Over 2000 cc,Petrol,Co. Clare,All years,Million,1
Kilometres Travelled,2023,All owners,Over 2000 cc,Petrol,Co. Cork,All years,Million,8
Kilometres Travelled,2023,All owners,Over 2000 cc,Petrol,Co. Donegal,All years,Million,1
Kilometres Travelled,2023,All owners,Over 2000 cc,Petrol,Co. Dublin,All years,Million,33
Kilometres Travelled,2023,All owners,Over 2000 cc,Petrol,Co. Galway,All years,Million,3
Kilometres Travelled,2023,All owners,Over 2000 cc,Petrol,Co. Kerry,All years,Million,2
Kilometres Travelled,2023,All owners,Over 2000 cc,Petrol,Co. Kildare,All years,Million,4
Kilometres Travelled,2023,All owners,Over 2000 cc,Petrol,Co. Kilkenny,All years,Million,1
Kilometres Travelled,2023,All owners,Over 2000 cc,Petrol,Co. Laois,All years,Million,1
Kilometres Travelled,2023,All owners,Over 2000 cc,Petrol,Co. Leitrim,All years,Million,0
Kilometres Travelled,2023,All owners,Over 2000 cc,Petrol,Co. Limerick,All years,Million,2
Kilometres Travelled,2023,All owners,Over 2000 cc,Petrol,Co. Longford,All years,Million,0
Kilometres Travelled,2023,All owners,Over 2000 cc,Petrol,Co. Louth,All years,Million,2
Kilometres Travelled,2023,All owners,Over 2000 cc,Petrol,Co. Mayo,All years,Million,1
Kilometres Travelled,2023,All owners,Over 2000 cc,Petrol,Co. Meath,All years,Million,3
Kilometres Travelled,2023,All owners,Over 2000 cc,Petrol,Co. Monaghan,All years,Million,1
Kilometres Travelled,2023,All owners,Over 2000 cc,Petrol,Co. Offaly,All years,Million,1
Kilometres Travelled,2023,All owners,Over 2000 cc,Petrol,Co. Roscommon,All years,Million,1
Kilometres Travelled,2023,All owners,Over 2000 cc,Petrol,Co. Sligo,All years,Million,0
Kilometres Travelled,2023,All owners,Over 2000 cc,Petrol,Co. Tipperary,All years,Million,1
Kilometres Travelled,2023,All owners,Over 2000 cc,Petrol,Co. Waterford,All years,Million,1
Kilometres Travelled,2023,All owners,Over 2000 cc,Petrol,Co. Westmeath,All years,Million,1
Kilometres Travelled,2023,All owners,Over 2000 cc,Petrol,Co. Wexford,All years,Million,2
Kilometres Travelled,2023,All owners,Over 2000 cc,Petrol,Co. Wicklow,All years,Million,4
Kilometres Travelled,2023,All owners,Over 2000 cc,Diesel,Co. Carlow,All years,Million,27
Kilometres Travelled,2023,All owners,Over 2000 cc,Diesel,Co. Cavan,All years,Million,29
Kilometres Travelled,2023,All owners,Over 2000 cc,Diesel,Co. Clare,All years,Million,44
Kilometres Travelled,2023,All owners,Over 2000 cc,Diesel,Co. Cork,All years,Million,184
Kilometres Travelled,2023,All owners,Over 2000 cc,Diesel,Co. Donegal,All years,Million,43
Kilometres Travelled,2023,All owners,Over 2000 cc,Diesel,Co. Dublin,All years,Million,342
Kilometres Travelled,2023,All owners,Over 2000 cc,Diesel,Co. Galway,All years,Million,97
Kilometres Travelled,2023,All owners,Over 2000 cc,Diesel,Co. Kerry,All years,Million,55
Kilometres Travelled,2023,All owners,Over 2000 cc,Diesel,Co. Kildare,All years,Million,105
Kilometres Travelled,2023,All owners,Over 2000 cc,Diesel,Co. Kilkenny,All years,Million,44
Kilometres Travelled,2023,All owners,Over 2000 cc,Diesel,Co. Laois,All years,Million,37
Kilometres Travelled,2023,All owners,Over 2000 cc,Diesel,Co. Leitrim,All years,Million,11
Kilometres Travelled,2023,All owners,Over 2000 cc,Diesel,Co. Limerick,All years,Million,70
Kilometres Travelled,2023,All owners,Over 2000 cc,Diesel,Co. Longford,All years,Million,16
Kilometres Travelled,2023,All owners,Over 2000 cc,Diesel,Co. Louth,All years,Million,43
Kilometres Travelled,2023,All owners,Over 2000 cc,Diesel,Co. Mayo,All years,Million,49
Kilometres Travelled,2023,All owners,Over 2000 cc,Diesel,Co. Meath,All years,Million,99
Kilometres Travelled,2023,All owners,Over 2000 cc,Diesel,Co. Monaghan,All years,Million,23
Kilometres Travelled,2023,All owners,Over 2000 cc,Diesel,Co. Offaly,All years,Million,31
Kilometres Travelled,2023,All owners,Over 2000 cc,Diesel,Co. Roscommon,All years,Million,25
Kilometres Travelled,2023,All owners,Over 2000 cc,Diesel,Co. Sligo,All years,Million,20
Kilometres Travelled,2023,All owners,Over 2000 cc,Diesel,Co. Tipperary,All years,Million,73
Kilometres Travelled,2023,All owners,Over 2000 cc,Diesel,Co. Waterford,All years,Million,45
Kilometres Travelled,2023,All owners,Over 2000 cc,Diesel,Co. Westmeath,All years,Million,36
Kilometres Travelled,2023,All owners,Over 2000 cc,Diesel,Co. Wexford,All years,Million,73
Kilometres Travelled,2023,All owners,Over 2000 cc,Diesel,Co. Wicklow,All years,Million,65
Kilometres Travelled,2023,All owners,Over 2000 cc,Other fuel types,Co. Carlow,All years,Million,3
Kilometres Travelled,2023,All owners,Over 2000 cc,Other fuel types,Co. Cavan,All years,Million,5
Kilometres Travelled,2023,All owners,Over 2000 cc,Other fuel types,Co. Clare,All years,Million,7
Kilometres Travelled,2023,All owners,Over 2000 cc,Other fuel types,Co. Cork,All years,Million,48
Kilometres Travelled,2023,All owners,Over 2000 cc,Other fuel types,Co. Donegal,All years,Million,8
Kilometres Travelled,2023,All owners,Over 2000 cc,Other fuel types,Co. Dublin,All years,Million,156
Kilometres Travelled,2023,All owners,Over 2000 cc,Other fuel types,Co. Galway,All years,Million,24
Kilometres Travelled,2023,All owners,Over 2000 cc,Other fuel types,Co. Kerry,All years,Million,9
Kilometres Travelled,2023,All owners,Over 2000 cc,Other fuel types,Co. Kildare,All years,Million,22
Kilometres Travelled,2023,All owners,Over 2000 cc,Other fuel types,Co. Kilkenny,All years,Million,5
Kilometres Travelled,2023,All owners,Over 2000 cc,Other fuel types,Co. Laois,All years,Million,4
Kilometres Travelled,2023,All owners,Over 2000 cc,Other fuel types,Co. Leitrim,All years,Million,1
Kilometres Travelled,2023,All owners,Over 2000 cc,Other fuel types,Co. Limerick,All years,Million,12
Kilometres Travelled,2023,All owners,Over 2000 cc,Other fuel types,Co. Longford,All years,Million,3
Kilometres Travelled,2023,All owners,Over 2000 cc,Other fuel types,Co. Louth,All years,Million,9
Kilometres Travelled,2023,All owners,Over 2000 cc,Other fuel types,Co. Mayo,All years,Million,8
Kilometres Travelled,2023,All owners,Over 2000 cc,Other fuel types,Co. Meath,All years,Million,20
Kilometres Travelled,2023,All owners,Over 2000 cc,Other fuel types,Co. Monaghan,All years,Million,3
Kilometres Travelled,2023,All owners,Over 2000 cc,Other fuel types,Co. Offaly,All years,Million,5
Kilometres Travelled,2023,All owners,Over 2000 cc,Other fuel types,Co. Roscommon,All years,Million,5
Kilometres Travelled,2023,All owners,Over 2000 cc,Other fuel types,Co. Sligo,All years,Million,3
Kilometres Travelled,2023,All owners,Over 2000 cc,Other fuel types,Co. Tipperary,All years,Million,10
Kilometres Travelled,2023,All owners,Over 2000 cc,Other fuel types,Co. Waterford,All years,Million,7
Kilometres Travelled,2023,All owners,Over 2000 cc,Other fuel types,Co. Westmeath,All years,Million,6
Kilometres Travelled,2023,All owners,Over 2000 cc,Other fuel types,Co. Wexford,All years,Million,8
Kilometres Travelled,2023,All owners,Over 2000 cc,Other fuel types,Co. Wicklow,All years,Million,14
Average Kilometres Travelled,2018,All owners,Up to 1000 cc,Petrol,Co. Carlow,All years,Kilometres,12719
Average Kilometres Travelled,2018,All owners,Up to 1000 cc,Petrol,Co. Cavan,All years,Kilometres,13436
Average Kilometres Travelled,2018,All owners,Up to 1000 cc,Petrol,Co. Clare,All years,Kilometres,13144
Average Kilometres Travelled,2018,All owners,Up to 1000 cc,Petrol,Co. Cork,All years,Kilometres,12379
Average Kilometres Travelled,2018,All owners,Up to 1000 cc,Petrol,Co. Donegal,All years,Kilometres,12989
Average Kilometres Travelled,2018,All owners,Up to 1000 cc,Petrol,Co. Dublin,All years,Kilometres,10555
Average Kilometres Travelled,2018,All owners,Up to 1000 cc,Petrol,Co. Galway,All years,Kilometres,12593
Average Kilometres Travelled,2018,All owners,Up to 1000 cc,Petrol,Co. Kerry,All years,Kilometres,13261
Average Kilometres Travelled,2018,All owners,Up to 1000 cc,Petrol,Co. Kildare,All years,Kilometres,12931
Average Kilometres Travelled,2018,All owners,Up to 1000 cc,Petrol,Co. Kilkenny,All years,Kilometres,12669
Average Kilometres Travelled,2018,All owners,Up to 1000 cc,Petrol,Co. Laois,All years,Kilometres,13424
Average Kilometres Travelled,2018,All owners,Up to 1000 cc,Petrol,Co. Leitrim,All years,Kilometres,13709
Average Kilometres Travelled,2018,All owners,Up to 1000 cc,Petrol,Co. Limerick,All years,Kilometres,12845
Average Kilometres Travelled,2018,All owners,Up to 1000 cc,Petrol,Co. Longford,All years,Kilometres,13519
Average Kilometres Travelled,2018,All owners,Up to 1000 cc,Petrol,Co. Louth,All years,Kilometres,12756
Average Kilometres Travelled,2018,All owners,Up to 1000 cc,Petrol,Co. Mayo,All years,Kilometres,13531
Average Kilometres Travelled,2018,All owners,Up to 1000 cc,Petrol,Co. Meath,All years,Kilometres,13239
Average Kilometres Travelled,2018,All owners,Up to 1000 cc,Petrol,Co. Monaghan,All years,Kilometres,12811
Average Kilometres Travelled,2018,All owners,Up to 1000 cc,Petrol,Co. Offaly,All years,Kilometres,13297
Average Kilometres Travelled,2018,All owners,Up to 1000 cc,Petrol,Co. Roscommon,All years,Kilometres,15617
Average Kilometres Travelled,2018,All owners,Up to 1000 cc,Petrol,Co. Sligo,All years,Kilometres,12524
Average Kilometres Travelled,2018,All owners,Up to 1000 cc,Petrol,Co. Tipperary,All years,Kilometres,13405
Average Kilometres Travelled,2018,All owners,Up to 1000 cc,Petrol,Co. Waterford,All years,Kilometres,12587
Average Kilometres Travelled,2018,All owners,Up to 1000 cc,Petrol,Co. Westmeath,All years,Kilometres,13150
Average Kilometres Travelled,2018,All owners,Up to 1000 cc,Petrol,Co. Wexford,All years,Kilometres,13278
Average Kilometres Travelled,2018,All owners,Up to 1000 cc,Petrol,Co. Wicklow,All years,Kilometres,12967
Average Kilometres Travelled,2018,All owners,Up to 1000 cc,Diesel,Co. Carlow,All years,Kilometres,20052
Average Kilometres Travelled,2018,All owners,Up to 1000 cc,Diesel,Co. Cavan,All years,Kilometres,5205
Average Kilometres Travelled,2018,All owners,Up to 1000 cc,Diesel,Co. Clare,All years,Kilometres,19262
Average Kilometres Travelled,2018,All owners,Up to 1000 cc,Diesel,Co. Cork,All years,Kilometres,16167
Average Kilometres Travelled,2018,All owners,Up to 1000 cc,Diesel,Co. Donegal,All years,Kilometres,20871
Average Kilometres Travelled,2018,All owners,Up to 1000 cc,Diesel,Co. Dublin,All years,Kilometres,19894
Average Kilometres Travelled,2018,All owners,Up to 1000 cc,Diesel,Co. Galway,All years,Kilometres,20130
Average Kilometres Travelled,2018,All owners,Up to 1000 cc,Diesel,Co. Kerry,All years,Kilometres,21351
Average Kilometres Travelled,2018,All owners,Up to 1000 cc,Diesel,Co. Kildare,All years,Kilometres,17391
Average Kilometres Travelled,2018,All owners,Up to 1000 cc,Diesel,Co. Kilkenny,All years,Kilometres,22253
Average Kilometres Travelled,2018,All owners,Up to 1000 cc,Diesel,Co. Laois,All years,Kilometres,8227
Average Kilometres Travelled,2018,All owners,Up to 1000 cc,Diesel,Co. Leitrim,All years,Kilometres,0
Average Kilometres Travelled,2018,All owners,Up to 1000 cc,Diesel,Co. Limerick,All years,Kilometres,17619
Average Kilometres Travelled,2018,All owners,Up to 1000 cc,Diesel,Co. Longford,All years,Kilometres,18637
Average Kilometres Travelled,2018,All owners,Up to 1000 cc,Diesel,Co. Louth,All years,Kilometres,21379
Average Kilometres Travelled,2018,All owners,Up to 1000 cc,Diesel,Co. Mayo,All years,Kilometres,21222
Average Kilometres Travelled,2018,All owners,Up to 1000 cc,Diesel,Co. Meath,All years,Kilometres,23472
Average Kilometres Travelled,2018,All owners,Up to 1000 cc,Diesel,Co. Monaghan,All years,Kilometres,24860
Average Kilometres Travelled,2018,All owners,Up to 1000 cc,Diesel,Co. Offaly,All years,Kilometres,12572
Average Kilometres Travelled,2018,All owners,Up to 1000 cc,Diesel,Co. Roscommon,All years,Kilometres,0
Average Kilometres Travelled,2018,All owners,Up to 1000 cc,Diesel,Co. Sligo,All years,Kilometres,14065
Average Kilometres Travelled,2018,All owners,Up to 1000 cc,Diesel,Co. Tipperary,All years,Kilometres,25626
Average Kilometres Travelled,2018,All owners,Up to 1000 cc,Diesel,Co. Waterford,All years,Kilometres,21347
Average Kilometres Travelled,2018,All owners,Up to 1000 cc,Diesel,Co. Westmeath,All years,Kilometres,20528
Average Kilometres Travelled,2018,All owners,Up to 1000 cc,Diesel,Co. Wexford,All years,Kilometres,20112
Average Kilometres Travelled,2018,All owners,Up to 1000 cc,Diesel,Co. Wicklow,All years,Kilometres,13829
Average Kilometres Travelled,2018,All owners,Up to 1000 cc,Other fuel types,Co. Carlow,All years,Kilometres,14204
Average Kilometres Travelled,2018,All owners,Up to 1000 cc,Other fuel types,Co. Cavan,All years,Kilometres,14735
Average Kilometres Travelled,2018,All owners,Up to 1000 cc,Other fuel types,Co. Clare,All years,Kilometres,13689
Average Kilometres Travelled,2018,All owners,Up to 1000 cc,Other fuel types,Co. Cork,All years,Kilometres,13646
Average Kilometres Travelled,2018,All owners,Up to 1000 cc,Other fuel types,Co. Donegal,All years,Kilometres,14115
Average Kilometres Travelled,2018,All owners,Up to 1000 cc,Other fuel types,Co. Dublin,All years,Kilometres,13296
Average Kilometres Travelled,2018,All owners,Up to 1000 cc,Other fuel types,Co. Galway,All years,Kilometres,13869
Average Kilometres Travelled,2018,All owners,Up to 1000 cc,Other fuel types,Co. Kerry,All years,Kilometres,13939
Average Kilometres Travelled,2018,All owners,Up to 1000 cc,Other fuel types,Co. Kildare,All years,Kilometres,13888
Average Kilometres Travelled,2018,All owners,Up to 1000 cc,Other fuel types,Co. Kilkenny,All years,Kilometres,13546
Average Kilometres Travelled,2018,All owners,Up to 1000 cc,Other fuel types,Co. Laois,All years,Kilometres,13842
Average Kilometres Travelled,2018,All owners,Up to 1000 cc,Other fuel types,Co. Leitrim,All years,Kilometres,13145
Average Kilometres Travelled,2018,All owners,Up to 1000 cc,Other fuel types,Co. Limerick,All years,Kilometres,13287
Average Kilometres Travelled,2018,All owners,Up to 1000 cc,Other fuel types,Co. Longford,All years,Kilometres,14403
Average Kilometres Travelled,2018,All owners,Up to 1000 cc,Other fuel types,Co. Louth,All years,Kilometres,13674
Average Kilometres Travelled,2018,All owners,Up to 1000 cc,Other fuel types,Co. Mayo,All years,Kilometres,13662
Average Kilometres Travelled,2018,All owners,Up to 1000 cc,Other fuel types,Co. Meath,All years,Kilometres,14079
Average Kilometres Travelled,2018,All owners,Up to 1000 cc,Other fuel types,Co. Monaghan,All years,Kilometres,14053
Average Kilometres Travelled,2018,All owners,Up to 1000 cc,Other fuel types,Co. Offaly,All years,Kilometres,12561
Average Kilometres Travelled,2018,All owners,Up to 1000 cc,Other fuel types,Co. Roscommon,All years,Kilometres,13138
Average Kilometres Travelled,2018,All owners,Up to 1000 cc,Other fuel types,Co. Sligo,All years,Kilometres,12931
Average Kilometres Travelled,2018,All owners,Up to 1000 cc,Other fuel types,Co. Tipperary,All years,Kilometres,14201
Average Kilometres Travelled,2018,All owners,Up to 1000 cc,Other fuel types,Co. Waterford,All years,Kilometres,12998
Average Kilometres Travelled,2018,All owners,Up to 1000 cc,Other fuel types,Co. Westmeath,All years,Kilometres,14198
Average Kilometres Travelled,2018,All owners,Up to 1000 cc,Other fuel types,Co. Wexford,All years,Kilometres,13948
Average Kilometres Travelled,2018,All owners,Up to 1000 cc,Other fuel types,Co. Wicklow,All years,Kilometres,14124
Average Kilometres Travelled,2018,All owners,1001 - 1200 cc,Petrol,Co. Carlow,All years,Kilometres,13280
Average Kilometres Travelled,2018,All owners,1001 - 1200 cc,Petrol,Co. Cavan,All years,Kilometres,14586
Average Kilometres Travelled,2018,All owners,1001 - 1200 cc,Petrol,Co. Clare,All years,Kilometres,14092
Average Kilometres Travelled,2018,All owners,1001 - 1200 cc,Petrol,Co. Cork,All years,Kilometres,12687
Average Kilometres Travelled,2018,All owners,1001 - 1200 cc,Petrol,Co. Donegal,All years,Kilometres,13377
Average Kilometres Travelled,2018,All owners,1001 - 1200 cc,Petrol,Co. Dublin,All years,Kilometres,10828
Average Kilometres Travelled,2018,All owners,1001 - 1200 cc,Petrol,Co. Galway,All years,Kilometres,13393
Average Kilometres Travelled,2018,All owners,1001 - 1200 cc,Petrol,Co. Kerry,All years,Kilometres,14176
Average Kilometres Travelled,2018,All owners,1001 - 1200 cc,Petrol,Co. Kildare,All years,Kilometres,13198
Average Kilometres Travelled,2018,All owners,1001 - 1200 cc,Petrol,Co. Kilkenny,All years,Kilometres,12981
Average Kilometres Travelled,2018,All owners,1001 - 1200 cc,Petrol,Co. Laois,All years,Kilometres,14114
Average Kilometres Travelled,2018,All owners,1001 - 1200 cc,Petrol,Co. Leitrim,All years,Kilometres,14497
Average Kilometres Travelled,2018,All owners,1001 - 1200 cc,Petrol,Co. Limerick,All years,Kilometres,13284
Average Kilometres Travelled,2018,All owners,1001 - 1200 cc,Petrol,Co. Longford,All years,Kilometres,13682
Average Kilometres Travelled,2018,All owners,1001 - 1200 cc,Petrol,Co. Louth,All years,Kilometres,12845
Average Kilometres Travelled,2018,All owners,1001 - 1200 cc,Petrol,Co. Mayo,All years,Kilometres,13725
Average Kilometres Travelled,2018,All owners,1001 - 1200 cc,Petrol,Co. Meath,All years,Kilometres,13438
Average Kilometres Travelled,2018,All owners,1001 - 1200 cc,Petrol,Co. Monaghan,All years,Kilometres,13746
Average Kilometres Travelled,2018,All owners,1001 - 1200 cc,Petrol,Co. Offaly,All years,Kilometres,13962
Average Kilometres Travelled,2018,All owners,1001 - 1200 cc,Petrol,Co. Roscommon,All years,Kilometres,16193
Average Kilometres Travelled,2018,All owners,1001 - 1200 cc,Petrol,Co. Sligo,All years,Kilometres,13251
Average Kilometres Travelled,2018,All owners,1001 - 1200 cc,Petrol,Co. Tipperary,All years,Kilometres,14272
Average Kilometres Travelled,2018,All owners,1001 - 1200 cc,Petrol,Co. Waterford,All years,Kilometres,12966
Average Kilometres Travelled,2018,All owners,1001 - 1200 cc,Petrol,Co. Westmeath,All years,Kilometres,13825
Average Kilometres Travelled,2018,All owners,1001 - 1200 cc,Petrol,Co. Wexford,All years,Kilometres,13922
Average Kilometres Travelled,2018,All owners,1001 - 1200 cc,Petrol,Co. Wicklow,All years,Kilometres,13304
Average Kilometres Travelled,2018,All owners,1001 - 1200 cc,Diesel,Co. Carlow,All years,Kilometres,18728
Average Kilometres Travelled,2018,All owners,1001 - 1200 cc,Diesel,Co. Cavan,All years,Kilometres,21151
Average Kilometres Travelled,2018,All owners,1001 - 1200 cc,Diesel,Co. Clare,All years,Kilometres,20184
Average Kilometres Travelled,2018,All owners,1001 - 1200 cc,Diesel,Co. Cork,All years,Kilometres,18684
Average Kilometres Travelled,2018,All owners,1001 - 1200 cc,Diesel,Co. Donegal,All years,Kilometres,18885
Average Kilometres Travelled,2018,All owners,1001 - 1200 cc,Diesel,Co. Dublin,All years,Kilometres,15512
Average Kilometres Travelled,2018,All owners,1001 - 1200 cc,Diesel,Co. Galway,All years,Kilometres,20835
Average Kilometres Travelled,2018,All owners,1001 - 1200 cc,Diesel,Co. Kerry,All years,Kilometres,21365
Average Kilometres Travelled,2018,All owners,1001 - 1200 cc,Diesel,Co. Kildare,All years,Kilometres,20368
Average Kilometres Travelled,2018,All owners,1001 - 1200 cc,Diesel,Co. Kilkenny,All years,Kilometres,20392
Average Kilometres Travelled,2018,All owners,1001 - 1200 cc,Diesel,Co. Laois,All years,Kilometres,22095
Average Kilometres Travelled,2018,All owners,1001 - 1200 cc,Diesel,Co. Leitrim,All years,Kilometres,19470
Average Kilometres Travelled,2018,All owners,1001 - 1200 cc,Diesel,Co. Limerick,All years,Kilometres,21227
Average Kilometres Travelled,2018,All owners,1001 - 1200 cc,Diesel,Co. Longford,All years,Kilometres,20723
Average Kilometres Travelled,2018,All owners,1001 - 1200 cc,Diesel,Co. Louth,All years,Kilometres,19236
Average Kilometres Travelled,2018,All owners,1001 - 1200 cc,Diesel,Co. Mayo,All years,Kilometres,20307
Average Kilometres Travelled,2018,All owners,1001 - 1200 cc,Diesel,Co. Meath,All years,Kilometres,20760
Average Kilometres Travelled,2018,All owners,1001 - 1200 cc,Diesel,Co. Monaghan,All years,Kilometres,19994
Average Kilometres Travelled,2018,All owners,1001 - 1200 cc,Diesel,Co. Offaly,All years,Kilometres,20368
Average Kilometres Travelled,2018,All owners,1001 - 1200 cc,Diesel,Co. Roscommon,All years,Kilometres,20668
Average Kilometres Travelled,2018,All owners,1001 - 1200 cc,Diesel,Co. Sligo,All years,Kilometres,21179
Average Kilometres Travelled,2018,All owners,1001 - 1200 cc,Diesel,Co. Tipperary,All years,Kilometres,20811
Average Kilometres Travelled,2018,All owners,1001 - 1200 cc,Diesel,Co. Waterford,All years,Kilometres,19288
Average Kilometres Travelled,2018,All owners,1001 - 1200 cc,Diesel,Co. Westmeath,All years,Kilometres,23752
Average Kilometres Travelled,2018,All owners,1001 - 1200 cc,Diesel,Co. Wexford,All years,Kilometres,20744
Average Kilometres Travelled,2018,All owners,1001 - 1200 cc,Diesel,Co. Wicklow,All years,Kilometres,20313
Average Kilometres Travelled,2018,All owners,1001 - 1200 cc,Other fuel types,Co. Carlow,All years,Kilometres,12959
Average Kilometres Travelled,2018,All owners,1001 - 1200 cc,Other fuel types,Co. Cavan,All years,Kilometres,12684
Average Kilometres Travelled,2018,All owners,1001 - 1200 cc,Other fuel types,Co. Clare,All years,Kilometres,12225
Average Kilometres Travelled,2018,All owners,1001 - 1200 cc,Other fuel types,Co. Cork,All years,Kilometres,10497
Average Kilometres Travelled,2018,All owners,1001 - 1200 cc,Other fuel types,Co. Donegal,All years,Kilometres,14515
Average Kilometres Travelled,2018,All owners,1001 - 1200 cc,Other fuel types,Co. Dublin,All years,Kilometres,8527
Average Kilometres Travelled,2018,All owners,1001 - 1200 cc,Other fuel types,Co. Galway,All years,Kilometres,11632
Average Kilometres Travelled,2018,All owners,1001 - 1200 cc,Other fuel types,Co. Kerry,All years,Kilometres,12905
Average Kilometres Travelled,2018,All owners,1001 - 1200 cc,Other fuel types,Co. Kildare,All years,Kilometres,12038
Average Kilometres Travelled,2018,All owners,1001 - 1200 cc,Other fuel types,Co. Kilkenny,All years,Kilometres,12351
Average Kilometres Travelled,2018,All owners,1001 - 1200 cc,Other fuel types,Co. Laois,All years,Kilometres,14008
Average Kilometres Travelled,2018,All owners,1001 - 1200 cc,Other fuel types,Co. Leitrim,All years,Kilometres,12007
Average Kilometres Travelled,2018,All owners,1001 - 1200 cc,Other fuel types,Co. Limerick,All years,Kilometres,11384
Average Kilometres Travelled,2018,All owners,1001 - 1200 cc,Other fuel types,Co. Longford,All years,Kilometres,12855
Average Kilometres Travelled,2018,All owners,1001 - 1200 cc,Other fuel types,Co. Louth,All years,Kilometres,11483
Average Kilometres Travelled,2018,All owners,1001 - 1200 cc,Other fuel types,Co. Mayo,All years,Kilometres,12761
Average Kilometres Travelled,2018,All owners,1001 - 1200 cc,Other fuel types,Co. Meath,All years,Kilometres,13187
Average Kilometres Travelled,2018,All owners,1001 - 1200 cc,Other fuel types,Co. Monaghan,All years,Kilometres,13005
Average Kilometres Travelled,2018,All owners,1001 - 1200 cc,Other fuel types,Co. Offaly,All years,Kilometres,14194
Average Kilometres Travelled,2018,All owners,1001 - 1200 cc,Other fuel types,Co. Roscommon,All years,Kilometres,13120
Average Kilometres Travelled,2018,All owners,1001 - 1200 cc,Other fuel types,Co. Sligo,All years,Kilometres,11421
Average Kilometres Travelled,2018,All owners,1001 - 1200 cc,Other fuel types,Co. Tipperary,All years,Kilometres,11651
Average Kilometres Travelled,2018,All owners,1001 - 1200 cc,Other fuel types,Co. Waterford,All years,Kilometres,11621
Average Kilometres Travelled,2018,All owners,1001 - 1200 cc,Other fuel types,Co. Westmeath,All years,Kilometres,12651
Average Kilometres Travelled,2018,All owners,1001 - 1200 cc,Other fuel types,Co. Wexford,All years,Kilometres,13068
Average Kilometres Travelled,2018,All owners,1001 - 1200 cc,Other fuel types,Co. Wicklow,All years,Kilometres,12363
Average Kilometres Travelled,2018,All owners,1201 - 1400 cc,Petrol,Co. Carlow,All years,Kilometres,13582
Average Kilometres Travelled,2018,All owners,1201 - 1400 cc,Petrol,Co. Cavan,All years,Kilometres,14014
Average Kilometres Travelled,2018,All owners,1201 - 1400 cc,Petrol,Co. Clare,All years,Kilometres,14234
Average Kilometres Travelled,2018,All owners,1201 - 1400 cc,Petrol,Co. Cork,All years,Kilometres,13003
Average Kilometres Travelled,2018,All owners,1201 - 1400 cc,Petrol,Co. Donegal,All years,Kilometres,13998
Average Kilometres Travelled,2018,All owners,1201 - 1400 cc,Petrol,Co. Dublin,All years,Kilometres,10719
Average Kilometres Travelled,2018,All owners,1201 - 1400 cc,Petrol,Co. Galway,All years,Kilometres,13510
Average Kilometres Travelled,2018,All owners,1201 - 1400 cc,Petrol,Co. Kerry,All years,Kilometres,13737
Average Kilometres Travelled,2018,All owners,1201 - 1400 cc,Petrol,Co. Kildare,All years,Kilometres,13410
Average Kilometres Travelled,2018,All owners,1201 - 1400 cc,Petrol,Co. Kilkenny,All years,Kilometres,14019
Average Kilometres Travelled,2018,All owners,1201 - 1400 cc,Petrol,Co. Laois,All years,Kilometres,13902
Average Kilometres Travelled,2018,All owners,1201 - 1400 cc,Petrol,Co. Leitrim,All years,Kilometres,14676
Average Kilometres Travelled,2018,All owners,1201 - 1400 cc,Petrol,Co. Limerick,All years,Kilometres,13402
Average Kilometres Travelled,2018,All owners,1201 - 1400 cc,Petrol,Co. Longford,All years,Kilometres,13848
Average Kilometres Travelled,2018,All owners,1201 - 1400 cc,Petrol,Co. Louth,All years,Kilometres,13066
Average Kilometres Travelled,2018,All owners,1201 - 1400 cc,Petrol,Co. Mayo,All years,Kilometres,13835
Average Kilometres Travelled,2018,All owners,1201 - 1400 cc,Petrol,Co. Meath,All years,Kilometres,13991
Average Kilometres Travelled,2018,All owners,1201 - 1400 cc,Petrol,Co. Monaghan,All years,Kilometres,13849
Average Kilometres Travelled,2018,All owners,1201 - 1400 cc,Petrol,Co. Offaly,All years,Kilometres,14124
Average Kilometres Travelled,2018,All owners,1201 - 1400 cc,Petrol,Co. Roscommon,All years,Kilometres,15053
Average Kilometres Travelled,2018,All owners,1201 - 1400 cc,Petrol,Co. Sligo,All years,Kilometres,13341
Average Kilometres Travelled,2018,All owners,1201 - 1400 cc,Petrol,Co. Tipperary,All years,Kilometres,14143
Average Kilometres Travelled,2018,All owners,1201 - 1400 cc,Petrol,Co. Waterford,All years,Kilometres,13029
Average Kilometres Travelled,2018,All owners,1201 - 1400 cc,Petrol,Co. Westmeath,All years,Kilometres,13828
Average Kilometres Travelled,2018,All owners,1201 - 1400 cc,Petrol,Co. Wexford,All years,Kilometres,13961
Average Kilometres Travelled,2018,All owners,1201 - 1400 cc,Petrol,Co. Wicklow,All years,Kilometres,13326
Average Kilometres Travelled,2018,All owners,1201 - 1400 cc,Diesel,Co. Carlow,All years,Kilometres,20119
Average Kilometres Travelled,2018,All owners,1201 - 1400 cc,Diesel,Co. Cavan,All years,Kilometres,20642
Average Kilometres Travelled,2018,All owners,1201 - 1400 cc,Diesel,Co. Clare,All years,Kilometres,20583
Average Kilometres Travelled,2018,All owners,1201 - 1400 cc,Diesel,Co. Cork,All years,Kilometres,18689
Average Kilometres Travelled,2018,All owners,1201 - 1400 cc,Diesel,Co. Donegal,All years,Kilometres,19087
Average Kilometres Travelled,2018,All owners,1201 - 1400 cc,Diesel,Co. Dublin,All years,Kilometres,16030
Average Kilometres Travelled,2018,All owners,1201 - 1400 cc,Diesel,Co. Galway,All years,Kilometres,19819
Average Kilometres Travelled,2018,All owners,1201 - 1400 cc,Diesel,Co. Kerry,All years,Kilometres,19560
Average Kilometres Travelled,2018,All owners,1201 - 1400 cc,Diesel,Co. Kildare,All years,Kilometres,19364
Average Kilometres Travelled,2018,All owners,1201 - 1400 cc,Diesel,Co. Kilkenny,All years,Kilometres,19992
Average Kilometres Travelled,2018,All owners,1201 - 1400 cc,Diesel,Co. Laois,All years,Kilometres,20306
Average Kilometres Travelled,2018,All owners,1201 - 1400 cc,Diesel,Co. Leitrim,All years,Kilometres,20840
Average Kilometres Travelled,2018,All owners,1201 - 1400 cc,Diesel,Co. Limerick,All years,Kilometres,19916
Average Kilometres Travelled,2018,All owners,1201 - 1400 cc,Diesel,Co. Longford,All years,Kilometres,20721
Average Kilometres Travelled,2018,All owners,1201 - 1400 cc,Diesel,Co. Louth,All years,Kilometres,18921
Average Kilometres Travelled,2018,All owners,1201 - 1400 cc,Diesel,Co. Mayo,All years,Kilometres,19574
Average Kilometres Travelled,2018,All owners,1201 - 1400 cc,Diesel,Co. Meath,All years,Kilometres,19575
Average Kilometres Travelled,2018,All owners,1201 - 1400 cc,Diesel,Co. Monaghan,All years,Kilometres,19419
Average Kilometres Travelled,2018,All owners,1201 - 1400 cc,Diesel,Co. Offaly,All years,Kilometres,20435
Average Kilometres Travelled,2018,All owners,1201 - 1400 cc,Diesel,Co. Roscommon,All years,Kilometres,21875
Average Kilometres Travelled,2018,All owners,1201 - 1400 cc,Diesel,Co. Sligo,All years,Kilometres,20071
Average Kilometres Travelled,2018,All owners,1201 - 1400 cc,Diesel,Co. Tipperary,All years,Kilometres,20604
Average Kilometres Travelled,2018,All owners,1201 - 1400 cc,Diesel,Co. Waterford,All years,Kilometres,19378
Average Kilometres Travelled,2018,All owners,1201 - 1400 cc,Diesel,Co. Westmeath,All years,Kilometres,19999
Average Kilometres Travelled,2018,All owners,1201 - 1400 cc,Diesel,Co. Wexford,All years,Kilometres,19548
Average Kilometres Travelled,2018,All owners,1201 - 1400 cc,Diesel,Co. Wicklow,All years,Kilometres,18979
Average Kilometres Travelled,2018,All owners,1201 - 1400 cc,Other fuel types,Co. Carlow,All years,Kilometres,15274
Average Kilometres Travelled,2018,All owners,1201 - 1400 cc,Other fuel types,Co. Cavan,All years,Kilometres,12518
Average Kilometres Travelled,2018,All owners,1201 - 1400 cc,Other fuel types,Co. Clare,All years,Kilometres,15224
Average Kilometres Travelled,2018,All owners,1201 - 1400 cc,Other fuel types,Co. Cork,All years,Kilometres,13780
Average Kilometres Travelled,2018,All owners,1201 - 1400 cc,Other fuel types,Co. Donegal,All years,Kilometres,13033
Average Kilometres Travelled,2018,All owners,1201 - 1400 cc,Other fuel types,Co. Dublin,All years,Kilometres,12675
Average Kilometres Travelled,2018,All owners,1201 - 1400 cc,Other fuel types,Co. Galway,All years,Kilometres,14829
Average Kilometres Travelled,2018,All owners,1201 - 1400 cc,Other fuel types,Co. Kerry,All years,Kilometres,12380
Average Kilometres Travelled,2018,All owners,1201 - 1400 cc,Other fuel types,Co. Kildare,All years,Kilometres,15161
Average Kilometres Travelled,2018,All owners,1201 - 1400 cc,Other fuel types,Co. Kilkenny,All years,Kilometres,15744
Average Kilometres Travelled,2018,All owners,1201 - 1400 cc,Other fuel types,Co. Laois,All years,Kilometres,15415
Average Kilometres Travelled,2018,All owners,1201 - 1400 cc,Other fuel types,Co. Leitrim,All years,Kilometres,14270
Average Kilometres Travelled,2018,All owners,1201 - 1400 cc,Other fuel types,Co. Limerick,All years,Kilometres,14236
Average Kilometres Travelled,2018,All owners,1201 - 1400 cc,Other fuel types,Co. Longford,All years,Kilometres,13922
Average Kilometres Travelled,2018,All owners,1201 - 1400 cc,Other fuel types,Co. Louth,All years,Kilometres,13953
Average Kilometres Travelled,2018,All owners,1201 - 1400 cc,Other fuel types,Co. Mayo,All years,Kilometres,14706
Average Kilometres Travelled,2018,All owners,1201 - 1400 cc,Other fuel types,Co. Meath,All years,Kilometres,14851
Average Kilometres Travelled,2018,All owners,1201 - 1400 cc,Other fuel types,Co. Monaghan,All years,Kilometres,18503
Average Kilometres Travelled,2018,All owners,1201 - 1400 cc,Other fuel types,Co. Offaly,All years,Kilometres,16538
Average Kilometres Travelled,2018,All owners,1201 - 1400 cc,Other fuel types,Co. Roscommon,All years,Kilometres,17267
Average Kilometres Travelled,2018,All owners,1201 - 1400 cc,Other fuel types,Co. Sligo,All years,Kilometres,15094
Average Kilometres Travelled,2018,All owners,1201 - 1400 cc,Other fuel types,Co. Tipperary,All years,Kilometres,14065
Average Kilometres Travelled,2018,All owners,1201 - 1400 cc,Other fuel types,Co. Waterford,All years,Kilometres,17134
Average Kilometres Travelled,2018,All owners,1201 - 1400 cc,Other fuel types,Co. Westmeath,All years,Kilometres,18344
Average Kilometres Travelled,2018,All owners,1201 - 1400 cc,Other fuel types,Co. Wexford,All years,Kilometres,15041
Average Kilometres Travelled,2018,All owners,1201 - 1400 cc,Other fuel types,Co. Wicklow,All years,Kilometres,13382
Average Kilometres Travelled,2018,All owners,1401 - 1600 cc,Petrol,Co. Carlow,All years,Kilometres,14300
Average Kilometres Travelled,2018,All owners,1401 - 1600 cc,Petrol,Co. Cavan,All years,Kilometres,14853
Average Kilometres Travelled,2018,All owners,1401 - 1600 cc,Petrol,Co. Clare,All years,Kilometres,14949
Average Kilometres Travelled,2018,All owners,1401 - 1600 cc,Petrol,Co. Cork,All years,Kilometres,13925
Average Kilometres Travelled,2018,All owners,1401 - 1600 cc,Petrol,Co. Donegal,All years,Kilometres,14736
Average Kilometres Travelled,2018,All owners,1401 - 1600 cc,Petrol,Co. Dublin,All years,Kilometres,11737
Average Kilometres Travelled,2018,All owners,1401 - 1600 cc,Petrol,Co. Galway,All years,Kilometres,14392
Average Kilometres Travelled,2018,All owners,1401 - 1600 cc,Petrol,Co. Kerry,All years,Kilometres,14613
Average Kilometres Travelled,2018,All owners,1401 - 1600 cc,Petrol,Co. Kildare,All years,Kilometres,14269
Average Kilometres Travelled,2018,All owners,1401 - 1600 cc,Petrol,Co. Kilkenny,All years,Kilometres,14607
Average Kilometres Travelled,2018,All owners,1401 - 1600 cc,Petrol,Co. Laois,All years,Kilometres,14829
Average Kilometres Travelled,2018,All owners,1401 - 1600 cc,Petrol,Co. Leitrim,All years,Kilometres,15377
Average Kilometres Travelled,2018,All owners,1401 - 1600 cc,Petrol,Co. Limerick,All years,Kilometres,14185
Average Kilometres Travelled,2018,All owners,1401 - 1600 cc,Petrol,Co. Longford,All years,Kilometres,15124
Average Kilometres Travelled,2018,All owners,1401 - 1600 cc,Petrol,Co. Louth,All years,Kilometres,14050
Average Kilometres Travelled,2018,All owners,1401 - 1600 cc,Petrol,Co. Mayo,All years,Kilometres,14897
Average Kilometres Travelled,2018,All owners,1401 - 1600 cc,Petrol,Co. Meath,All years,Kilometres,14544
Average Kilometres Travelled,2018,All owners,1401 - 1600 cc,Petrol,Co. Monaghan,All years,Kilometres,14618
Average Kilometres Travelled,2018,All owners,1401 - 1600 cc,Petrol,Co. Offaly,All years,Kilometres,14849
Average Kilometres Travelled,2018,All owners,1401 - 1600 cc,Petrol,Co. Roscommon,All years,Kilometres,15441
Average Kilometres Travelled,2018,All owners,1401 - 1600 cc,Petrol,Co. Sligo,All years,Kilometres,14778
Average Kilometres Travelled,2018,All owners,1401 - 1600 cc,Petrol,Co. Tipperary,All years,Kilometres,14805
Average Kilometres Travelled,2018,All owners,1401 - 1600 cc,Petrol,Co. Waterford,All years,Kilometres,13929
Average Kilometres Travelled,2018,All owners,1401 - 1600 cc,Petrol,Co. Westmeath,All years,Kilometres,14814
Average Kilometres Travelled,2018,All owners,1401 - 1600 cc,Petrol,Co. Wexford,All years,Kilometres,14527
Average Kilometres Travelled,2018,All owners,1401 - 1600 cc,Petrol,Co. Wicklow,All years,Kilometres,13841
Average Kilometres Travelled,2018,All owners,1401 - 1600 cc,Diesel,Co. Carlow,All years,Kilometres,21959
Average Kilometres Travelled,2018,All owners,1401 - 1600 cc,Diesel,Co. Cavan,All years,Kilometres,22078
Average Kilometres Travelled,2018,All owners,1401 - 1600 cc,Diesel,Co. Clare,All years,Kilometres,21871
Average Kilometres Travelled,2018,All owners,1401 - 1600 cc,Diesel,Co. Cork,All years,Kilometres,19879
Average Kilometres Travelled,2018,All owners,1401 - 1600 cc,Diesel,Co. Donegal,All years,Kilometres,20704
Average Kilometres Travelled,2018,All owners,1401 - 1600 cc,Diesel,Co. Dublin,All years,Kilometres,17931
Average Kilometres Travelled,2018,All owners,1401 - 1600 cc,Diesel,Co. Galway,All years,Kilometres,21449
Average Kilometres Travelled,2018,All owners,1401 - 1600 cc,Diesel,Co. Kerry,All years,Kilometres,21117
Average Kilometres Travelled,2018,All owners,1401 - 1600 cc,Diesel,Co. Kildare,All years,Kilometres,20767
Average Kilometres Travelled,2018,All owners,1401 - 1600 cc,Diesel,Co. Kilkenny,All years,Kilometres,21780
Average Kilometres Travelled,2018,All owners,1401 - 1600 cc,Diesel,Co. Laois,All years,Kilometres,22379
Average Kilometres Travelled,2018,All owners,1401 - 1600 cc,Diesel,Co. Leitrim,All years,Kilometres,22214
Average Kilometres Travelled,2018,All owners,1401 - 1600 cc,Diesel,Co. Limerick,All years,Kilometres,21222
Average Kilometres Travelled,2018,All owners,1401 - 1600 cc,Diesel,Co. Longford,All years,Kilometres,22905
Average Kilometres Travelled,2018,All owners,1401 - 1600 cc,Diesel,Co. Louth,All years,Kilometres,20331
Average Kilometres Travelled,2018,All owners,1401 - 1600 cc,Diesel,Co. Mayo,All years,Kilometres,21593
Average Kilometres Travelled,2018,All owners,1401 - 1600 cc,Diesel,Co. Meath,All years,Kilometres,21160
Average Kilometres Travelled,2018,All owners,1401 - 1600 cc,Diesel,Co. Monaghan,All years,Kilometres,21794
Average Kilometres Travelled,2018,All owners,1401 - 1600 cc,Diesel,Co. Offaly,All years,Kilometres,22032
Average Kilometres Travelled,2018,All owners,1401 - 1600 cc,Diesel,Co. Roscommon,All years,Kilometres,23766
Average Kilometres Travelled,2018,All owners,1401 - 1600 cc,Diesel,Co. Sligo,All years,Kilometres,21124
Average Kilometres Travelled,2018,All owners,1401 - 1600 cc,Diesel,Co. Tipperary,All years,Kilometres,22379
Average Kilometres Travelled,2018,All owners,1401 - 1600 cc,Diesel,Co. Waterford,All years,Kilometres,20703
Average Kilometres Travelled,2018,All owners,1401 - 1600 cc,Diesel,Co. Westmeath,All years,Kilometres,22115
Average Kilometres Travelled,2018,All owners,1401 - 1600 cc,Diesel,Co. Wexford,All years,Kilometres,21637
Average Kilometres Travelled,2018,All owners,1401 - 1600 cc,Diesel,Co. Wicklow,All years,Kilometres,20541
Average Kilometres Travelled,2018,All owners,1401 - 1600 cc,Other fuel types,Co. Carlow,All years,Kilometres,13469
Average Kilometres Travelled,2018,All owners,1401 - 1600 cc,Other fuel types,Co. Cavan,All years,Kilometres,15050
Average Kilometres Travelled,2018,All owners,1401 - 1600 cc,Other fuel types,Co. Clare,All years,Kilometres,14772
Average Kilometres Travelled,2018,All owners,1401 - 1600 cc,Other fuel types,Co. Cork,All years,Kilometres,13981
Average Kilometres Travelled,2018,All owners,1401 - 1600 cc,Other fuel types,Co. Donegal,All years,Kilometres,13713
Average Kilometres Travelled,2018,All owners,1401 - 1600 cc,Other fuel types,Co. Dublin,All years,Kilometres,13154
Average Kilometres Travelled,2018,All owners,1401 - 1600 cc,Other fuel types,Co. Galway,All years,Kilometres,14309
Average Kilometres Travelled,2018,All owners,1401 - 1600 cc,Other fuel types,Co. Kerry,All years,Kilometres,13893
Average Kilometres Travelled,2018,All owners,1401 - 1600 cc,Other fuel types,Co. Kildare,All years,Kilometres,14453
Average Kilometres Travelled,2018,All owners,1401 - 1600 cc,Other fuel types,Co. Kilkenny,All years,Kilometres,13962
Average Kilometres Travelled,2018,All owners,1401 - 1600 cc,Other fuel types,Co. Laois,All years,Kilometres,14415
Average Kilometres Travelled,2018,All owners,1401 - 1600 cc,Other fuel types,Co. Leitrim,All years,Kilometres,13794
Average Kilometres Travelled,2018,All owners,1401 - 1600 cc,Other fuel types,Co. Limerick,All years,Kilometres,14289
Average Kilometres Travelled,2018,All owners,1401 - 1600 cc,Other fuel types,Co. Longford,All years,Kilometres,14175
Average Kilometres Travelled,2018,All owners,1401 - 1600 cc,Other fuel types,Co. Louth,All years,Kilometres,14125
Average Kilometres Travelled,2018,All owners,1401 - 1600 cc,Other fuel types,Co. Mayo,All years,Kilometres,13814
Average Kilometres Travelled,2018,All owners,1401 - 1600 cc,Other fuel types,Co. Meath,All years,Kilometres,14470
Average Kilometres Travelled,2018,All owners,1401 - 1600 cc,Other fuel types,Co. Monaghan,All years,Kilometres,13308
Average Kilometres Travelled,2018,All owners,1401 - 1600 cc,Other fuel types,Co. Offaly,All years,Kilometres,14882
Average Kilometres Travelled,2018,All owners,1401 - 1600 cc,Other fuel types,Co. Roscommon,All years,Kilometres,14247
Average Kilometres Travelled,2018,All owners,1401 - 1600 cc,Other fuel types,Co. Sligo,All years,Kilometres,14570
Average Kilometres Travelled,2018,All owners,1401 - 1600 cc,Other fuel types,Co. Tipperary,All years,Kilometres,14194
Average Kilometres Travelled,2018,All owners,1401 - 1600 cc,Other fuel types,Co. Waterford,All years,Kilometres,14117
Average Kilometres Travelled,2018,All owners,1401 - 1600 cc,Other fuel types,Co. Westmeath,All years,Kilometres,14211
Average Kilometres Travelled,2018,All owners,1401 - 1600 cc,Other fuel types,Co. Wexford,All years,Kilometres,13492
Average Kilometres Travelled,2018,All owners,1401 - 1600 cc,Other fuel types,Co. Wicklow,All years,Kilometres,14237
Average Kilometres Travelled,2018,All owners,1601 - 1800 cc,Petrol,Co. Carlow,All years,Kilometres,13994
Average Kilometres Travelled,2018,All owners,1601 - 1800 cc,Petrol,Co. Cavan,All years,Kilometres,15631
Average Kilometres Travelled,2018,All owners,1601 - 1800 cc,Petrol,Co. Clare,All years,Kilometres,14715
Average Kilometres Travelled,2018,All owners,1601 - 1800 cc,Petrol,Co. Cork,All years,Kilometres,13770
Average Kilometres Travelled,2018,All owners,1601 - 1800 cc,Petrol,Co. Donegal,All years,Kilometres,14288
Average Kilometres Travelled,2018,All owners,1601 - 1800 cc,Petrol,Co. Dublin,All years,Kilometres,11750
Average Kilometres Travelled,2018,All owners,1601 - 1800 cc,Petrol,Co. Galway,All years,Kilometres,13908
Average Kilometres Travelled,2018,All owners,1601 - 1800 cc,Petrol,Co. Kerry,All years,Kilometres,13700
Average Kilometres Travelled,2018,All owners,1601 - 1800 cc,Petrol,Co. Kildare,All years,Kilometres,14258
Average Kilometres Travelled,2018,All owners,1601 - 1800 cc,Petrol,Co. Kilkenny,All years,Kilometres,14322
Average Kilometres Travelled,2018,All owners,1601 - 1800 cc,Petrol,Co. Laois,All years,Kilometres,14125
Average Kilometres Travelled,2018,All owners,1601 - 1800 cc,Petrol,Co. Leitrim,All years,Kilometres,13960
Average Kilometres Travelled,2018,All owners,1601 - 1800 cc,Petrol,Co. Limerick,All years,Kilometres,13658
Average Kilometres Travelled,2018,All owners,1601 - 1800 cc,Petrol,Co. Longford,All years,Kilometres,14168
Average Kilometres Travelled,2018,All owners,1601 - 1800 cc,Petrol,Co. Louth,All years,Kilometres,14143
Average Kilometres Travelled,2018,All owners,1601 - 1800 cc,Petrol,Co. Mayo,All years,Kilometres,14559
Average Kilometres Travelled,2018,All owners,1601 - 1800 cc,Petrol,Co. Meath,All years,Kilometres,14805
Average Kilometres Travelled,2018,All owners,1601 - 1800 cc,Petrol,Co. Monaghan,All years,Kilometres,13745
Average Kilometres Travelled,2018,All owners,1601 - 1800 cc,Petrol,Co. Offaly,All years,Kilometres,14720
Average Kilometres Travelled,2018,All owners,1601 - 1800 cc,Petrol,Co. Roscommon,All years,Kilometres,14123
Average Kilometres Travelled,2018,All owners,1601 - 1800 cc,Petrol,Co. Sligo,All years,Kilometres,13475
Average Kilometres Travelled,2018,All owners,1601 - 1800 cc,Petrol,Co. Tipperary,All years,Kilometres,14668
Average Kilometres Travelled,2018,All owners,1601 - 1800 cc,Petrol,Co. Waterford,All years,Kilometres,13941
Average Kilometres Travelled,2018,All owners,1601 - 1800 cc,Petrol,Co. Westmeath,All years,Kilometres,14196
Average Kilometres Travelled,2018,All owners,1601 - 1800 cc,Petrol,Co. Wexford,All years,Kilometres,14608
Average Kilometres Travelled,2018,All owners,1601 - 1800 cc,Petrol,Co. Wicklow,All years,Kilometres,13587
Average Kilometres Travelled,2018,All owners,1601 - 1800 cc,Diesel,Co. Carlow,All years,Kilometres,22130
Average Kilometres Travelled,2018,All owners,1601 - 1800 cc,Diesel,Co. Cavan,All years,Kilometres,22189
Average Kilometres Travelled,2018,All owners,1601 - 1800 cc,Diesel,Co. Clare,All years,Kilometres,21963
Average Kilometres Travelled,2018,All owners,1601 - 1800 cc,Diesel,Co. Cork,All years,Kilometres,20097
Average Kilometres Travelled,2018,All owners,1601 - 1800 cc,Diesel,Co. Donegal,All years,Kilometres,20584
Average Kilometres Travelled,2018,All owners,1601 - 1800 cc,Diesel,Co. Dublin,All years,Kilometres,18132
Average Kilometres Travelled,2018,All owners,1601 - 1800 cc,Diesel,Co. Galway,All years,Kilometres,21228
Average Kilometres Travelled,2018,All owners,1601 - 1800 cc,Diesel,Co. Kerry,All years,Kilometres,21397
Average Kilometres Travelled,2018,All owners,1601 - 1800 cc,Diesel,Co. Kildare,All years,Kilometres,21062
Average Kilometres Travelled,2018,All owners,1601 - 1800 cc,Diesel,Co. Kilkenny,All years,Kilometres,22106
Average Kilometres Travelled,2018,All owners,1601 - 1800 cc,Diesel,Co. Laois,All years,Kilometres,22183
Average Kilometres Travelled,2018,All owners,1601 - 1800 cc,Diesel,Co. Leitrim,All years,Kilometres,21804
Average Kilometres Travelled,2018,All owners,1601 - 1800 cc,Diesel,Co. Limerick,All years,Kilometres,21170
Average Kilometres Travelled,2018,All owners,1601 - 1800 cc,Diesel,Co. Longford,All years,Kilometres,23028
Average Kilometres Travelled,2018,All owners,1601 - 1800 cc,Diesel,Co. Louth,All years,Kilometres,20272
Average Kilometres Travelled,2018,All owners,1601 - 1800 cc,Diesel,Co. Mayo,All years,Kilometres,21216
Average Kilometres Travelled,2018,All owners,1601 - 1800 cc,Diesel,Co. Meath,All years,Kilometres,21327
Average Kilometres Travelled,2018,All owners,1601 - 1800 cc,Diesel,Co. Monaghan,All years,Kilometres,21388
Average Kilometres Travelled,2018,All owners,1601 - 1800 cc,Diesel,Co. Offaly,All years,Kilometres,22076
Average Kilometres Travelled,2018,All owners,1601 - 1800 cc,Diesel,Co. Roscommon,All years,Kilometres,23306
Average Kilometres Travelled,2018,All owners,1601 - 1800 cc,Diesel,Co. Sligo,All years,Kilometres,21342
Average Kilometres Travelled,2018,All owners,1601 - 1800 cc,Diesel,Co. Tipperary,All years,Kilometres,22312
Average Kilometres Travelled,2018,All owners,1601 - 1800 cc,Diesel,Co. Waterford,All years,Kilometres,20747
Average Kilometres Travelled,2018,All owners,1601 - 1800 cc,Diesel,Co. Westmeath,All years,Kilometres,22326
Average Kilometres Travelled,2018,All owners,1601 - 1800 cc,Diesel,Co. Wexford,All years,Kilometres,21514
Average Kilometres Travelled,2018,All owners,1601 - 1800 cc,Diesel,Co. Wicklow,All years,Kilometres,20559
Average Kilometres Travelled,2018,All owners,1601 - 1800 cc,Other fuel types,Co. Carlow,All years,Kilometres,13952
Average Kilometres Travelled,2018,All owners,1601 - 1800 cc,Other fuel types,Co. Cavan,All years,Kilometres,13987
Average Kilometres Travelled,2018,All owners,1601 - 1800 cc,Other fuel types,Co. Clare,All years,Kilometres,14316
Average Kilometres Travelled,2018,All owners,1601 - 1800 cc,Other fuel types,Co. Cork,All years,Kilometres,13840
Average Kilometres Travelled,2018,All owners,1601 - 1800 cc,Other fuel types,Co. Donegal,All years,Kilometres,14393
Average Kilometres Travelled,2018,All owners,1601 - 1800 cc,Other fuel types,Co. Dublin,All years,Kilometres,13180
Average Kilometres Travelled,2018,All owners,1601 - 1800 cc,Other fuel types,Co. Galway,All years,Kilometres,13907
Average Kilometres Travelled,2018,All owners,1601 - 1800 cc,Other fuel types,Co. Kerry,All years,Kilometres,14405
Average Kilometres Travelled,2018,All owners,1601 - 1800 cc,Other fuel types,Co. Kildare,All years,Kilometres,14170
Average Kilometres Travelled,2018,All owners,1601 - 1800 cc,Other fuel types,Co. Kilkenny,All years,Kilometres,14515
Average Kilometres Travelled,2018,All owners,1601 - 1800 cc,Other fuel types,Co. Laois,All years,Kilometres,14642
Average Kilometres Travelled,2018,All owners,1601 - 1800 cc,Other fuel types,Co. Leitrim,All years,Kilometres,14100
Average Kilometres Travelled,2018,All owners,1601 - 1800 cc,Other fuel types,Co. Limerick,All years,Kilometres,14485
Average Kilometres Travelled,2018,All owners,1601 - 1800 cc,Other fuel types,Co. Longford,All years,Kilometres,13913
Average Kilometres Travelled,2018,All owners,1601 - 1800 cc,Other fuel types,Co. Louth,All years,Kilometres,13971
Average Kilometres Travelled,2018,All owners,1601 - 1800 cc,Other fuel types,Co. Mayo,All years,Kilometres,14467
Average Kilometres Travelled,2018,All owners,1601 - 1800 cc,Other fuel types,Co. Meath,All years,Kilometres,14101
Average Kilometres Travelled,2018,All owners,1601 - 1800 cc,Other fuel types,Co. Monaghan,All years,Kilometres,13646
Average Kilometres Travelled,2018,All owners,1601 - 1800 cc,Other fuel types,Co. Offaly,All years,Kilometres,14034
Average Kilometres Travelled,2018,All owners,1601 - 1800 cc,Other fuel types,Co. Roscommon,All years,Kilometres,14227
Average Kilometres Travelled,2018,All owners,1601 - 1800 cc,Other fuel types,Co. Sligo,All years,Kilometres,14409
Average Kilometres Travelled,2018,All owners,1601 - 1800 cc,Other fuel types,Co. Tipperary,All years,Kilometres,14269
Average Kilometres Travelled,2018,All owners,1601 - 1800 cc,Other fuel types,Co. Waterford,All years,Kilometres,14626
Average Kilometres Travelled,2018,All owners,1601 - 1800 cc,Other fuel types,Co. Westmeath,All years,Kilometres,13817
Average Kilometres Travelled,2018,All owners,1601 - 1800 cc,Other fuel types,Co. Wexford,All years,Kilometres,14789
Average Kilometres Travelled,2018,All owners,1601 - 1800 cc,Other fuel types,Co. Wicklow,All years,Kilometres,13833
Average Kilometres Travelled,2018,All owners,1801 - 2000 cc,Petrol,Co. Carlow,All years,Kilometres,12816
Average Kilometres Travelled,2018,All owners,1801 - 2000 cc,Petrol,Co. Cavan,All years,Kilometres,14197
Average Kilometres Travelled,2018,All owners,1801 - 2000 cc,Petrol,Co. Clare,All years,Kilometres,13738
Average Kilometres Travelled,2018,All owners,1801 - 2000 cc,Petrol,Co. Cork,All years,Kilometres,13364
Average Kilometres Travelled,2018,All owners,1801 - 2000 cc,Petrol,Co. Donegal,All years,Kilometres,13550
Average Kilometres Travelled,2018,All owners,1801 - 2000 cc,Petrol,Co. Dublin,All years,Kilometres,11651
Average Kilometres Travelled,2018,All owners,1801 - 2000 cc,Petrol,Co. Galway,All years,Kilometres,13673
Average Kilometres Travelled,2018,All owners,1801 - 2000 cc,Petrol,Co. Kerry,All years,Kilometres,13749
Average Kilometres Travelled,2018,All owners,1801 - 2000 cc,Petrol,Co. Kildare,All years,Kilometres,13856
Average Kilometres Travelled,2018,All owners,1801 - 2000 cc,Petrol,Co. Kilkenny,All years,Kilometres,14442
Average Kilometres Travelled,2018,All owners,1801 - 2000 cc,Petrol,Co. Laois,All years,Kilometres,15010
Average Kilometres Travelled,2018,All owners,1801 - 2000 cc,Petrol,Co. Leitrim,All years,Kilometres,14823
Average Kilometres Travelled,2018,All owners,1801 - 2000 cc,Petrol,Co. Limerick,All years,Kilometres,13584
Average Kilometres Travelled,2018,All owners,1801 - 2000 cc,Petrol,Co. Longford,All years,Kilometres,13847
Average Kilometres Travelled,2018,All owners,1801 - 2000 cc,Petrol,Co. Louth,All years,Kilometres,13373
Average Kilometres Travelled,2018,All owners,1801 - 2000 cc,Petrol,Co. Mayo,All years,Kilometres,13596
Average Kilometres Travelled,2018,All owners,1801 - 2000 cc,Petrol,Co. Meath,All years,Kilometres,14125
Average Kilometres Travelled,2018,All owners,1801 - 2000 cc,Petrol,Co. Monaghan,All years,Kilometres,13102
Average Kilometres Travelled,2018,All owners,1801 - 2000 cc,Petrol,Co. Offaly,All years,Kilometres,14274
Average Kilometres Travelled,2018,All owners,1801 - 2000 cc,Petrol,Co. Roscommon,All years,Kilometres,14664
Average Kilometres Travelled,2018,All owners,1801 - 2000 cc,Petrol,Co. Sligo,All years,Kilometres,12679
Average Kilometres Travelled,2018,All owners,1801 - 2000 cc,Petrol,Co. Tipperary,All years,Kilometres,15140
Average Kilometres Travelled,2018,All owners,1801 - 2000 cc,Petrol,Co. Waterford,All years,Kilometres,13048
Average Kilometres Travelled,2018,All owners,1801 - 2000 cc,Petrol,Co. Westmeath,All years,Kilometres,13803
Average Kilometres Travelled,2018,All owners,1801 - 2000 cc,Petrol,Co. Wexford,All years,Kilometres,13265
Average Kilometres Travelled,2018,All owners,1801 - 2000 cc,Petrol,Co. Wicklow,All years,Kilometres,14249
Average Kilometres Travelled,2018,All owners,1801 - 2000 cc,Diesel,Co. Carlow,All years,Kilometres,21753
Average Kilometres Travelled,2018,All owners,1801 - 2000 cc,Diesel,Co. Cavan,All years,Kilometres,22111
Average Kilometres Travelled,2018,All owners,1801 - 2000 cc,Diesel,Co. Clare,All years,Kilometres,22509
Average Kilometres Travelled,2018,All owners,1801 - 2000 cc,Diesel,Co. Cork,All years,Kilometres,20641
Average Kilometres Travelled,2018,All owners,1801 - 2000 cc,Diesel,Co. Donegal,All years,Kilometres,20905
Average Kilometres Travelled,2018,All owners,1801 - 2000 cc,Diesel,Co. Dublin,All years,Kilometres,18722
Average Kilometres Travelled,2018,All owners,1801 - 2000 cc,Diesel,Co. Galway,All years,Kilometres,21734
Average Kilometres Travelled,2018,All owners,1801 - 2000 cc,Diesel,Co. Kerry,All years,Kilometres,21190
Average Kilometres Travelled,2018,All owners,1801 - 2000 cc,Diesel,Co. Kildare,All years,Kilometres,21282
Average Kilometres Travelled,2018,All owners,1801 - 2000 cc,Diesel,Co. Kilkenny,All years,Kilometres,22005
Average Kilometres Travelled,2018,All owners,1801 - 2000 cc,Diesel,Co. Laois,All years,Kilometres,22742
Average Kilometres Travelled,2018,All owners,1801 - 2000 cc,Diesel,Co. Leitrim,All years,Kilometres,22755
Average Kilometres Travelled,2018,All owners,1801 - 2000 cc,Diesel,Co. Limerick,All years,Kilometres,21978
Average Kilometres Travelled,2018,All owners,1801 - 2000 cc,Diesel,Co. Longford,All years,Kilometres,22914
Average Kilometres Travelled,2018,All owners,1801 - 2000 cc,Diesel,Co. Louth,All years,Kilometres,21399
Average Kilometres Travelled,2018,All owners,1801 - 2000 cc,Diesel,Co. Mayo,All years,Kilometres,21919
Average Kilometres Travelled,2018,All owners,1801 - 2000 cc,Diesel,Co. Meath,All years,Kilometres,21551
Average Kilometres Travelled,2018,All owners,1801 - 2000 cc,Diesel,Co. Monaghan,All years,Kilometres,21962
Average Kilometres Travelled,2018,All owners,1801 - 2000 cc,Diesel,Co. Offaly,All years,Kilometres,22361
Average Kilometres Travelled,2018,All owners,1801 - 2000 cc,Diesel,Co. Roscommon,All years,Kilometres,23341
Average Kilometres Travelled,2018,All owners,1801 - 2000 cc,Diesel,Co. Sligo,All years,Kilometres,21762
Average Kilometres Travelled,2018,All owners,1801 - 2000 cc,Diesel,Co. Tipperary,All years,Kilometres,22546
Average Kilometres Travelled,2018,All owners,1801 - 2000 cc,Diesel,Co. Waterford,All years,Kilometres,21160
Average Kilometres Travelled,2018,All owners,1801 - 2000 cc,Diesel,Co. Westmeath,All years,Kilometres,22265
Average Kilometres Travelled,2018,All owners,1801 - 2000 cc,Diesel,Co. Wexford,All years,Kilometres,21513
Average Kilometres Travelled,2018,All owners,1801 - 2000 cc,Diesel,Co. Wicklow,All years,Kilometres,20639
Average Kilometres Travelled,2018,All owners,1801 - 2000 cc,Other fuel types,Co. Carlow,All years,Kilometres,15907
Average Kilometres Travelled,2018,All owners,1801 - 2000 cc,Other fuel types,Co. Cavan,All years,Kilometres,13593
Average Kilometres Travelled,2018,All owners,1801 - 2000 cc,Other fuel types,Co. Clare,All years,Kilometres,15703
Average Kilometres Travelled,2018,All owners,1801 - 2000 cc,Other fuel types,Co. Cork,All years,Kilometres,14203
Average Kilometres Travelled,2018,All owners,1801 - 2000 cc,Other fuel types,Co. Donegal,All years,Kilometres,16652
Average Kilometres Travelled,2018,All owners,1801 - 2000 cc,Other fuel types,Co. Dublin,All years,Kilometres,13087
Average Kilometres Travelled,2018,All owners,1801 - 2000 cc,Other fuel types,Co. Galway,All years,Kilometres,14715
Average Kilometres Travelled,2018,All owners,1801 - 2000 cc,Other fuel types,Co. Kerry,All years,Kilometres,12491
Average Kilometres Travelled,2018,All owners,1801 - 2000 cc,Other fuel types,Co. Kildare,All years,Kilometres,13978
Average Kilometres Travelled,2018,All owners,1801 - 2000 cc,Other fuel types,Co. Kilkenny,All years,Kilometres,15967
Average Kilometres Travelled,2018,All owners,1801 - 2000 cc,Other fuel types,Co. Laois,All years,Kilometres,13966
Average Kilometres Travelled,2018,All owners,1801 - 2000 cc,Other fuel types,Co. Leitrim,All years,Kilometres,18478
Average Kilometres Travelled,2018,All owners,1801 - 2000 cc,Other fuel types,Co. Limerick,All years,Kilometres,14033
Average Kilometres Travelled,2018,All owners,1801 - 2000 cc,Other fuel types,Co. Longford,All years,Kilometres,13629
Average Kilometres Travelled,2018,All owners,1801 - 2000 cc,Other fuel types,Co. Louth,All years,Kilometres,13100
Average Kilometres Travelled,2018,All owners,1801 - 2000 cc,Other fuel types,Co. Mayo,All years,Kilometres,15622
Average Kilometres Travelled,2018,All owners,1801 - 2000 cc,Other fuel types,Co. Meath,All years,Kilometres,13728
Average Kilometres Travelled,2018,All owners,1801 - 2000 cc,Other fuel types,Co. Monaghan,All years,Kilometres,13699
Average Kilometres Travelled,2018,All owners,1801 - 2000 cc,Other fuel types,Co. Offaly,All years,Kilometres,12838
Average Kilometres Travelled,2018,All owners,1801 - 2000 cc,Other fuel types,Co. Roscommon,All years,Kilometres,15712
Average Kilometres Travelled,2018,All owners,1801 - 2000 cc,Other fuel types,Co. Sligo,All years,Kilometres,12554
Average Kilometres Travelled,2018,All owners,1801 - 2000 cc,Other fuel types,Co. Tipperary,All years,Kilometres,14481
Average Kilometres Travelled,2018,All owners,1801 - 2000 cc,Other fuel types,Co. Waterford,All years,Kilometres,14403
Average Kilometres Travelled,2018,All owners,1801 - 2000 cc,Other fuel types,Co. Westmeath,All years,Kilometres,13563
Average Kilometres Travelled,2018,All owners,1801 - 2000 cc,Other fuel types,Co. Wexford,All years,Kilometres,14492
Average Kilometres Travelled,2018,All owners,1801 - 2000 cc,Other fuel types,Co. Wicklow,All years,Kilometres,13597
Average Kilometres Travelled,2018,All owners,Over 2000 cc,Petrol,Co. Carlow,All years,Kilometres,14170
Average Kilometres Travelled,2018,All owners,Over 2000 cc,Petrol,Co. Cavan,All years,Kilometres,13765
Average Kilometres Travelled,2018,All owners,Over 2000 cc,Petrol,Co. Clare,All years,Kilometres,12462
Average Kilometres Travelled,2018,All owners,Over 2000 cc,Petrol,Co. Cork,All years,Kilometres,13260
Average Kilometres Travelled,2018,All owners,Over 2000 cc,Petrol,Co. Donegal,All years,Kilometres,14138
Average Kilometres Travelled,2018,All owners,Over 2000 cc,Petrol,Co. Dublin,All years,Kilometres,11308
Average Kilometres Travelled,2018,All owners,Over 2000 cc,Petrol,Co. Galway,All years,Kilometres,12973
Average Kilometres Travelled,2018,All owners,Over 2000 cc,Petrol,Co. Kerry,All years,Kilometres,12547
Average Kilometres Travelled,2018,All owners,Over 2000 cc,Petrol,Co. Kildare,All years,Kilometres,14066
Average Kilometres Travelled,2018,All owners,Over 2000 cc,Petrol,Co. Kilkenny,All years,Kilometres,13834
Average Kilometres Travelled,2018,All owners,Over 2000 cc,Petrol,Co. Laois,All years,Kilometres,15442
Average Kilometres Travelled,2018,All owners,Over 2000 cc,Petrol,Co. Leitrim,All years,Kilometres,13467
Average Kilometres Travelled,2018,All owners,Over 2000 cc,Petrol,Co. Limerick,All years,Kilometres,13036
Average Kilometres Travelled,2018,All owners,Over 2000 cc,Petrol,Co. Longford,All years,Kilometres,14202
Average Kilometres Travelled,2018,All owners,Over 2000 cc,Petrol,Co. Louth,All years,Kilometres,14053
Average Kilometres Travelled,2018,All owners,Over 2000 cc,Petrol,Co. Mayo,All years,Kilometres,12990
Average Kilometres Travelled,2018,All owners,Over 2000 cc,Petrol,Co. Meath,All years,Kilometres,13729
Average Kilometres Travelled,2018,All owners,Over 2000 cc,Petrol,Co. Monaghan,All years,Kilometres,15011
Average Kilometres Travelled,2018,All owners,Over 2000 cc,Petrol,Co. Offaly,All years,Kilometres,14865
Average Kilometres Travelled,2018,All owners,Over 2000 cc,Petrol,Co. Roscommon,All years,Kilometres,13527
Average Kilometres Travelled,2018,All owners,Over 2000 cc,Petrol,Co. Sligo,All years,Kilometres,11962
Average Kilometres Travelled,2018,All owners,Over 2000 cc,Petrol,Co. Tipperary,All years,Kilometres,16191
Average Kilometres Travelled,2018,All owners,Over 2000 cc,Petrol,Co. Waterford,All years,Kilometres,13073
Average Kilometres Travelled,2018,All owners,Over 2000 cc,Petrol,Co. Westmeath,All years,Kilometres,13648
Average Kilometres Travelled,2018,All owners,Over 2000 cc,Petrol,Co. Wexford,All years,Kilometres,13555
Average Kilometres Travelled,2018,All owners,Over 2000 cc,Petrol,Co. Wicklow,All years,Kilometres,12682
Average Kilometres Travelled,2018,All owners,Over 2000 cc,Diesel,Co. Carlow,All years,Kilometres,21705
Average Kilometres Travelled,2018,All owners,Over 2000 cc,Diesel,Co. Cavan,All years,Kilometres,20924
Average Kilometres Travelled,2018,All owners,Over 2000 cc,Diesel,Co. Clare,All years,Kilometres,22244
Average Kilometres Travelled,2018,All owners,Over 2000 cc,Diesel,Co. Cork,All years,Kilometres,19971
Average Kilometres Travelled,2018,All owners,Over 2000 cc,Diesel,Co. Donegal,All years,Kilometres,20060
Average Kilometres Travelled,2018,All owners,Over 2000 cc,Diesel,Co. Dublin,All years,Kilometres,17569
Average Kilometres Travelled,2018,All owners,Over 2000 cc,Diesel,Co. Galway,All years,Kilometres,21007
Average Kilometres Travelled,2018,All owners,Over 2000 cc,Diesel,Co. Kerry,All years,Kilometres,20345
Average Kilometres Travelled,2018,All owners,Over 2000 cc,Diesel,Co. Kildare,All years,Kilometres,21015
Average Kilometres Travelled,2018,All owners,Over 2000 cc,Diesel,Co. Kilkenny,All years,Kilometres,22017
Average Kilometres Travelled,2018,All owners,Over 2000 cc,Diesel,Co. Laois,All years,Kilometres,21775
Average Kilometres Travelled,2018,All owners,Over 2000 cc,Diesel,Co. Leitrim,All years,Kilometres,21978
Average Kilometres Travelled,2018,All owners,Over 2000 cc,Diesel,Co. Limerick,All years,Kilometres,21170
Average Kilometres Travelled,2018,All owners,Over 2000 cc,Diesel,Co. Longford,All years,Kilometres,22773
Average Kilometres Travelled,2018,All owners,Over 2000 cc,Diesel,Co. Louth,All years,Kilometres,20914
Average Kilometres Travelled,2018,All owners,Over 2000 cc,Diesel,Co. Mayo,All years,Kilometres,20585
Average Kilometres Travelled,2018,All owners,Over 2000 cc,Diesel,Co. Meath,All years,Kilometres,21106
Average Kilometres Travelled,2018,All owners,Over 2000 cc,Diesel,Co. Monaghan,All years,Kilometres,21306
Average Kilometres Travelled,2018,All owners,Over 2000 cc,Diesel,Co. Offaly,All years,Kilometres,22767
Average Kilometres Travelled,2018,All owners,Over 2000 cc,Diesel,Co. Roscommon,All years,Kilometres,22192
Average Kilometres Travelled,2018,All owners,Over 2000 cc,Diesel,Co. Sligo,All years,Kilometres,21157
Average Kilometres Travelled,2018,All owners,Over 2000 cc,Diesel,Co. Tipperary,All years,Kilometres,22166
Average Kilometres Travelled,2018,All owners,Over 2000 cc,Diesel,Co. Waterford,All years,Kilometres,20803
Average Kilometres Travelled,2018,All owners,Over 2000 cc,Diesel,Co. Westmeath,All years,Kilometres,22185
Average Kilometres Travelled,2018,All owners,Over 2000 cc,Diesel,Co. Wexford,All years,Kilometres,21415
Average Kilometres Travelled,2018,All owners,Over 2000 cc,Diesel,Co. Wicklow,All years,Kilometres,19897
Average Kilometres Travelled,2018,All owners,Over 2000 cc,Other fuel types,Co. Carlow,All years,Kilometres,15670
Average Kilometres Travelled,2018,All owners,Over 2000 cc,Other fuel types,Co. Cavan,All years,Kilometres,15391
Average Kilometres Travelled,2018,All owners,Over 2000 cc,Other fuel types,Co. Clare,All years,Kilometres,14426
Average Kilometres Travelled,2018,All owners,Over 2000 cc,Other fuel types,Co. Cork,All years,Kilometres,14867
Average Kilometres Travelled,2018,All owners,Over 2000 cc,Other fuel types,Co. Donegal,All years,Kilometres,14057
Average Kilometres Travelled,2018,All owners,Over 2000 cc,Other fuel types,Co. Dublin,All years,Kilometres,13945
Average Kilometres Travelled,2018,All owners,Over 2000 cc,Other fuel types,Co. Galway,All years,Kilometres,14418
Average Kilometres Travelled,2018,All owners,Over 2000 cc,Other fuel types,Co. Kerry,All years,Kilometres,14772
Average Kilometres Travelled,2018,All owners,Over 2000 cc,Other fuel types,Co. Kildare,All years,Kilometres,14823
Average Kilometres Travelled,2018,All owners,Over 2000 cc,Other fuel types,Co. Kilkenny,All years,Kilometres,16484
Average Kilometres Travelled,2018,All owners,Over 2000 cc,Other fuel types,Co. Laois,All years,Kilometres,15885
Average Kilometres Travelled,2018,All owners,Over 2000 cc,Other fuel types,Co. Leitrim,All years,Kilometres,16538
Average Kilometres Travelled,2018,All owners,Over 2000 cc,Other fuel types,Co. Limerick,All years,Kilometres,16225
Average Kilometres Travelled,2018,All owners,Over 2000 cc,Other fuel types,Co. Longford,All years,Kilometres,14886
Average Kilometres Travelled,2018,All owners,Over 2000 cc,Other fuel types,Co. Louth,All years,Kilometres,14461
Average Kilometres Travelled,2018,All owners,Over 2000 cc,Other fuel types,Co. Mayo,All years,Kilometres,14231
Average Kilometres Travelled,2018,All owners,Over 2000 cc,Other fuel types,Co. Meath,All years,Kilometres,14880
Average Kilometres Travelled,2018,All owners,Over 2000 cc,Other fuel types,Co. Monaghan,All years,Kilometres,14327
Average Kilometres Travelled,2018,All owners,Over 2000 cc,Other fuel types,Co. Offaly,All years,Kilometres,15126
Average Kilometres Travelled,2018,All owners,Over 2000 cc,Other fuel types,Co. Roscommon,All years,Kilometres,13928
Average Kilometres Travelled,2018,All owners,Over 2000 cc,Other fuel types,Co. Sligo,All years,Kilometres,15215
Average Kilometres Travelled,2018,All owners,Over 2000 cc,Other fuel types,Co. Tipperary,All years,Kilometres,15678
Average Kilometres Travelled,2018,All owners,Over 2000 cc,Other fuel types,Co. Waterford,All years,Kilometres,16070
Average Kilometres Travelled,2018,All owners,Over 2000 cc,Other fuel types,Co. Westmeath,All years,Kilometres,15306
Average Kilometres Travelled,2018,All owners,Over 2000 cc,Other fuel types,Co. Wexford,All years,Kilometres,15786
Average Kilometres Travelled,2018,All owners,Over 2000 cc,Other fuel types,Co. Wicklow,All years,Kilometres,14924
Average Kilometres Travelled,2019,All owners,Up to 1000 cc,Petrol,Co. Carlow,All years,Kilometres,12676
Average Kilometres Travelled,2019,All owners,Up to 1000 cc,Petrol,Co. Cavan,All years,Kilometres,13050
Average Kilometres Travelled,2019,All owners,Up to 1000 cc,Petrol,Co. Clare,All years,Kilometres,12778
Average Kilometres Travelled,2019,All owners,Up to 1000 cc,Petrol,Co. Cork,All years,Kilometres,11917
Average Kilometres Travelled,2019,All owners,Up to 1000 cc,Petrol,Co. Donegal,All years,Kilometres,12435
Average Kilometres Travelled,2019,All owners,Up to 1000 cc,Petrol,Co. Dublin,All years,Kilometres,10033
Average Kilometres Travelled,2019,All owners,Up to 1000 cc,Petrol,Co. Galway,All years,Kilometres,12205
Average Kilometres Travelled,2019,All owners,Up to 1000 cc,Petrol,Co. Kerry,All years,Kilometres,12624
Average Kilometres Travelled,2019,All owners,Up to 1000 cc,Petrol,Co. Kildare,All years,Kilometres,12296
Average Kilometres Travelled,2019,All owners,Up to 1000 cc,Petrol,Co. Kilkenny,All years,Kilometres,12352
Average Kilometres Travelled,2019,All owners,Up to 1000 cc,Petrol,Co. Laois,All years,Kilometres,13468
Average Kilometres Travelled,2019,All owners,Up to 1000 cc,Petrol,Co. Leitrim,All years,Kilometres,13858
Average Kilometres Travelled,2019,All owners,Up to 1000 cc,Petrol,Co. Limerick,All years,Kilometres,11995
Average Kilometres Travelled,2019,All owners,Up to 1000 cc,Petrol,Co. Longford,All years,Kilometres,12872
Average Kilometres Travelled,2019,All owners,Up to 1000 cc,Petrol,Co. Louth,All years,Kilometres,11993
Average Kilometres Travelled,2019,All owners,Up to 1000 cc,Petrol,Co. Mayo,All years,Kilometres,12727
Average Kilometres Travelled,2019,All owners,Up to 1000 cc,Petrol,Co. Meath,All years,Kilometres,12746
Average Kilometres Travelled,2019,All owners,Up to 1000 cc,Petrol,Co. Monaghan,All years,Kilometres,12614
Average Kilometres Travelled,2019,All owners,Up to 1000 cc,Petrol,Co. Offaly,All years,Kilometres,12588
Average Kilometres Travelled,2019,All owners,Up to 1000 cc,Petrol,Co. Roscommon,All years,Kilometres,16220
Average Kilometres Travelled,2019,All owners,Up to 1000 cc,Petrol,Co. Sligo,All years,Kilometres,11768
Average Kilometres Travelled,2019,All owners,Up to 1000 cc,Petrol,Co. Tipperary,All years,Kilometres,13008
Average Kilometres Travelled,2019,All owners,Up to 1000 cc,Petrol,Co. Waterford,All years,Kilometres,12341
Average Kilometres Travelled,2019,All owners,Up to 1000 cc,Petrol,Co. Westmeath,All years,Kilometres,12407
Average Kilometres Travelled,2019,All owners,Up to 1000 cc,Petrol,Co. Wexford,All years,Kilometres,12828
Average Kilometres Travelled,2019,All owners,Up to 1000 cc,Petrol,Co. Wicklow,All years,Kilometres,12497
Average Kilometres Travelled,2019,All owners,Up to 1000 cc,Diesel,Co. Carlow,All years,Kilometres,43960
Average Kilometres Travelled,2019,All owners,Up to 1000 cc,Diesel,Co. Cavan,All years,Kilometres,5765
Average Kilometres Travelled,2019,All owners,Up to 1000 cc,Diesel,Co. Clare,All years,Kilometres,16704
Average Kilometres Travelled,2019,All owners,Up to 1000 cc,Diesel,Co. Cork,All years,Kilometres,14136
Average Kilometres Travelled,2019,All owners,Up to 1000 cc,Diesel,Co. Donegal,All years,Kilometres,17762
Average Kilometres Travelled,2019,All owners,Up to 1000 cc,Diesel,Co. Dublin,All years,Kilometres,19009
Average Kilometres Travelled,2019,All owners,Up to 1000 cc,Diesel,Co. Galway,All years,Kilometres,21028
Average Kilometres Travelled,2019,All owners,Up to 1000 cc,Diesel,Co. Kerry,All years,Kilometres,19295
Average Kilometres Travelled,2019,All owners,Up to 1000 cc,Diesel,Co. Kildare,All years,Kilometres,17228
Average Kilometres Travelled,2019,All owners,Up to 1000 cc,Diesel,Co. Kilkenny,All years,Kilometres,8670
Average Kilometres Travelled,2019,All owners,Up to 1000 cc,Diesel,Co. Laois,All years,Kilometres,14604
Average Kilometres Travelled,2019,All owners,Up to 1000 cc,Diesel,Co. Leitrim,All years,Kilometres,0
Average Kilometres Travelled,2019,All owners,Up to 1000 cc,Diesel,Co. Limerick,All years,Kilometres,15986
Average Kilometres Travelled,2019,All owners,Up to 1000 cc,Diesel,Co. Longford,All years,Kilometres,29395
Average Kilometres Travelled,2019,All owners,Up to 1000 cc,Diesel,Co. Louth,All years,Kilometres,20304
Average Kilometres Travelled,2019,All owners,Up to 1000 cc,Diesel,Co. Mayo,All years,Kilometres,16746
Average Kilometres Travelled,2019,All owners,Up to 1000 cc,Diesel,Co. Meath,All years,Kilometres,27571
Average Kilometres Travelled,2019,All owners,Up to 1000 cc,Diesel,Co. Monaghan,All years,Kilometres,16053
Average Kilometres Travelled,2019,All owners,Up to 1000 cc,Diesel,Co. Offaly,All years,Kilometres,16264
Average Kilometres Travelled,2019,All owners,Up to 1000 cc,Diesel,Co. Roscommon,All years,Kilometres,16960
Average Kilometres Travelled,2019,All owners,Up to 1000 cc,Diesel,Co. Sligo,All years,Kilometres,18712
Average Kilometres Travelled,2019,All owners,Up to 1000 cc,Diesel,Co. Tipperary,All years,Kilometres,24695
Average Kilometres Travelled,2019,All owners,Up to 1000 cc,Diesel,Co. Waterford,All years,Kilometres,22985
Average Kilometres Travelled,2019,All owners,Up to 1000 cc,Diesel,Co. Westmeath,All years,Kilometres,20535
Average Kilometres Travelled,2019,All owners,Up to 1000 cc,Diesel,Co. Wexford,All years,Kilometres,16981
Average Kilometres Travelled,2019,All owners,Up to 1000 cc,Diesel,Co. Wicklow,All years,Kilometres,15300
Average Kilometres Travelled,2019,All owners,Up to 1000 cc,Other fuel types,Co. Carlow,All years,Kilometres,13359
Average Kilometres Travelled,2019,All owners,Up to 1000 cc,Other fuel types,Co. Cavan,All years,Kilometres,13684
Average Kilometres Travelled,2019,All owners,Up to 1000 cc,Other fuel types,Co. Clare,All years,Kilometres,13210
Average Kilometres Travelled,2019,All owners,Up to 1000 cc,Other fuel types,Co. Cork,All years,Kilometres,13602
Average Kilometres Travelled,2019,All owners,Up to 1000 cc,Other fuel types,Co. Donegal,All years,Kilometres,13777
Average Kilometres Travelled,2019,All owners,Up to 1000 cc,Other fuel types,Co. Dublin,All years,Kilometres,12976
Average Kilometres Travelled,2019,All owners,Up to 1000 cc,Other fuel types,Co. Galway,All years,Kilometres,13315
Average Kilometres Travelled,2019,All owners,Up to 1000 cc,Other fuel types,Co. Kerry,All years,Kilometres,13851
Average Kilometres Travelled,2019,All owners,Up to 1000 cc,Other fuel types,Co. Kildare,All years,Kilometres,13686
Average Kilometres Travelled,2019,All owners,Up to 1000 cc,Other fuel types,Co. Kilkenny,All years,Kilometres,13776
Average Kilometres Travelled,2019,All owners,Up to 1000 cc,Other fuel types,Co. Laois,All years,Kilometres,13878
Average Kilometres Travelled,2019,All owners,Up to 1000 cc,Other fuel types,Co. Leitrim,All years,Kilometres,13315
Average Kilometres Travelled,2019,All owners,Up to 1000 cc,Other fuel types,Co. Limerick,All years,Kilometres,13179
Average Kilometres Travelled,2019,All owners,Up to 1000 cc,Other fuel types,Co. Longford,All years,Kilometres,13456
Average Kilometres Travelled,2019,All owners,Up to 1000 cc,Other fuel types,Co. Louth,All years,Kilometres,13538
Average Kilometres Travelled,2019,All owners,Up to 1000 cc,Other fuel types,Co. Mayo,All years,Kilometres,13371
Average Kilometres Travelled,2019,All owners,Up to 1000 cc,Other fuel types,Co. Meath,All years,Kilometres,13783
Average Kilometres Travelled,2019,All owners,Up to 1000 cc,Other fuel types,Co. Monaghan,All years,Kilometres,13675
Average Kilometres Travelled,2019,All owners,Up to 1000 cc,Other fuel types,Co. Offaly,All years,Kilometres,12997
Average Kilometres Travelled,2019,All owners,Up to 1000 cc,Other fuel types,Co. Roscommon,All years,Kilometres,13082
Average Kilometres Travelled,2019,All owners,Up to 1000 cc,Other fuel types,Co. Sligo,All years,Kilometres,12788
Average Kilometres Travelled,2019,All owners,Up to 1000 cc,Other fuel types,Co. Tipperary,All years,Kilometres,13751
Average Kilometres Travelled,2019,All owners,Up to 1000 cc,Other fuel types,Co. Waterford,All years,Kilometres,13025
Average Kilometres Travelled,2019,All owners,Up to 1000 cc,Other fuel types,Co. Westmeath,All years,Kilometres,13526
Average Kilometres Travelled,2019,All owners,Up to 1000 cc,Other fuel types,Co. Wexford,All years,Kilometres,13690
Average Kilometres Travelled,2019,All owners,Up to 1000 cc,Other fuel types,Co. Wicklow,All years,Kilometres,13553
Average Kilometres Travelled,2019,All owners,1001 - 1200 cc,Petrol,Co. Carlow,All years,Kilometres,12803
Average Kilometres Travelled,2019,All owners,1001 - 1200 cc,Petrol,Co. Cavan,All years,Kilometres,14335
Average Kilometres Travelled,2019,All owners,1001 - 1200 cc,Petrol,Co. Clare,All years,Kilometres,13569
Average Kilometres Travelled,2019,All owners,1001 - 1200 cc,Petrol,Co. Cork,All years,Kilometres,12261
Average Kilometres Travelled,2019,All owners,1001 - 1200 cc,Petrol,Co. Donegal,All years,Kilometres,12980
Average Kilometres Travelled,2019,All owners,1001 - 1200 cc,Petrol,Co. Dublin,All years,Kilometres,10139
Average Kilometres Travelled,2019,All owners,1001 - 1200 cc,Petrol,Co. Galway,All years,Kilometres,12880
Average Kilometres Travelled,2019,All owners,1001 - 1200 cc,Petrol,Co. Kerry,All years,Kilometres,13390
Average Kilometres Travelled,2019,All owners,1001 - 1200 cc,Petrol,Co. Kildare,All years,Kilometres,12801
Average Kilometres Travelled,2019,All owners,1001 - 1200 cc,Petrol,Co. Kilkenny,All years,Kilometres,13009
Average Kilometres Travelled,2019,All owners,1001 - 1200 cc,Petrol,Co. Laois,All years,Kilometres,13564
Average Kilometres Travelled,2019,All owners,1001 - 1200 cc,Petrol,Co. Leitrim,All years,Kilometres,13656
Average Kilometres Travelled,2019,All owners,1001 - 1200 cc,Petrol,Co. Limerick,All years,Kilometres,12849
Average Kilometres Travelled,2019,All owners,1001 - 1200 cc,Petrol,Co. Longford,All years,Kilometres,12398
Average Kilometres Travelled,2019,All owners,1001 - 1200 cc,Petrol,Co. Louth,All years,Kilometres,12411
Average Kilometres Travelled,2019,All owners,1001 - 1200 cc,Petrol,Co. Mayo,All years,Kilometres,13030
Average Kilometres Travelled,2019,All owners,1001 - 1200 cc,Petrol,Co. Meath,All years,Kilometres,13200
Average Kilometres Travelled,2019,All owners,1001 - 1200 cc,Petrol,Co. Monaghan,All years,Kilometres,13578
Average Kilometres Travelled,2019,All owners,1001 - 1200 cc,Petrol,Co. Offaly,All years,Kilometres,13239
Average Kilometres Travelled,2019,All owners,1001 - 1200 cc,Petrol,Co. Roscommon,All years,Kilometres,15518
Average Kilometres Travelled,2019,All owners,1001 - 1200 cc,Petrol,Co. Sligo,All years,Kilometres,12609
Average Kilometres Travelled,2019,All owners,1001 - 1200 cc,Petrol,Co. Tipperary,All years,Kilometres,13643
Average Kilometres Travelled,2019,All owners,1001 - 1200 cc,Petrol,Co. Waterford,All years,Kilometres,12628
Average Kilometres Travelled,2019,All owners,1001 - 1200 cc,Petrol,Co. Westmeath,All years,Kilometres,13049
Average Kilometres Travelled,2019,All owners,1001 - 1200 cc,Petrol,Co. Wexford,All years,Kilometres,13243
Average Kilometres Travelled,2019,All owners,1001 - 1200 cc,Petrol,Co. Wicklow,All years,Kilometres,12625
Average Kilometres Travelled,2019,All owners,1001 - 1200 cc,Diesel,Co. Carlow,All years,Kilometres,17505
Average Kilometres Travelled,2019,All owners,1001 - 1200 cc,Diesel,Co. Cavan,All years,Kilometres,19951
Average Kilometres Travelled,2019,All owners,1001 - 1200 cc,Diesel,Co. Clare,All years,Kilometres,18374
Average Kilometres Travelled,2019,All owners,1001 - 1200 cc,Diesel,Co. Cork,All years,Kilometres,17658
Average Kilometres Travelled,2019,All owners,1001 - 1200 cc,Diesel,Co. Donegal,All years,Kilometres,18258
Average Kilometres Travelled,2019,All owners,1001 - 1200 cc,Diesel,Co. Dublin,All years,Kilometres,14181
Average Kilometres Travelled,2019,All owners,1001 - 1200 cc,Diesel,Co. Galway,All years,Kilometres,19137
Average Kilometres Travelled,2019,All owners,1001 - 1200 cc,Diesel,Co. Kerry,All years,Kilometres,19078
Average Kilometres Travelled,2019,All owners,1001 - 1200 cc,Diesel,Co. Kildare,All years,Kilometres,18291
Average Kilometres Travelled,2019,All owners,1001 - 1200 cc,Diesel,Co. Kilkenny,All years,Kilometres,20165
Average Kilometres Travelled,2019,All owners,1001 - 1200 cc,Diesel,Co. Laois,All years,Kilometres,20193
Average Kilometres Travelled,2019,All owners,1001 - 1200 cc,Diesel,Co. Leitrim,All years,Kilometres,19381
Average Kilometres Travelled,2019,All owners,1001 - 1200 cc,Diesel,Co. Limerick,All years,Kilometres,19593
Average Kilometres Travelled,2019,All owners,1001 - 1200 cc,Diesel,Co. Longford,All years,Kilometres,19566
Average Kilometres Travelled,2019,All owners,1001 - 1200 cc,Diesel,Co. Louth,All years,Kilometres,18620
Average Kilometres Travelled,2019,All owners,1001 - 1200 cc,Diesel,Co. Mayo,All years,Kilometres,18176
Average Kilometres Travelled,2019,All owners,1001 - 1200 cc,Diesel,Co. Meath,All years,Kilometres,19630
Average Kilometres Travelled,2019,All owners,1001 - 1200 cc,Diesel,Co. Monaghan,All years,Kilometres,19171
Average Kilometres Travelled,2019,All owners,1001 - 1200 cc,Diesel,Co. Offaly,All years,Kilometres,19845
Average Kilometres Travelled,2019,All owners,1001 - 1200 cc,Diesel,Co. Roscommon,All years,Kilometres,18102
Average Kilometres Travelled,2019,All owners,1001 - 1200 cc,Diesel,Co. Sligo,All years,Kilometres,18950
Average Kilometres Travelled,2019,All owners,1001 - 1200 cc,Diesel,Co. Tipperary,All years,Kilometres,19438
Average Kilometres Travelled,2019,All owners,1001 - 1200 cc,Diesel,Co. Waterford,All years,Kilometres,18242
Average Kilometres Travelled,2019,All owners,1001 - 1200 cc,Diesel,Co. Westmeath,All years,Kilometres,21243
Average Kilometres Travelled,2019,All owners,1001 - 1200 cc,Diesel,Co. Wexford,All years,Kilometres,20152
Average Kilometres Travelled,2019,All owners,1001 - 1200 cc,Diesel,Co. Wicklow,All years,Kilometres,19045
Average Kilometres Travelled,2019,All owners,1001 - 1200 cc,Other fuel types,Co. Carlow,All years,Kilometres,11538
Average Kilometres Travelled,2019,All owners,1001 - 1200 cc,Other fuel types,Co. Cavan,All years,Kilometres,11788
Average Kilometres Travelled,2019,All owners,1001 - 1200 cc,Other fuel types,Co. Clare,All years,Kilometres,11148
Average Kilometres Travelled,2019,All owners,1001 - 1200 cc,Other fuel types,Co. Cork,All years,Kilometres,9777
Average Kilometres Travelled,2019,All owners,1001 - 1200 cc,Other fuel types,Co. Donegal,All years,Kilometres,12693
Average Kilometres Travelled,2019,All owners,1001 - 1200 cc,Other fuel types,Co. Dublin,All years,Kilometres,7976
Average Kilometres Travelled,2019,All owners,1001 - 1200 cc,Other fuel types,Co. Galway,All years,Kilometres,12200
Average Kilometres Travelled,2019,All owners,1001 - 1200 cc,Other fuel types,Co. Kerry,All years,Kilometres,11737
Average Kilometres Travelled,2019,All owners,1001 - 1200 cc,Other fuel types,Co. Kildare,All years,Kilometres,11236
Average Kilometres Travelled,2019,All owners,1001 - 1200 cc,Other fuel types,Co. Kilkenny,All years,Kilometres,11540
Average Kilometres Travelled,2019,All owners,1001 - 1200 cc,Other fuel types,Co. Laois,All years,Kilometres,12835
Average Kilometres Travelled,2019,All owners,1001 - 1200 cc,Other fuel types,Co. Leitrim,All years,Kilometres,12188
Average Kilometres Travelled,2019,All owners,1001 - 1200 cc,Other fuel types,Co. Limerick,All years,Kilometres,11160
Average Kilometres Travelled,2019,All owners,1001 - 1200 cc,Other fuel types,Co. Longford,All years,Kilometres,12363
Average Kilometres Travelled,2019,All owners,1001 - 1200 cc,Other fuel types,Co. Louth,All years,Kilometres,10962
Average Kilometres Travelled,2019,All owners,1001 - 1200 cc,Other fuel types,Co. Mayo,All years,Kilometres,12327
Average Kilometres Travelled,2019,All owners,1001 - 1200 cc,Other fuel types,Co. Meath,All years,Kilometres,12388
Average Kilometres Travelled,2019,All owners,1001 - 1200 cc,Other fuel types,Co. Monaghan,All years,Kilometres,12423
Average Kilometres Travelled,2019,All owners,1001 - 1200 cc,Other fuel types,Co. Offaly,All years,Kilometres,12297
Average Kilometres Travelled,2019,All owners,1001 - 1200 cc,Other fuel types,Co. Roscommon,All years,Kilometres,11425
Average Kilometres Travelled,2019,All owners,1001 - 1200 cc,Other fuel types,Co. Sligo,All years,Kilometres,11858
Average Kilometres Travelled,2019,All owners,1001 - 1200 cc,Other fuel types,Co. Tipperary,All years,Kilometres,10787
Average Kilometres Travelled,2019,All owners,1001 - 1200 cc,Other fuel types,Co. Waterford,All years,Kilometres,11386
Average Kilometres Travelled,2019,All owners,1001 - 1200 cc,Other fuel types,Co. Westmeath,All years,Kilometres,12054
Average Kilometres Travelled,2019,All owners,1001 - 1200 cc,Other fuel types,Co. Wexford,All years,Kilometres,12174
Average Kilometres Travelled,2019,All owners,1001 - 1200 cc,Other fuel types,Co. Wicklow,All years,Kilometres,11449
Average Kilometres Travelled,2019,All owners,1201 - 1400 cc,Petrol,Co. Carlow,All years,Kilometres,12963
Average Kilometres Travelled,2019,All owners,1201 - 1400 cc,Petrol,Co. Cavan,All years,Kilometres,13372
Average Kilometres Travelled,2019,All owners,1201 - 1400 cc,Petrol,Co. Clare,All years,Kilometres,13454
Average Kilometres Travelled,2019,All owners,1201 - 1400 cc,Petrol,Co. Cork,All years,Kilometres,12226
Average Kilometres Travelled,2019,All owners,1201 - 1400 cc,Petrol,Co. Donegal,All years,Kilometres,13263
Average Kilometres Travelled,2019,All owners,1201 - 1400 cc,Petrol,Co. Dublin,All years,Kilometres,9929
Average Kilometres Travelled,2019,All owners,1201 - 1400 cc,Petrol,Co. Galway,All years,Kilometres,12895
Average Kilometres Travelled,2019,All owners,1201 - 1400 cc,Petrol,Co. Kerry,All years,Kilometres,13094
Average Kilometres Travelled,2019,All owners,1201 - 1400 cc,Petrol,Co. Kildare,All years,Kilometres,12579
Average Kilometres Travelled,2019,All owners,1201 - 1400 cc,Petrol,Co. Kilkenny,All years,Kilometres,13262
Average Kilometres Travelled,2019,All owners,1201 - 1400 cc,Petrol,Co. Laois,All years,Kilometres,13400
Average Kilometres Travelled,2019,All owners,1201 - 1400 cc,Petrol,Co. Leitrim,All years,Kilometres,14033
Average Kilometres Travelled,2019,All owners,1201 - 1400 cc,Petrol,Co. Limerick,All years,Kilometres,12760
Average Kilometres Travelled,2019,All owners,1201 - 1400 cc,Petrol,Co. Longford,All years,Kilometres,13298
Average Kilometres Travelled,2019,All owners,1201 - 1400 cc,Petrol,Co. Louth,All years,Kilometres,12291
Average Kilometres Travelled,2019,All owners,1201 - 1400 cc,Petrol,Co. Mayo,All years,Kilometres,13194
Average Kilometres Travelled,2019,All owners,1201 - 1400 cc,Petrol,Co. Meath,All years,Kilometres,13218
Average Kilometres Travelled,2019,All owners,1201 - 1400 cc,Petrol,Co. Monaghan,All years,Kilometres,13033
Average Kilometres Travelled,2019,All owners,1201 - 1400 cc,Petrol,Co. Offaly,All years,Kilometres,13283
Average Kilometres Travelled,2019,All owners,1201 - 1400 cc,Petrol,Co. Roscommon,All years,Kilometres,14893
Average Kilometres Travelled,2019,All owners,1201 - 1400 cc,Petrol,Co. Sligo,All years,Kilometres,12933
Average Kilometres Travelled,2019,All owners,1201 - 1400 cc,Petrol,Co. Tipperary,All years,Kilometres,13504
Average Kilometres Travelled,2019,All owners,1201 - 1400 cc,Petrol,Co. Waterford,All years,Kilometres,12441
Average Kilometres Travelled,2019,All owners,1201 - 1400 cc,Petrol,Co. Westmeath,All years,Kilometres,13364
Average Kilometres Travelled,2019,All owners,1201 - 1400 cc,Petrol,Co. Wexford,All years,Kilometres,13185
Average Kilometres Travelled,2019,All owners,1201 - 1400 cc,Petrol,Co. Wicklow,All years,Kilometres,12545
Average Kilometres Travelled,2019,All owners,1201 - 1400 cc,Diesel,Co. Carlow,All years,Kilometres,18944
Average Kilometres Travelled,2019,All owners,1201 - 1400 cc,Diesel,Co. Cavan,All years,Kilometres,19521
Average Kilometres Travelled,2019,All owners,1201 - 1400 cc,Diesel,Co. Clare,All years,Kilometres,19498
Average Kilometres Travelled,2019,All owners,1201 - 1400 cc,Diesel,Co. Cork,All years,Kilometres,17627
Average Kilometres Travelled,2019,All owners,1201 - 1400 cc,Diesel,Co. Donegal,All years,Kilometres,18187
Average Kilometres Travelled,2019,All owners,1201 - 1400 cc,Diesel,Co. Dublin,All years,Kilometres,14770
Average Kilometres Travelled,2019,All owners,1201 - 1400 cc,Diesel,Co. Galway,All years,Kilometres,18971
Average Kilometres Travelled,2019,All owners,1201 - 1400 cc,Diesel,Co. Kerry,All years,Kilometres,18397
Average Kilometres Travelled,2019,All owners,1201 - 1400 cc,Diesel,Co. Kildare,All years,Kilometres,18109
Average Kilometres Travelled,2019,All owners,1201 - 1400 cc,Diesel,Co. Kilkenny,All years,Kilometres,18827
Average Kilometres Travelled,2019,All owners,1201 - 1400 cc,Diesel,Co. Laois,All years,Kilometres,19189
Average Kilometres Travelled,2019,All owners,1201 - 1400 cc,Diesel,Co. Leitrim,All years,Kilometres,19665
Average Kilometres Travelled,2019,All owners,1201 - 1400 cc,Diesel,Co. Limerick,All years,Kilometres,18663
Average Kilometres Travelled,2019,All owners,1201 - 1400 cc,Diesel,Co. Longford,All years,Kilometres,19873
Average Kilometres Travelled,2019,All owners,1201 - 1400 cc,Diesel,Co. Louth,All years,Kilometres,17537
Average Kilometres Travelled,2019,All owners,1201 - 1400 cc,Diesel,Co. Mayo,All years,Kilometres,18579
Average Kilometres Travelled,2019,All owners,1201 - 1400 cc,Diesel,Co. Meath,All years,Kilometres,18294
Average Kilometres Travelled,2019,All owners,1201 - 1400 cc,Diesel,Co. Monaghan,All years,Kilometres,18660
Average Kilometres Travelled,2019,All owners,1201 - 1400 cc,Diesel,Co. Offaly,All years,Kilometres,19483
Average Kilometres Travelled,2019,All owners,1201 - 1400 cc,Diesel,Co. Roscommon,All years,Kilometres,20472
Average Kilometres Travelled,2019,All owners,1201 - 1400 cc,Diesel,Co. Sligo,All years,Kilometres,18909
Average Kilometres Travelled,2019,All owners,1201 - 1400 cc,Diesel,Co. Tipperary,All years,Kilometres,19172
Average Kilometres Travelled,2019,All owners,1201 - 1400 cc,Diesel,Co. Waterford,All years,Kilometres,18275
Average Kilometres Travelled,2019,All owners,1201 - 1400 cc,Diesel,Co. Westmeath,All years,Kilometres,18904
Average Kilometres Travelled,2019,All owners,1201 - 1400 cc,Diesel,Co. Wexford,All years,Kilometres,18404
Average Kilometres Travelled,2019,All owners,1201 - 1400 cc,Diesel,Co. Wicklow,All years,Kilometres,17912
Average Kilometres Travelled,2019,All owners,1201 - 1400 cc,Other fuel types,Co. Carlow,All years,Kilometres,13479
Average Kilometres Travelled,2019,All owners,1201 - 1400 cc,Other fuel types,Co. Cavan,All years,Kilometres,13227
Average Kilometres Travelled,2019,All owners,1201 - 1400 cc,Other fuel types,Co. Clare,All years,Kilometres,15414
Average Kilometres Travelled,2019,All owners,1201 - 1400 cc,Other fuel types,Co. Cork,All years,Kilometres,13303
Average Kilometres Travelled,2019,All owners,1201 - 1400 cc,Other fuel types,Co. Donegal,All years,Kilometres,15908
Average Kilometres Travelled,2019,All owners,1201 - 1400 cc,Other fuel types,Co. Dublin,All years,Kilometres,12352
Average Kilometres Travelled,2019,All owners,1201 - 1400 cc,Other fuel types,Co. Galway,All years,Kilometres,13912
Average Kilometres Travelled,2019,All owners,1201 - 1400 cc,Other fuel types,Co. Kerry,All years,Kilometres,12838
Average Kilometres Travelled,2019,All owners,1201 - 1400 cc,Other fuel types,Co. Kildare,All years,Kilometres,13581
Average Kilometres Travelled,2019,All owners,1201 - 1400 cc,Other fuel types,Co. Kilkenny,All years,Kilometres,14904
Average Kilometres Travelled,2019,All owners,1201 - 1400 cc,Other fuel types,Co. Laois,All years,Kilometres,13790
Average Kilometres Travelled,2019,All owners,1201 - 1400 cc,Other fuel types,Co. Leitrim,All years,Kilometres,12830
Average Kilometres Travelled,2019,All owners,1201 - 1400 cc,Other fuel types,Co. Limerick,All years,Kilometres,14011
Average Kilometres Travelled,2019,All owners,1201 - 1400 cc,Other fuel types,Co. Longford,All years,Kilometres,12264
Average Kilometres Travelled,2019,All owners,1201 - 1400 cc,Other fuel types,Co. Louth,All years,Kilometres,14531
Average Kilometres Travelled,2019,All owners,1201 - 1400 cc,Other fuel types,Co. Mayo,All years,Kilometres,14182
Average Kilometres Travelled,2019,All owners,1201 - 1400 cc,Other fuel types,Co. Meath,All years,Kilometres,13946
Average Kilometres Travelled,2019,All owners,1201 - 1400 cc,Other fuel types,Co. Monaghan,All years,Kilometres,16569
Average Kilometres Travelled,2019,All owners,1201 - 1400 cc,Other fuel types,Co. Offaly,All years,Kilometres,16140
Average Kilometres Travelled,2019,All owners,1201 - 1400 cc,Other fuel types,Co. Roscommon,All years,Kilometres,14325
Average Kilometres Travelled,2019,All owners,1201 - 1400 cc,Other fuel types,Co. Sligo,All years,Kilometres,13754
Average Kilometres Travelled,2019,All owners,1201 - 1400 cc,Other fuel types,Co. Tipperary,All years,Kilometres,13319
Average Kilometres Travelled,2019,All owners,1201 - 1400 cc,Other fuel types,Co. Waterford,All years,Kilometres,15072
Average Kilometres Travelled,2019,All owners,1201 - 1400 cc,Other fuel types,Co. Westmeath,All years,Kilometres,14341
Average Kilometres Travelled,2019,All owners,1201 - 1400 cc,Other fuel types,Co. Wexford,All years,Kilometres,14355
Average Kilometres Travelled,2019,All owners,1201 - 1400 cc,Other fuel types,Co. Wicklow,All years,Kilometres,13135
Average Kilometres Travelled,2019,All owners,1401 - 1600 cc,Petrol,Co. Carlow,All years,Kilometres,13525
Average Kilometres Travelled,2019,All owners,1401 - 1600 cc,Petrol,Co. Cavan,All years,Kilometres,14326
Average Kilometres Travelled,2019,All owners,1401 - 1600 cc,Petrol,Co. Clare,All years,Kilometres,14119
Average Kilometres Travelled,2019,All owners,1401 - 1600 cc,Petrol,Co. Cork,All years,Kilometres,13140
Average Kilometres Travelled,2019,All owners,1401 - 1600 cc,Petrol,Co. Donegal,All years,Kilometres,13756
Average Kilometres Travelled,2019,All owners,1401 - 1600 cc,Petrol,Co. Dublin,All years,Kilometres,10900
Average Kilometres Travelled,2019,All owners,1401 - 1600 cc,Petrol,Co. Galway,All years,Kilometres,13796
Average Kilometres Travelled,2019,All owners,1401 - 1600 cc,Petrol,Co. Kerry,All years,Kilometres,13835
Average Kilometres Travelled,2019,All owners,1401 - 1600 cc,Petrol,Co. Kildare,All years,Kilometres,13416
Average Kilometres Travelled,2019,All owners,1401 - 1600 cc,Petrol,Co. Kilkenny,All years,Kilometres,13697
Average Kilometres Travelled,2019,All owners,1401 - 1600 cc,Petrol,Co. Laois,All years,Kilometres,14221
Average Kilometres Travelled,2019,All owners,1401 - 1600 cc,Petrol,Co. Leitrim,All years,Kilometres,14316
Average Kilometres Travelled,2019,All owners,1401 - 1600 cc,Petrol,Co. Limerick,All years,Kilometres,13336
Average Kilometres Travelled,2019,All owners,1401 - 1600 cc,Petrol,Co. Longford,All years,Kilometres,14020
Average Kilometres Travelled,2019,All owners,1401 - 1600 cc,Petrol,Co. Louth,All years,Kilometres,13026
Average Kilometres Travelled,2019,All owners,1401 - 1600 cc,Petrol,Co. Mayo,All years,Kilometres,14210
Average Kilometres Travelled,2019,All owners,1401 - 1600 cc,Petrol,Co. Meath,All years,Kilometres,14005
Average Kilometres Travelled,2019,All owners,1401 - 1600 cc,Petrol,Co. Monaghan,All years,Kilometres,13537
Average Kilometres Travelled,2019,All owners,1401 - 1600 cc,Petrol,Co. Offaly,All years,Kilometres,14087
Average Kilometres Travelled,2019,All owners,1401 - 1600 cc,Petrol,Co. Roscommon,All years,Kilometres,15144
Average Kilometres Travelled,2019,All owners,1401 - 1600 cc,Petrol,Co. Sligo,All years,Kilometres,13678
Average Kilometres Travelled,2019,All owners,1401 - 1600 cc,Petrol,Co. Tipperary,All years,Kilometres,14203
Average Kilometres Travelled,2019,All owners,1401 - 1600 cc,Petrol,Co. Waterford,All years,Kilometres,13073
Average Kilometres Travelled,2019,All owners,1401 - 1600 cc,Petrol,Co. Westmeath,All years,Kilometres,13816
Average Kilometres Travelled,2019,All owners,1401 - 1600 cc,Petrol,Co. Wexford,All years,Kilometres,13716
Average Kilometres Travelled,2019,All owners,1401 - 1600 cc,Petrol,Co. Wicklow,All years,Kilometres,13187
Average Kilometres Travelled,2019,All owners,1401 - 1600 cc,Diesel,Co. Carlow,All years,Kilometres,20788
Average Kilometres Travelled,2019,All owners,1401 - 1600 cc,Diesel,Co. Cavan,All years,Kilometres,21011
Average Kilometres Travelled,2019,All owners,1401 - 1600 cc,Diesel,Co. Clare,All years,Kilometres,20685
Average Kilometres Travelled,2019,All owners,1401 - 1600 cc,Diesel,Co. Cork,All years,Kilometres,18934
Average Kilometres Travelled,2019,All owners,1401 - 1600 cc,Diesel,Co. Donegal,All years,Kilometres,19707
Average Kilometres Travelled,2019,All owners,1401 - 1600 cc,Diesel,Co. Dublin,All years,Kilometres,16993
Average Kilometres Travelled,2019,All owners,1401 - 1600 cc,Diesel,Co. Galway,All years,Kilometres,20527
Average Kilometres Travelled,2019,All owners,1401 - 1600 cc,Diesel,Co. Kerry,All years,Kilometres,20186
Average Kilometres Travelled,2019,All owners,1401 - 1600 cc,Diesel,Co. Kildare,All years,Kilometres,19474
Average Kilometres Travelled,2019,All owners,1401 - 1600 cc,Diesel,Co. Kilkenny,All years,Kilometres,20751
Average Kilometres Travelled,2019,All owners,1401 - 1600 cc,Diesel,Co. Laois,All years,Kilometres,21291
Average Kilometres Travelled,2019,All owners,1401 - 1600 cc,Diesel,Co. Leitrim,All years,Kilometres,21783
Average Kilometres Travelled,2019,All owners,1401 - 1600 cc,Diesel,Co. Limerick,All years,Kilometres,20067
Average Kilometres Travelled,2019,All owners,1401 - 1600 cc,Diesel,Co. Longford,All years,Kilometres,21821
Average Kilometres Travelled,2019,All owners,1401 - 1600 cc,Diesel,Co. Louth,All years,Kilometres,19204
Average Kilometres Travelled,2019,All owners,1401 - 1600 cc,Diesel,Co. Mayo,All years,Kilometres,20666
Average Kilometres Travelled,2019,All owners,1401 - 1600 cc,Diesel,Co. Meath,All years,Kilometres,20169
Average Kilometres Travelled,2019,All owners,1401 - 1600 cc,Diesel,Co. Monaghan,All years,Kilometres,20998
Average Kilometres Travelled,2019,All owners,1401 - 1600 cc,Diesel,Co. Offaly,All years,Kilometres,21353
Average Kilometres Travelled,2019,All owners,1401 - 1600 cc,Diesel,Co. Roscommon,All years,Kilometres,23027
Average Kilometres Travelled,2019,All owners,1401 - 1600 cc,Diesel,Co. Sligo,All years,Kilometres,20221
Average Kilometres Travelled,2019,All owners,1401 - 1600 cc,Diesel,Co. Tipperary,All years,Kilometres,21157
Average Kilometres Travelled,2019,All owners,1401 - 1600 cc,Diesel,Co. Waterford,All years,Kilometres,19982
Average Kilometres Travelled,2019,All owners,1401 - 1600 cc,Diesel,Co. Westmeath,All years,Kilometres,21020
Average Kilometres Travelled,2019,All owners,1401 - 1600 cc,Diesel,Co. Wexford,All years,Kilometres,20512
Average Kilometres Travelled,2019,All owners,1401 - 1600 cc,Diesel,Co. Wicklow,All years,Kilometres,19649
Average Kilometres Travelled,2019,All owners,1401 - 1600 cc,Other fuel types,Co. Carlow,All years,Kilometres,12862
Average Kilometres Travelled,2019,All owners,1401 - 1600 cc,Other fuel types,Co. Cavan,All years,Kilometres,13508
Average Kilometres Travelled,2019,All owners,1401 - 1600 cc,Other fuel types,Co. Clare,All years,Kilometres,13424
Average Kilometres Travelled,2019,All owners,1401 - 1600 cc,Other fuel types,Co. Cork,All years,Kilometres,13101
Average Kilometres Travelled,2019,All owners,1401 - 1600 cc,Other fuel types,Co. Donegal,All years,Kilometres,13091
Average Kilometres Travelled,2019,All owners,1401 - 1600 cc,Other fuel types,Co. Dublin,All years,Kilometres,12376
Average Kilometres Travelled,2019,All owners,1401 - 1600 cc,Other fuel types,Co. Galway,All years,Kilometres,13422
Average Kilometres Travelled,2019,All owners,1401 - 1600 cc,Other fuel types,Co. Kerry,All years,Kilometres,13010
Average Kilometres Travelled,2019,All owners,1401 - 1600 cc,Other fuel types,Co. Kildare,All years,Kilometres,13307
Average Kilometres Travelled,2019,All owners,1401 - 1600 cc,Other fuel types,Co. Kilkenny,All years,Kilometres,13541
Average Kilometres Travelled,2019,All owners,1401 - 1600 cc,Other fuel types,Co. Laois,All years,Kilometres,13519
Average Kilometres Travelled,2019,All owners,1401 - 1600 cc,Other fuel types,Co. Leitrim,All years,Kilometres,13344
Average Kilometres Travelled,2019,All owners,1401 - 1600 cc,Other fuel types,Co. Limerick,All years,Kilometres,13655
Average Kilometres Travelled,2019,All owners,1401 - 1600 cc,Other fuel types,Co. Longford,All years,Kilometres,13710
Average Kilometres Travelled,2019,All owners,1401 - 1600 cc,Other fuel types,Co. Louth,All years,Kilometres,13136
Average Kilometres Travelled,2019,All owners,1401 - 1600 cc,Other fuel types,Co. Mayo,All years,Kilometres,13665
Average Kilometres Travelled,2019,All owners,1401 - 1600 cc,Other fuel types,Co. Meath,All years,Kilometres,13426
Average Kilometres Travelled,2019,All owners,1401 - 1600 cc,Other fuel types,Co. Monaghan,All years,Kilometres,14067
Average Kilometres Travelled,2019,All owners,1401 - 1600 cc,Other fuel types,Co. Offaly,All years,Kilometres,13734
Average Kilometres Travelled,2019,All owners,1401 - 1600 cc,Other fuel types,Co. Roscommon,All years,Kilometres,13604
Average Kilometres Travelled,2019,All owners,1401 - 1600 cc,Other fuel types,Co. Sligo,All years,Kilometres,13830
Average Kilometres Travelled,2019,All owners,1401 - 1600 cc,Other fuel types,Co. Tipperary,All years,Kilometres,13301
Average Kilometres Travelled,2019,All owners,1401 - 1600 cc,Other fuel types,Co. Waterford,All years,Kilometres,13302
Average Kilometres Travelled,2019,All owners,1401 - 1600 cc,Other fuel types,Co. Westmeath,All years,Kilometres,13613
Average Kilometres Travelled,2019,All owners,1401 - 1600 cc,Other fuel types,Co. Wexford,All years,Kilometres,13127
Average Kilometres Travelled,2019,All owners,1401 - 1600 cc,Other fuel types,Co. Wicklow,All years,Kilometres,13288
Average Kilometres Travelled,2019,All owners,1601 - 1800 cc,Petrol,Co. Carlow,All years,Kilometres,13354
Average Kilometres Travelled,2019,All owners,1601 - 1800 cc,Petrol,Co. Cavan,All years,Kilometres,15242
Average Kilometres Travelled,2019,All owners,1601 - 1800 cc,Petrol,Co. Clare,All years,Kilometres,14267
Average Kilometres Travelled,2019,All owners,1601 - 1800 cc,Petrol,Co. Cork,All years,Kilometres,13158
Average Kilometres Travelled,2019,All owners,1601 - 1800 cc,Petrol,Co. Donegal,All years,Kilometres,13017
Average Kilometres Travelled,2019,All owners,1601 - 1800 cc,Petrol,Co. Dublin,All years,Kilometres,10929
Average Kilometres Travelled,2019,All owners,1601 - 1800 cc,Petrol,Co. Galway,All years,Kilometres,13595
Average Kilometres Travelled,2019,All owners,1601 - 1800 cc,Petrol,Co. Kerry,All years,Kilometres,13330
Average Kilometres Travelled,2019,All owners,1601 - 1800 cc,Petrol,Co. Kildare,All years,Kilometres,13266
Average Kilometres Travelled,2019,All owners,1601 - 1800 cc,Petrol,Co. Kilkenny,All years,Kilometres,13597
Average Kilometres Travelled,2019,All owners,1601 - 1800 cc,Petrol,Co. Laois,All years,Kilometres,13018
Average Kilometres Travelled,2019,All owners,1601 - 1800 cc,Petrol,Co. Leitrim,All years,Kilometres,13601
Average Kilometres Travelled,2019,All owners,1601 - 1800 cc,Petrol,Co. Limerick,All years,Kilometres,12891
Average Kilometres Travelled,2019,All owners,1601 - 1800 cc,Petrol,Co. Longford,All years,Kilometres,13200
Average Kilometres Travelled,2019,All owners,1601 - 1800 cc,Petrol,Co. Louth,All years,Kilometres,13574
Average Kilometres Travelled,2019,All owners,1601 - 1800 cc,Petrol,Co. Mayo,All years,Kilometres,13735
Average Kilometres Travelled,2019,All owners,1601 - 1800 cc,Petrol,Co. Meath,All years,Kilometres,13739
Average Kilometres Travelled,2019,All owners,1601 - 1800 cc,Petrol,Co. Monaghan,All years,Kilometres,13553
Average Kilometres Travelled,2019,All owners,1601 - 1800 cc,Petrol,Co. Offaly,All years,Kilometres,13644
Average Kilometres Travelled,2019,All owners,1601 - 1800 cc,Petrol,Co. Roscommon,All years,Kilometres,13606
Average Kilometres Travelled,2019,All owners,1601 - 1800 cc,Petrol,Co. Sligo,All years,Kilometres,12777
Average Kilometres Travelled,2019,All owners,1601 - 1800 cc,Petrol,Co. Tipperary,All years,Kilometres,13768
Average Kilometres Travelled,2019,All owners,1601 - 1800 cc,Petrol,Co. Waterford,All years,Kilometres,12630
Average Kilometres Travelled,2019,All owners,1601 - 1800 cc,Petrol,Co. Westmeath,All years,Kilometres,13528
Average Kilometres Travelled,2019,All owners,1601 - 1800 cc,Petrol,Co. Wexford,All years,Kilometres,13606
Average Kilometres Travelled,2019,All owners,1601 - 1800 cc,Petrol,Co. Wicklow,All years,Kilometres,12765
Average Kilometres Travelled,2019,All owners,1601 - 1800 cc,Diesel,Co. Carlow,All years,Kilometres,20647
Average Kilometres Travelled,2019,All owners,1601 - 1800 cc,Diesel,Co. Cavan,All years,Kilometres,20782
Average Kilometres Travelled,2019,All owners,1601 - 1800 cc,Diesel,Co. Clare,All years,Kilometres,20746
Average Kilometres Travelled,2019,All owners,1601 - 1800 cc,Diesel,Co. Cork,All years,Kilometres,18991
Average Kilometres Travelled,2019,All owners,1601 - 1800 cc,Diesel,Co. Donegal,All years,Kilometres,19620
Average Kilometres Travelled,2019,All owners,1601 - 1800 cc,Diesel,Co. Dublin,All years,Kilometres,16754
Average Kilometres Travelled,2019,All owners,1601 - 1800 cc,Diesel,Co. Galway,All years,Kilometres,20385
Average Kilometres Travelled,2019,All owners,1601 - 1800 cc,Diesel,Co. Kerry,All years,Kilometres,20233
Average Kilometres Travelled,2019,All owners,1601 - 1800 cc,Diesel,Co. Kildare,All years,Kilometres,19705
Average Kilometres Travelled,2019,All owners,1601 - 1800 cc,Diesel,Co. Kilkenny,All years,Kilometres,21131
Average Kilometres Travelled,2019,All owners,1601 - 1800 cc,Diesel,Co. Laois,All years,Kilometres,21286
Average Kilometres Travelled,2019,All owners,1601 - 1800 cc,Diesel,Co. Leitrim,All years,Kilometres,21379
Average Kilometres Travelled,2019,All owners,1601 - 1800 cc,Diesel,Co. Limerick,All years,Kilometres,20050
Average Kilometres Travelled,2019,All owners,1601 - 1800 cc,Diesel,Co. Longford,All years,Kilometres,21815
Average Kilometres Travelled,2019,All owners,1601 - 1800 cc,Diesel,Co. Louth,All years,Kilometres,19256
Average Kilometres Travelled,2019,All owners,1601 - 1800 cc,Diesel,Co. Mayo,All years,Kilometres,20169
Average Kilometres Travelled,2019,All owners,1601 - 1800 cc,Diesel,Co. Meath,All years,Kilometres,20189
Average Kilometres Travelled,2019,All owners,1601 - 1800 cc,Diesel,Co. Monaghan,All years,Kilometres,20510
Average Kilometres Travelled,2019,All owners,1601 - 1800 cc,Diesel,Co. Offaly,All years,Kilometres,21257
Average Kilometres Travelled,2019,All owners,1601 - 1800 cc,Diesel,Co. Roscommon,All years,Kilometres,22456
Average Kilometres Travelled,2019,All owners,1601 - 1800 cc,Diesel,Co. Sligo,All years,Kilometres,20285
Average Kilometres Travelled,2019,All owners,1601 - 1800 cc,Diesel,Co. Tipperary,All years,Kilometres,21054
Average Kilometres Travelled,2019,All owners,1601 - 1800 cc,Diesel,Co. Waterford,All years,Kilometres,19865
Average Kilometres Travelled,2019,All owners,1601 - 1800 cc,Diesel,Co. Westmeath,All years,Kilometres,21347
Average Kilometres Travelled,2019,All owners,1601 - 1800 cc,Diesel,Co. Wexford,All years,Kilometres,20350
Average Kilometres Travelled,2019,All owners,1601 - 1800 cc,Diesel,Co. Wicklow,All years,Kilometres,19585
Average Kilometres Travelled,2019,All owners,1601 - 1800 cc,Other fuel types,Co. Carlow,All years,Kilometres,13148
Average Kilometres Travelled,2019,All owners,1601 - 1800 cc,Other fuel types,Co. Cavan,All years,Kilometres,13934
Average Kilometres Travelled,2019,All owners,1601 - 1800 cc,Other fuel types,Co. Clare,All years,Kilometres,13645
Average Kilometres Travelled,2019,All owners,1601 - 1800 cc,Other fuel types,Co. Cork,All years,Kilometres,13163
Average Kilometres Travelled,2019,All owners,1601 - 1800 cc,Other fuel types,Co. Donegal,All years,Kilometres,13670
Average Kilometres Travelled,2019,All owners,1601 - 1800 cc,Other fuel types,Co. Dublin,All years,Kilometres,12711
Average Kilometres Travelled,2019,All owners,1601 - 1800 cc,Other fuel types,Co. Galway,All years,Kilometres,13455
Average Kilometres Travelled,2019,All owners,1601 - 1800 cc,Other fuel types,Co. Kerry,All years,Kilometres,13447
Average Kilometres Travelled,2019,All owners,1601 - 1800 cc,Other fuel types,Co. Kildare,All years,Kilometres,13417
Average Kilometres Travelled,2019,All owners,1601 - 1800 cc,Other fuel types,Co. Kilkenny,All years,Kilometres,13471
Average Kilometres Travelled,2019,All owners,1601 - 1800 cc,Other fuel types,Co. Laois,All years,Kilometres,13876
Average Kilometres Travelled,2019,All owners,1601 - 1800 cc,Other fuel types,Co. Leitrim,All years,Kilometres,13039
Average Kilometres Travelled,2019,All owners,1601 - 1800 cc,Other fuel types,Co. Limerick,All years,Kilometres,13576
Average Kilometres Travelled,2019,All owners,1601 - 1800 cc,Other fuel types,Co. Longford,All years,Kilometres,13730
Average Kilometres Travelled,2019,All owners,1601 - 1800 cc,Other fuel types,Co. Louth,All years,Kilometres,13320
Average Kilometres Travelled,2019,All owners,1601 - 1800 cc,Other fuel types,Co. Mayo,All years,Kilometres,13781
Average Kilometres Travelled,2019,All owners,1601 - 1800 cc,Other fuel types,Co. Meath,All years,Kilometres,13441
Average Kilometres Travelled,2019,All owners,1601 - 1800 cc,Other fuel types,Co. Monaghan,All years,Kilometres,13363
Average Kilometres Travelled,2019,All owners,1601 - 1800 cc,Other fuel types,Co. Offaly,All years,Kilometres,13248
Average Kilometres Travelled,2019,All owners,1601 - 1800 cc,Other fuel types,Co. Roscommon,All years,Kilometres,13467
Average Kilometres Travelled,2019,All owners,1601 - 1800 cc,Other fuel types,Co. Sligo,All years,Kilometres,13591
Average Kilometres Travelled,2019,All owners,1601 - 1800 cc,Other fuel types,Co. Tipperary,All years,Kilometres,13465
Average Kilometres Travelled,2019,All owners,1601 - 1800 cc,Other fuel types,Co. Waterford,All years,Kilometres,13440
Average Kilometres Travelled,2019,All owners,1601 - 1800 cc,Other fuel types,Co. Westmeath,All years,Kilometres,13705
Average Kilometres Travelled,2019,All owners,1601 - 1800 cc,Other fuel types,Co. Wexford,All years,Kilometres,13304
Average Kilometres Travelled,2019,All owners,1601 - 1800 cc,Other fuel types,Co. Wicklow,All years,Kilometres,13462
Average Kilometres Travelled,2019,All owners,1801 - 2000 cc,Petrol,Co. Carlow,All years,Kilometres,13118
Average Kilometres Travelled,2019,All owners,1801 - 2000 cc,Petrol,Co. Cavan,All years,Kilometres,13469
Average Kilometres Travelled,2019,All owners,1801 - 2000 cc,Petrol,Co. Clare,All years,Kilometres,13083
Average Kilometres Travelled,2019,All owners,1801 - 2000 cc,Petrol,Co. Cork,All years,Kilometres,12995
Average Kilometres Travelled,2019,All owners,1801 - 2000 cc,Petrol,Co. Donegal,All years,Kilometres,13216
Average Kilometres Travelled,2019,All owners,1801 - 2000 cc,Petrol,Co. Dublin,All years,Kilometres,11120
Average Kilometres Travelled,2019,All owners,1801 - 2000 cc,Petrol,Co. Galway,All years,Kilometres,13431
Average Kilometres Travelled,2019,All owners,1801 - 2000 cc,Petrol,Co. Kerry,All years,Kilometres,12509
Average Kilometres Travelled,2019,All owners,1801 - 2000 cc,Petrol,Co. Kildare,All years,Kilometres,13229
Average Kilometres Travelled,2019,All owners,1801 - 2000 cc,Petrol,Co. Kilkenny,All years,Kilometres,13545
Average Kilometres Travelled,2019,All owners,1801 - 2000 cc,Petrol,Co. Laois,All years,Kilometres,14155
Average Kilometres Travelled,2019,All owners,1801 - 2000 cc,Petrol,Co. Leitrim,All years,Kilometres,13859
Average Kilometres Travelled,2019,All owners,1801 - 2000 cc,Petrol,Co. Limerick,All years,Kilometres,13382
Average Kilometres Travelled,2019,All owners,1801 - 2000 cc,Petrol,Co. Longford,All years,Kilometres,13365
Average Kilometres Travelled,2019,All owners,1801 - 2000 cc,Petrol,Co. Louth,All years,Kilometres,13296
Average Kilometres Travelled,2019,All owners,1801 - 2000 cc,Petrol,Co. Mayo,All years,Kilometres,13964
Average Kilometres Travelled,2019,All owners,1801 - 2000 cc,Petrol,Co. Meath,All years,Kilometres,13862
Average Kilometres Travelled,2019,All owners,1801 - 2000 cc,Petrol,Co. Monaghan,All years,Kilometres,12833
Average Kilometres Travelled,2019,All owners,1801 - 2000 cc,Petrol,Co. Offaly,All years,Kilometres,13928
Average Kilometres Travelled,2019,All owners,1801 - 2000 cc,Petrol,Co. Roscommon,All years,Kilometres,13790
Average Kilometres Travelled,2019,All owners,1801 - 2000 cc,Petrol,Co. Sligo,All years,Kilometres,12548
Average Kilometres Travelled,2019,All owners,1801 - 2000 cc,Petrol,Co. Tipperary,All years,Kilometres,13508
Average Kilometres Travelled,2019,All owners,1801 - 2000 cc,Petrol,Co. Waterford,All years,Kilometres,13222
Average Kilometres Travelled,2019,All owners,1801 - 2000 cc,Petrol,Co. Westmeath,All years,Kilometres,13412
Average Kilometres Travelled,2019,All owners,1801 - 2000 cc,Petrol,Co. Wexford,All years,Kilometres,13122
Average Kilometres Travelled,2019,All owners,1801 - 2000 cc,Petrol,Co. Wicklow,All years,Kilometres,13328
Average Kilometres Travelled,2019,All owners,1801 - 2000 cc,Diesel,Co. Carlow,All years,Kilometres,20922
Average Kilometres Travelled,2019,All owners,1801 - 2000 cc,Diesel,Co. Cavan,All years,Kilometres,21625
Average Kilometres Travelled,2019,All owners,1801 - 2000 cc,Diesel,Co. Clare,All years,Kilometres,21590
Average Kilometres Travelled,2019,All owners,1801 - 2000 cc,Diesel,Co. Cork,All years,Kilometres,19853
Average Kilometres Travelled,2019,All owners,1801 - 2000 cc,Diesel,Co. Donegal,All years,Kilometres,20246
Average Kilometres Travelled,2019,All owners,1801 - 2000 cc,Diesel,Co. Dublin,All years,Kilometres,17818
Average Kilometres Travelled,2019,All owners,1801 - 2000 cc,Diesel,Co. Galway,All years,Kilometres,21136
Average Kilometres Travelled,2019,All owners,1801 - 2000 cc,Diesel,Co. Kerry,All years,Kilometres,20430
Average Kilometres Travelled,2019,All owners,1801 - 2000 cc,Diesel,Co. Kildare,All years,Kilometres,20067
Average Kilometres Travelled,2019,All owners,1801 - 2000 cc,Diesel,Co. Kilkenny,All years,Kilometres,21187
Average Kilometres Travelled,2019,All owners,1801 - 2000 cc,Diesel,Co. Laois,All years,Kilometres,21576
Average Kilometres Travelled,2019,All owners,1801 - 2000 cc,Diesel,Co. Leitrim,All years,Kilometres,21949
Average Kilometres Travelled,2019,All owners,1801 - 2000 cc,Diesel,Co. Limerick,All years,Kilometres,20994
Average Kilometres Travelled,2019,All owners,1801 - 2000 cc,Diesel,Co. Longford,All years,Kilometres,22061
Average Kilometres Travelled,2019,All owners,1801 - 2000 cc,Diesel,Co. Louth,All years,Kilometres,20342
Average Kilometres Travelled,2019,All owners,1801 - 2000 cc,Diesel,Co. Mayo,All years,Kilometres,21195
Average Kilometres Travelled,2019,All owners,1801 - 2000 cc,Diesel,Co. Meath,All years,Kilometres,20829
Average Kilometres Travelled,2019,All owners,1801 - 2000 cc,Diesel,Co. Monaghan,All years,Kilometres,21093
Average Kilometres Travelled,2019,All owners,1801 - 2000 cc,Diesel,Co. Offaly,All years,Kilometres,21464
Average Kilometres Travelled,2019,All owners,1801 - 2000 cc,Diesel,Co. Roscommon,All years,Kilometres,22244
Average Kilometres Travelled,2019,All owners,1801 - 2000 cc,Diesel,Co. Sligo,All years,Kilometres,20943
Average Kilometres Travelled,2019,All owners,1801 - 2000 cc,Diesel,Co. Tipperary,All years,Kilometres,21811
Average Kilometres Travelled,2019,All owners,1801 - 2000 cc,Diesel,Co. Waterford,All years,Kilometres,20298
Average Kilometres Travelled,2019,All owners,1801 - 2000 cc,Diesel,Co. Westmeath,All years,Kilometres,21664
Average Kilometres Travelled,2019,All owners,1801 - 2000 cc,Diesel,Co. Wexford,All years,Kilometres,20827
Average Kilometres Travelled,2019,All owners,1801 - 2000 cc,Diesel,Co. Wicklow,All years,Kilometres,19720
Average Kilometres Travelled,2019,All owners,1801 - 2000 cc,Other fuel types,Co. Carlow,All years,Kilometres,13349
Average Kilometres Travelled,2019,All owners,1801 - 2000 cc,Other fuel types,Co. Cavan,All years,Kilometres,12806
Average Kilometres Travelled,2019,All owners,1801 - 2000 cc,Other fuel types,Co. Clare,All years,Kilometres,13949
Average Kilometres Travelled,2019,All owners,1801 - 2000 cc,Other fuel types,Co. Cork,All years,Kilometres,13492
Average Kilometres Travelled,2019,All owners,1801 - 2000 cc,Other fuel types,Co. Donegal,All years,Kilometres,14712
Average Kilometres Travelled,2019,All owners,1801 - 2000 cc,Other fuel types,Co. Dublin,All years,Kilometres,12797
Average Kilometres Travelled,2019,All owners,1801 - 2000 cc,Other fuel types,Co. Galway,All years,Kilometres,13484
Average Kilometres Travelled,2019,All owners,1801 - 2000 cc,Other fuel types,Co. Kerry,All years,Kilometres,12566
Average Kilometres Travelled,2019,All owners,1801 - 2000 cc,Other fuel types,Co. Kildare,All years,Kilometres,13494
Average Kilometres Travelled,2019,All owners,1801 - 2000 cc,Other fuel types,Co. Kilkenny,All years,Kilometres,13891
Average Kilometres Travelled,2019,All owners,1801 - 2000 cc,Other fuel types,Co. Laois,All years,Kilometres,14346
Average Kilometres Travelled,2019,All owners,1801 - 2000 cc,Other fuel types,Co. Leitrim,All years,Kilometres,13524
Average Kilometres Travelled,2019,All owners,1801 - 2000 cc,Other fuel types,Co. Limerick,All years,Kilometres,13486
Average Kilometres Travelled,2019,All owners,1801 - 2000 cc,Other fuel types,Co. Longford,All years,Kilometres,12971
Average Kilometres Travelled,2019,All owners,1801 - 2000 cc,Other fuel types,Co. Louth,All years,Kilometres,13012
Average Kilometres Travelled,2019,All owners,1801 - 2000 cc,Other fuel types,Co. Mayo,All years,Kilometres,14233
Average Kilometres Travelled,2019,All owners,1801 - 2000 cc,Other fuel types,Co. Meath,All years,Kilometres,13011
Average Kilometres Travelled,2019,All owners,1801 - 2000 cc,Other fuel types,Co. Monaghan,All years,Kilometres,13177
Average Kilometres Travelled,2019,All owners,1801 - 2000 cc,Other fuel types,Co. Offaly,All years,Kilometres,12647
Average Kilometres Travelled,2019,All owners,1801 - 2000 cc,Other fuel types,Co. Roscommon,All years,Kilometres,14339
Average Kilometres Travelled,2019,All owners,1801 - 2000 cc,Other fuel types,Co. Sligo,All years,Kilometres,12228
Average Kilometres Travelled,2019,All owners,1801 - 2000 cc,Other fuel types,Co. Tipperary,All years,Kilometres,14218
Average Kilometres Travelled,2019,All owners,1801 - 2000 cc,Other fuel types,Co. Waterford,All years,Kilometres,13672
Average Kilometres Travelled,2019,All owners,1801 - 2000 cc,Other fuel types,Co. Westmeath,All years,Kilometres,13035
Average Kilometres Travelled,2019,All owners,1801 - 2000 cc,Other fuel types,Co. Wexford,All years,Kilometres,13031
Average Kilometres Travelled,2019,All owners,1801 - 2000 cc,Other fuel types,Co. Wicklow,All years,Kilometres,13304
Average Kilometres Travelled,2019,All owners,Over 2000 cc,Petrol,Co. Carlow,All years,Kilometres,14087
Average Kilometres Travelled,2019,All owners,Over 2000 cc,Petrol,Co. Cavan,All years,Kilometres,12451
Average Kilometres Travelled,2019,All owners,Over 2000 cc,Petrol,Co. Clare,All years,Kilometres,13329
Average Kilometres Travelled,2019,All owners,Over 2000 cc,Petrol,Co. Cork,All years,Kilometres,12562
Average Kilometres Travelled,2019,All owners,Over 2000 cc,Petrol,Co. Donegal,All years,Kilometres,12405
Average Kilometres Travelled,2019,All owners,Over 2000 cc,Petrol,Co. Dublin,All years,Kilometres,10368
Average Kilometres Travelled,2019,All owners,Over 2000 cc,Petrol,Co. Galway,All years,Kilometres,12975
Average Kilometres Travelled,2019,All owners,Over 2000 cc,Petrol,Co. Kerry,All years,Kilometres,11764
Average Kilometres Travelled,2019,All owners,Over 2000 cc,Petrol,Co. Kildare,All years,Kilometres,12418
Average Kilometres Travelled,2019,All owners,Over 2000 cc,Petrol,Co. Kilkenny,All years,Kilometres,12523
Average Kilometres Travelled,2019,All owners,Over 2000 cc,Petrol,Co. Laois,All years,Kilometres,13495
Average Kilometres Travelled,2019,All owners,Over 2000 cc,Petrol,Co. Leitrim,All years,Kilometres,12051
Average Kilometres Travelled,2019,All owners,Over 2000 cc,Petrol,Co. Limerick,All years,Kilometres,13030
Average Kilometres Travelled,2019,All owners,Over 2000 cc,Petrol,Co. Longford,All years,Kilometres,15126
Average Kilometres Travelled,2019,All owners,Over 2000 cc,Petrol,Co. Louth,All years,Kilometres,13959
Average Kilometres Travelled,2019,All owners,Over 2000 cc,Petrol,Co. Mayo,All years,Kilometres,12543
Average Kilometres Travelled,2019,All owners,Over 2000 cc,Petrol,Co. Meath,All years,Kilometres,13643
Average Kilometres Travelled,2019,All owners,Over 2000 cc,Petrol,Co. Monaghan,All years,Kilometres,11984
Average Kilometres Travelled,2019,All owners,Over 2000 cc,Petrol,Co. Offaly,All years,Kilometres,11738
Average Kilometres Travelled,2019,All owners,Over 2000 cc,Petrol,Co. Roscommon,All years,Kilometres,10604
Average Kilometres Travelled,2019,All owners,Over 2000 cc,Petrol,Co. Sligo,All years,Kilometres,10344
Average Kilometres Travelled,2019,All owners,Over 2000 cc,Petrol,Co. Tipperary,All years,Kilometres,13639
Average Kilometres Travelled,2019,All owners,Over 2000 cc,Petrol,Co. Waterford,All years,Kilometres,12153
Average Kilometres Travelled,2019,All owners,Over 2000 cc,Petrol,Co. Westmeath,All years,Kilometres,13090
Average Kilometres Travelled,2019,All owners,Over 2000 cc,Petrol,Co. Wexford,All years,Kilometres,11819
Average Kilometres Travelled,2019,All owners,Over 2000 cc,Petrol,Co. Wicklow,All years,Kilometres,11813
Average Kilometres Travelled,2019,All owners,Over 2000 cc,Diesel,Co. Carlow,All years,Kilometres,21127
Average Kilometres Travelled,2019,All owners,Over 2000 cc,Diesel,Co. Cavan,All years,Kilometres,21022
Average Kilometres Travelled,2019,All owners,Over 2000 cc,Diesel,Co. Clare,All years,Kilometres,20752
Average Kilometres Travelled,2019,All owners,Over 2000 cc,Diesel,Co. Cork,All years,Kilometres,18941
Average Kilometres Travelled,2019,All owners,Over 2000 cc,Diesel,Co. Donegal,All years,Kilometres,19843
Average Kilometres Travelled,2019,All owners,Over 2000 cc,Diesel,Co. Dublin,All years,Kilometres,16635
Average Kilometres Travelled,2019,All owners,Over 2000 cc,Diesel,Co. Galway,All years,Kilometres,20515
Average Kilometres Travelled,2019,All owners,Over 2000 cc,Diesel,Co. Kerry,All years,Kilometres,19668
Average Kilometres Travelled,2019,All owners,Over 2000 cc,Diesel,Co. Kildare,All years,Kilometres,19725
Average Kilometres Travelled,2019,All owners,Over 2000 cc,Diesel,Co. Kilkenny,All years,Kilometres,20888
Average Kilometres Travelled,2019,All owners,Over 2000 cc,Diesel,Co. Laois,All years,Kilometres,21594
Average Kilometres Travelled,2019,All owners,Over 2000 cc,Diesel,Co. Leitrim,All years,Kilometres,21921
Average Kilometres Travelled,2019,All owners,Over 2000 cc,Diesel,Co. Limerick,All years,Kilometres,20689
Average Kilometres Travelled,2019,All owners,Over 2000 cc,Diesel,Co. Longford,All years,Kilometres,21109
Average Kilometres Travelled,2019,All owners,Over 2000 cc,Diesel,Co. Louth,All years,Kilometres,20215
Average Kilometres Travelled,2019,All owners,Over 2000 cc,Diesel,Co. Mayo,All years,Kilometres,20226
Average Kilometres Travelled,2019,All owners,Over 2000 cc,Diesel,Co. Meath,All years,Kilometres,20107
Average Kilometres Travelled,2019,All owners,Over 2000 cc,Diesel,Co. Monaghan,All years,Kilometres,20527
Average Kilometres Travelled,2019,All owners,Over 2000 cc,Diesel,Co. Offaly,All years,Kilometres,21735
Average Kilometres Travelled,2019,All owners,Over 2000 cc,Diesel,Co. Roscommon,All years,Kilometres,21888
Average Kilometres Travelled,2019,All owners,Over 2000 cc,Diesel,Co. Sligo,All years,Kilometres,19928
Average Kilometres Travelled,2019,All owners,Over 2000 cc,Diesel,Co. Tipperary,All years,Kilometres,21539
Average Kilometres Travelled,2019,All owners,Over 2000 cc,Diesel,Co. Waterford,All years,Kilometres,19707
Average Kilometres Travelled,2019,All owners,Over 2000 cc,Diesel,Co. Westmeath,All years,Kilometres,21692
Average Kilometres Travelled,2019,All owners,Over 2000 cc,Diesel,Co. Wexford,All years,Kilometres,20490
Average Kilometres Travelled,2019,All owners,Over 2000 cc,Diesel,Co. Wicklow,All years,Kilometres,19143
Average Kilometres Travelled,2019,All owners,Over 2000 cc,Other fuel types,Co. Carlow,All years,Kilometres,13718
Average Kilometres Travelled,2019,All owners,Over 2000 cc,Other fuel types,Co. Cavan,All years,Kilometres,14871
Average Kilometres Travelled,2019,All owners,Over 2000 cc,Other fuel types,Co. Clare,All years,Kilometres,14614
Average Kilometres Travelled,2019,All owners,Over 2000 cc,Other fuel types,Co. Cork,All years,Kilometres,13984
Average Kilometres Travelled,2019,All owners,Over 2000 cc,Other fuel types,Co. Donegal,All years,Kilometres,13389
Average Kilometres Travelled,2019,All owners,Over 2000 cc,Other fuel types,Co. Dublin,All years,Kilometres,13315
Average Kilometres Travelled,2019,All owners,Over 2000 cc,Other fuel types,Co. Galway,All years,Kilometres,14011
Average Kilometres Travelled,2019,All owners,Over 2000 cc,Other fuel types,Co. Kerry,All years,Kilometres,14484
Average Kilometres Travelled,2019,All owners,Over 2000 cc,Other fuel types,Co. Kildare,All years,Kilometres,14329
Average Kilometres Travelled,2019,All owners,Over 2000 cc,Other fuel types,Co. Kilkenny,All years,Kilometres,14863
Average Kilometres Travelled,2019,All owners,Over 2000 cc,Other fuel types,Co. Laois,All years,Kilometres,14926
Average Kilometres Travelled,2019,All owners,Over 2000 cc,Other fuel types,Co. Leitrim,All years,Kilometres,13876
Average Kilometres Travelled,2019,All owners,Over 2000 cc,Other fuel types,Co. Limerick,All years,Kilometres,14797
Average Kilometres Travelled,2019,All owners,Over 2000 cc,Other fuel types,Co. Longford,All years,Kilometres,14155
Average Kilometres Travelled,2019,All owners,Over 2000 cc,Other fuel types,Co. Louth,All years,Kilometres,14349
Average Kilometres Travelled,2019,All owners,Over 2000 cc,Other fuel types,Co. Mayo,All years,Kilometres,13530
Average Kilometres Travelled,2019,All owners,Over 2000 cc,Other fuel types,Co. Meath,All years,Kilometres,14261
Average Kilometres Travelled,2019,All owners,Over 2000 cc,Other fuel types,Co. Monaghan,All years,Kilometres,13627
Average Kilometres Travelled,2019,All owners,Over 2000 cc,Other fuel types,Co. Offaly,All years,Kilometres,14433
Average Kilometres Travelled,2019,All owners,Over 2000 cc,Other fuel types,Co. Roscommon,All years,Kilometres,13708
Average Kilometres Travelled,2019,All owners,Over 2000 cc,Other fuel types,Co. Sligo,All years,Kilometres,13558
Average Kilometres Travelled,2019,All owners,Over 2000 cc,Other fuel types,Co. Tipperary,All years,Kilometres,13903
Average Kilometres Travelled,2019,All owners,Over 2000 cc,Other fuel types,Co. Waterford,All years,Kilometres,14901
Average Kilometres Travelled,2019,All owners,Over 2000 cc,Other fuel types,Co. Westmeath,All years,Kilometres,14530
Average Kilometres Travelled,2019,All owners,Over 2000 cc,Other fuel types,Co. Wexford,All years,Kilometres,14869
Average Kilometres Travelled,2019,All owners,Over 2000 cc,Other fuel types,Co. Wicklow,All years,Kilometres,14321
Average Kilometres Travelled,2020,All owners,Up to 1000 cc,Petrol,Co. Carlow,All years,Kilometres,9139
Average Kilometres Travelled,2020,All owners,Up to 1000 cc,Petrol,Co. Cavan,All years,Kilometres,9367
Average Kilometres Travelled,2020,All owners,Up to 1000 cc,Petrol,Co. Clare,All years,Kilometres,9335
Average Kilometres Travelled,2020,All owners,Up to 1000 cc,Petrol,Co. Cork,All years,Kilometres,8584
Average Kilometres Travelled,2020,All owners,Up to 1000 cc,Petrol,Co. Donegal,All years,Kilometres,9087
Average Kilometres Travelled,2020,All owners,Up to 1000 cc,Petrol,Co. Dublin,All years,Kilometres,7136
Average Kilometres Travelled,2020,All owners,Up to 1000 cc,Petrol,Co. Galway,All years,Kilometres,8985
Average Kilometres Travelled,2020,All owners,Up to 1000 cc,Petrol,Co. Kerry,All years,Kilometres,8915
Average Kilometres Travelled,2020,All owners,Up to 1000 cc,Petrol,Co. Kildare,All years,Kilometres,8750
Average Kilometres Travelled,2020,All owners,Up to 1000 cc,Petrol,Co. Kilkenny,All years,Kilometres,8922
Average Kilometres Travelled,2020,All owners,Up to 1000 cc,Petrol,Co. Laois,All years,Kilometres,9517
Average Kilometres Travelled,2020,All owners,Up to 1000 cc,Petrol,Co. Leitrim,All years,Kilometres,10305
Average Kilometres Travelled,2020,All owners,Up to 1000 cc,Petrol,Co. Limerick,All years,Kilometres,8772
Average Kilometres Travelled,2020,All owners,Up to 1000 cc,Petrol,Co. Longford,All years,Kilometres,9365
Average Kilometres Travelled,2020,All owners,Up to 1000 cc,Petrol,Co. Louth,All years,Kilometres,8468
Average Kilometres Travelled,2020,All owners,Up to 1000 cc,Petrol,Co. Mayo,All years,Kilometres,9085
Average Kilometres Travelled,2020,All owners,Up to 1000 cc,Petrol,Co. Meath,All years,Kilometres,9152
Average Kilometres Travelled,2020,All owners,Up to 1000 cc,Petrol,Co. Monaghan,All years,Kilometres,8998
Average Kilometres Travelled,2020,All owners,Up to 1000 cc,Petrol,Co. Offaly,All years,Kilometres,8923
Average Kilometres Travelled,2020,All owners,Up to 1000 cc,Petrol,Co. Roscommon,All years,Kilometres,11590
Average Kilometres Travelled,2020,All owners,Up to 1000 cc,Petrol,Co. Sligo,All years,Kilometres,8710
Average Kilometres Travelled,2020,All owners,Up to 1000 cc,Petrol,Co. Tipperary,All years,Kilometres,9301
Average Kilometres Travelled,2020,All owners,Up to 1000 cc,Petrol,Co. Waterford,All years,Kilometres,8745
Average Kilometres Travelled,2020,All owners,Up to 1000 cc,Petrol,Co. Westmeath,All years,Kilometres,9143
Average Kilometres Travelled,2020,All owners,Up to 1000 cc,Petrol,Co. Wexford,All years,Kilometres,9198
Average Kilometres Travelled,2020,All owners,Up to 1000 cc,Petrol,Co. Wicklow,All years,Kilometres,9194
Average Kilometres Travelled,2020,All owners,Up to 1000 cc,Diesel,Co. Carlow,All years,Kilometres,25645
Average Kilometres Travelled,2020,All owners,Up to 1000 cc,Diesel,Co. Cavan,All years,Kilometres,5913
Average Kilometres Travelled,2020,All owners,Up to 1000 cc,Diesel,Co. Clare,All years,Kilometres,9600
Average Kilometres Travelled,2020,All owners,Up to 1000 cc,Diesel,Co. Cork,All years,Kilometres,11625
Average Kilometres Travelled,2020,All owners,Up to 1000 cc,Diesel,Co. Donegal,All years,Kilometres,12825
Average Kilometres Travelled,2020,All owners,Up to 1000 cc,Diesel,Co. Dublin,All years,Kilometres,13342
Average Kilometres Travelled,2020,All owners,Up to 1000 cc,Diesel,Co. Galway,All years,Kilometres,14947
Average Kilometres Travelled,2020,All owners,Up to 1000 cc,Diesel,Co. Kerry,All years,Kilometres,13030
Average Kilometres Travelled,2020,All owners,Up to 1000 cc,Diesel,Co. Kildare,All years,Kilometres,8917
Average Kilometres Travelled,2020,All owners,Up to 1000 cc,Diesel,Co. Kilkenny,All years,Kilometres,10424
Average Kilometres Travelled,2020,All owners,Up to 1000 cc,Diesel,Co. Laois,All years,Kilometres,8173
Average Kilometres Travelled,2020,All owners,Up to 1000 cc,Diesel,Co. Leitrim,All years,Kilometres,0
Average Kilometres Travelled,2020,All owners,Up to 1000 cc,Diesel,Co. Limerick,All years,Kilometres,14493
Average Kilometres Travelled,2020,All owners,Up to 1000 cc,Diesel,Co. Longford,All years,Kilometres,22190
Average Kilometres Travelled,2020,All owners,Up to 1000 cc,Diesel,Co. Louth,All years,Kilometres,13806
Average Kilometres Travelled,2020,All owners,Up to 1000 cc,Diesel,Co. Mayo,All years,Kilometres,14323
Average Kilometres Travelled,2020,All owners,Up to 1000 cc,Diesel,Co. Meath,All years,Kilometres,13641
Average Kilometres Travelled,2020,All owners,Up to 1000 cc,Diesel,Co. Monaghan,All years,Kilometres,13105
Average Kilometres Travelled,2020,All owners,Up to 1000 cc,Diesel,Co. Offaly,All years,Kilometres,12918
Average Kilometres Travelled,2020,All owners,Up to 1000 cc,Diesel,Co. Roscommon,All years,Kilometres,9473
Average Kilometres Travelled,2020,All owners,Up to 1000 cc,Diesel,Co. Sligo,All years,Kilometres,0
Average Kilometres Travelled,2020,All owners,Up to 1000 cc,Diesel,Co. Tipperary,All years,Kilometres,18387
Average Kilometres Travelled,2020,All owners,Up to 1000 cc,Diesel,Co. Waterford,All years,Kilometres,13351
Average Kilometres Travelled,2020,All owners,Up to 1000 cc,Diesel,Co. Westmeath,All years,Kilometres,13863
Average Kilometres Travelled,2020,All owners,Up to 1000 cc,Diesel,Co. Wexford,All years,Kilometres,12326
Average Kilometres Travelled,2020,All owners,Up to 1000 cc,Diesel,Co. Wicklow,All years,Kilometres,9894
Average Kilometres Travelled,2020,All owners,Up to 1000 cc,Other fuel types,Co. Carlow,All years,Kilometres,9873
Average Kilometres Travelled,2020,All owners,Up to 1000 cc,Other fuel types,Co. Cavan,All years,Kilometres,9800
Average Kilometres Travelled,2020,All owners,Up to 1000 cc,Other fuel types,Co. Clare,All years,Kilometres,9738
Average Kilometres Travelled,2020,All owners,Up to 1000 cc,Other fuel types,Co. Cork,All years,Kilometres,9742
Average Kilometres Travelled,2020,All owners,Up to 1000 cc,Other fuel types,Co. Donegal,All years,Kilometres,9789
Average Kilometres Travelled,2020,All owners,Up to 1000 cc,Other fuel types,Co. Dublin,All years,Kilometres,9389
Average Kilometres Travelled,2020,All owners,Up to 1000 cc,Other fuel types,Co. Galway,All years,Kilometres,9712
Average Kilometres Travelled,2020,All owners,Up to 1000 cc,Other fuel types,Co. Kerry,All years,Kilometres,9988
Average Kilometres Travelled,2020,All owners,Up to 1000 cc,Other fuel types,Co. Kildare,All years,Kilometres,9816
Average Kilometres Travelled,2020,All owners,Up to 1000 cc,Other fuel types,Co. Kilkenny,All years,Kilometres,10065
Average Kilometres Travelled,2020,All owners,Up to 1000 cc,Other fuel types,Co. Laois,All years,Kilometres,10523
Average Kilometres Travelled,2020,All owners,Up to 1000 cc,Other fuel types,Co. Leitrim,All years,Kilometres,9657
Average Kilometres Travelled,2020,All owners,Up to 1000 cc,Other fuel types,Co. Limerick,All years,Kilometres,9707
Average Kilometres Travelled,2020,All owners,Up to 1000 cc,Other fuel types,Co. Longford,All years,Kilometres,10159
Average Kilometres Travelled,2020,All owners,Up to 1000 cc,Other fuel types,Co. Louth,All years,Kilometres,9723
Average Kilometres Travelled,2020,All owners,Up to 1000 cc,Other fuel types,Co. Mayo,All years,Kilometres,9430
Average Kilometres Travelled,2020,All owners,Up to 1000 cc,Other fuel types,Co. Meath,All years,Kilometres,9879
Average Kilometres Travelled,2020,All owners,Up to 1000 cc,Other fuel types,Co. Monaghan,All years,Kilometres,9630
Average Kilometres Travelled,2020,All owners,Up to 1000 cc,Other fuel types,Co. Offaly,All years,Kilometres,9760
Average Kilometres Travelled,2020,All owners,Up to 1000 cc,Other fuel types,Co. Roscommon,All years,Kilometres,10254
Average Kilometres Travelled,2020,All owners,Up to 1000 cc,Other fuel types,Co. Sligo,All years,Kilometres,9664
Average Kilometres Travelled,2020,All owners,Up to 1000 cc,Other fuel types,Co. Tipperary,All years,Kilometres,10058
Average Kilometres Travelled,2020,All owners,Up to 1000 cc,Other fuel types,Co. Waterford,All years,Kilometres,9489
Average Kilometres Travelled,2020,All owners,Up to 1000 cc,Other fuel types,Co. Westmeath,All years,Kilometres,9528
Average Kilometres Travelled,2020,All owners,Up to 1000 cc,Other fuel types,Co. Wexford,All years,Kilometres,9923
Average Kilometres Travelled,2020,All owners,Up to 1000 cc,Other fuel types,Co. Wicklow,All years,Kilometres,9747
Average Kilometres Travelled,2020,All owners,1001 - 1200 cc,Petrol,Co. Carlow,All years,Kilometres,9163
Average Kilometres Travelled,2020,All owners,1001 - 1200 cc,Petrol,Co. Cavan,All years,Kilometres,9977
Average Kilometres Travelled,2020,All owners,1001 - 1200 cc,Petrol,Co. Clare,All years,Kilometres,9612
Average Kilometres Travelled,2020,All owners,1001 - 1200 cc,Petrol,Co. Cork,All years,Kilometres,8853
Average Kilometres Travelled,2020,All owners,1001 - 1200 cc,Petrol,Co. Donegal,All years,Kilometres,9386
Average Kilometres Travelled,2020,All owners,1001 - 1200 cc,Petrol,Co. Dublin,All years,Kilometres,7177
Average Kilometres Travelled,2020,All owners,1001 - 1200 cc,Petrol,Co. Galway,All years,Kilometres,9159
Average Kilometres Travelled,2020,All owners,1001 - 1200 cc,Petrol,Co. Kerry,All years,Kilometres,9365
Average Kilometres Travelled,2020,All owners,1001 - 1200 cc,Petrol,Co. Kildare,All years,Kilometres,9167
Average Kilometres Travelled,2020,All owners,1001 - 1200 cc,Petrol,Co. Kilkenny,All years,Kilometres,9311
Average Kilometres Travelled,2020,All owners,1001 - 1200 cc,Petrol,Co. Laois,All years,Kilometres,9567
Average Kilometres Travelled,2020,All owners,1001 - 1200 cc,Petrol,Co. Leitrim,All years,Kilometres,9910
Average Kilometres Travelled,2020,All owners,1001 - 1200 cc,Petrol,Co. Limerick,All years,Kilometres,9138
Average Kilometres Travelled,2020,All owners,1001 - 1200 cc,Petrol,Co. Longford,All years,Kilometres,9458
Average Kilometres Travelled,2020,All owners,1001 - 1200 cc,Petrol,Co. Louth,All years,Kilometres,8905
Average Kilometres Travelled,2020,All owners,1001 - 1200 cc,Petrol,Co. Mayo,All years,Kilometres,9325
Average Kilometres Travelled,2020,All owners,1001 - 1200 cc,Petrol,Co. Meath,All years,Kilometres,9369
Average Kilometres Travelled,2020,All owners,1001 - 1200 cc,Petrol,Co. Monaghan,All years,Kilometres,9370
Average Kilometres Travelled,2020,All owners,1001 - 1200 cc,Petrol,Co. Offaly,All years,Kilometres,9447
Average Kilometres Travelled,2020,All owners,1001 - 1200 cc,Petrol,Co. Roscommon,All years,Kilometres,10405
Average Kilometres Travelled,2020,All owners,1001 - 1200 cc,Petrol,Co. Sligo,All years,Kilometres,9176
Average Kilometres Travelled,2020,All owners,1001 - 1200 cc,Petrol,Co. Tipperary,All years,Kilometres,9825
Average Kilometres Travelled,2020,All owners,1001 - 1200 cc,Petrol,Co. Waterford,All years,Kilometres,8994
Average Kilometres Travelled,2020,All owners,1001 - 1200 cc,Petrol,Co. Westmeath,All years,Kilometres,9340
Average Kilometres Travelled,2020,All owners,1001 - 1200 cc,Petrol,Co. Wexford,All years,Kilometres,9634
Average Kilometres Travelled,2020,All owners,1001 - 1200 cc,Petrol,Co. Wicklow,All years,Kilometres,8974
Average Kilometres Travelled,2020,All owners,1001 - 1200 cc,Diesel,Co. Carlow,All years,Kilometres,13199
Average Kilometres Travelled,2020,All owners,1001 - 1200 cc,Diesel,Co. Cavan,All years,Kilometres,14496
Average Kilometres Travelled,2020,All owners,1001 - 1200 cc,Diesel,Co. Clare,All years,Kilometres,12688
Average Kilometres Travelled,2020,All owners,1001 - 1200 cc,Diesel,Co. Cork,All years,Kilometres,12364
Average Kilometres Travelled,2020,All owners,1001 - 1200 cc,Diesel,Co. Donegal,All years,Kilometres,12994
Average Kilometres Travelled,2020,All owners,1001 - 1200 cc,Diesel,Co. Dublin,All years,Kilometres,10155
Average Kilometres Travelled,2020,All owners,1001 - 1200 cc,Diesel,Co. Galway,All years,Kilometres,13331
Average Kilometres Travelled,2020,All owners,1001 - 1200 cc,Diesel,Co. Kerry,All years,Kilometres,12652
Average Kilometres Travelled,2020,All owners,1001 - 1200 cc,Diesel,Co. Kildare,All years,Kilometres,12978
Average Kilometres Travelled,2020,All owners,1001 - 1200 cc,Diesel,Co. Kilkenny,All years,Kilometres,14542
Average Kilometres Travelled,2020,All owners,1001 - 1200 cc,Diesel,Co. Laois,All years,Kilometres,14238
Average Kilometres Travelled,2020,All owners,1001 - 1200 cc,Diesel,Co. Leitrim,All years,Kilometres,13623
Average Kilometres Travelled,2020,All owners,1001 - 1200 cc,Diesel,Co. Limerick,All years,Kilometres,13428
Average Kilometres Travelled,2020,All owners,1001 - 1200 cc,Diesel,Co. Longford,All years,Kilometres,13752
Average Kilometres Travelled,2020,All owners,1001 - 1200 cc,Diesel,Co. Louth,All years,Kilometres,13365
Average Kilometres Travelled,2020,All owners,1001 - 1200 cc,Diesel,Co. Mayo,All years,Kilometres,13390
Average Kilometres Travelled,2020,All owners,1001 - 1200 cc,Diesel,Co. Meath,All years,Kilometres,13577
Average Kilometres Travelled,2020,All owners,1001 - 1200 cc,Diesel,Co. Monaghan,All years,Kilometres,13778
Average Kilometres Travelled,2020,All owners,1001 - 1200 cc,Diesel,Co. Offaly,All years,Kilometres,13977
Average Kilometres Travelled,2020,All owners,1001 - 1200 cc,Diesel,Co. Roscommon,All years,Kilometres,13400
Average Kilometres Travelled,2020,All owners,1001 - 1200 cc,Diesel,Co. Sligo,All years,Kilometres,13986
Average Kilometres Travelled,2020,All owners,1001 - 1200 cc,Diesel,Co. Tipperary,All years,Kilometres,14050
Average Kilometres Travelled,2020,All owners,1001 - 1200 cc,Diesel,Co. Waterford,All years,Kilometres,12984
Average Kilometres Travelled,2020,All owners,1001 - 1200 cc,Diesel,Co. Westmeath,All years,Kilometres,15028
Average Kilometres Travelled,2020,All owners,1001 - 1200 cc,Diesel,Co. Wexford,All years,Kilometres,14180
Average Kilometres Travelled,2020,All owners,1001 - 1200 cc,Diesel,Co. Wicklow,All years,Kilometres,13481
Average Kilometres Travelled,2020,All owners,1001 - 1200 cc,Other fuel types,Co. Carlow,All years,Kilometres,8801
Average Kilometres Travelled,2020,All owners,1001 - 1200 cc,Other fuel types,Co. Cavan,All years,Kilometres,7764
Average Kilometres Travelled,2020,All owners,1001 - 1200 cc,Other fuel types,Co. Clare,All years,Kilometres,7941
Average Kilometres Travelled,2020,All owners,1001 - 1200 cc,Other fuel types,Co. Cork,All years,Kilometres,6807
Average Kilometres Travelled,2020,All owners,1001 - 1200 cc,Other fuel types,Co. Donegal,All years,Kilometres,9249
Average Kilometres Travelled,2020,All owners,1001 - 1200 cc,Other fuel types,Co. Dublin,All years,Kilometres,5709
Average Kilometres Travelled,2020,All owners,1001 - 1200 cc,Other fuel types,Co. Galway,All years,Kilometres,8141
Average Kilometres Travelled,2020,All owners,1001 - 1200 cc,Other fuel types,Co. Kerry,All years,Kilometres,8148
Average Kilometres Travelled,2020,All owners,1001 - 1200 cc,Other fuel types,Co. Kildare,All years,Kilometres,7635
Average Kilometres Travelled,2020,All owners,1001 - 1200 cc,Other fuel types,Co. Kilkenny,All years,Kilometres,8148
Average Kilometres Travelled,2020,All owners,1001 - 1200 cc,Other fuel types,Co. Laois,All years,Kilometres,8276
Average Kilometres Travelled,2020,All owners,1001 - 1200 cc,Other fuel types,Co. Leitrim,All years,Kilometres,8707
Average Kilometres Travelled,2020,All owners,1001 - 1200 cc,Other fuel types,Co. Limerick,All years,Kilometres,7653
Average Kilometres Travelled,2020,All owners,1001 - 1200 cc,Other fuel types,Co. Longford,All years,Kilometres,8816
Average Kilometres Travelled,2020,All owners,1001 - 1200 cc,Other fuel types,Co. Louth,All years,Kilometres,7651
Average Kilometres Travelled,2020,All owners,1001 - 1200 cc,Other fuel types,Co. Mayo,All years,Kilometres,8129
Average Kilometres Travelled,2020,All owners,1001 - 1200 cc,Other fuel types,Co. Meath,All years,Kilometres,8680
Average Kilometres Travelled,2020,All owners,1001 - 1200 cc,Other fuel types,Co. Monaghan,All years,Kilometres,9504
Average Kilometres Travelled,2020,All owners,1001 - 1200 cc,Other fuel types,Co. Offaly,All years,Kilometres,9019
Average Kilometres Travelled,2020,All owners,1001 - 1200 cc,Other fuel types,Co. Roscommon,All years,Kilometres,8509
Average Kilometres Travelled,2020,All owners,1001 - 1200 cc,Other fuel types,Co. Sligo,All years,Kilometres,8466
Average Kilometres Travelled,2020,All owners,1001 - 1200 cc,Other fuel types,Co. Tipperary,All years,Kilometres,7985
Average Kilometres Travelled,2020,All owners,1001 - 1200 cc,Other fuel types,Co. Waterford,All years,Kilometres,7368
Average Kilometres Travelled,2020,All owners,1001 - 1200 cc,Other fuel types,Co. Westmeath,All years,Kilometres,7837
Average Kilometres Travelled,2020,All owners,1001 - 1200 cc,Other fuel types,Co. Wexford,All years,Kilometres,8522
Average Kilometres Travelled,2020,All owners,1001 - 1200 cc,Other fuel types,Co. Wicklow,All years,Kilometres,8242
Average Kilometres Travelled,2020,All owners,1201 - 1400 cc,Petrol,Co. Carlow,All years,Kilometres,9340
Average Kilometres Travelled,2020,All owners,1201 - 1400 cc,Petrol,Co. Cavan,All years,Kilometres,9590
Average Kilometres Travelled,2020,All owners,1201 - 1400 cc,Petrol,Co. Clare,All years,Kilometres,9662
Average Kilometres Travelled,2020,All owners,1201 - 1400 cc,Petrol,Co. Cork,All years,Kilometres,8805
Average Kilometres Travelled,2020,All owners,1201 - 1400 cc,Petrol,Co. Donegal,All years,Kilometres,9526
Average Kilometres Travelled,2020,All owners,1201 - 1400 cc,Petrol,Co. Dublin,All years,Kilometres,7107
Average Kilometres Travelled,2020,All owners,1201 - 1400 cc,Petrol,Co. Galway,All years,Kilometres,9340
Average Kilometres Travelled,2020,All owners,1201 - 1400 cc,Petrol,Co. Kerry,All years,Kilometres,9491
Average Kilometres Travelled,2020,All owners,1201 - 1400 cc,Petrol,Co. Kildare,All years,Kilometres,8984
Average Kilometres Travelled,2020,All owners,1201 - 1400 cc,Petrol,Co. Kilkenny,All years,Kilometres,9492
Average Kilometres Travelled,2020,All owners,1201 - 1400 cc,Petrol,Co. Laois,All years,Kilometres,9535
Average Kilometres Travelled,2020,All owners,1201 - 1400 cc,Petrol,Co. Leitrim,All years,Kilometres,10015
Average Kilometres Travelled,2020,All owners,1201 - 1400 cc,Petrol,Co. Limerick,All years,Kilometres,9132
Average Kilometres Travelled,2020,All owners,1201 - 1400 cc,Petrol,Co. Longford,All years,Kilometres,9450
Average Kilometres Travelled,2020,All owners,1201 - 1400 cc,Petrol,Co. Louth,All years,Kilometres,8894
Average Kilometres Travelled,2020,All owners,1201 - 1400 cc,Petrol,Co. Mayo,All years,Kilometres,9551
Average Kilometres Travelled,2020,All owners,1201 - 1400 cc,Petrol,Co. Meath,All years,Kilometres,9542
Average Kilometres Travelled,2020,All owners,1201 - 1400 cc,Petrol,Co. Monaghan,All years,Kilometres,9312
Average Kilometres Travelled,2020,All owners,1201 - 1400 cc,Petrol,Co. Offaly,All years,Kilometres,9518
Average Kilometres Travelled,2020,All owners,1201 - 1400 cc,Petrol,Co. Roscommon,All years,Kilometres,10755
Average Kilometres Travelled,2020,All owners,1201 - 1400 cc,Petrol,Co. Sligo,All years,Kilometres,9379
Average Kilometres Travelled,2020,All owners,1201 - 1400 cc,Petrol,Co. Tipperary,All years,Kilometres,9640
Average Kilometres Travelled,2020,All owners,1201 - 1400 cc,Petrol,Co. Waterford,All years,Kilometres,8892
Average Kilometres Travelled,2020,All owners,1201 - 1400 cc,Petrol,Co. Westmeath,All years,Kilometres,9594
Average Kilometres Travelled,2020,All owners,1201 - 1400 cc,Petrol,Co. Wexford,All years,Kilometres,9480
Average Kilometres Travelled,2020,All owners,1201 - 1400 cc,Petrol,Co. Wicklow,All years,Kilometres,8983
Average Kilometres Travelled,2020,All owners,1201 - 1400 cc,Diesel,Co. Carlow,All years,Kilometres,13419
Average Kilometres Travelled,2020,All owners,1201 - 1400 cc,Diesel,Co. Cavan,All years,Kilometres,13849
Average Kilometres Travelled,2020,All owners,1201 - 1400 cc,Diesel,Co. Clare,All years,Kilometres,13851
Average Kilometres Travelled,2020,All owners,1201 - 1400 cc,Diesel,Co. Cork,All years,Kilometres,12576
Average Kilometres Travelled,2020,All owners,1201 - 1400 cc,Diesel,Co. Donegal,All years,Kilometres,12886
Average Kilometres Travelled,2020,All owners,1201 - 1400 cc,Diesel,Co. Dublin,All years,Kilometres,10278
Average Kilometres Travelled,2020,All owners,1201 - 1400 cc,Diesel,Co. Galway,All years,Kilometres,13522
Average Kilometres Travelled,2020,All owners,1201 - 1400 cc,Diesel,Co. Kerry,All years,Kilometres,13025
Average Kilometres Travelled,2020,All owners,1201 - 1400 cc,Diesel,Co. Kildare,All years,Kilometres,12687
Average Kilometres Travelled,2020,All owners,1201 - 1400 cc,Diesel,Co. Kilkenny,All years,Kilometres,13385
Average Kilometres Travelled,2020,All owners,1201 - 1400 cc,Diesel,Co. Laois,All years,Kilometres,13482
Average Kilometres Travelled,2020,All owners,1201 - 1400 cc,Diesel,Co. Leitrim,All years,Kilometres,13945
Average Kilometres Travelled,2020,All owners,1201 - 1400 cc,Diesel,Co. Limerick,All years,Kilometres,13225
Average Kilometres Travelled,2020,All owners,1201 - 1400 cc,Diesel,Co. Longford,All years,Kilometres,13992
Average Kilometres Travelled,2020,All owners,1201 - 1400 cc,Diesel,Co. Louth,All years,Kilometres,12542
Average Kilometres Travelled,2020,All owners,1201 - 1400 cc,Diesel,Co. Mayo,All years,Kilometres,13336
Average Kilometres Travelled,2020,All owners,1201 - 1400 cc,Diesel,Co. Meath,All years,Kilometres,12875
Average Kilometres Travelled,2020,All owners,1201 - 1400 cc,Diesel,Co. Monaghan,All years,Kilometres,13187
Average Kilometres Travelled,2020,All owners,1201 - 1400 cc,Diesel,Co. Offaly,All years,Kilometres,13734
Average Kilometres Travelled,2020,All owners,1201 - 1400 cc,Diesel,Co. Roscommon,All years,Kilometres,14322
Average Kilometres Travelled,2020,All owners,1201 - 1400 cc,Diesel,Co. Sligo,All years,Kilometres,13308
Average Kilometres Travelled,2020,All owners,1201 - 1400 cc,Diesel,Co. Tipperary,All years,Kilometres,13603
Average Kilometres Travelled,2020,All owners,1201 - 1400 cc,Diesel,Co. Waterford,All years,Kilometres,13007
Average Kilometres Travelled,2020,All owners,1201 - 1400 cc,Diesel,Co. Westmeath,All years,Kilometres,13550
Average Kilometres Travelled,2020,All owners,1201 - 1400 cc,Diesel,Co. Wexford,All years,Kilometres,13335
Average Kilometres Travelled,2020,All owners,1201 - 1400 cc,Diesel,Co. Wicklow,All years,Kilometres,12903
Average Kilometres Travelled,2020,All owners,1201 - 1400 cc,Other fuel types,Co. Carlow,All years,Kilometres,10900
Average Kilometres Travelled,2020,All owners,1201 - 1400 cc,Other fuel types,Co. Cavan,All years,Kilometres,9283
Average Kilometres Travelled,2020,All owners,1201 - 1400 cc,Other fuel types,Co. Clare,All years,Kilometres,10917
Average Kilometres Travelled,2020,All owners,1201 - 1400 cc,Other fuel types,Co. Cork,All years,Kilometres,9567
Average Kilometres Travelled,2020,All owners,1201 - 1400 cc,Other fuel types,Co. Donegal,All years,Kilometres,9374
Average Kilometres Travelled,2020,All owners,1201 - 1400 cc,Other fuel types,Co. Dublin,All years,Kilometres,8994
Average Kilometres Travelled,2020,All owners,1201 - 1400 cc,Other fuel types,Co. Galway,All years,Kilometres,10291
Average Kilometres Travelled,2020,All owners,1201 - 1400 cc,Other fuel types,Co. Kerry,All years,Kilometres,9163
Average Kilometres Travelled,2020,All owners,1201 - 1400 cc,Other fuel types,Co. Kildare,All years,Kilometres,10239
Average Kilometres Travelled,2020,All owners,1201 - 1400 cc,Other fuel types,Co. Kilkenny,All years,Kilometres,10296
Average Kilometres Travelled,2020,All owners,1201 - 1400 cc,Other fuel types,Co. Laois,All years,Kilometres,9303
Average Kilometres Travelled,2020,All owners,1201 - 1400 cc,Other fuel types,Co. Leitrim,All years,Kilometres,9507
Average Kilometres Travelled,2020,All owners,1201 - 1400 cc,Other fuel types,Co. Limerick,All years,Kilometres,9451
Average Kilometres Travelled,2020,All owners,1201 - 1400 cc,Other fuel types,Co. Longford,All years,Kilometres,9460
Average Kilometres Travelled,2020,All owners,1201 - 1400 cc,Other fuel types,Co. Louth,All years,Kilometres,10253
Average Kilometres Travelled,2020,All owners,1201 - 1400 cc,Other fuel types,Co. Mayo,All years,Kilometres,10117
Average Kilometres Travelled,2020,All owners,1201 - 1400 cc,Other fuel types,Co. Meath,All years,Kilometres,10309
Average Kilometres Travelled,2020,All owners,1201 - 1400 cc,Other fuel types,Co. Monaghan,All years,Kilometres,12383
Average Kilometres Travelled,2020,All owners,1201 - 1400 cc,Other fuel types,Co. Offaly,All years,Kilometres,10807
Average Kilometres Travelled,2020,All owners,1201 - 1400 cc,Other fuel types,Co. Roscommon,All years,Kilometres,9462
Average Kilometres Travelled,2020,All owners,1201 - 1400 cc,Other fuel types,Co. Sligo,All years,Kilometres,10391
Average Kilometres Travelled,2020,All owners,1201 - 1400 cc,Other fuel types,Co. Tipperary,All years,Kilometres,10314
Average Kilometres Travelled,2020,All owners,1201 - 1400 cc,Other fuel types,Co. Waterford,All years,Kilometres,10776
Average Kilometres Travelled,2020,All owners,1201 - 1400 cc,Other fuel types,Co. Westmeath,All years,Kilometres,10053
Average Kilometres Travelled,2020,All owners,1201 - 1400 cc,Other fuel types,Co. Wexford,All years,Kilometres,10341
Average Kilometres Travelled,2020,All owners,1201 - 1400 cc,Other fuel types,Co. Wicklow,All years,Kilometres,9749
Average Kilometres Travelled,2020,All owners,1401 - 1600 cc,Petrol,Co. Carlow,All years,Kilometres,9595
Average Kilometres Travelled,2020,All owners,1401 - 1600 cc,Petrol,Co. Cavan,All years,Kilometres,10242
Average Kilometres Travelled,2020,All owners,1401 - 1600 cc,Petrol,Co. Clare,All years,Kilometres,10054
Average Kilometres Travelled,2020,All owners,1401 - 1600 cc,Petrol,Co. Cork,All years,Kilometres,9440
Average Kilometres Travelled,2020,All owners,1401 - 1600 cc,Petrol,Co. Donegal,All years,Kilometres,9862
Average Kilometres Travelled,2020,All owners,1401 - 1600 cc,Petrol,Co. Dublin,All years,Kilometres,7791
Average Kilometres Travelled,2020,All owners,1401 - 1600 cc,Petrol,Co. Galway,All years,Kilometres,9817
Average Kilometres Travelled,2020,All owners,1401 - 1600 cc,Petrol,Co. Kerry,All years,Kilometres,9854
Average Kilometres Travelled,2020,All owners,1401 - 1600 cc,Petrol,Co. Kildare,All years,Kilometres,9704
Average Kilometres Travelled,2020,All owners,1401 - 1600 cc,Petrol,Co. Kilkenny,All years,Kilometres,9784
Average Kilometres Travelled,2020,All owners,1401 - 1600 cc,Petrol,Co. Laois,All years,Kilometres,10122
Average Kilometres Travelled,2020,All owners,1401 - 1600 cc,Petrol,Co. Leitrim,All years,Kilometres,10651
Average Kilometres Travelled,2020,All owners,1401 - 1600 cc,Petrol,Co. Limerick,All years,Kilometres,9523
Average Kilometres Travelled,2020,All owners,1401 - 1600 cc,Petrol,Co. Longford,All years,Kilometres,10314
Average Kilometres Travelled,2020,All owners,1401 - 1600 cc,Petrol,Co. Louth,All years,Kilometres,9515
Average Kilometres Travelled,2020,All owners,1401 - 1600 cc,Petrol,Co. Mayo,All years,Kilometres,10307
Average Kilometres Travelled,2020,All owners,1401 - 1600 cc,Petrol,Co. Meath,All years,Kilometres,9950
Average Kilometres Travelled,2020,All owners,1401 - 1600 cc,Petrol,Co. Monaghan,All years,Kilometres,9992
Average Kilometres Travelled,2020,All owners,1401 - 1600 cc,Petrol,Co. Offaly,All years,Kilometres,10147
Average Kilometres Travelled,2020,All owners,1401 - 1600 cc,Petrol,Co. Roscommon,All years,Kilometres,10573
Average Kilometres Travelled,2020,All owners,1401 - 1600 cc,Petrol,Co. Sligo,All years,Kilometres,9746
Average Kilometres Travelled,2020,All owners,1401 - 1600 cc,Petrol,Co. Tipperary,All years,Kilometres,10036
Average Kilometres Travelled,2020,All owners,1401 - 1600 cc,Petrol,Co. Waterford,All years,Kilometres,9251
Average Kilometres Travelled,2020,All owners,1401 - 1600 cc,Petrol,Co. Westmeath,All years,Kilometres,9856
Average Kilometres Travelled,2020,All owners,1401 - 1600 cc,Petrol,Co. Wexford,All years,Kilometres,9729
Average Kilometres Travelled,2020,All owners,1401 - 1600 cc,Petrol,Co. Wicklow,All years,Kilometres,9534
Average Kilometres Travelled,2020,All owners,1401 - 1600 cc,Diesel,Co. Carlow,All years,Kilometres,14886
Average Kilometres Travelled,2020,All owners,1401 - 1600 cc,Diesel,Co. Cavan,All years,Kilometres,14938
Average Kilometres Travelled,2020,All owners,1401 - 1600 cc,Diesel,Co. Clare,All years,Kilometres,14776
Average Kilometres Travelled,2020,All owners,1401 - 1600 cc,Diesel,Co. Cork,All years,Kilometres,13494
Average Kilometres Travelled,2020,All owners,1401 - 1600 cc,Diesel,Co. Donegal,All years,Kilometres,14181
Average Kilometres Travelled,2020,All owners,1401 - 1600 cc,Diesel,Co. Dublin,All years,Kilometres,12072
Average Kilometres Travelled,2020,All owners,1401 - 1600 cc,Diesel,Co. Galway,All years,Kilometres,14745
Average Kilometres Travelled,2020,All owners,1401 - 1600 cc,Diesel,Co. Kerry,All years,Kilometres,14436
Average Kilometres Travelled,2020,All owners,1401 - 1600 cc,Diesel,Co. Kildare,All years,Kilometres,13804
Average Kilometres Travelled,2020,All owners,1401 - 1600 cc,Diesel,Co. Kilkenny,All years,Kilometres,14778
Average Kilometres Travelled,2020,All owners,1401 - 1600 cc,Diesel,Co. Laois,All years,Kilometres,15096
Average Kilometres Travelled,2020,All owners,1401 - 1600 cc,Diesel,Co. Leitrim,All years,Kilometres,15243
Average Kilometres Travelled,2020,All owners,1401 - 1600 cc,Diesel,Co. Limerick,All years,Kilometres,14386
Average Kilometres Travelled,2020,All owners,1401 - 1600 cc,Diesel,Co. Longford,All years,Kilometres,15561
Average Kilometres Travelled,2020,All owners,1401 - 1600 cc,Diesel,Co. Louth,All years,Kilometres,13791
Average Kilometres Travelled,2020,All owners,1401 - 1600 cc,Diesel,Co. Mayo,All years,Kilometres,14753
Average Kilometres Travelled,2020,All owners,1401 - 1600 cc,Diesel,Co. Meath,All years,Kilometres,14328
Average Kilometres Travelled,2020,All owners,1401 - 1600 cc,Diesel,Co. Monaghan,All years,Kilometres,14933
Average Kilometres Travelled,2020,All owners,1401 - 1600 cc,Diesel,Co. Offaly,All years,Kilometres,15133
Average Kilometres Travelled,2020,All owners,1401 - 1600 cc,Diesel,Co. Roscommon,All years,Kilometres,15968
Average Kilometres Travelled,2020,All owners,1401 - 1600 cc,Diesel,Co. Sligo,All years,Kilometres,14610
Average Kilometres Travelled,2020,All owners,1401 - 1600 cc,Diesel,Co. Tipperary,All years,Kilometres,15173
Average Kilometres Travelled,2020,All owners,1401 - 1600 cc,Diesel,Co. Waterford,All years,Kilometres,14110
Average Kilometres Travelled,2020,All owners,1401 - 1600 cc,Diesel,Co. Westmeath,All years,Kilometres,15058
Average Kilometres Travelled,2020,All owners,1401 - 1600 cc,Diesel,Co. Wexford,All years,Kilometres,14690
Average Kilometres Travelled,2020,All owners,1401 - 1600 cc,Diesel,Co. Wicklow,All years,Kilometres,13892
Average Kilometres Travelled,2020,All owners,1401 - 1600 cc,Other fuel types,Co. Carlow,All years,Kilometres,9319
Average Kilometres Travelled,2020,All owners,1401 - 1600 cc,Other fuel types,Co. Cavan,All years,Kilometres,9888
Average Kilometres Travelled,2020,All owners,1401 - 1600 cc,Other fuel types,Co. Clare,All years,Kilometres,9532
Average Kilometres Travelled,2020,All owners,1401 - 1600 cc,Other fuel types,Co. Cork,All years,Kilometres,9500
Average Kilometres Travelled,2020,All owners,1401 - 1600 cc,Other fuel types,Co. Donegal,All years,Kilometres,9453
Average Kilometres Travelled,2020,All owners,1401 - 1600 cc,Other fuel types,Co. Dublin,All years,Kilometres,9050
Average Kilometres Travelled,2020,All owners,1401 - 1600 cc,Other fuel types,Co. Galway,All years,Kilometres,9746
Average Kilometres Travelled,2020,All owners,1401 - 1600 cc,Other fuel types,Co. Kerry,All years,Kilometres,9529
Average Kilometres Travelled,2020,All owners,1401 - 1600 cc,Other fuel types,Co. Kildare,All years,Kilometres,9577
Average Kilometres Travelled,2020,All owners,1401 - 1600 cc,Other fuel types,Co. Kilkenny,All years,Kilometres,9566
Average Kilometres Travelled,2020,All owners,1401 - 1600 cc,Other fuel types,Co. Laois,All years,Kilometres,9956
Average Kilometres Travelled,2020,All owners,1401 - 1600 cc,Other fuel types,Co. Leitrim,All years,Kilometres,9219
Average Kilometres Travelled,2020,All owners,1401 - 1600 cc,Other fuel types,Co. Limerick,All years,Kilometres,9732
Average Kilometres Travelled,2020,All owners,1401 - 1600 cc,Other fuel types,Co. Longford,All years,Kilometres,9813
Average Kilometres Travelled,2020,All owners,1401 - 1600 cc,Other fuel types,Co. Louth,All years,Kilometres,9577
Average Kilometres Travelled,2020,All owners,1401 - 1600 cc,Other fuel types,Co. Mayo,All years,Kilometres,9464
Average Kilometres Travelled,2020,All owners,1401 - 1600 cc,Other fuel types,Co. Meath,All years,Kilometres,9709
Average Kilometres Travelled,2020,All owners,1401 - 1600 cc,Other fuel types,Co. Monaghan,All years,Kilometres,10131
Average Kilometres Travelled,2020,All owners,1401 - 1600 cc,Other fuel types,Co. Offaly,All years,Kilometres,9847
Average Kilometres Travelled,2020,All owners,1401 - 1600 cc,Other fuel types,Co. Roscommon,All years,Kilometres,9365
Average Kilometres Travelled,2020,All owners,1401 - 1600 cc,Other fuel types,Co. Sligo,All years,Kilometres,9590
Average Kilometres Travelled,2020,All owners,1401 - 1600 cc,Other fuel types,Co. Tipperary,All years,Kilometres,9571
Average Kilometres Travelled,2020,All owners,1401 - 1600 cc,Other fuel types,Co. Waterford,All years,Kilometres,9634
Average Kilometres Travelled,2020,All owners,1401 - 1600 cc,Other fuel types,Co. Westmeath,All years,Kilometres,9702
Average Kilometres Travelled,2020,All owners,1401 - 1600 cc,Other fuel types,Co. Wexford,All years,Kilometres,9573
Average Kilometres Travelled,2020,All owners,1401 - 1600 cc,Other fuel types,Co. Wicklow,All years,Kilometres,9582
Average Kilometres Travelled,2020,All owners,1601 - 1800 cc,Petrol,Co. Carlow,All years,Kilometres,9991
Average Kilometres Travelled,2020,All owners,1601 - 1800 cc,Petrol,Co. Cavan,All years,Kilometres,10763
Average Kilometres Travelled,2020,All owners,1601 - 1800 cc,Petrol,Co. Clare,All years,Kilometres,10269
Average Kilometres Travelled,2020,All owners,1601 - 1800 cc,Petrol,Co. Cork,All years,Kilometres,9483
Average Kilometres Travelled,2020,All owners,1601 - 1800 cc,Petrol,Co. Donegal,All years,Kilometres,9217
Average Kilometres Travelled,2020,All owners,1601 - 1800 cc,Petrol,Co. Dublin,All years,Kilometres,7812
Average Kilometres Travelled,2020,All owners,1601 - 1800 cc,Petrol,Co. Galway,All years,Kilometres,9877
Average Kilometres Travelled,2020,All owners,1601 - 1800 cc,Petrol,Co. Kerry,All years,Kilometres,9481
Average Kilometres Travelled,2020,All owners,1601 - 1800 cc,Petrol,Co. Kildare,All years,Kilometres,9505
Average Kilometres Travelled,2020,All owners,1601 - 1800 cc,Petrol,Co. Kilkenny,All years,Kilometres,9386
Average Kilometres Travelled,2020,All owners,1601 - 1800 cc,Petrol,Co. Laois,All years,Kilometres,9083
Average Kilometres Travelled,2020,All owners,1601 - 1800 cc,Petrol,Co. Leitrim,All years,Kilometres,9311
Average Kilometres Travelled,2020,All owners,1601 - 1800 cc,Petrol,Co. Limerick,All years,Kilometres,9806
Average Kilometres Travelled,2020,All owners,1601 - 1800 cc,Petrol,Co. Longford,All years,Kilometres,9825
Average Kilometres Travelled,2020,All owners,1601 - 1800 cc,Petrol,Co. Louth,All years,Kilometres,9441
Average Kilometres Travelled,2020,All owners,1601 - 1800 cc,Petrol,Co. Mayo,All years,Kilometres,9792
Average Kilometres Travelled,2020,All owners,1601 - 1800 cc,Petrol,Co. Meath,All years,Kilometres,9763
Average Kilometres Travelled,2020,All owners,1601 - 1800 cc,Petrol,Co. Monaghan,All years,Kilometres,9568
Average Kilometres Travelled,2020,All owners,1601 - 1800 cc,Petrol,Co. Offaly,All years,Kilometres,9748
Average Kilometres Travelled,2020,All owners,1601 - 1800 cc,Petrol,Co. Roscommon,All years,Kilometres,10311
Average Kilometres Travelled,2020,All owners,1601 - 1800 cc,Petrol,Co. Sligo,All years,Kilometres,9190
Average Kilometres Travelled,2020,All owners,1601 - 1800 cc,Petrol,Co. Tipperary,All years,Kilometres,9506
Average Kilometres Travelled,2020,All owners,1601 - 1800 cc,Petrol,Co. Waterford,All years,Kilometres,9341
Average Kilometres Travelled,2020,All owners,1601 - 1800 cc,Petrol,Co. Westmeath,All years,Kilometres,10095
Average Kilometres Travelled,2020,All owners,1601 - 1800 cc,Petrol,Co. Wexford,All years,Kilometres,9787
Average Kilometres Travelled,2020,All owners,1601 - 1800 cc,Petrol,Co. Wicklow,All years,Kilometres,9150
Average Kilometres Travelled,2020,All owners,1601 - 1800 cc,Diesel,Co. Carlow,All years,Kilometres,14736
Average Kilometres Travelled,2020,All owners,1601 - 1800 cc,Diesel,Co. Cavan,All years,Kilometres,14857
Average Kilometres Travelled,2020,All owners,1601 - 1800 cc,Diesel,Co. Clare,All years,Kilometres,14816
Average Kilometres Travelled,2020,All owners,1601 - 1800 cc,Diesel,Co. Cork,All years,Kilometres,13609
Average Kilometres Travelled,2020,All owners,1601 - 1800 cc,Diesel,Co. Donegal,All years,Kilometres,14075
Average Kilometres Travelled,2020,All owners,1601 - 1800 cc,Diesel,Co. Dublin,All years,Kilometres,11688
Average Kilometres Travelled,2020,All owners,1601 - 1800 cc,Diesel,Co. Galway,All years,Kilometres,14540
Average Kilometres Travelled,2020,All owners,1601 - 1800 cc,Diesel,Co. Kerry,All years,Kilometres,14497
Average Kilometres Travelled,2020,All owners,1601 - 1800 cc,Diesel,Co. Kildare,All years,Kilometres,13982
Average Kilometres Travelled,2020,All owners,1601 - 1800 cc,Diesel,Co. Kilkenny,All years,Kilometres,15101
Average Kilometres Travelled,2020,All owners,1601 - 1800 cc,Diesel,Co. Laois,All years,Kilometres,15202
Average Kilometres Travelled,2020,All owners,1601 - 1800 cc,Diesel,Co. Leitrim,All years,Kilometres,15043
Average Kilometres Travelled,2020,All owners,1601 - 1800 cc,Diesel,Co. Limerick,All years,Kilometres,14415
Average Kilometres Travelled,2020,All owners,1601 - 1800 cc,Diesel,Co. Longford,All years,Kilometres,15715
Average Kilometres Travelled,2020,All owners,1601 - 1800 cc,Diesel,Co. Louth,All years,Kilometres,13848
Average Kilometres Travelled,2020,All owners,1601 - 1800 cc,Diesel,Co. Mayo,All years,Kilometres,14468
Average Kilometres Travelled,2020,All owners,1601 - 1800 cc,Diesel,Co. Meath,All years,Kilometres,14416
Average Kilometres Travelled,2020,All owners,1601 - 1800 cc,Diesel,Co. Monaghan,All years,Kilometres,14409
Average Kilometres Travelled,2020,All owners,1601 - 1800 cc,Diesel,Co. Offaly,All years,Kilometres,15152
Average Kilometres Travelled,2020,All owners,1601 - 1800 cc,Diesel,Co. Roscommon,All years,Kilometres,15597
Average Kilometres Travelled,2020,All owners,1601 - 1800 cc,Diesel,Co. Sligo,All years,Kilometres,14697
Average Kilometres Travelled,2020,All owners,1601 - 1800 cc,Diesel,Co. Tipperary,All years,Kilometres,15191
Average Kilometres Travelled,2020,All owners,1601 - 1800 cc,Diesel,Co. Waterford,All years,Kilometres,14005
Average Kilometres Travelled,2020,All owners,1601 - 1800 cc,Diesel,Co. Westmeath,All years,Kilometres,15195
Average Kilometres Travelled,2020,All owners,1601 - 1800 cc,Diesel,Co. Wexford,All years,Kilometres,14637
Average Kilometres Travelled,2020,All owners,1601 - 1800 cc,Diesel,Co. Wicklow,All years,Kilometres,13977
Average Kilometres Travelled,2020,All owners,1601 - 1800 cc,Other fuel types,Co. Carlow,All years,Kilometres,10013
Average Kilometres Travelled,2020,All owners,1601 - 1800 cc,Other fuel types,Co. Cavan,All years,Kilometres,9962
Average Kilometres Travelled,2020,All owners,1601 - 1800 cc,Other fuel types,Co. Clare,All years,Kilometres,9810
Average Kilometres Travelled,2020,All owners,1601 - 1800 cc,Other fuel types,Co. Cork,All years,Kilometres,9555
Average Kilometres Travelled,2020,All owners,1601 - 1800 cc,Other fuel types,Co. Donegal,All years,Kilometres,9740
Average Kilometres Travelled,2020,All owners,1601 - 1800 cc,Other fuel types,Co. Dublin,All years,Kilometres,9214
Average Kilometres Travelled,2020,All owners,1601 - 1800 cc,Other fuel types,Co. Galway,All years,Kilometres,9649
Average Kilometres Travelled,2020,All owners,1601 - 1800 cc,Other fuel types,Co. Kerry,All years,Kilometres,9594
Average Kilometres Travelled,2020,All owners,1601 - 1800 cc,Other fuel types,Co. Kildare,All years,Kilometres,9634
Average Kilometres Travelled,2020,All owners,1601 - 1800 cc,Other fuel types,Co. Kilkenny,All years,Kilometres,9703
Average Kilometres Travelled,2020,All owners,1601 - 1800 cc,Other fuel types,Co. Laois,All years,Kilometres,9618
Average Kilometres Travelled,2020,All owners,1601 - 1800 cc,Other fuel types,Co. Leitrim,All years,Kilometres,9582
Average Kilometres Travelled,2020,All owners,1601 - 1800 cc,Other fuel types,Co. Limerick,All years,Kilometres,9820
Average Kilometres Travelled,2020,All owners,1601 - 1800 cc,Other fuel types,Co. Longford,All years,Kilometres,10061
Average Kilometres Travelled,2020,All owners,1601 - 1800 cc,Other fuel types,Co. Louth,All years,Kilometres,9810
Average Kilometres Travelled,2020,All owners,1601 - 1800 cc,Other fuel types,Co. Mayo,All years,Kilometres,9995
Average Kilometres Travelled,2020,All owners,1601 - 1800 cc,Other fuel types,Co. Meath,All years,Kilometres,9805
Average Kilometres Travelled,2020,All owners,1601 - 1800 cc,Other fuel types,Co. Monaghan,All years,Kilometres,9674
Average Kilometres Travelled,2020,All owners,1601 - 1800 cc,Other fuel types,Co. Offaly,All years,Kilometres,9893
Average Kilometres Travelled,2020,All owners,1601 - 1800 cc,Other fuel types,Co. Roscommon,All years,Kilometres,9960
Average Kilometres Travelled,2020,All owners,1601 - 1800 cc,Other fuel types,Co. Sligo,All years,Kilometres,9703
Average Kilometres Travelled,2020,All owners,1601 - 1800 cc,Other fuel types,Co. Tipperary,All years,Kilometres,9772
Average Kilometres Travelled,2020,All owners,1601 - 1800 cc,Other fuel types,Co. Waterford,All years,Kilometres,9615
Average Kilometres Travelled,2020,All owners,1601 - 1800 cc,Other fuel types,Co. Westmeath,All years,Kilometres,9734
Average Kilometres Travelled,2020,All owners,1601 - 1800 cc,Other fuel types,Co. Wexford,All years,Kilometres,9615
Average Kilometres Travelled,2020,All owners,1601 - 1800 cc,Other fuel types,Co. Wicklow,All years,Kilometres,9709
Average Kilometres Travelled,2020,All owners,1801 - 2000 cc,Petrol,Co. Carlow,All years,Kilometres,9253
Average Kilometres Travelled,2020,All owners,1801 - 2000 cc,Petrol,Co. Cavan,All years,Kilometres,9970
Average Kilometres Travelled,2020,All owners,1801 - 2000 cc,Petrol,Co. Clare,All years,Kilometres,9225
Average Kilometres Travelled,2020,All owners,1801 - 2000 cc,Petrol,Co. Cork,All years,Kilometres,9603
Average Kilometres Travelled,2020,All owners,1801 - 2000 cc,Petrol,Co. Donegal,All years,Kilometres,9528
Average Kilometres Travelled,2020,All owners,1801 - 2000 cc,Petrol,Co. Dublin,All years,Kilometres,8020
Average Kilometres Travelled,2020,All owners,1801 - 2000 cc,Petrol,Co. Galway,All years,Kilometres,9395
Average Kilometres Travelled,2020,All owners,1801 - 2000 cc,Petrol,Co. Kerry,All years,Kilometres,9469
Average Kilometres Travelled,2020,All owners,1801 - 2000 cc,Petrol,Co. Kildare,All years,Kilometres,9601
Average Kilometres Travelled,2020,All owners,1801 - 2000 cc,Petrol,Co. Kilkenny,All years,Kilometres,9446
Average Kilometres Travelled,2020,All owners,1801 - 2000 cc,Petrol,Co. Laois,All years,Kilometres,10226
Average Kilometres Travelled,2020,All owners,1801 - 2000 cc,Petrol,Co. Leitrim,All years,Kilometres,8793
Average Kilometres Travelled,2020,All owners,1801 - 2000 cc,Petrol,Co. Limerick,All years,Kilometres,9930
Average Kilometres Travelled,2020,All owners,1801 - 2000 cc,Petrol,Co. Longford,All years,Kilometres,9972
Average Kilometres Travelled,2020,All owners,1801 - 2000 cc,Petrol,Co. Louth,All years,Kilometres,9489
Average Kilometres Travelled,2020,All owners,1801 - 2000 cc,Petrol,Co. Mayo,All years,Kilometres,10566
Average Kilometres Travelled,2020,All owners,1801 - 2000 cc,Petrol,Co. Meath,All years,Kilometres,10325
Average Kilometres Travelled,2020,All owners,1801 - 2000 cc,Petrol,Co. Monaghan,All years,Kilometres,10365
Average Kilometres Travelled,2020,All owners,1801 - 2000 cc,Petrol,Co. Offaly,All years,Kilometres,10134
Average Kilometres Travelled,2020,All owners,1801 - 2000 cc,Petrol,Co. Roscommon,All years,Kilometres,9511
Average Kilometres Travelled,2020,All owners,1801 - 2000 cc,Petrol,Co. Sligo,All years,Kilometres,9797
Average Kilometres Travelled,2020,All owners,1801 - 2000 cc,Petrol,Co. Tipperary,All years,Kilometres,9424
Average Kilometres Travelled,2020,All owners,1801 - 2000 cc,Petrol,Co. Waterford,All years,Kilometres,9571
Average Kilometres Travelled,2020,All owners,1801 - 2000 cc,Petrol,Co. Westmeath,All years,Kilometres,9806
Average Kilometres Travelled,2020,All owners,1801 - 2000 cc,Petrol,Co. Wexford,All years,Kilometres,9294
Average Kilometres Travelled,2020,All owners,1801 - 2000 cc,Petrol,Co. Wicklow,All years,Kilometres,9807
Average Kilometres Travelled,2020,All owners,1801 - 2000 cc,Diesel,Co. Carlow,All years,Kilometres,15134
Average Kilometres Travelled,2020,All owners,1801 - 2000 cc,Diesel,Co. Cavan,All years,Kilometres,15731
Average Kilometres Travelled,2020,All owners,1801 - 2000 cc,Diesel,Co. Clare,All years,Kilometres,15554
Average Kilometres Travelled,2020,All owners,1801 - 2000 cc,Diesel,Co. Cork,All years,Kilometres,14183
Average Kilometres Travelled,2020,All owners,1801 - 2000 cc,Diesel,Co. Donegal,All years,Kilometres,14652
Average Kilometres Travelled,2020,All owners,1801 - 2000 cc,Diesel,Co. Dublin,All years,Kilometres,12769
Average Kilometres Travelled,2020,All owners,1801 - 2000 cc,Diesel,Co. Galway,All years,Kilometres,15246
Average Kilometres Travelled,2020,All owners,1801 - 2000 cc,Diesel,Co. Kerry,All years,Kilometres,14734
Average Kilometres Travelled,2020,All owners,1801 - 2000 cc,Diesel,Co. Kildare,All years,Kilometres,14405
Average Kilometres Travelled,2020,All owners,1801 - 2000 cc,Diesel,Co. Kilkenny,All years,Kilometres,15336
Average Kilometres Travelled,2020,All owners,1801 - 2000 cc,Diesel,Co. Laois,All years,Kilometres,15511
Average Kilometres Travelled,2020,All owners,1801 - 2000 cc,Diesel,Co. Leitrim,All years,Kilometres,15760
Average Kilometres Travelled,2020,All owners,1801 - 2000 cc,Diesel,Co. Limerick,All years,Kilometres,15028
Average Kilometres Travelled,2020,All owners,1801 - 2000 cc,Diesel,Co. Longford,All years,Kilometres,15998
Average Kilometres Travelled,2020,All owners,1801 - 2000 cc,Diesel,Co. Louth,All years,Kilometres,14723
Average Kilometres Travelled,2020,All owners,1801 - 2000 cc,Diesel,Co. Mayo,All years,Kilometres,15267
Average Kilometres Travelled,2020,All owners,1801 - 2000 cc,Diesel,Co. Meath,All years,Kilometres,14842
Average Kilometres Travelled,2020,All owners,1801 - 2000 cc,Diesel,Co. Monaghan,All years,Kilometres,15122
Average Kilometres Travelled,2020,All owners,1801 - 2000 cc,Diesel,Co. Offaly,All years,Kilometres,15478
Average Kilometres Travelled,2020,All owners,1801 - 2000 cc,Diesel,Co. Roscommon,All years,Kilometres,16193
Average Kilometres Travelled,2020,All owners,1801 - 2000 cc,Diesel,Co. Sligo,All years,Kilometres,15219
Average Kilometres Travelled,2020,All owners,1801 - 2000 cc,Diesel,Co. Tipperary,All years,Kilometres,15803
Average Kilometres Travelled,2020,All owners,1801 - 2000 cc,Diesel,Co. Waterford,All years,Kilometres,14512
Average Kilometres Travelled,2020,All owners,1801 - 2000 cc,Diesel,Co. Westmeath,All years,Kilometres,15720
Average Kilometres Travelled,2020,All owners,1801 - 2000 cc,Diesel,Co. Wexford,All years,Kilometres,15018
Average Kilometres Travelled,2020,All owners,1801 - 2000 cc,Diesel,Co. Wicklow,All years,Kilometres,14095
Average Kilometres Travelled,2020,All owners,1801 - 2000 cc,Other fuel types,Co. Carlow,All years,Kilometres,9704
Average Kilometres Travelled,2020,All owners,1801 - 2000 cc,Other fuel types,Co. Cavan,All years,Kilometres,9827
Average Kilometres Travelled,2020,All owners,1801 - 2000 cc,Other fuel types,Co. Clare,All years,Kilometres,9774
Average Kilometres Travelled,2020,All owners,1801 - 2000 cc,Other fuel types,Co. Cork,All years,Kilometres,9680
Average Kilometres Travelled,2020,All owners,1801 - 2000 cc,Other fuel types,Co. Donegal,All years,Kilometres,9933
Average Kilometres Travelled,2020,All owners,1801 - 2000 cc,Other fuel types,Co. Dublin,All years,Kilometres,9376
Average Kilometres Travelled,2020,All owners,1801 - 2000 cc,Other fuel types,Co. Galway,All years,Kilometres,9570
Average Kilometres Travelled,2020,All owners,1801 - 2000 cc,Other fuel types,Co. Kerry,All years,Kilometres,9390
Average Kilometres Travelled,2020,All owners,1801 - 2000 cc,Other fuel types,Co. Kildare,All years,Kilometres,9617
Average Kilometres Travelled,2020,All owners,1801 - 2000 cc,Other fuel types,Co. Kilkenny,All years,Kilometres,9904
Average Kilometres Travelled,2020,All owners,1801 - 2000 cc,Other fuel types,Co. Laois,All years,Kilometres,9432
Average Kilometres Travelled,2020,All owners,1801 - 2000 cc,Other fuel types,Co. Leitrim,All years,Kilometres,12548
Average Kilometres Travelled,2020,All owners,1801 - 2000 cc,Other fuel types,Co. Limerick,All years,Kilometres,9764
Average Kilometres Travelled,2020,All owners,1801 - 2000 cc,Other fuel types,Co. Longford,All years,Kilometres,9478
Average Kilometres Travelled,2020,All owners,1801 - 2000 cc,Other fuel types,Co. Louth,All years,Kilometres,9478
Average Kilometres Travelled,2020,All owners,1801 - 2000 cc,Other fuel types,Co. Mayo,All years,Kilometres,9738
Average Kilometres Travelled,2020,All owners,1801 - 2000 cc,Other fuel types,Co. Meath,All years,Kilometres,9409
Average Kilometres Travelled,2020,All owners,1801 - 2000 cc,Other fuel types,Co. Monaghan,All years,Kilometres,10232
Average Kilometres Travelled,2020,All owners,1801 - 2000 cc,Other fuel types,Co. Offaly,All years,Kilometres,9088
Average Kilometres Travelled,2020,All owners,1801 - 2000 cc,Other fuel types,Co. Roscommon,All years,Kilometres,9482
Average Kilometres Travelled,2020,All owners,1801 - 2000 cc,Other fuel types,Co. Sligo,All years,Kilometres,8993
Average Kilometres Travelled,2020,All owners,1801 - 2000 cc,Other fuel types,Co. Tipperary,All years,Kilometres,10138
Average Kilometres Travelled,2020,All owners,1801 - 2000 cc,Other fuel types,Co. Waterford,All years,Kilometres,9886
Average Kilometres Travelled,2020,All owners,1801 - 2000 cc,Other fuel types,Co. Westmeath,All years,Kilometres,9558
Average Kilometres Travelled,2020,All owners,1801 - 2000 cc,Other fuel types,Co. Wexford,All years,Kilometres,9456
Average Kilometres Travelled,2020,All owners,1801 - 2000 cc,Other fuel types,Co. Wicklow,All years,Kilometres,9610
Average Kilometres Travelled,2020,All owners,Over 2000 cc,Petrol,Co. Carlow,All years,Kilometres,10312
Average Kilometres Travelled,2020,All owners,Over 2000 cc,Petrol,Co. Cavan,All years,Kilometres,8978
Average Kilometres Travelled,2020,All owners,Over 2000 cc,Petrol,Co. Clare,All years,Kilometres,8602
Average Kilometres Travelled,2020,All owners,Over 2000 cc,Petrol,Co. Cork,All years,Kilometres,8645
Average Kilometres Travelled,2020,All owners,Over 2000 cc,Petrol,Co. Donegal,All years,Kilometres,9285
Average Kilometres Travelled,2020,All owners,Over 2000 cc,Petrol,Co. Dublin,All years,Kilometres,7481
Average Kilometres Travelled,2020,All owners,Over 2000 cc,Petrol,Co. Galway,All years,Kilometres,8211
Average Kilometres Travelled,2020,All owners,Over 2000 cc,Petrol,Co. Kerry,All years,Kilometres,8161
Average Kilometres Travelled,2020,All owners,Over 2000 cc,Petrol,Co. Kildare,All years,Kilometres,8904
Average Kilometres Travelled,2020,All owners,Over 2000 cc,Petrol,Co. Kilkenny,All years,Kilometres,11304
Average Kilometres Travelled,2020,All owners,Over 2000 cc,Petrol,Co. Laois,All years,Kilometres,9018
Average Kilometres Travelled,2020,All owners,Over 2000 cc,Petrol,Co. Leitrim,All years,Kilometres,9102
Average Kilometres Travelled,2020,All owners,Over 2000 cc,Petrol,Co. Limerick,All years,Kilometres,8282
Average Kilometres Travelled,2020,All owners,Over 2000 cc,Petrol,Co. Longford,All years,Kilometres,9509
Average Kilometres Travelled,2020,All owners,Over 2000 cc,Petrol,Co. Louth,All years,Kilometres,8809
Average Kilometres Travelled,2020,All owners,Over 2000 cc,Petrol,Co. Mayo,All years,Kilometres,9856
Average Kilometres Travelled,2020,All owners,Over 2000 cc,Petrol,Co. Meath,All years,Kilometres,8930
Average Kilometres Travelled,2020,All owners,Over 2000 cc,Petrol,Co. Monaghan,All years,Kilometres,9284
Average Kilometres Travelled,2020,All owners,Over 2000 cc,Petrol,Co. Offaly,All years,Kilometres,8943
Average Kilometres Travelled,2020,All owners,Over 2000 cc,Petrol,Co. Roscommon,All years,Kilometres,7950
Average Kilometres Travelled,2020,All owners,Over 2000 cc,Petrol,Co. Sligo,All years,Kilometres,8098
Average Kilometres Travelled,2020,All owners,Over 2000 cc,Petrol,Co. Tipperary,All years,Kilometres,10158
Average Kilometres Travelled,2020,All owners,Over 2000 cc,Petrol,Co. Waterford,All years,Kilometres,8210
Average Kilometres Travelled,2020,All owners,Over 2000 cc,Petrol,Co. Westmeath,All years,Kilometres,8565
Average Kilometres Travelled,2020,All owners,Over 2000 cc,Petrol,Co. Wexford,All years,Kilometres,7969
Average Kilometres Travelled,2020,All owners,Over 2000 cc,Petrol,Co. Wicklow,All years,Kilometres,9312
Average Kilometres Travelled,2020,All owners,Over 2000 cc,Diesel,Co. Carlow,All years,Kilometres,15249
Average Kilometres Travelled,2020,All owners,Over 2000 cc,Diesel,Co. Cavan,All years,Kilometres,15301
Average Kilometres Travelled,2020,All owners,Over 2000 cc,Diesel,Co. Clare,All years,Kilometres,14691
Average Kilometres Travelled,2020,All owners,Over 2000 cc,Diesel,Co. Cork,All years,Kilometres,13617
Average Kilometres Travelled,2020,All owners,Over 2000 cc,Diesel,Co. Donegal,All years,Kilometres,14093
Average Kilometres Travelled,2020,All owners,Over 2000 cc,Diesel,Co. Dublin,All years,Kilometres,11910
Average Kilometres Travelled,2020,All owners,Over 2000 cc,Diesel,Co. Galway,All years,Kilometres,14501
Average Kilometres Travelled,2020,All owners,Over 2000 cc,Diesel,Co. Kerry,All years,Kilometres,14077
Average Kilometres Travelled,2020,All owners,Over 2000 cc,Diesel,Co. Kildare,All years,Kilometres,14201
Average Kilometres Travelled,2020,All owners,Over 2000 cc,Diesel,Co. Kilkenny,All years,Kilometres,15147
Average Kilometres Travelled,2020,All owners,Over 2000 cc,Diesel,Co. Laois,All years,Kilometres,15301
Average Kilometres Travelled,2020,All owners,Over 2000 cc,Diesel,Co. Leitrim,All years,Kilometres,16067
Average Kilometres Travelled,2020,All owners,Over 2000 cc,Diesel,Co. Limerick,All years,Kilometres,15053
Average Kilometres Travelled,2020,All owners,Over 2000 cc,Diesel,Co. Longford,All years,Kilometres,16290
Average Kilometres Travelled,2020,All owners,Over 2000 cc,Diesel,Co. Louth,All years,Kilometres,14293
Average Kilometres Travelled,2020,All owners,Over 2000 cc,Diesel,Co. Mayo,All years,Kilometres,14550
Average Kilometres Travelled,2020,All owners,Over 2000 cc,Diesel,Co. Meath,All years,Kilometres,14457
Average Kilometres Travelled,2020,All owners,Over 2000 cc,Diesel,Co. Monaghan,All years,Kilometres,14713
Average Kilometres Travelled,2020,All owners,Over 2000 cc,Diesel,Co. Offaly,All years,Kilometres,15705
Average Kilometres Travelled,2020,All owners,Over 2000 cc,Diesel,Co. Roscommon,All years,Kilometres,16011
Average Kilometres Travelled,2020,All owners,Over 2000 cc,Diesel,Co. Sligo,All years,Kilometres,14658
Average Kilometres Travelled,2020,All owners,Over 2000 cc,Diesel,Co. Tipperary,All years,Kilometres,15394
Average Kilometres Travelled,2020,All owners,Over 2000 cc,Diesel,Co. Waterford,All years,Kilometres,14080
Average Kilometres Travelled,2020,All owners,Over 2000 cc,Diesel,Co. Westmeath,All years,Kilometres,15501
Average Kilometres Travelled,2020,All owners,Over 2000 cc,Diesel,Co. Wexford,All years,Kilometres,14893
Average Kilometres Travelled,2020,All owners,Over 2000 cc,Diesel,Co. Wicklow,All years,Kilometres,13710
Average Kilometres Travelled,2020,All owners,Over 2000 cc,Other fuel types,Co. Carlow,All years,Kilometres,10285
Average Kilometres Travelled,2020,All owners,Over 2000 cc,Other fuel types,Co. Cavan,All years,Kilometres,10621
Average Kilometres Travelled,2020,All owners,Over 2000 cc,Other fuel types,Co. Clare,All years,Kilometres,10452
Average Kilometres Travelled,2020,All owners,Over 2000 cc,Other fuel types,Co. Cork,All years,Kilometres,10157
Average Kilometres Travelled,2020,All owners,Over 2000 cc,Other fuel types,Co. Donegal,All years,Kilometres,9876
Average Kilometres Travelled,2020,All owners,Over 2000 cc,Other fuel types,Co. Dublin,All years,Kilometres,9668
Average Kilometres Travelled,2020,All owners,Over 2000 cc,Other fuel types,Co. Galway,All years,Kilometres,10274
Average Kilometres Travelled,2020,All owners,Over 2000 cc,Other fuel types,Co. Kerry,All years,Kilometres,10355
Average Kilometres Travelled,2020,All owners,Over 2000 cc,Other fuel types,Co. Kildare,All years,Kilometres,10249
Average Kilometres Travelled,2020,All owners,Over 2000 cc,Other fuel types,Co. Kilkenny,All years,Kilometres,10485
Average Kilometres Travelled,2020,All owners,Over 2000 cc,Other fuel types,Co. Laois,All years,Kilometres,10478
Average Kilometres Travelled,2020,All owners,Over 2000 cc,Other fuel types,Co. Leitrim,All years,Kilometres,11054
Average Kilometres Travelled,2020,All owners,Over 2000 cc,Other fuel types,Co. Limerick,All years,Kilometres,10407
Average Kilometres Travelled,2020,All owners,Over 2000 cc,Other fuel types,Co. Longford,All years,Kilometres,10293
Average Kilometres Travelled,2020,All owners,Over 2000 cc,Other fuel types,Co. Louth,All years,Kilometres,10250
Average Kilometres Travelled,2020,All owners,Over 2000 cc,Other fuel types,Co. Mayo,All years,Kilometres,10347
Average Kilometres Travelled,2020,All owners,Over 2000 cc,Other fuel types,Co. Meath,All years,Kilometres,10165
Average Kilometres Travelled,2020,All owners,Over 2000 cc,Other fuel types,Co. Monaghan,All years,Kilometres,9811
Average Kilometres Travelled,2020,All owners,Over 2000 cc,Other fuel types,Co. Offaly,All years,Kilometres,10267
Average Kilometres Travelled,2020,All owners,Over 2000 cc,Other fuel types,Co. Roscommon,All years,Kilometres,10574
Average Kilometres Travelled,2020,All owners,Over 2000 cc,Other fuel types,Co. Sligo,All years,Kilometres,10208
Average Kilometres Travelled,2020,All owners,Over 2000 cc,Other fuel types,Co. Tipperary,All years,Kilometres,10155
Average Kilometres Travelled,2020,All owners,Over 2000 cc,Other fuel types,Co. Waterford,All years,Kilometres,10458
Average Kilometres Travelled,2020,All owners,Over 2000 cc,Other fuel types,Co. Westmeath,All years,Kilometres,10411
Average Kilometres Travelled,2020,All owners,Over 2000 cc,Other fuel types,Co. Wexford,All years,Kilometres,10425
Average Kilometres Travelled,2020,All owners,Over 2000 cc,Other fuel types,Co. Wicklow,All years,Kilometres,10116
Average Kilometres Travelled,2021,All owners,Up to 1000 cc,Petrol,Co. Carlow,All years,Kilometres,9939
Average Kilometres Travelled,2021,All owners,Up to 1000 cc,Petrol,Co. Cavan,All years,Kilometres,10896
Average Kilometres Travelled,2021,All owners,Up to 1000 cc,Petrol,Co. Clare,All years,Kilometres,10672
Average Kilometres Travelled,2021,All owners,Up to 1000 cc,Petrol,Co. Cork,All years,Kilometres,9873
Average Kilometres Travelled,2021,All owners,Up to 1000 cc,Petrol,Co. Donegal,All years,Kilometres,10440
Average Kilometres Travelled,2021,All owners,Up to 1000 cc,Petrol,Co. Dublin,All years,Kilometres,8171
Average Kilometres Travelled,2021,All owners,Up to 1000 cc,Petrol,Co. Galway,All years,Kilometres,10299
Average Kilometres Travelled,2021,All owners,Up to 1000 cc,Petrol,Co. Kerry,All years,Kilometres,10226
Average Kilometres Travelled,2021,All owners,Up to 1000 cc,Petrol,Co. Kildare,All years,Kilometres,9920
Average Kilometres Travelled,2021,All owners,Up to 1000 cc,Petrol,Co. Kilkenny,All years,Kilometres,10290
Average Kilometres Travelled,2021,All owners,Up to 1000 cc,Petrol,Co. Laois,All years,Kilometres,10704
Average Kilometres Travelled,2021,All owners,Up to 1000 cc,Petrol,Co. Leitrim,All years,Kilometres,11206
Average Kilometres Travelled,2021,All owners,Up to 1000 cc,Petrol,Co. Limerick,All years,Kilometres,9901
Average Kilometres Travelled,2021,All owners,Up to 1000 cc,Petrol,Co. Longford,All years,Kilometres,10481
Average Kilometres Travelled,2021,All owners,Up to 1000 cc,Petrol,Co. Louth,All years,Kilometres,9381
Average Kilometres Travelled,2021,All owners,Up to 1000 cc,Petrol,Co. Mayo,All years,Kilometres,10397
Average Kilometres Travelled,2021,All owners,Up to 1000 cc,Petrol,Co. Meath,All years,Kilometres,10503
Average Kilometres Travelled,2021,All owners,Up to 1000 cc,Petrol,Co. Monaghan,All years,Kilometres,10198
Average Kilometres Travelled,2021,All owners,Up to 1000 cc,Petrol,Co. Offaly,All years,Kilometres,10472
Average Kilometres Travelled,2021,All owners,Up to 1000 cc,Petrol,Co. Roscommon,All years,Kilometres,12718
Average Kilometres Travelled,2021,All owners,Up to 1000 cc,Petrol,Co. Sligo,All years,Kilometres,9951
Average Kilometres Travelled,2021,All owners,Up to 1000 cc,Petrol,Co. Tipperary,All years,Kilometres,10436
Average Kilometres Travelled,2021,All owners,Up to 1000 cc,Petrol,Co. Waterford,All years,Kilometres,10087
Average Kilometres Travelled,2021,All owners,Up to 1000 cc,Petrol,Co. Westmeath,All years,Kilometres,10543
Average Kilometres Travelled,2021,All owners,Up to 1000 cc,Petrol,Co. Wexford,All years,Kilometres,10931
Average Kilometres Travelled,2021,All owners,Up to 1000 cc,Petrol,Co. Wicklow,All years,Kilometres,10093
Average Kilometres Travelled,2021,All owners,Up to 1000 cc,Diesel,Co. Carlow,All years,Kilometres,8258
Average Kilometres Travelled,2021,All owners,Up to 1000 cc,Diesel,Co. Cavan,All years,Kilometres,8738
Average Kilometres Travelled,2021,All owners,Up to 1000 cc,Diesel,Co. Clare,All years,Kilometres,10901
Average Kilometres Travelled,2021,All owners,Up to 1000 cc,Diesel,Co. Cork,All years,Kilometres,14476
Average Kilometres Travelled,2021,All owners,Up to 1000 cc,Diesel,Co. Donegal,All years,Kilometres,16557
Average Kilometres Travelled,2021,All owners,Up to 1000 cc,Diesel,Co. Dublin,All years,Kilometres,14642
Average Kilometres Travelled,2021,All owners,Up to 1000 cc,Diesel,Co. Galway,All years,Kilometres,14899
Average Kilometres Travelled,2021,All owners,Up to 1000 cc,Diesel,Co. Kerry,All years,Kilometres,16189
Average Kilometres Travelled,2021,All owners,Up to 1000 cc,Diesel,Co. Kildare,All years,Kilometres,13257
Average Kilometres Travelled,2021,All owners,Up to 1000 cc,Diesel,Co. Kilkenny,All years,Kilometres,17141
Average Kilometres Travelled,2021,All owners,Up to 1000 cc,Diesel,Co. Laois,All years,Kilometres,6517
Average Kilometres Travelled,2021,All owners,Up to 1000 cc,Diesel,Co. Leitrim,All years,Kilometres,0
Average Kilometres Travelled,2021,All owners,Up to 1000 cc,Diesel,Co. Limerick,All years,Kilometres,13698
Average Kilometres Travelled,2021,All owners,Up to 1000 cc,Diesel,Co. Longford,All years,Kilometres,23052
Average Kilometres Travelled,2021,All owners,Up to 1000 cc,Diesel,Co. Louth,All years,Kilometres,16048
Average Kilometres Travelled,2021,All owners,Up to 1000 cc,Diesel,Co. Mayo,All years,Kilometres,17354
Average Kilometres Travelled,2021,All owners,Up to 1000 cc,Diesel,Co. Meath,All years,Kilometres,16571
Average Kilometres Travelled,2021,All owners,Up to 1000 cc,Diesel,Co. Monaghan,All years,Kilometres,13949
Average Kilometres Travelled,2021,All owners,Up to 1000 cc,Diesel,Co. Offaly,All years,Kilometres,23028
Average Kilometres Travelled,2021,All owners,Up to 1000 cc,Diesel,Co. Roscommon,All years,Kilometres,12220
Average Kilometres Travelled,2021,All owners,Up to 1000 cc,Diesel,Co. Sligo,All years,Kilometres,0
Average Kilometres Travelled,2021,All owners,Up to 1000 cc,Diesel,Co. Tipperary,All years,Kilometres,20362
Average Kilometres Travelled,2021,All owners,Up to 1000 cc,Diesel,Co. Waterford,All years,Kilometres,13658
Average Kilometres Travelled,2021,All owners,Up to 1000 cc,Diesel,Co. Westmeath,All years,Kilometres,15603
Average Kilometres Travelled,2021,All owners,Up to 1000 cc,Diesel,Co. Wexford,All years,Kilometres,12325
Average Kilometres Travelled,2021,All owners,Up to 1000 cc,Diesel,Co. Wicklow,All years,Kilometres,11503
Average Kilometres Travelled,2021,All owners,Up to 1000 cc,Other fuel types,Co. Carlow,All years,Kilometres,11925
Average Kilometres Travelled,2021,All owners,Up to 1000 cc,Other fuel types,Co. Cavan,All years,Kilometres,11902
Average Kilometres Travelled,2021,All owners,Up to 1000 cc,Other fuel types,Co. Clare,All years,Kilometres,11974
Average Kilometres Travelled,2021,All owners,Up to 1000 cc,Other fuel types,Co. Cork,All years,Kilometres,11458
Average Kilometres Travelled,2021,All owners,Up to 1000 cc,Other fuel types,Co. Donegal,All years,Kilometres,11465
Average Kilometres Travelled,2021,All owners,Up to 1000 cc,Other fuel types,Co. Dublin,All years,Kilometres,11234
Average Kilometres Travelled,2021,All owners,Up to 1000 cc,Other fuel types,Co. Galway,All years,Kilometres,11560
Average Kilometres Travelled,2021,All owners,Up to 1000 cc,Other fuel types,Co. Kerry,All years,Kilometres,11830
Average Kilometres Travelled,2021,All owners,Up to 1000 cc,Other fuel types,Co. Kildare,All years,Kilometres,11615
Average Kilometres Travelled,2021,All owners,Up to 1000 cc,Other fuel types,Co. Kilkenny,All years,Kilometres,11900
Average Kilometres Travelled,2021,All owners,Up to 1000 cc,Other fuel types,Co. Laois,All years,Kilometres,12097
Average Kilometres Travelled,2021,All owners,Up to 1000 cc,Other fuel types,Co. Leitrim,All years,Kilometres,12405
Average Kilometres Travelled,2021,All owners,Up to 1000 cc,Other fuel types,Co. Limerick,All years,Kilometres,11634
Average Kilometres Travelled,2021,All owners,Up to 1000 cc,Other fuel types,Co. Longford,All years,Kilometres,11372
Average Kilometres Travelled,2021,All owners,Up to 1000 cc,Other fuel types,Co. Louth,All years,Kilometres,11605
Average Kilometres Travelled,2021,All owners,Up to 1000 cc,Other fuel types,Co. Mayo,All years,Kilometres,11672
Average Kilometres Travelled,2021,All owners,Up to 1000 cc,Other fuel types,Co. Meath,All years,Kilometres,11658
Average Kilometres Travelled,2021,All owners,Up to 1000 cc,Other fuel types,Co. Monaghan,All years,Kilometres,11303
Average Kilometres Travelled,2021,All owners,Up to 1000 cc,Other fuel types,Co. Offaly,All years,Kilometres,10991
Average Kilometres Travelled,2021,All owners,Up to 1000 cc,Other fuel types,Co. Roscommon,All years,Kilometres,12153
Average Kilometres Travelled,2021,All owners,Up to 1000 cc,Other fuel types,Co. Sligo,All years,Kilometres,11385
Average Kilometres Travelled,2021,All owners,Up to 1000 cc,Other fuel types,Co. Tipperary,All years,Kilometres,11677
Average Kilometres Travelled,2021,All owners,Up to 1000 cc,Other fuel types,Co. Waterford,All years,Kilometres,11368
Average Kilometres Travelled,2021,All owners,Up to 1000 cc,Other fuel types,Co. Westmeath,All years,Kilometres,11913
Average Kilometres Travelled,2021,All owners,Up to 1000 cc,Other fuel types,Co. Wexford,All years,Kilometres,11686
Average Kilometres Travelled,2021,All owners,Up to 1000 cc,Other fuel types,Co. Wicklow,All years,Kilometres,11545
Average Kilometres Travelled,2021,All owners,1001 - 1200 cc,Petrol,Co. Carlow,All years,Kilometres,10442
Average Kilometres Travelled,2021,All owners,1001 - 1200 cc,Petrol,Co. Cavan,All years,Kilometres,10827
Average Kilometres Travelled,2021,All owners,1001 - 1200 cc,Petrol,Co. Clare,All years,Kilometres,10889
Average Kilometres Travelled,2021,All owners,1001 - 1200 cc,Petrol,Co. Cork,All years,Kilometres,9922
Average Kilometres Travelled,2021,All owners,1001 - 1200 cc,Petrol,Co. Donegal,All years,Kilometres,10924
Average Kilometres Travelled,2021,All owners,1001 - 1200 cc,Petrol,Co. Dublin,All years,Kilometres,8156
Average Kilometres Travelled,2021,All owners,1001 - 1200 cc,Petrol,Co. Galway,All years,Kilometres,10280
Average Kilometres Travelled,2021,All owners,1001 - 1200 cc,Petrol,Co. Kerry,All years,Kilometres,10493
Average Kilometres Travelled,2021,All owners,1001 - 1200 cc,Petrol,Co. Kildare,All years,Kilometres,10310
Average Kilometres Travelled,2021,All owners,1001 - 1200 cc,Petrol,Co. Kilkenny,All years,Kilometres,10118
Average Kilometres Travelled,2021,All owners,1001 - 1200 cc,Petrol,Co. Laois,All years,Kilometres,10469
Average Kilometres Travelled,2021,All owners,1001 - 1200 cc,Petrol,Co. Leitrim,All years,Kilometres,11132
Average Kilometres Travelled,2021,All owners,1001 - 1200 cc,Petrol,Co. Limerick,All years,Kilometres,10272
Average Kilometres Travelled,2021,All owners,1001 - 1200 cc,Petrol,Co. Longford,All years,Kilometres,10507
Average Kilometres Travelled,2021,All owners,1001 - 1200 cc,Petrol,Co. Louth,All years,Kilometres,9887
Average Kilometres Travelled,2021,All owners,1001 - 1200 cc,Petrol,Co. Mayo,All years,Kilometres,10708
Average Kilometres Travelled,2021,All owners,1001 - 1200 cc,Petrol,Co. Meath,All years,Kilometres,10600
Average Kilometres Travelled,2021,All owners,1001 - 1200 cc,Petrol,Co. Monaghan,All years,Kilometres,10743
Average Kilometres Travelled,2021,All owners,1001 - 1200 cc,Petrol,Co. Offaly,All years,Kilometres,10713
Average Kilometres Travelled,2021,All owners,1001 - 1200 cc,Petrol,Co. Roscommon,All years,Kilometres,11979
Average Kilometres Travelled,2021,All owners,1001 - 1200 cc,Petrol,Co. Sligo,All years,Kilometres,10141
Average Kilometres Travelled,2021,All owners,1001 - 1200 cc,Petrol,Co. Tipperary,All years,Kilometres,10927
Average Kilometres Travelled,2021,All owners,1001 - 1200 cc,Petrol,Co. Waterford,All years,Kilometres,10187
Average Kilometres Travelled,2021,All owners,1001 - 1200 cc,Petrol,Co. Westmeath,All years,Kilometres,10732
Average Kilometres Travelled,2021,All owners,1001 - 1200 cc,Petrol,Co. Wexford,All years,Kilometres,10601
Average Kilometres Travelled,2021,All owners,1001 - 1200 cc,Petrol,Co. Wicklow,All years,Kilometres,10016
Average Kilometres Travelled,2021,All owners,1001 - 1200 cc,Diesel,Co. Carlow,All years,Kilometres,14149
Average Kilometres Travelled,2021,All owners,1001 - 1200 cc,Diesel,Co. Cavan,All years,Kilometres,15634
Average Kilometres Travelled,2021,All owners,1001 - 1200 cc,Diesel,Co. Clare,All years,Kilometres,14935
Average Kilometres Travelled,2021,All owners,1001 - 1200 cc,Diesel,Co. Cork,All years,Kilometres,13786
Average Kilometres Travelled,2021,All owners,1001 - 1200 cc,Diesel,Co. Donegal,All years,Kilometres,15074
Average Kilometres Travelled,2021,All owners,1001 - 1200 cc,Diesel,Co. Dublin,All years,Kilometres,11222
Average Kilometres Travelled,2021,All owners,1001 - 1200 cc,Diesel,Co. Galway,All years,Kilometres,14557
Average Kilometres Travelled,2021,All owners,1001 - 1200 cc,Diesel,Co. Kerry,All years,Kilometres,15011
Average Kilometres Travelled,2021,All owners,1001 - 1200 cc,Diesel,Co. Kildare,All years,Kilometres,14285
Average Kilometres Travelled,2021,All owners,1001 - 1200 cc,Diesel,Co. Kilkenny,All years,Kilometres,16469
Average Kilometres Travelled,2021,All owners,1001 - 1200 cc,Diesel,Co. Laois,All years,Kilometres,15412
Average Kilometres Travelled,2021,All owners,1001 - 1200 cc,Diesel,Co. Leitrim,All years,Kilometres,15286
Average Kilometres Travelled,2021,All owners,1001 - 1200 cc,Diesel,Co. Limerick,All years,Kilometres,14779
Average Kilometres Travelled,2021,All owners,1001 - 1200 cc,Diesel,Co. Longford,All years,Kilometres,16631
Average Kilometres Travelled,2021,All owners,1001 - 1200 cc,Diesel,Co. Louth,All years,Kilometres,14897
Average Kilometres Travelled,2021,All owners,1001 - 1200 cc,Diesel,Co. Mayo,All years,Kilometres,15204
Average Kilometres Travelled,2021,All owners,1001 - 1200 cc,Diesel,Co. Meath,All years,Kilometres,15008
Average Kilometres Travelled,2021,All owners,1001 - 1200 cc,Diesel,Co. Monaghan,All years,Kilometres,15771
Average Kilometres Travelled,2021,All owners,1001 - 1200 cc,Diesel,Co. Offaly,All years,Kilometres,15479
Average Kilometres Travelled,2021,All owners,1001 - 1200 cc,Diesel,Co. Roscommon,All years,Kilometres,15638
Average Kilometres Travelled,2021,All owners,1001 - 1200 cc,Diesel,Co. Sligo,All years,Kilometres,16124
Average Kilometres Travelled,2021,All owners,1001 - 1200 cc,Diesel,Co. Tipperary,All years,Kilometres,15654
Average Kilometres Travelled,2021,All owners,1001 - 1200 cc,Diesel,Co. Waterford,All years,Kilometres,14247
Average Kilometres Travelled,2021,All owners,1001 - 1200 cc,Diesel,Co. Westmeath,All years,Kilometres,15690
Average Kilometres Travelled,2021,All owners,1001 - 1200 cc,Diesel,Co. Wexford,All years,Kilometres,15005
Average Kilometres Travelled,2021,All owners,1001 - 1200 cc,Diesel,Co. Wicklow,All years,Kilometres,15246
Average Kilometres Travelled,2021,All owners,1001 - 1200 cc,Other fuel types,Co. Carlow,All years,Kilometres,9335
Average Kilometres Travelled,2021,All owners,1001 - 1200 cc,Other fuel types,Co. Cavan,All years,Kilometres,8350
Average Kilometres Travelled,2021,All owners,1001 - 1200 cc,Other fuel types,Co. Clare,All years,Kilometres,8931
Average Kilometres Travelled,2021,All owners,1001 - 1200 cc,Other fuel types,Co. Cork,All years,Kilometres,7656
Average Kilometres Travelled,2021,All owners,1001 - 1200 cc,Other fuel types,Co. Donegal,All years,Kilometres,10383
Average Kilometres Travelled,2021,All owners,1001 - 1200 cc,Other fuel types,Co. Dublin,All years,Kilometres,6428
Average Kilometres Travelled,2021,All owners,1001 - 1200 cc,Other fuel types,Co. Galway,All years,Kilometres,9009
Average Kilometres Travelled,2021,All owners,1001 - 1200 cc,Other fuel types,Co. Kerry,All years,Kilometres,9154
Average Kilometres Travelled,2021,All owners,1001 - 1200 cc,Other fuel types,Co. Kildare,All years,Kilometres,8547
Average Kilometres Travelled,2021,All owners,1001 - 1200 cc,Other fuel types,Co. Kilkenny,All years,Kilometres,9070
Average Kilometres Travelled,2021,All owners,1001 - 1200 cc,Other fuel types,Co. Laois,All years,Kilometres,9399
Average Kilometres Travelled,2021,All owners,1001 - 1200 cc,Other fuel types,Co. Leitrim,All years,Kilometres,9931
Average Kilometres Travelled,2021,All owners,1001 - 1200 cc,Other fuel types,Co. Limerick,All years,Kilometres,8396
Average Kilometres Travelled,2021,All owners,1001 - 1200 cc,Other fuel types,Co. Longford,All years,Kilometres,10631
Average Kilometres Travelled,2021,All owners,1001 - 1200 cc,Other fuel types,Co. Louth,All years,Kilometres,8536
Average Kilometres Travelled,2021,All owners,1001 - 1200 cc,Other fuel types,Co. Mayo,All years,Kilometres,9473
Average Kilometres Travelled,2021,All owners,1001 - 1200 cc,Other fuel types,Co. Meath,All years,Kilometres,9221
Average Kilometres Travelled,2021,All owners,1001 - 1200 cc,Other fuel types,Co. Monaghan,All years,Kilometres,9789
Average Kilometres Travelled,2021,All owners,1001 - 1200 cc,Other fuel types,Co. Offaly,All years,Kilometres,10077
Average Kilometres Travelled,2021,All owners,1001 - 1200 cc,Other fuel types,Co. Roscommon,All years,Kilometres,9301
Average Kilometres Travelled,2021,All owners,1001 - 1200 cc,Other fuel types,Co. Sligo,All years,Kilometres,8502
Average Kilometres Travelled,2021,All owners,1001 - 1200 cc,Other fuel types,Co. Tipperary,All years,Kilometres,9056
Average Kilometres Travelled,2021,All owners,1001 - 1200 cc,Other fuel types,Co. Waterford,All years,Kilometres,8876
Average Kilometres Travelled,2021,All owners,1001 - 1200 cc,Other fuel types,Co. Westmeath,All years,Kilometres,9102
Average Kilometres Travelled,2021,All owners,1001 - 1200 cc,Other fuel types,Co. Wexford,All years,Kilometres,9128
Average Kilometres Travelled,2021,All owners,1001 - 1200 cc,Other fuel types,Co. Wicklow,All years,Kilometres,9159
Average Kilometres Travelled,2021,All owners,1201 - 1400 cc,Petrol,Co. Carlow,All years,Kilometres,10453
Average Kilometres Travelled,2021,All owners,1201 - 1400 cc,Petrol,Co. Cavan,All years,Kilometres,10748
Average Kilometres Travelled,2021,All owners,1201 - 1400 cc,Petrol,Co. Clare,All years,Kilometres,10801
Average Kilometres Travelled,2021,All owners,1201 - 1400 cc,Petrol,Co. Cork,All years,Kilometres,9871
Average Kilometres Travelled,2021,All owners,1201 - 1400 cc,Petrol,Co. Donegal,All years,Kilometres,10684
Average Kilometres Travelled,2021,All owners,1201 - 1400 cc,Petrol,Co. Dublin,All years,Kilometres,7987
Average Kilometres Travelled,2021,All owners,1201 - 1400 cc,Petrol,Co. Galway,All years,Kilometres,10475
Average Kilometres Travelled,2021,All owners,1201 - 1400 cc,Petrol,Co. Kerry,All years,Kilometres,10605
Average Kilometres Travelled,2021,All owners,1201 - 1400 cc,Petrol,Co. Kildare,All years,Kilometres,10136
Average Kilometres Travelled,2021,All owners,1201 - 1400 cc,Petrol,Co. Kilkenny,All years,Kilometres,10715
Average Kilometres Travelled,2021,All owners,1201 - 1400 cc,Petrol,Co. Laois,All years,Kilometres,10797
Average Kilometres Travelled,2021,All owners,1201 - 1400 cc,Petrol,Co. Leitrim,All years,Kilometres,11197
Average Kilometres Travelled,2021,All owners,1201 - 1400 cc,Petrol,Co. Limerick,All years,Kilometres,10266
Average Kilometres Travelled,2021,All owners,1201 - 1400 cc,Petrol,Co. Longford,All years,Kilometres,10593
Average Kilometres Travelled,2021,All owners,1201 - 1400 cc,Petrol,Co. Louth,All years,Kilometres,9951
Average Kilometres Travelled,2021,All owners,1201 - 1400 cc,Petrol,Co. Mayo,All years,Kilometres,10719
Average Kilometres Travelled,2021,All owners,1201 - 1400 cc,Petrol,Co. Meath,All years,Kilometres,10635
Average Kilometres Travelled,2021,All owners,1201 - 1400 cc,Petrol,Co. Monaghan,All years,Kilometres,10496
Average Kilometres Travelled,2021,All owners,1201 - 1400 cc,Petrol,Co. Offaly,All years,Kilometres,10812
Average Kilometres Travelled,2021,All owners,1201 - 1400 cc,Petrol,Co. Roscommon,All years,Kilometres,11687
Average Kilometres Travelled,2021,All owners,1201 - 1400 cc,Petrol,Co. Sligo,All years,Kilometres,10210
Average Kilometres Travelled,2021,All owners,1201 - 1400 cc,Petrol,Co. Tipperary,All years,Kilometres,10769
Average Kilometres Travelled,2021,All owners,1201 - 1400 cc,Petrol,Co. Waterford,All years,Kilometres,10094
Average Kilometres Travelled,2021,All owners,1201 - 1400 cc,Petrol,Co. Westmeath,All years,Kilometres,10723
Average Kilometres Travelled,2021,All owners,1201 - 1400 cc,Petrol,Co. Wexford,All years,Kilometres,10682
Average Kilometres Travelled,2021,All owners,1201 - 1400 cc,Petrol,Co. Wicklow,All years,Kilometres,9898
Average Kilometres Travelled,2021,All owners,1201 - 1400 cc,Diesel,Co. Carlow,All years,Kilometres,15105
Average Kilometres Travelled,2021,All owners,1201 - 1400 cc,Diesel,Co. Cavan,All years,Kilometres,15422
Average Kilometres Travelled,2021,All owners,1201 - 1400 cc,Diesel,Co. Clare,All years,Kilometres,15627
Average Kilometres Travelled,2021,All owners,1201 - 1400 cc,Diesel,Co. Cork,All years,Kilometres,14059
Average Kilometres Travelled,2021,All owners,1201 - 1400 cc,Diesel,Co. Donegal,All years,Kilometres,14340
Average Kilometres Travelled,2021,All owners,1201 - 1400 cc,Diesel,Co. Dublin,All years,Kilometres,11424
Average Kilometres Travelled,2021,All owners,1201 - 1400 cc,Diesel,Co. Galway,All years,Kilometres,15052
Average Kilometres Travelled,2021,All owners,1201 - 1400 cc,Diesel,Co. Kerry,All years,Kilometres,14745
Average Kilometres Travelled,2021,All owners,1201 - 1400 cc,Diesel,Co. Kildare,All years,Kilometres,14180
Average Kilometres Travelled,2021,All owners,1201 - 1400 cc,Diesel,Co. Kilkenny,All years,Kilometres,14849
Average Kilometres Travelled,2021,All owners,1201 - 1400 cc,Diesel,Co. Laois,All years,Kilometres,15288
Average Kilometres Travelled,2021,All owners,1201 - 1400 cc,Diesel,Co. Leitrim,All years,Kilometres,15363
Average Kilometres Travelled,2021,All owners,1201 - 1400 cc,Diesel,Co. Limerick,All years,Kilometres,15058
Average Kilometres Travelled,2021,All owners,1201 - 1400 cc,Diesel,Co. Longford,All years,Kilometres,15210
Average Kilometres Travelled,2021,All owners,1201 - 1400 cc,Diesel,Co. Louth,All years,Kilometres,13959
Average Kilometres Travelled,2021,All owners,1201 - 1400 cc,Diesel,Co. Mayo,All years,Kilometres,14937
Average Kilometres Travelled,2021,All owners,1201 - 1400 cc,Diesel,Co. Meath,All years,Kilometres,14560
Average Kilometres Travelled,2021,All owners,1201 - 1400 cc,Diesel,Co. Monaghan,All years,Kilometres,14648
Average Kilometres Travelled,2021,All owners,1201 - 1400 cc,Diesel,Co. Offaly,All years,Kilometres,15483
Average Kilometres Travelled,2021,All owners,1201 - 1400 cc,Diesel,Co. Roscommon,All years,Kilometres,16198
Average Kilometres Travelled,2021,All owners,1201 - 1400 cc,Diesel,Co. Sligo,All years,Kilometres,14798
Average Kilometres Travelled,2021,All owners,1201 - 1400 cc,Diesel,Co. Tipperary,All years,Kilometres,15255
Average Kilometres Travelled,2021,All owners,1201 - 1400 cc,Diesel,Co. Waterford,All years,Kilometres,14560
Average Kilometres Travelled,2021,All owners,1201 - 1400 cc,Diesel,Co. Westmeath,All years,Kilometres,14959
Average Kilometres Travelled,2021,All owners,1201 - 1400 cc,Diesel,Co. Wexford,All years,Kilometres,14835
Average Kilometres Travelled,2021,All owners,1201 - 1400 cc,Diesel,Co. Wicklow,All years,Kilometres,14013
Average Kilometres Travelled,2021,All owners,1201 - 1400 cc,Other fuel types,Co. Carlow,All years,Kilometres,13259
Average Kilometres Travelled,2021,All owners,1201 - 1400 cc,Other fuel types,Co. Cavan,All years,Kilometres,10754
Average Kilometres Travelled,2021,All owners,1201 - 1400 cc,Other fuel types,Co. Clare,All years,Kilometres,11715
Average Kilometres Travelled,2021,All owners,1201 - 1400 cc,Other fuel types,Co. Cork,All years,Kilometres,11228
Average Kilometres Travelled,2021,All owners,1201 - 1400 cc,Other fuel types,Co. Donegal,All years,Kilometres,10537
Average Kilometres Travelled,2021,All owners,1201 - 1400 cc,Other fuel types,Co. Dublin,All years,Kilometres,10438
Average Kilometres Travelled,2021,All owners,1201 - 1400 cc,Other fuel types,Co. Galway,All years,Kilometres,11928
Average Kilometres Travelled,2021,All owners,1201 - 1400 cc,Other fuel types,Co. Kerry,All years,Kilometres,10909
Average Kilometres Travelled,2021,All owners,1201 - 1400 cc,Other fuel types,Co. Kildare,All years,Kilometres,11625
Average Kilometres Travelled,2021,All owners,1201 - 1400 cc,Other fuel types,Co. Kilkenny,All years,Kilometres,11550
Average Kilometres Travelled,2021,All owners,1201 - 1400 cc,Other fuel types,Co. Laois,All years,Kilometres,10447
Average Kilometres Travelled,2021,All owners,1201 - 1400 cc,Other fuel types,Co. Leitrim,All years,Kilometres,11926
Average Kilometres Travelled,2021,All owners,1201 - 1400 cc,Other fuel types,Co. Limerick,All years,Kilometres,11707
Average Kilometres Travelled,2021,All owners,1201 - 1400 cc,Other fuel types,Co. Longford,All years,Kilometres,11038
Average Kilometres Travelled,2021,All owners,1201 - 1400 cc,Other fuel types,Co. Louth,All years,Kilometres,11559
Average Kilometres Travelled,2021,All owners,1201 - 1400 cc,Other fuel types,Co. Mayo,All years,Kilometres,11127
Average Kilometres Travelled,2021,All owners,1201 - 1400 cc,Other fuel types,Co. Meath,All years,Kilometres,12342
Average Kilometres Travelled,2021,All owners,1201 - 1400 cc,Other fuel types,Co. Monaghan,All years,Kilometres,12293
Average Kilometres Travelled,2021,All owners,1201 - 1400 cc,Other fuel types,Co. Offaly,All years,Kilometres,12674
Average Kilometres Travelled,2021,All owners,1201 - 1400 cc,Other fuel types,Co. Roscommon,All years,Kilometres,12222
Average Kilometres Travelled,2021,All owners,1201 - 1400 cc,Other fuel types,Co. Sligo,All years,Kilometres,11486
Average Kilometres Travelled,2021,All owners,1201 - 1400 cc,Other fuel types,Co. Tipperary,All years,Kilometres,11567
Average Kilometres Travelled,2021,All owners,1201 - 1400 cc,Other fuel types,Co. Waterford,All years,Kilometres,12076
Average Kilometres Travelled,2021,All owners,1201 - 1400 cc,Other fuel types,Co. Westmeath,All years,Kilometres,10922
Average Kilometres Travelled,2021,All owners,1201 - 1400 cc,Other fuel types,Co. Wexford,All years,Kilometres,12327
Average Kilometres Travelled,2021,All owners,1201 - 1400 cc,Other fuel types,Co. Wicklow,All years,Kilometres,11166
Average Kilometres Travelled,2021,All owners,1401 - 1600 cc,Petrol,Co. Carlow,All years,Kilometres,10924
Average Kilometres Travelled,2021,All owners,1401 - 1600 cc,Petrol,Co. Cavan,All years,Kilometres,11204
Average Kilometres Travelled,2021,All owners,1401 - 1600 cc,Petrol,Co. Clare,All years,Kilometres,11179
Average Kilometres Travelled,2021,All owners,1401 - 1600 cc,Petrol,Co. Cork,All years,Kilometres,10416
Average Kilometres Travelled,2021,All owners,1401 - 1600 cc,Petrol,Co. Donegal,All years,Kilometres,11111
Average Kilometres Travelled,2021,All owners,1401 - 1600 cc,Petrol,Co. Dublin,All years,Kilometres,8734
Average Kilometres Travelled,2021,All owners,1401 - 1600 cc,Petrol,Co. Galway,All years,Kilometres,10891
Average Kilometres Travelled,2021,All owners,1401 - 1600 cc,Petrol,Co. Kerry,All years,Kilometres,10992
Average Kilometres Travelled,2021,All owners,1401 - 1600 cc,Petrol,Co. Kildare,All years,Kilometres,10778
Average Kilometres Travelled,2021,All owners,1401 - 1600 cc,Petrol,Co. Kilkenny,All years,Kilometres,11293
Average Kilometres Travelled,2021,All owners,1401 - 1600 cc,Petrol,Co. Laois,All years,Kilometres,11789
Average Kilometres Travelled,2021,All owners,1401 - 1600 cc,Petrol,Co. Leitrim,All years,Kilometres,12239
Average Kilometres Travelled,2021,All owners,1401 - 1600 cc,Petrol,Co. Limerick,All years,Kilometres,10501
Average Kilometres Travelled,2021,All owners,1401 - 1600 cc,Petrol,Co. Longford,All years,Kilometres,11526
Average Kilometres Travelled,2021,All owners,1401 - 1600 cc,Petrol,Co. Louth,All years,Kilometres,10427
Average Kilometres Travelled,2021,All owners,1401 - 1600 cc,Petrol,Co. Mayo,All years,Kilometres,11706
Average Kilometres Travelled,2021,All owners,1401 - 1600 cc,Petrol,Co. Meath,All years,Kilometres,10976
Average Kilometres Travelled,2021,All owners,1401 - 1600 cc,Petrol,Co. Monaghan,All years,Kilometres,11071
Average Kilometres Travelled,2021,All owners,1401 - 1600 cc,Petrol,Co. Offaly,All years,Kilometres,11392
Average Kilometres Travelled,2021,All owners,1401 - 1600 cc,Petrol,Co. Roscommon,All years,Kilometres,11619
Average Kilometres Travelled,2021,All owners,1401 - 1600 cc,Petrol,Co. Sligo,All years,Kilometres,10864
Average Kilometres Travelled,2021,All owners,1401 - 1600 cc,Petrol,Co. Tipperary,All years,Kilometres,11302
Average Kilometres Travelled,2021,All owners,1401 - 1600 cc,Petrol,Co. Waterford,All years,Kilometres,10530
Average Kilometres Travelled,2021,All owners,1401 - 1600 cc,Petrol,Co. Westmeath,All years,Kilometres,10777
Average Kilometres Travelled,2021,All owners,1401 - 1600 cc,Petrol,Co. Wexford,All years,Kilometres,11106
Average Kilometres Travelled,2021,All owners,1401 - 1600 cc,Petrol,Co. Wicklow,All years,Kilometres,10532
Average Kilometres Travelled,2021,All owners,1401 - 1600 cc,Diesel,Co. Carlow,All years,Kilometres,16749
Average Kilometres Travelled,2021,All owners,1401 - 1600 cc,Diesel,Co. Cavan,All years,Kilometres,17110
Average Kilometres Travelled,2021,All owners,1401 - 1600 cc,Diesel,Co. Clare,All years,Kilometres,16787
Average Kilometres Travelled,2021,All owners,1401 - 1600 cc,Diesel,Co. Cork,All years,Kilometres,15299
Average Kilometres Travelled,2021,All owners,1401 - 1600 cc,Diesel,Co. Donegal,All years,Kilometres,16158
Average Kilometres Travelled,2021,All owners,1401 - 1600 cc,Diesel,Co. Dublin,All years,Kilometres,13525
Average Kilometres Travelled,2021,All owners,1401 - 1600 cc,Diesel,Co. Galway,All years,Kilometres,16720
Average Kilometres Travelled,2021,All owners,1401 - 1600 cc,Diesel,Co. Kerry,All years,Kilometres,16394
Average Kilometres Travelled,2021,All owners,1401 - 1600 cc,Diesel,Co. Kildare,All years,Kilometres,15473
Average Kilometres Travelled,2021,All owners,1401 - 1600 cc,Diesel,Co. Kilkenny,All years,Kilometres,16806
Average Kilometres Travelled,2021,All owners,1401 - 1600 cc,Diesel,Co. Laois,All years,Kilometres,17201
Average Kilometres Travelled,2021,All owners,1401 - 1600 cc,Diesel,Co. Leitrim,All years,Kilometres,17254
Average Kilometres Travelled,2021,All owners,1401 - 1600 cc,Diesel,Co. Limerick,All years,Kilometres,16349
Average Kilometres Travelled,2021,All owners,1401 - 1600 cc,Diesel,Co. Longford,All years,Kilometres,17527
Average Kilometres Travelled,2021,All owners,1401 - 1600 cc,Diesel,Co. Louth,All years,Kilometres,15674
Average Kilometres Travelled,2021,All owners,1401 - 1600 cc,Diesel,Co. Mayo,All years,Kilometres,16846
Average Kilometres Travelled,2021,All owners,1401 - 1600 cc,Diesel,Co. Meath,All years,Kilometres,16141
Average Kilometres Travelled,2021,All owners,1401 - 1600 cc,Diesel,Co. Monaghan,All years,Kilometres,16836
Average Kilometres Travelled,2021,All owners,1401 - 1600 cc,Diesel,Co. Offaly,All years,Kilometres,17188
Average Kilometres Travelled,2021,All owners,1401 - 1600 cc,Diesel,Co. Roscommon,All years,Kilometres,17839
Average Kilometres Travelled,2021,All owners,1401 - 1600 cc,Diesel,Co. Sligo,All years,Kilometres,16388
Average Kilometres Travelled,2021,All owners,1401 - 1600 cc,Diesel,Co. Tipperary,All years,Kilometres,17313
Average Kilometres Travelled,2021,All owners,1401 - 1600 cc,Diesel,Co. Waterford,All years,Kilometres,15769
Average Kilometres Travelled,2021,All owners,1401 - 1600 cc,Diesel,Co. Westmeath,All years,Kilometres,16999
Average Kilometres Travelled,2021,All owners,1401 - 1600 cc,Diesel,Co. Wexford,All years,Kilometres,16752
Average Kilometres Travelled,2021,All owners,1401 - 1600 cc,Diesel,Co. Wicklow,All years,Kilometres,15522
Average Kilometres Travelled,2021,All owners,1401 - 1600 cc,Other fuel types,Co. Carlow,All years,Kilometres,11636
Average Kilometres Travelled,2021,All owners,1401 - 1600 cc,Other fuel types,Co. Cavan,All years,Kilometres,11150
Average Kilometres Travelled,2021,All owners,1401 - 1600 cc,Other fuel types,Co. Clare,All years,Kilometres,11340
Average Kilometres Travelled,2021,All owners,1401 - 1600 cc,Other fuel types,Co. Cork,All years,Kilometres,11226
Average Kilometres Travelled,2021,All owners,1401 - 1600 cc,Other fuel types,Co. Donegal,All years,Kilometres,11320
Average Kilometres Travelled,2021,All owners,1401 - 1600 cc,Other fuel types,Co. Dublin,All years,Kilometres,10864
Average Kilometres Travelled,2021,All owners,1401 - 1600 cc,Other fuel types,Co. Galway,All years,Kilometres,11231
Average Kilometres Travelled,2021,All owners,1401 - 1600 cc,Other fuel types,Co. Kerry,All years,Kilometres,11189
Average Kilometres Travelled,2021,All owners,1401 - 1600 cc,Other fuel types,Co. Kildare,All years,Kilometres,11390
Average Kilometres Travelled,2021,All owners,1401 - 1600 cc,Other fuel types,Co. Kilkenny,All years,Kilometres,11299
Average Kilometres Travelled,2021,All owners,1401 - 1600 cc,Other fuel types,Co. Laois,All years,Kilometres,11952
Average Kilometres Travelled,2021,All owners,1401 - 1600 cc,Other fuel types,Co. Leitrim,All years,Kilometres,11317
Average Kilometres Travelled,2021,All owners,1401 - 1600 cc,Other fuel types,Co. Limerick,All years,Kilometres,11463
Average Kilometres Travelled,2021,All owners,1401 - 1600 cc,Other fuel types,Co. Longford,All years,Kilometres,11058
Average Kilometres Travelled,2021,All owners,1401 - 1600 cc,Other fuel types,Co. Louth,All years,Kilometres,11496
Average Kilometres Travelled,2021,All owners,1401 - 1600 cc,Other fuel types,Co. Mayo,All years,Kilometres,11319
Average Kilometres Travelled,2021,All owners,1401 - 1600 cc,Other fuel types,Co. Meath,All years,Kilometres,11293
Average Kilometres Travelled,2021,All owners,1401 - 1600 cc,Other fuel types,Co. Monaghan,All years,Kilometres,11543
Average Kilometres Travelled,2021,All owners,1401 - 1600 cc,Other fuel types,Co. Offaly,All years,Kilometres,11467
Average Kilometres Travelled,2021,All owners,1401 - 1600 cc,Other fuel types,Co. Roscommon,All years,Kilometres,11507
Average Kilometres Travelled,2021,All owners,1401 - 1600 cc,Other fuel types,Co. Sligo,All years,Kilometres,11349
Average Kilometres Travelled,2021,All owners,1401 - 1600 cc,Other fuel types,Co. Tipperary,All years,Kilometres,11270
Average Kilometres Travelled,2021,All owners,1401 - 1600 cc,Other fuel types,Co. Waterford,All years,Kilometres,11704
Average Kilometres Travelled,2021,All owners,1401 - 1600 cc,Other fuel types,Co. Westmeath,All years,Kilometres,11205
Average Kilometres Travelled,2021,All owners,1401 - 1600 cc,Other fuel types,Co. Wexford,All years,Kilometres,11529
Average Kilometres Travelled,2021,All owners,1401 - 1600 cc,Other fuel types,Co. Wicklow,All years,Kilometres,11249
Average Kilometres Travelled,2021,All owners,1601 - 1800 cc,Petrol,Co. Carlow,All years,Kilometres,11003
Average Kilometres Travelled,2021,All owners,1601 - 1800 cc,Petrol,Co. Cavan,All years,Kilometres,11106
Average Kilometres Travelled,2021,All owners,1601 - 1800 cc,Petrol,Co. Clare,All years,Kilometres,11080
Average Kilometres Travelled,2021,All owners,1601 - 1800 cc,Petrol,Co. Cork,All years,Kilometres,10294
Average Kilometres Travelled,2021,All owners,1601 - 1800 cc,Petrol,Co. Donegal,All years,Kilometres,10361
Average Kilometres Travelled,2021,All owners,1601 - 1800 cc,Petrol,Co. Dublin,All years,Kilometres,8649
Average Kilometres Travelled,2021,All owners,1601 - 1800 cc,Petrol,Co. Galway,All years,Kilometres,10628
Average Kilometres Travelled,2021,All owners,1601 - 1800 cc,Petrol,Co. Kerry,All years,Kilometres,10469
Average Kilometres Travelled,2021,All owners,1601 - 1800 cc,Petrol,Co. Kildare,All years,Kilometres,10776
Average Kilometres Travelled,2021,All owners,1601 - 1800 cc,Petrol,Co. Kilkenny,All years,Kilometres,10816
Average Kilometres Travelled,2021,All owners,1601 - 1800 cc,Petrol,Co. Laois,All years,Kilometres,9516
Average Kilometres Travelled,2021,All owners,1601 - 1800 cc,Petrol,Co. Leitrim,All years,Kilometres,10425
Average Kilometres Travelled,2021,All owners,1601 - 1800 cc,Petrol,Co. Limerick,All years,Kilometres,10750
Average Kilometres Travelled,2021,All owners,1601 - 1800 cc,Petrol,Co. Longford,All years,Kilometres,10440
Average Kilometres Travelled,2021,All owners,1601 - 1800 cc,Petrol,Co. Louth,All years,Kilometres,10548
Average Kilometres Travelled,2021,All owners,1601 - 1800 cc,Petrol,Co. Mayo,All years,Kilometres,9851
Average Kilometres Travelled,2021,All owners,1601 - 1800 cc,Petrol,Co. Meath,All years,Kilometres,10564
Average Kilometres Travelled,2021,All owners,1601 - 1800 cc,Petrol,Co. Monaghan,All years,Kilometres,10288
Average Kilometres Travelled,2021,All owners,1601 - 1800 cc,Petrol,Co. Offaly,All years,Kilometres,10462
Average Kilometres Travelled,2021,All owners,1601 - 1800 cc,Petrol,Co. Roscommon,All years,Kilometres,10946
Average Kilometres Travelled,2021,All owners,1601 - 1800 cc,Petrol,Co. Sligo,All years,Kilometres,10144
Average Kilometres Travelled,2021,All owners,1601 - 1800 cc,Petrol,Co. Tipperary,All years,Kilometres,10879
Average Kilometres Travelled,2021,All owners,1601 - 1800 cc,Petrol,Co. Waterford,All years,Kilometres,10487
Average Kilometres Travelled,2021,All owners,1601 - 1800 cc,Petrol,Co. Westmeath,All years,Kilometres,10657
Average Kilometres Travelled,2021,All owners,1601 - 1800 cc,Petrol,Co. Wexford,All years,Kilometres,10829
Average Kilometres Travelled,2021,All owners,1601 - 1800 cc,Petrol,Co. Wicklow,All years,Kilometres,9710
Average Kilometres Travelled,2021,All owners,1601 - 1800 cc,Diesel,Co. Carlow,All years,Kilometres,16801
Average Kilometres Travelled,2021,All owners,1601 - 1800 cc,Diesel,Co. Cavan,All years,Kilometres,17237
Average Kilometres Travelled,2021,All owners,1601 - 1800 cc,Diesel,Co. Clare,All years,Kilometres,17000
Average Kilometres Travelled,2021,All owners,1601 - 1800 cc,Diesel,Co. Cork,All years,Kilometres,15432
Average Kilometres Travelled,2021,All owners,1601 - 1800 cc,Diesel,Co. Donegal,All years,Kilometres,16163
Average Kilometres Travelled,2021,All owners,1601 - 1800 cc,Diesel,Co. Dublin,All years,Kilometres,12870
Average Kilometres Travelled,2021,All owners,1601 - 1800 cc,Diesel,Co. Galway,All years,Kilometres,16534
Average Kilometres Travelled,2021,All owners,1601 - 1800 cc,Diesel,Co. Kerry,All years,Kilometres,16452
Average Kilometres Travelled,2021,All owners,1601 - 1800 cc,Diesel,Co. Kildare,All years,Kilometres,15538
Average Kilometres Travelled,2021,All owners,1601 - 1800 cc,Diesel,Co. Kilkenny,All years,Kilometres,16876
Average Kilometres Travelled,2021,All owners,1601 - 1800 cc,Diesel,Co. Laois,All years,Kilometres,16985
Average Kilometres Travelled,2021,All owners,1601 - 1800 cc,Diesel,Co. Leitrim,All years,Kilometres,17119
Average Kilometres Travelled,2021,All owners,1601 - 1800 cc,Diesel,Co. Limerick,All years,Kilometres,16434
Average Kilometres Travelled,2021,All owners,1601 - 1800 cc,Diesel,Co. Longford,All years,Kilometres,17671
Average Kilometres Travelled,2021,All owners,1601 - 1800 cc,Diesel,Co. Louth,All years,Kilometres,15832
Average Kilometres Travelled,2021,All owners,1601 - 1800 cc,Diesel,Co. Mayo,All years,Kilometres,16381
Average Kilometres Travelled,2021,All owners,1601 - 1800 cc,Diesel,Co. Meath,All years,Kilometres,16194
Average Kilometres Travelled,2021,All owners,1601 - 1800 cc,Diesel,Co. Monaghan,All years,Kilometres,16142
Average Kilometres Travelled,2021,All owners,1601 - 1800 cc,Diesel,Co. Offaly,All years,Kilometres,17497
Average Kilometres Travelled,2021,All owners,1601 - 1800 cc,Diesel,Co. Roscommon,All years,Kilometres,18030
Average Kilometres Travelled,2021,All owners,1601 - 1800 cc,Diesel,Co. Sligo,All years,Kilometres,16615
Average Kilometres Travelled,2021,All owners,1601 - 1800 cc,Diesel,Co. Tipperary,All years,Kilometres,17297
Average Kilometres Travelled,2021,All owners,1601 - 1800 cc,Diesel,Co. Waterford,All years,Kilometres,15884
Average Kilometres Travelled,2021,All owners,1601 - 1800 cc,Diesel,Co. Westmeath,All years,Kilometres,17101
Average Kilometres Travelled,2021,All owners,1601 - 1800 cc,Diesel,Co. Wexford,All years,Kilometres,16765
Average Kilometres Travelled,2021,All owners,1601 - 1800 cc,Diesel,Co. Wicklow,All years,Kilometres,15514
Average Kilometres Travelled,2021,All owners,1601 - 1800 cc,Other fuel types,Co. Carlow,All years,Kilometres,11346
Average Kilometres Travelled,2021,All owners,1601 - 1800 cc,Other fuel types,Co. Cavan,All years,Kilometres,11909
Average Kilometres Travelled,2021,All owners,1601 - 1800 cc,Other fuel types,Co. Clare,All years,Kilometres,11733
Average Kilometres Travelled,2021,All owners,1601 - 1800 cc,Other fuel types,Co. Cork,All years,Kilometres,11212
Average Kilometres Travelled,2021,All owners,1601 - 1800 cc,Other fuel types,Co. Donegal,All years,Kilometres,11582
Average Kilometres Travelled,2021,All owners,1601 - 1800 cc,Other fuel types,Co. Dublin,All years,Kilometres,10730
Average Kilometres Travelled,2021,All owners,1601 - 1800 cc,Other fuel types,Co. Galway,All years,Kilometres,11380
Average Kilometres Travelled,2021,All owners,1601 - 1800 cc,Other fuel types,Co. Kerry,All years,Kilometres,11565
Average Kilometres Travelled,2021,All owners,1601 - 1800 cc,Other fuel types,Co. Kildare,All years,Kilometres,11528
Average Kilometres Travelled,2021,All owners,1601 - 1800 cc,Other fuel types,Co. Kilkenny,All years,Kilometres,11614
Average Kilometres Travelled,2021,All owners,1601 - 1800 cc,Other fuel types,Co. Laois,All years,Kilometres,12010
Average Kilometres Travelled,2021,All owners,1601 - 1800 cc,Other fuel types,Co. Leitrim,All years,Kilometres,11604
Average Kilometres Travelled,2021,All owners,1601 - 1800 cc,Other fuel types,Co. Limerick,All years,Kilometres,11680
Average Kilometres Travelled,2021,All owners,1601 - 1800 cc,Other fuel types,Co. Longford,All years,Kilometres,11384
Average Kilometres Travelled,2021,All owners,1601 - 1800 cc,Other fuel types,Co. Louth,All years,Kilometres,11718
Average Kilometres Travelled,2021,All owners,1601 - 1800 cc,Other fuel types,Co. Mayo,All years,Kilometres,11543
Average Kilometres Travelled,2021,All owners,1601 - 1800 cc,Other fuel types,Co. Meath,All years,Kilometres,11575
Average Kilometres Travelled,2021,All owners,1601 - 1800 cc,Other fuel types,Co. Monaghan,All years,Kilometres,11352
Average Kilometres Travelled,2021,All owners,1601 - 1800 cc,Other fuel types,Co. Offaly,All years,Kilometres,11653
Average Kilometres Travelled,2021,All owners,1601 - 1800 cc,Other fuel types,Co. Roscommon,All years,Kilometres,11480
Average Kilometres Travelled,2021,All owners,1601 - 1800 cc,Other fuel types,Co. Sligo,All years,Kilometres,11463
Average Kilometres Travelled,2021,All owners,1601 - 1800 cc,Other fuel types,Co. Tipperary,All years,Kilometres,11409
Average Kilometres Travelled,2021,All owners,1601 - 1800 cc,Other fuel types,Co. Waterford,All years,Kilometres,11388
Average Kilometres Travelled,2021,All owners,1601 - 1800 cc,Other fuel types,Co. Westmeath,All years,Kilometres,11509
Average Kilometres Travelled,2021,All owners,1601 - 1800 cc,Other fuel types,Co. Wexford,All years,Kilometres,11508
Average Kilometres Travelled,2021,All owners,1601 - 1800 cc,Other fuel types,Co. Wicklow,All years,Kilometres,11368
Average Kilometres Travelled,2021,All owners,1801 - 2000 cc,Petrol,Co. Carlow,All years,Kilometres,9623
Average Kilometres Travelled,2021,All owners,1801 - 2000 cc,Petrol,Co. Cavan,All years,Kilometres,11326
Average Kilometres Travelled,2021,All owners,1801 - 2000 cc,Petrol,Co. Clare,All years,Kilometres,10671
Average Kilometres Travelled,2021,All owners,1801 - 2000 cc,Petrol,Co. Cork,All years,Kilometres,10712
Average Kilometres Travelled,2021,All owners,1801 - 2000 cc,Petrol,Co. Donegal,All years,Kilometres,11636
Average Kilometres Travelled,2021,All owners,1801 - 2000 cc,Petrol,Co. Dublin,All years,Kilometres,8948
Average Kilometres Travelled,2021,All owners,1801 - 2000 cc,Petrol,Co. Galway,All years,Kilometres,10896
Average Kilometres Travelled,2021,All owners,1801 - 2000 cc,Petrol,Co. Kerry,All years,Kilometres,10755
Average Kilometres Travelled,2021,All owners,1801 - 2000 cc,Petrol,Co. Kildare,All years,Kilometres,11024
Average Kilometres Travelled,2021,All owners,1801 - 2000 cc,Petrol,Co. Kilkenny,All years,Kilometres,10385
Average Kilometres Travelled,2021,All owners,1801 - 2000 cc,Petrol,Co. Laois,All years,Kilometres,10645
Average Kilometres Travelled,2021,All owners,1801 - 2000 cc,Petrol,Co. Leitrim,All years,Kilometres,10806
Average Kilometres Travelled,2021,All owners,1801 - 2000 cc,Petrol,Co. Limerick,All years,Kilometres,10453
Average Kilometres Travelled,2021,All owners,1801 - 2000 cc,Petrol,Co. Longford,All years,Kilometres,12279
Average Kilometres Travelled,2021,All owners,1801 - 2000 cc,Petrol,Co. Louth,All years,Kilometres,10462
Average Kilometres Travelled,2021,All owners,1801 - 2000 cc,Petrol,Co. Mayo,All years,Kilometres,11527
Average Kilometres Travelled,2021,All owners,1801 - 2000 cc,Petrol,Co. Meath,All years,Kilometres,11512
Average Kilometres Travelled,2021,All owners,1801 - 2000 cc,Petrol,Co. Monaghan,All years,Kilometres,10897
Average Kilometres Travelled,2021,All owners,1801 - 2000 cc,Petrol,Co. Offaly,All years,Kilometres,11641
Average Kilometres Travelled,2021,All owners,1801 - 2000 cc,Petrol,Co. Roscommon,All years,Kilometres,11849
Average Kilometres Travelled,2021,All owners,1801 - 2000 cc,Petrol,Co. Sligo,All years,Kilometres,10549
Average Kilometres Travelled,2021,All owners,1801 - 2000 cc,Petrol,Co. Tipperary,All years,Kilometres,11310
Average Kilometres Travelled,2021,All owners,1801 - 2000 cc,Petrol,Co. Waterford,All years,Kilometres,10908
Average Kilometres Travelled,2021,All owners,1801 - 2000 cc,Petrol,Co. Westmeath,All years,Kilometres,11523
Average Kilometres Travelled,2021,All owners,1801 - 2000 cc,Petrol,Co. Wexford,All years,Kilometres,10781
Average Kilometres Travelled,2021,All owners,1801 - 2000 cc,Petrol,Co. Wicklow,All years,Kilometres,10721
Average Kilometres Travelled,2021,All owners,1801 - 2000 cc,Diesel,Co. Carlow,All years,Kilometres,17563
Average Kilometres Travelled,2021,All owners,1801 - 2000 cc,Diesel,Co. Cavan,All years,Kilometres,17829
Average Kilometres Travelled,2021,All owners,1801 - 2000 cc,Diesel,Co. Clare,All years,Kilometres,17770
Average Kilometres Travelled,2021,All owners,1801 - 2000 cc,Diesel,Co. Cork,All years,Kilometres,16091
Average Kilometres Travelled,2021,All owners,1801 - 2000 cc,Diesel,Co. Donegal,All years,Kilometres,16788
Average Kilometres Travelled,2021,All owners,1801 - 2000 cc,Diesel,Co. Dublin,All years,Kilometres,14533
Average Kilometres Travelled,2021,All owners,1801 - 2000 cc,Diesel,Co. Galway,All years,Kilometres,17484
Average Kilometres Travelled,2021,All owners,1801 - 2000 cc,Diesel,Co. Kerry,All years,Kilometres,17036
Average Kilometres Travelled,2021,All owners,1801 - 2000 cc,Diesel,Co. Kildare,All years,Kilometres,16552
Average Kilometres Travelled,2021,All owners,1801 - 2000 cc,Diesel,Co. Kilkenny,All years,Kilometres,17618
Average Kilometres Travelled,2021,All owners,1801 - 2000 cc,Diesel,Co. Laois,All years,Kilometres,18005
Average Kilometres Travelled,2021,All owners,1801 - 2000 cc,Diesel,Co. Leitrim,All years,Kilometres,18254
Average Kilometres Travelled,2021,All owners,1801 - 2000 cc,Diesel,Co. Limerick,All years,Kilometres,17168
Average Kilometres Travelled,2021,All owners,1801 - 2000 cc,Diesel,Co. Longford,All years,Kilometres,18256
Average Kilometres Travelled,2021,All owners,1801 - 2000 cc,Diesel,Co. Louth,All years,Kilometres,16768
Average Kilometres Travelled,2021,All owners,1801 - 2000 cc,Diesel,Co. Mayo,All years,Kilometres,17679
Average Kilometres Travelled,2021,All owners,1801 - 2000 cc,Diesel,Co. Meath,All years,Kilometres,16962
Average Kilometres Travelled,2021,All owners,1801 - 2000 cc,Diesel,Co. Monaghan,All years,Kilometres,17591
Average Kilometres Travelled,2021,All owners,1801 - 2000 cc,Diesel,Co. Offaly,All years,Kilometres,18012
Average Kilometres Travelled,2021,All owners,1801 - 2000 cc,Diesel,Co. Roscommon,All years,Kilometres,18643
Average Kilometres Travelled,2021,All owners,1801 - 2000 cc,Diesel,Co. Sligo,All years,Kilometres,17245
Average Kilometres Travelled,2021,All owners,1801 - 2000 cc,Diesel,Co. Tipperary,All years,Kilometres,18188
Average Kilometres Travelled,2021,All owners,1801 - 2000 cc,Diesel,Co. Waterford,All years,Kilometres,16463
Average Kilometres Travelled,2021,All owners,1801 - 2000 cc,Diesel,Co. Westmeath,All years,Kilometres,17838
Average Kilometres Travelled,2021,All owners,1801 - 2000 cc,Diesel,Co. Wexford,All years,Kilometres,17255
Average Kilometres Travelled,2021,All owners,1801 - 2000 cc,Diesel,Co. Wicklow,All years,Kilometres,16063
Average Kilometres Travelled,2021,All owners,1801 - 2000 cc,Other fuel types,Co. Carlow,All years,Kilometres,11821
Average Kilometres Travelled,2021,All owners,1801 - 2000 cc,Other fuel types,Co. Cavan,All years,Kilometres,11979
Average Kilometres Travelled,2021,All owners,1801 - 2000 cc,Other fuel types,Co. Clare,All years,Kilometres,11846
Average Kilometres Travelled,2021,All owners,1801 - 2000 cc,Other fuel types,Co. Cork,All years,Kilometres,11479
Average Kilometres Travelled,2021,All owners,1801 - 2000 cc,Other fuel types,Co. Donegal,All years,Kilometres,12146
Average Kilometres Travelled,2021,All owners,1801 - 2000 cc,Other fuel types,Co. Dublin,All years,Kilometres,11249
Average Kilometres Travelled,2021,All owners,1801 - 2000 cc,Other fuel types,Co. Galway,All years,Kilometres,11735
Average Kilometres Travelled,2021,All owners,1801 - 2000 cc,Other fuel types,Co. Kerry,All years,Kilometres,11231
Average Kilometres Travelled,2021,All owners,1801 - 2000 cc,Other fuel types,Co. Kildare,All years,Kilometres,11502
Average Kilometres Travelled,2021,All owners,1801 - 2000 cc,Other fuel types,Co. Kilkenny,All years,Kilometres,11526
Average Kilometres Travelled,2021,All owners,1801 - 2000 cc,Other fuel types,Co. Laois,All years,Kilometres,11690
Average Kilometres Travelled,2021,All owners,1801 - 2000 cc,Other fuel types,Co. Leitrim,All years,Kilometres,12222
Average Kilometres Travelled,2021,All owners,1801 - 2000 cc,Other fuel types,Co. Limerick,All years,Kilometres,11746
Average Kilometres Travelled,2021,All owners,1801 - 2000 cc,Other fuel types,Co. Longford,All years,Kilometres,11740
Average Kilometres Travelled,2021,All owners,1801 - 2000 cc,Other fuel types,Co. Louth,All years,Kilometres,11504
Average Kilometres Travelled,2021,All owners,1801 - 2000 cc,Other fuel types,Co. Mayo,All years,Kilometres,11695
Average Kilometres Travelled,2021,All owners,1801 - 2000 cc,Other fuel types,Co. Meath,All years,Kilometres,11766
Average Kilometres Travelled,2021,All owners,1801 - 2000 cc,Other fuel types,Co. Monaghan,All years,Kilometres,11740
Average Kilometres Travelled,2021,All owners,1801 - 2000 cc,Other fuel types,Co. Offaly,All years,Kilometres,11924
Average Kilometres Travelled,2021,All owners,1801 - 2000 cc,Other fuel types,Co. Roscommon,All years,Kilometres,11594
Average Kilometres Travelled,2021,All owners,1801 - 2000 cc,Other fuel types,Co. Sligo,All years,Kilometres,11200
Average Kilometres Travelled,2021,All owners,1801 - 2000 cc,Other fuel types,Co. Tipperary,All years,Kilometres,12099
Average Kilometres Travelled,2021,All owners,1801 - 2000 cc,Other fuel types,Co. Waterford,All years,Kilometres,11873
Average Kilometres Travelled,2021,All owners,1801 - 2000 cc,Other fuel types,Co. Westmeath,All years,Kilometres,12074
Average Kilometres Travelled,2021,All owners,1801 - 2000 cc,Other fuel types,Co. Wexford,All years,Kilometres,11959
Average Kilometres Travelled,2021,All owners,1801 - 2000 cc,Other fuel types,Co. Wicklow,All years,Kilometres,11424
Average Kilometres Travelled,2021,All owners,Over 2000 cc,Petrol,Co. Carlow,All years,Kilometres,9375
Average Kilometres Travelled,2021,All owners,Over 2000 cc,Petrol,Co. Cavan,All years,Kilometres,11475
Average Kilometres Travelled,2021,All owners,Over 2000 cc,Petrol,Co. Clare,All years,Kilometres,9382
Average Kilometres Travelled,2021,All owners,Over 2000 cc,Petrol,Co. Cork,All years,Kilometres,9970
Average Kilometres Travelled,2021,All owners,Over 2000 cc,Petrol,Co. Donegal,All years,Kilometres,10412
Average Kilometres Travelled,2021,All owners,Over 2000 cc,Petrol,Co. Dublin,All years,Kilometres,8064
Average Kilometres Travelled,2021,All owners,Over 2000 cc,Petrol,Co. Galway,All years,Kilometres,8951
Average Kilometres Travelled,2021,All owners,Over 2000 cc,Petrol,Co. Kerry,All years,Kilometres,10210
Average Kilometres Travelled,2021,All owners,Over 2000 cc,Petrol,Co. Kildare,All years,Kilometres,9770
Average Kilometres Travelled,2021,All owners,Over 2000 cc,Petrol,Co. Kilkenny,All years,Kilometres,11528
Average Kilometres Travelled,2021,All owners,Over 2000 cc,Petrol,Co. Laois,All years,Kilometres,11268
Average Kilometres Travelled,2021,All owners,Over 2000 cc,Petrol,Co. Leitrim,All years,Kilometres,8186
Average Kilometres Travelled,2021,All owners,Over 2000 cc,Petrol,Co. Limerick,All years,Kilometres,8942
Average Kilometres Travelled,2021,All owners,Over 2000 cc,Petrol,Co. Longford,All years,Kilometres,10540
Average Kilometres Travelled,2021,All owners,Over 2000 cc,Petrol,Co. Louth,All years,Kilometres,10339
Average Kilometres Travelled,2021,All owners,Over 2000 cc,Petrol,Co. Mayo,All years,Kilometres,9141
Average Kilometres Travelled,2021,All owners,Over 2000 cc,Petrol,Co. Meath,All years,Kilometres,10532
Average Kilometres Travelled,2021,All owners,Over 2000 cc,Petrol,Co. Monaghan,All years,Kilometres,9946
Average Kilometres Travelled,2021,All owners,Over 2000 cc,Petrol,Co. Offaly,All years,Kilometres,11326
Average Kilometres Travelled,2021,All owners,Over 2000 cc,Petrol,Co. Roscommon,All years,Kilometres,8694
Average Kilometres Travelled,2021,All owners,Over 2000 cc,Petrol,Co. Sligo,All years,Kilometres,10753
Average Kilometres Travelled,2021,All owners,Over 2000 cc,Petrol,Co. Tipperary,All years,Kilometres,10440
Average Kilometres Travelled,2021,All owners,Over 2000 cc,Petrol,Co. Waterford,All years,Kilometres,9725
Average Kilometres Travelled,2021,All owners,Over 2000 cc,Petrol,Co. Westmeath,All years,Kilometres,9622
Average Kilometres Travelled,2021,All owners,Over 2000 cc,Petrol,Co. Wexford,All years,Kilometres,9637
Average Kilometres Travelled,2021,All owners,Over 2000 cc,Petrol,Co. Wicklow,All years,Kilometres,9140
Average Kilometres Travelled,2021,All owners,Over 2000 cc,Diesel,Co. Carlow,All years,Kilometres,16791
Average Kilometres Travelled,2021,All owners,Over 2000 cc,Diesel,Co. Cavan,All years,Kilometres,17342
Average Kilometres Travelled,2021,All owners,Over 2000 cc,Diesel,Co. Clare,All years,Kilometres,16849
Average Kilometres Travelled,2021,All owners,Over 2000 cc,Diesel,Co. Cork,All years,Kilometres,15446
Average Kilometres Travelled,2021,All owners,Over 2000 cc,Diesel,Co. Donegal,All years,Kilometres,15989
Average Kilometres Travelled,2021,All owners,Over 2000 cc,Diesel,Co. Dublin,All years,Kilometres,13419
Average Kilometres Travelled,2021,All owners,Over 2000 cc,Diesel,Co. Galway,All years,Kilometres,16658
Average Kilometres Travelled,2021,All owners,Over 2000 cc,Diesel,Co. Kerry,All years,Kilometres,15850
Average Kilometres Travelled,2021,All owners,Over 2000 cc,Diesel,Co. Kildare,All years,Kilometres,16219
Average Kilometres Travelled,2021,All owners,Over 2000 cc,Diesel,Co. Kilkenny,All years,Kilometres,16927
Average Kilometres Travelled,2021,All owners,Over 2000 cc,Diesel,Co. Laois,All years,Kilometres,17459
Average Kilometres Travelled,2021,All owners,Over 2000 cc,Diesel,Co. Leitrim,All years,Kilometres,17657
Average Kilometres Travelled,2021,All owners,Over 2000 cc,Diesel,Co. Limerick,All years,Kilometres,16618
Average Kilometres Travelled,2021,All owners,Over 2000 cc,Diesel,Co. Longford,All years,Kilometres,18240
Average Kilometres Travelled,2021,All owners,Over 2000 cc,Diesel,Co. Louth,All years,Kilometres,15950
Average Kilometres Travelled,2021,All owners,Over 2000 cc,Diesel,Co. Mayo,All years,Kilometres,16878
Average Kilometres Travelled,2021,All owners,Over 2000 cc,Diesel,Co. Meath,All years,Kilometres,16229
Average Kilometres Travelled,2021,All owners,Over 2000 cc,Diesel,Co. Monaghan,All years,Kilometres,16965
Average Kilometres Travelled,2021,All owners,Over 2000 cc,Diesel,Co. Offaly,All years,Kilometres,17527
Average Kilometres Travelled,2021,All owners,Over 2000 cc,Diesel,Co. Roscommon,All years,Kilometres,18371
Average Kilometres Travelled,2021,All owners,Over 2000 cc,Diesel,Co. Sligo,All years,Kilometres,16584
Average Kilometres Travelled,2021,All owners,Over 2000 cc,Diesel,Co. Tipperary,All years,Kilometres,17456
Average Kilometres Travelled,2021,All owners,Over 2000 cc,Diesel,Co. Waterford,All years,Kilometres,15917
Average Kilometres Travelled,2021,All owners,Over 2000 cc,Diesel,Co. Westmeath,All years,Kilometres,17471
Average Kilometres Travelled,2021,All owners,Over 2000 cc,Diesel,Co. Wexford,All years,Kilometres,16705
Average Kilometres Travelled,2021,All owners,Over 2000 cc,Diesel,Co. Wicklow,All years,Kilometres,15426
Average Kilometres Travelled,2021,All owners,Over 2000 cc,Other fuel types,Co. Carlow,All years,Kilometres,12131
Average Kilometres Travelled,2021,All owners,Over 2000 cc,Other fuel types,Co. Cavan,All years,Kilometres,11999
Average Kilometres Travelled,2021,All owners,Over 2000 cc,Other fuel types,Co. Clare,All years,Kilometres,12010
Average Kilometres Travelled,2021,All owners,Over 2000 cc,Other fuel types,Co. Cork,All years,Kilometres,11923
Average Kilometres Travelled,2021,All owners,Over 2000 cc,Other fuel types,Co. Donegal,All years,Kilometres,11685
Average Kilometres Travelled,2021,All owners,Over 2000 cc,Other fuel types,Co. Dublin,All years,Kilometres,11277
Average Kilometres Travelled,2021,All owners,Over 2000 cc,Other fuel types,Co. Galway,All years,Kilometres,12312
Average Kilometres Travelled,2021,All owners,Over 2000 cc,Other fuel types,Co. Kerry,All years,Kilometres,12261
Average Kilometres Travelled,2021,All owners,Over 2000 cc,Other fuel types,Co. Kildare,All years,Kilometres,12066
Average Kilometres Travelled,2021,All owners,Over 2000 cc,Other fuel types,Co. Kilkenny,All years,Kilometres,12144
Average Kilometres Travelled,2021,All owners,Over 2000 cc,Other fuel types,Co. Laois,All years,Kilometres,12221
Average Kilometres Travelled,2021,All owners,Over 2000 cc,Other fuel types,Co. Leitrim,All years,Kilometres,12351
Average Kilometres Travelled,2021,All owners,Over 2000 cc,Other fuel types,Co. Limerick,All years,Kilometres,12410
Average Kilometres Travelled,2021,All owners,Over 2000 cc,Other fuel types,Co. Longford,All years,Kilometres,11854
Average Kilometres Travelled,2021,All owners,Over 2000 cc,Other fuel types,Co. Louth,All years,Kilometres,12160
Average Kilometres Travelled,2021,All owners,Over 2000 cc,Other fuel types,Co. Mayo,All years,Kilometres,12221
Average Kilometres Travelled,2021,All owners,Over 2000 cc,Other fuel types,Co. Meath,All years,Kilometres,12179
Average Kilometres Travelled,2021,All owners,Over 2000 cc,Other fuel types,Co. Monaghan,All years,Kilometres,11645
Average Kilometres Travelled,2021,All owners,Over 2000 cc,Other fuel types,Co. Offaly,All years,Kilometres,12377
Average Kilometres Travelled,2021,All owners,Over 2000 cc,Other fuel types,Co. Roscommon,All years,Kilometres,12205
Average Kilometres Travelled,2021,All owners,Over 2000 cc,Other fuel types,Co. Sligo,All years,Kilometres,11685
Average Kilometres Travelled,2021,All owners,Over 2000 cc,Other fuel types,Co. Tipperary,All years,Kilometres,12136
Average Kilometres Travelled,2021,All owners,Over 2000 cc,Other fuel types,Co. Waterford,All years,Kilometres,12260
Average Kilometres Travelled,2021,All owners,Over 2000 cc,Other fuel types,Co. Westmeath,All years,Kilometres,12522
Average Kilometres Travelled,2021,All owners,Over 2000 cc,Other fuel types,Co. Wexford,All years,Kilometres,12057
Average Kilometres Travelled,2021,All owners,Over 2000 cc,Other fuel types,Co. Wicklow,All years,Kilometres,11966
Average Kilometres Travelled,2022,All owners,Up to 1000 cc,Petrol,Co. Carlow,All years,Kilometres,11770
Average Kilometres Travelled,2022,All owners,Up to 1000 cc,Petrol,Co. Cavan,All years,Kilometres,12659
Average Kilometres Travelled,2022,All owners,Up to 1000 cc,Petrol,Co. Clare,All years,Kilometres,12490
Average Kilometres Travelled,2022,All owners,Up to 1000 cc,Petrol,Co. Cork,All years,Kilometres,11606
Average Kilometres Travelled,2022,All owners,Up to 1000 cc,Petrol,Co. Donegal,All years,Kilometres,11986
Average Kilometres Travelled,2022,All owners,Up to 1000 cc,Petrol,Co. Dublin,All years,Kilometres,9736
Average Kilometres Travelled,2022,All owners,Up to 1000 cc,Petrol,Co. Galway,All years,Kilometres,12088
Average Kilometres Travelled,2022,All owners,Up to 1000 cc,Petrol,Co. Kerry,All years,Kilometres,11992
Average Kilometres Travelled,2022,All owners,Up to 1000 cc,Petrol,Co. Kildare,All years,Kilometres,11892
Average Kilometres Travelled,2022,All owners,Up to 1000 cc,Petrol,Co. Kilkenny,All years,Kilometres,12100
Average Kilometres Travelled,2022,All owners,Up to 1000 cc,Petrol,Co. Laois,All years,Kilometres,12100
Average Kilometres Travelled,2022,All owners,Up to 1000 cc,Petrol,Co. Leitrim,All years,Kilometres,12328
Average Kilometres Travelled,2022,All owners,Up to 1000 cc,Petrol,Co. Limerick,All years,Kilometres,11825
Average Kilometres Travelled,2022,All owners,Up to 1000 cc,Petrol,Co. Longford,All years,Kilometres,12489
Average Kilometres Travelled,2022,All owners,Up to 1000 cc,Petrol,Co. Louth,All years,Kilometres,11321
Average Kilometres Travelled,2022,All owners,Up to 1000 cc,Petrol,Co. Mayo,All years,Kilometres,11886
Average Kilometres Travelled,2022,All owners,Up to 1000 cc,Petrol,Co. Meath,All years,Kilometres,12395
Average Kilometres Travelled,2022,All owners,Up to 1000 cc,Petrol,Co. Monaghan,All years,Kilometres,12038
Average Kilometres Travelled,2022,All owners,Up to 1000 cc,Petrol,Co. Offaly,All years,Kilometres,11789
Average Kilometres Travelled,2022,All owners,Up to 1000 cc,Petrol,Co. Roscommon,All years,Kilometres,17945
Average Kilometres Travelled,2022,All owners,Up to 1000 cc,Petrol,Co. Sligo,All years,Kilometres,11829
Average Kilometres Travelled,2022,All owners,Up to 1000 cc,Petrol,Co. Tipperary,All years,Kilometres,12011
Average Kilometres Travelled,2022,All owners,Up to 1000 cc,Petrol,Co. Waterford,All years,Kilometres,11816
Average Kilometres Travelled,2022,All owners,Up to 1000 cc,Petrol,Co. Westmeath,All years,Kilometres,12303
Average Kilometres Travelled,2022,All owners,Up to 1000 cc,Petrol,Co. Wexford,All years,Kilometres,12803
Average Kilometres Travelled,2022,All owners,Up to 1000 cc,Petrol,Co. Wicklow,All years,Kilometres,11730
Average Kilometres Travelled,2022,All owners,Up to 1000 cc,Diesel,Co. Carlow,All years,Kilometres,18728
Average Kilometres Travelled,2022,All owners,Up to 1000 cc,Diesel,Co. Cavan,All years,Kilometres,14186
Average Kilometres Travelled,2022,All owners,Up to 1000 cc,Diesel,Co. Clare,All years,Kilometres,14508
Average Kilometres Travelled,2022,All owners,Up to 1000 cc,Diesel,Co. Cork,All years,Kilometres,17580
Average Kilometres Travelled,2022,All owners,Up to 1000 cc,Diesel,Co. Donegal,All years,Kilometres,18023
Average Kilometres Travelled,2022,All owners,Up to 1000 cc,Diesel,Co. Dublin,All years,Kilometres,17036
Average Kilometres Travelled,2022,All owners,Up to 1000 cc,Diesel,Co. Galway,All years,Kilometres,16616
Average Kilometres Travelled,2022,All owners,Up to 1000 cc,Diesel,Co. Kerry,All years,Kilometres,18887
Average Kilometres Travelled,2022,All owners,Up to 1000 cc,Diesel,Co. Kildare,All years,Kilometres,12970
Average Kilometres Travelled,2022,All owners,Up to 1000 cc,Diesel,Co. Kilkenny,All years,Kilometres,0
Average Kilometres Travelled,2022,All owners,Up to 1000 cc,Diesel,Co. Laois,All years,Kilometres,21020
Average Kilometres Travelled,2022,All owners,Up to 1000 cc,Diesel,Co. Leitrim,All years,Kilometres,0
Average Kilometres Travelled,2022,All owners,Up to 1000 cc,Diesel,Co. Limerick,All years,Kilometres,15166
Average Kilometres Travelled,2022,All owners,Up to 1000 cc,Diesel,Co. Longford,All years,Kilometres,23203
Average Kilometres Travelled,2022,All owners,Up to 1000 cc,Diesel,Co. Louth,All years,Kilometres,17966
Average Kilometres Travelled,2022,All owners,Up to 1000 cc,Diesel,Co. Mayo,All years,Kilometres,19946
Average Kilometres Travelled,2022,All owners,Up to 1000 cc,Diesel,Co. Meath,All years,Kilometres,16561
Average Kilometres Travelled,2022,All owners,Up to 1000 cc,Diesel,Co. Monaghan,All years,Kilometres,20604
Average Kilometres Travelled,2022,All owners,Up to 1000 cc,Diesel,Co. Offaly,All years,Kilometres,18713
Average Kilometres Travelled,2022,All owners,Up to 1000 cc,Diesel,Co. Roscommon,All years,Kilometres,13993
Average Kilometres Travelled,2022,All owners,Up to 1000 cc,Diesel,Co. Sligo,All years,Kilometres,0
Average Kilometres Travelled,2022,All owners,Up to 1000 cc,Diesel,Co. Tipperary,All years,Kilometres,25800
Average Kilometres Travelled,2022,All owners,Up to 1000 cc,Diesel,Co. Waterford,All years,Kilometres,16383
Average Kilometres Travelled,2022,All owners,Up to 1000 cc,Diesel,Co. Westmeath,All years,Kilometres,16803
Average Kilometres Travelled,2022,All owners,Up to 1000 cc,Diesel,Co. Wexford,All years,Kilometres,13564
Average Kilometres Travelled,2022,All owners,Up to 1000 cc,Diesel,Co. Wicklow,All years,Kilometres,18959
Average Kilometres Travelled,2022,All owners,Up to 1000 cc,Other fuel types,Co. Carlow,All years,Kilometres,13470
Average Kilometres Travelled,2022,All owners,Up to 1000 cc,Other fuel types,Co. Cavan,All years,Kilometres,13871
Average Kilometres Travelled,2022,All owners,Up to 1000 cc,Other fuel types,Co. Clare,All years,Kilometres,14003
Average Kilometres Travelled,2022,All owners,Up to 1000 cc,Other fuel types,Co. Cork,All years,Kilometres,13482
Average Kilometres Travelled,2022,All owners,Up to 1000 cc,Other fuel types,Co. Donegal,All years,Kilometres,13450
Average Kilometres Travelled,2022,All owners,Up to 1000 cc,Other fuel types,Co. Dublin,All years,Kilometres,13376
Average Kilometres Travelled,2022,All owners,Up to 1000 cc,Other fuel types,Co. Galway,All years,Kilometres,13530
Average Kilometres Travelled,2022,All owners,Up to 1000 cc,Other fuel types,Co. Kerry,All years,Kilometres,13646
Average Kilometres Travelled,2022,All owners,Up to 1000 cc,Other fuel types,Co. Kildare,All years,Kilometres,13569
Average Kilometres Travelled,2022,All owners,Up to 1000 cc,Other fuel types,Co. Kilkenny,All years,Kilometres,13433
Average Kilometres Travelled,2022,All owners,Up to 1000 cc,Other fuel types,Co. Laois,All years,Kilometres,14155
Average Kilometres Travelled,2022,All owners,Up to 1000 cc,Other fuel types,Co. Leitrim,All years,Kilometres,14123
Average Kilometres Travelled,2022,All owners,Up to 1000 cc,Other fuel types,Co. Limerick,All years,Kilometres,13509
Average Kilometres Travelled,2022,All owners,Up to 1000 cc,Other fuel types,Co. Longford,All years,Kilometres,13720
Average Kilometres Travelled,2022,All owners,Up to 1000 cc,Other fuel types,Co. Louth,All years,Kilometres,13788
Average Kilometres Travelled,2022,All owners,Up to 1000 cc,Other fuel types,Co. Mayo,All years,Kilometres,13914
Average Kilometres Travelled,2022,All owners,Up to 1000 cc,Other fuel types,Co. Meath,All years,Kilometres,13668
Average Kilometres Travelled,2022,All owners,Up to 1000 cc,Other fuel types,Co. Monaghan,All years,Kilometres,13846
Average Kilometres Travelled,2022,All owners,Up to 1000 cc,Other fuel types,Co. Offaly,All years,Kilometres,13396
Average Kilometres Travelled,2022,All owners,Up to 1000 cc,Other fuel types,Co. Roscommon,All years,Kilometres,13701
Average Kilometres Travelled,2022,All owners,Up to 1000 cc,Other fuel types,Co. Sligo,All years,Kilometres,13627
Average Kilometres Travelled,2022,All owners,Up to 1000 cc,Other fuel types,Co. Tipperary,All years,Kilometres,13521
Average Kilometres Travelled,2022,All owners,Up to 1000 cc,Other fuel types,Co. Waterford,All years,Kilometres,13252
Average Kilometres Travelled,2022,All owners,Up to 1000 cc,Other fuel types,Co. Westmeath,All years,Kilometres,13614
Average Kilometres Travelled,2022,All owners,Up to 1000 cc,Other fuel types,Co. Wexford,All years,Kilometres,13575
Average Kilometres Travelled,2022,All owners,Up to 1000 cc,Other fuel types,Co. Wicklow,All years,Kilometres,13536
Average Kilometres Travelled,2022,All owners,1001 - 1200 cc,Petrol,Co. Carlow,All years,Kilometres,12302
Average Kilometres Travelled,2022,All owners,1001 - 1200 cc,Petrol,Co. Cavan,All years,Kilometres,12474
Average Kilometres Travelled,2022,All owners,1001 - 1200 cc,Petrol,Co. Clare,All years,Kilometres,12579
Average Kilometres Travelled,2022,All owners,1001 - 1200 cc,Petrol,Co. Cork,All years,Kilometres,11413
Average Kilometres Travelled,2022,All owners,1001 - 1200 cc,Petrol,Co. Donegal,All years,Kilometres,12774
Average Kilometres Travelled,2022,All owners,1001 - 1200 cc,Petrol,Co. Dublin,All years,Kilometres,9526
Average Kilometres Travelled,2022,All owners,1001 - 1200 cc,Petrol,Co. Galway,All years,Kilometres,11872
Average Kilometres Travelled,2022,All owners,1001 - 1200 cc,Petrol,Co. Kerry,All years,Kilometres,12176
Average Kilometres Travelled,2022,All owners,1001 - 1200 cc,Petrol,Co. Kildare,All years,Kilometres,11957
Average Kilometres Travelled,2022,All owners,1001 - 1200 cc,Petrol,Co. Kilkenny,All years,Kilometres,11660
Average Kilometres Travelled,2022,All owners,1001 - 1200 cc,Petrol,Co. Laois,All years,Kilometres,12326
Average Kilometres Travelled,2022,All owners,1001 - 1200 cc,Petrol,Co. Leitrim,All years,Kilometres,12855
Average Kilometres Travelled,2022,All owners,1001 - 1200 cc,Petrol,Co. Limerick,All years,Kilometres,11981
Average Kilometres Travelled,2022,All owners,1001 - 1200 cc,Petrol,Co. Longford,All years,Kilometres,12703
Average Kilometres Travelled,2022,All owners,1001 - 1200 cc,Petrol,Co. Louth,All years,Kilometres,11439
Average Kilometres Travelled,2022,All owners,1001 - 1200 cc,Petrol,Co. Mayo,All years,Kilometres,12140
Average Kilometres Travelled,2022,All owners,1001 - 1200 cc,Petrol,Co. Meath,All years,Kilometres,12144
Average Kilometres Travelled,2022,All owners,1001 - 1200 cc,Petrol,Co. Monaghan,All years,Kilometres,13174
Average Kilometres Travelled,2022,All owners,1001 - 1200 cc,Petrol,Co. Offaly,All years,Kilometres,12588
Average Kilometres Travelled,2022,All owners,1001 - 1200 cc,Petrol,Co. Roscommon,All years,Kilometres,15839
Average Kilometres Travelled,2022,All owners,1001 - 1200 cc,Petrol,Co. Sligo,All years,Kilometres,11813
Average Kilometres Travelled,2022,All owners,1001 - 1200 cc,Petrol,Co. Tipperary,All years,Kilometres,12510
Average Kilometres Travelled,2022,All owners,1001 - 1200 cc,Petrol,Co. Waterford,All years,Kilometres,11643
Average Kilometres Travelled,2022,All owners,1001 - 1200 cc,Petrol,Co. Westmeath,All years,Kilometres,11956
Average Kilometres Travelled,2022,All owners,1001 - 1200 cc,Petrol,Co. Wexford,All years,Kilometres,12089
Average Kilometres Travelled,2022,All owners,1001 - 1200 cc,Petrol,Co. Wicklow,All years,Kilometres,11371
Average Kilometres Travelled,2022,All owners,1001 - 1200 cc,Diesel,Co. Carlow,All years,Kilometres,16883
Average Kilometres Travelled,2022,All owners,1001 - 1200 cc,Diesel,Co. Cavan,All years,Kilometres,16420
Average Kilometres Travelled,2022,All owners,1001 - 1200 cc,Diesel,Co. Clare,All years,Kilometres,17253
Average Kilometres Travelled,2022,All owners,1001 - 1200 cc,Diesel,Co. Cork,All years,Kilometres,15425
Average Kilometres Travelled,2022,All owners,1001 - 1200 cc,Diesel,Co. Donegal,All years,Kilometres,17077
Average Kilometres Travelled,2022,All owners,1001 - 1200 cc,Diesel,Co. Dublin,All years,Kilometres,12667
Average Kilometres Travelled,2022,All owners,1001 - 1200 cc,Diesel,Co. Galway,All years,Kilometres,17609
Average Kilometres Travelled,2022,All owners,1001 - 1200 cc,Diesel,Co. Kerry,All years,Kilometres,17832
Average Kilometres Travelled,2022,All owners,1001 - 1200 cc,Diesel,Co. Kildare,All years,Kilometres,16667
Average Kilometres Travelled,2022,All owners,1001 - 1200 cc,Diesel,Co. Kilkenny,All years,Kilometres,18029
Average Kilometres Travelled,2022,All owners,1001 - 1200 cc,Diesel,Co. Laois,All years,Kilometres,17438
Average Kilometres Travelled,2022,All owners,1001 - 1200 cc,Diesel,Co. Leitrim,All years,Kilometres,18545
Average Kilometres Travelled,2022,All owners,1001 - 1200 cc,Diesel,Co. Limerick,All years,Kilometres,16640
Average Kilometres Travelled,2022,All owners,1001 - 1200 cc,Diesel,Co. Longford,All years,Kilometres,17926
Average Kilometres Travelled,2022,All owners,1001 - 1200 cc,Diesel,Co. Louth,All years,Kilometres,16118
Average Kilometres Travelled,2022,All owners,1001 - 1200 cc,Diesel,Co. Mayo,All years,Kilometres,16981
Average Kilometres Travelled,2022,All owners,1001 - 1200 cc,Diesel,Co. Meath,All years,Kilometres,17359
Average Kilometres Travelled,2022,All owners,1001 - 1200 cc,Diesel,Co. Monaghan,All years,Kilometres,17221
Average Kilometres Travelled,2022,All owners,1001 - 1200 cc,Diesel,Co. Offaly,All years,Kilometres,17143
Average Kilometres Travelled,2022,All owners,1001 - 1200 cc,Diesel,Co. Roscommon,All years,Kilometres,17465
Average Kilometres Travelled,2022,All owners,1001 - 1200 cc,Diesel,Co. Sligo,All years,Kilometres,17739
Average Kilometres Travelled,2022,All owners,1001 - 1200 cc,Diesel,Co. Tipperary,All years,Kilometres,18035
Average Kilometres Travelled,2022,All owners,1001 - 1200 cc,Diesel,Co. Waterford,All years,Kilometres,15340
Average Kilometres Travelled,2022,All owners,1001 - 1200 cc,Diesel,Co. Westmeath,All years,Kilometres,17466
Average Kilometres Travelled,2022,All owners,1001 - 1200 cc,Diesel,Co. Wexford,All years,Kilometres,16463
Average Kilometres Travelled,2022,All owners,1001 - 1200 cc,Diesel,Co. Wicklow,All years,Kilometres,16755
Average Kilometres Travelled,2022,All owners,1001 - 1200 cc,Other fuel types,Co. Carlow,All years,Kilometres,10616
Average Kilometres Travelled,2022,All owners,1001 - 1200 cc,Other fuel types,Co. Cavan,All years,Kilometres,9371
Average Kilometres Travelled,2022,All owners,1001 - 1200 cc,Other fuel types,Co. Clare,All years,Kilometres,10889
Average Kilometres Travelled,2022,All owners,1001 - 1200 cc,Other fuel types,Co. Cork,All years,Kilometres,8778
Average Kilometres Travelled,2022,All owners,1001 - 1200 cc,Other fuel types,Co. Donegal,All years,Kilometres,11788
Average Kilometres Travelled,2022,All owners,1001 - 1200 cc,Other fuel types,Co. Dublin,All years,Kilometres,7633
Average Kilometres Travelled,2022,All owners,1001 - 1200 cc,Other fuel types,Co. Galway,All years,Kilometres,10676
Average Kilometres Travelled,2022,All owners,1001 - 1200 cc,Other fuel types,Co. Kerry,All years,Kilometres,10757
Average Kilometres Travelled,2022,All owners,1001 - 1200 cc,Other fuel types,Co. Kildare,All years,Kilometres,9692
Average Kilometres Travelled,2022,All owners,1001 - 1200 cc,Other fuel types,Co. Kilkenny,All years,Kilometres,11098
Average Kilometres Travelled,2022,All owners,1001 - 1200 cc,Other fuel types,Co. Laois,All years,Kilometres,10080
Average Kilometres Travelled,2022,All owners,1001 - 1200 cc,Other fuel types,Co. Leitrim,All years,Kilometres,12151
Average Kilometres Travelled,2022,All owners,1001 - 1200 cc,Other fuel types,Co. Limerick,All years,Kilometres,9300
Average Kilometres Travelled,2022,All owners,1001 - 1200 cc,Other fuel types,Co. Longford,All years,Kilometres,11842
Average Kilometres Travelled,2022,All owners,1001 - 1200 cc,Other fuel types,Co. Louth,All years,Kilometres,9841
Average Kilometres Travelled,2022,All owners,1001 - 1200 cc,Other fuel types,Co. Mayo,All years,Kilometres,10276
Average Kilometres Travelled,2022,All owners,1001 - 1200 cc,Other fuel types,Co. Meath,All years,Kilometres,10805
Average Kilometres Travelled,2022,All owners,1001 - 1200 cc,Other fuel types,Co. Monaghan,All years,Kilometres,11036
Average Kilometres Travelled,2022,All owners,1001 - 1200 cc,Other fuel types,Co. Offaly,All years,Kilometres,11006
Average Kilometres Travelled,2022,All owners,1001 - 1200 cc,Other fuel types,Co. Roscommon,All years,Kilometres,10747
Average Kilometres Travelled,2022,All owners,1001 - 1200 cc,Other fuel types,Co. Sligo,All years,Kilometres,8498
Average Kilometres Travelled,2022,All owners,1001 - 1200 cc,Other fuel types,Co. Tipperary,All years,Kilometres,10610
Average Kilometres Travelled,2022,All owners,1001 - 1200 cc,Other fuel types,Co. Waterford,All years,Kilometres,10098
Average Kilometres Travelled,2022,All owners,1001 - 1200 cc,Other fuel types,Co. Westmeath,All years,Kilometres,9265
Average Kilometres Travelled,2022,All owners,1001 - 1200 cc,Other fuel types,Co. Wexford,All years,Kilometres,10558
Average Kilometres Travelled,2022,All owners,1001 - 1200 cc,Other fuel types,Co. Wicklow,All years,Kilometres,10971
Average Kilometres Travelled,2022,All owners,1201 - 1400 cc,Petrol,Co. Carlow,All years,Kilometres,11810
Average Kilometres Travelled,2022,All owners,1201 - 1400 cc,Petrol,Co. Cavan,All years,Kilometres,12099
Average Kilometres Travelled,2022,All owners,1201 - 1400 cc,Petrol,Co. Clare,All years,Kilometres,12067
Average Kilometres Travelled,2022,All owners,1201 - 1400 cc,Petrol,Co. Cork,All years,Kilometres,11054
Average Kilometres Travelled,2022,All owners,1201 - 1400 cc,Petrol,Co. Donegal,All years,Kilometres,12002
Average Kilometres Travelled,2022,All owners,1201 - 1400 cc,Petrol,Co. Dublin,All years,Kilometres,9062
Average Kilometres Travelled,2022,All owners,1201 - 1400 cc,Petrol,Co. Galway,All years,Kilometres,11643
Average Kilometres Travelled,2022,All owners,1201 - 1400 cc,Petrol,Co. Kerry,All years,Kilometres,11724
Average Kilometres Travelled,2022,All owners,1201 - 1400 cc,Petrol,Co. Kildare,All years,Kilometres,11426
Average Kilometres Travelled,2022,All owners,1201 - 1400 cc,Petrol,Co. Kilkenny,All years,Kilometres,11978
Average Kilometres Travelled,2022,All owners,1201 - 1400 cc,Petrol,Co. Laois,All years,Kilometres,12089
Average Kilometres Travelled,2022,All owners,1201 - 1400 cc,Petrol,Co. Leitrim,All years,Kilometres,12688
Average Kilometres Travelled,2022,All owners,1201 - 1400 cc,Petrol,Co. Limerick,All years,Kilometres,11340
Average Kilometres Travelled,2022,All owners,1201 - 1400 cc,Petrol,Co. Longford,All years,Kilometres,12069
Average Kilometres Travelled,2022,All owners,1201 - 1400 cc,Petrol,Co. Louth,All years,Kilometres,11258
Average Kilometres Travelled,2022,All owners,1201 - 1400 cc,Petrol,Co. Mayo,All years,Kilometres,11817
Average Kilometres Travelled,2022,All owners,1201 - 1400 cc,Petrol,Co. Meath,All years,Kilometres,11835
Average Kilometres Travelled,2022,All owners,1201 - 1400 cc,Petrol,Co. Monaghan,All years,Kilometres,11600
Average Kilometres Travelled,2022,All owners,1201 - 1400 cc,Petrol,Co. Offaly,All years,Kilometres,11858
Average Kilometres Travelled,2022,All owners,1201 - 1400 cc,Petrol,Co. Roscommon,All years,Kilometres,14611
Average Kilometres Travelled,2022,All owners,1201 - 1400 cc,Petrol,Co. Sligo,All years,Kilometres,11642
Average Kilometres Travelled,2022,All owners,1201 - 1400 cc,Petrol,Co. Tipperary,All years,Kilometres,11956
Average Kilometres Travelled,2022,All owners,1201 - 1400 cc,Petrol,Co. Waterford,All years,Kilometres,11286
Average Kilometres Travelled,2022,All owners,1201 - 1400 cc,Petrol,Co. Westmeath,All years,Kilometres,12134
Average Kilometres Travelled,2022,All owners,1201 - 1400 cc,Petrol,Co. Wexford,All years,Kilometres,11938
Average Kilometres Travelled,2022,All owners,1201 - 1400 cc,Petrol,Co. Wicklow,All years,Kilometres,11233
Average Kilometres Travelled,2022,All owners,1201 - 1400 cc,Diesel,Co. Carlow,All years,Kilometres,16961
Average Kilometres Travelled,2022,All owners,1201 - 1400 cc,Diesel,Co. Cavan,All years,Kilometres,17472
Average Kilometres Travelled,2022,All owners,1201 - 1400 cc,Diesel,Co. Clare,All years,Kilometres,17535
Average Kilometres Travelled,2022,All owners,1201 - 1400 cc,Diesel,Co. Cork,All years,Kilometres,15835
Average Kilometres Travelled,2022,All owners,1201 - 1400 cc,Diesel,Co. Donegal,All years,Kilometres,15998
Average Kilometres Travelled,2022,All owners,1201 - 1400 cc,Diesel,Co. Dublin,All years,Kilometres,12734
Average Kilometres Travelled,2022,All owners,1201 - 1400 cc,Diesel,Co. Galway,All years,Kilometres,16945
Average Kilometres Travelled,2022,All owners,1201 - 1400 cc,Diesel,Co. Kerry,All years,Kilometres,16367
Average Kilometres Travelled,2022,All owners,1201 - 1400 cc,Diesel,Co. Kildare,All years,Kilometres,16184
Average Kilometres Travelled,2022,All owners,1201 - 1400 cc,Diesel,Co. Kilkenny,All years,Kilometres,16745
Average Kilometres Travelled,2022,All owners,1201 - 1400 cc,Diesel,Co. Laois,All years,Kilometres,17776
Average Kilometres Travelled,2022,All owners,1201 - 1400 cc,Diesel,Co. Leitrim,All years,Kilometres,17818
Average Kilometres Travelled,2022,All owners,1201 - 1400 cc,Diesel,Co. Limerick,All years,Kilometres,16929
Average Kilometres Travelled,2022,All owners,1201 - 1400 cc,Diesel,Co. Longford,All years,Kilometres,17071
Average Kilometres Travelled,2022,All owners,1201 - 1400 cc,Diesel,Co. Louth,All years,Kilometres,15647
Average Kilometres Travelled,2022,All owners,1201 - 1400 cc,Diesel,Co. Mayo,All years,Kilometres,16770
Average Kilometres Travelled,2022,All owners,1201 - 1400 cc,Diesel,Co. Meath,All years,Kilometres,16313
Average Kilometres Travelled,2022,All owners,1201 - 1400 cc,Diesel,Co. Monaghan,All years,Kilometres,16324
Average Kilometres Travelled,2022,All owners,1201 - 1400 cc,Diesel,Co. Offaly,All years,Kilometres,17320
Average Kilometres Travelled,2022,All owners,1201 - 1400 cc,Diesel,Co. Roscommon,All years,Kilometres,18244
Average Kilometres Travelled,2022,All owners,1201 - 1400 cc,Diesel,Co. Sligo,All years,Kilometres,16652
Average Kilometres Travelled,2022,All owners,1201 - 1400 cc,Diesel,Co. Tipperary,All years,Kilometres,17052
Average Kilometres Travelled,2022,All owners,1201 - 1400 cc,Diesel,Co. Waterford,All years,Kilometres,16290
Average Kilometres Travelled,2022,All owners,1201 - 1400 cc,Diesel,Co. Westmeath,All years,Kilometres,17062
Average Kilometres Travelled,2022,All owners,1201 - 1400 cc,Diesel,Co. Wexford,All years,Kilometres,16667
Average Kilometres Travelled,2022,All owners,1201 - 1400 cc,Diesel,Co. Wicklow,All years,Kilometres,16087
Average Kilometres Travelled,2022,All owners,1201 - 1400 cc,Other fuel types,Co. Carlow,All years,Kilometres,13416
Average Kilometres Travelled,2022,All owners,1201 - 1400 cc,Other fuel types,Co. Cavan,All years,Kilometres,12939
Average Kilometres Travelled,2022,All owners,1201 - 1400 cc,Other fuel types,Co. Clare,All years,Kilometres,13048
Average Kilometres Travelled,2022,All owners,1201 - 1400 cc,Other fuel types,Co. Cork,All years,Kilometres,12664
Average Kilometres Travelled,2022,All owners,1201 - 1400 cc,Other fuel types,Co. Donegal,All years,Kilometres,12779
Average Kilometres Travelled,2022,All owners,1201 - 1400 cc,Other fuel types,Co. Dublin,All years,Kilometres,12004
Average Kilometres Travelled,2022,All owners,1201 - 1400 cc,Other fuel types,Co. Galway,All years,Kilometres,13840
Average Kilometres Travelled,2022,All owners,1201 - 1400 cc,Other fuel types,Co. Kerry,All years,Kilometres,12714
Average Kilometres Travelled,2022,All owners,1201 - 1400 cc,Other fuel types,Co. Kildare,All years,Kilometres,13728
Average Kilometres Travelled,2022,All owners,1201 - 1400 cc,Other fuel types,Co. Kilkenny,All years,Kilometres,14094
Average Kilometres Travelled,2022,All owners,1201 - 1400 cc,Other fuel types,Co. Laois,All years,Kilometres,13665
Average Kilometres Travelled,2022,All owners,1201 - 1400 cc,Other fuel types,Co. Leitrim,All years,Kilometres,12824
Average Kilometres Travelled,2022,All owners,1201 - 1400 cc,Other fuel types,Co. Limerick,All years,Kilometres,13795
Average Kilometres Travelled,2022,All owners,1201 - 1400 cc,Other fuel types,Co. Longford,All years,Kilometres,12860
Average Kilometres Travelled,2022,All owners,1201 - 1400 cc,Other fuel types,Co. Louth,All years,Kilometres,13074
Average Kilometres Travelled,2022,All owners,1201 - 1400 cc,Other fuel types,Co. Mayo,All years,Kilometres,12016
Average Kilometres Travelled,2022,All owners,1201 - 1400 cc,Other fuel types,Co. Meath,All years,Kilometres,13922
Average Kilometres Travelled,2022,All owners,1201 - 1400 cc,Other fuel types,Co. Monaghan,All years,Kilometres,14286
Average Kilometres Travelled,2022,All owners,1201 - 1400 cc,Other fuel types,Co. Offaly,All years,Kilometres,13495
Average Kilometres Travelled,2022,All owners,1201 - 1400 cc,Other fuel types,Co. Roscommon,All years,Kilometres,12922
Average Kilometres Travelled,2022,All owners,1201 - 1400 cc,Other fuel types,Co. Sligo,All years,Kilometres,14121
Average Kilometres Travelled,2022,All owners,1201 - 1400 cc,Other fuel types,Co. Tipperary,All years,Kilometres,13533
Average Kilometres Travelled,2022,All owners,1201 - 1400 cc,Other fuel types,Co. Waterford,All years,Kilometres,13208
Average Kilometres Travelled,2022,All owners,1201 - 1400 cc,Other fuel types,Co. Westmeath,All years,Kilometres,13872
Average Kilometres Travelled,2022,All owners,1201 - 1400 cc,Other fuel types,Co. Wexford,All years,Kilometres,14767
Average Kilometres Travelled,2022,All owners,1201 - 1400 cc,Other fuel types,Co. Wicklow,All years,Kilometres,12963
Average Kilometres Travelled,2022,All owners,1401 - 1600 cc,Petrol,Co. Carlow,All years,Kilometres,12134
Average Kilometres Travelled,2022,All owners,1401 - 1600 cc,Petrol,Co. Cavan,All years,Kilometres,12835
Average Kilometres Travelled,2022,All owners,1401 - 1600 cc,Petrol,Co. Clare,All years,Kilometres,12662
Average Kilometres Travelled,2022,All owners,1401 - 1600 cc,Petrol,Co. Cork,All years,Kilometres,11657
Average Kilometres Travelled,2022,All owners,1401 - 1600 cc,Petrol,Co. Donegal,All years,Kilometres,12528
Average Kilometres Travelled,2022,All owners,1401 - 1600 cc,Petrol,Co. Dublin,All years,Kilometres,10000
Average Kilometres Travelled,2022,All owners,1401 - 1600 cc,Petrol,Co. Galway,All years,Kilometres,12178
Average Kilometres Travelled,2022,All owners,1401 - 1600 cc,Petrol,Co. Kerry,All years,Kilometres,12164
Average Kilometres Travelled,2022,All owners,1401 - 1600 cc,Petrol,Co. Kildare,All years,Kilometres,12332
Average Kilometres Travelled,2022,All owners,1401 - 1600 cc,Petrol,Co. Kilkenny,All years,Kilometres,12356
Average Kilometres Travelled,2022,All owners,1401 - 1600 cc,Petrol,Co. Laois,All years,Kilometres,12889
Average Kilometres Travelled,2022,All owners,1401 - 1600 cc,Petrol,Co. Leitrim,All years,Kilometres,13105
Average Kilometres Travelled,2022,All owners,1401 - 1600 cc,Petrol,Co. Limerick,All years,Kilometres,11782
Average Kilometres Travelled,2022,All owners,1401 - 1600 cc,Petrol,Co. Longford,All years,Kilometres,13158
Average Kilometres Travelled,2022,All owners,1401 - 1600 cc,Petrol,Co. Louth,All years,Kilometres,12083
Average Kilometres Travelled,2022,All owners,1401 - 1600 cc,Petrol,Co. Mayo,All years,Kilometres,13048
Average Kilometres Travelled,2022,All owners,1401 - 1600 cc,Petrol,Co. Meath,All years,Kilometres,12596
Average Kilometres Travelled,2022,All owners,1401 - 1600 cc,Petrol,Co. Monaghan,All years,Kilometres,12310
Average Kilometres Travelled,2022,All owners,1401 - 1600 cc,Petrol,Co. Offaly,All years,Kilometres,12447
Average Kilometres Travelled,2022,All owners,1401 - 1600 cc,Petrol,Co. Roscommon,All years,Kilometres,12702
Average Kilometres Travelled,2022,All owners,1401 - 1600 cc,Petrol,Co. Sligo,All years,Kilometres,11887
Average Kilometres Travelled,2022,All owners,1401 - 1600 cc,Petrol,Co. Tipperary,All years,Kilometres,12540
Average Kilometres Travelled,2022,All owners,1401 - 1600 cc,Petrol,Co. Waterford,All years,Kilometres,11642
Average Kilometres Travelled,2022,All owners,1401 - 1600 cc,Petrol,Co. Westmeath,All years,Kilometres,12655
Average Kilometres Travelled,2022,All owners,1401 - 1600 cc,Petrol,Co. Wexford,All years,Kilometres,12340
Average Kilometres Travelled,2022,All owners,1401 - 1600 cc,Petrol,Co. Wicklow,All years,Kilometres,11725
Average Kilometres Travelled,2022,All owners,1401 - 1600 cc,Diesel,Co. Carlow,All years,Kilometres,19381
Average Kilometres Travelled,2022,All owners,1401 - 1600 cc,Diesel,Co. Cavan,All years,Kilometres,19640
Average Kilometres Travelled,2022,All owners,1401 - 1600 cc,Diesel,Co. Clare,All years,Kilometres,19398
Average Kilometres Travelled,2022,All owners,1401 - 1600 cc,Diesel,Co. Cork,All years,Kilometres,17597
Average Kilometres Travelled,2022,All owners,1401 - 1600 cc,Diesel,Co. Donegal,All years,Kilometres,18728
Average Kilometres Travelled,2022,All owners,1401 - 1600 cc,Diesel,Co. Dublin,All years,Kilometres,15402
Average Kilometres Travelled,2022,All owners,1401 - 1600 cc,Diesel,Co. Galway,All years,Kilometres,19200
Average Kilometres Travelled,2022,All owners,1401 - 1600 cc,Diesel,Co. Kerry,All years,Kilometres,18968
Average Kilometres Travelled,2022,All owners,1401 - 1600 cc,Diesel,Co. Kildare,All years,Kilometres,17988
Average Kilometres Travelled,2022,All owners,1401 - 1600 cc,Diesel,Co. Kilkenny,All years,Kilometres,19444
Average Kilometres Travelled,2022,All owners,1401 - 1600 cc,Diesel,Co. Laois,All years,Kilometres,19916
Average Kilometres Travelled,2022,All owners,1401 - 1600 cc,Diesel,Co. Leitrim,All years,Kilometres,19739
Average Kilometres Travelled,2022,All owners,1401 - 1600 cc,Diesel,Co. Limerick,All years,Kilometres,18896
Average Kilometres Travelled,2022,All owners,1401 - 1600 cc,Diesel,Co. Longford,All years,Kilometres,19940
Average Kilometres Travelled,2022,All owners,1401 - 1600 cc,Diesel,Co. Louth,All years,Kilometres,17935
Average Kilometres Travelled,2022,All owners,1401 - 1600 cc,Diesel,Co. Mayo,All years,Kilometres,19461
Average Kilometres Travelled,2022,All owners,1401 - 1600 cc,Diesel,Co. Meath,All years,Kilometres,18492
Average Kilometres Travelled,2022,All owners,1401 - 1600 cc,Diesel,Co. Monaghan,All years,Kilometres,19562
Average Kilometres Travelled,2022,All owners,1401 - 1600 cc,Diesel,Co. Offaly,All years,Kilometres,19850
Average Kilometres Travelled,2022,All owners,1401 - 1600 cc,Diesel,Co. Roscommon,All years,Kilometres,20533
Average Kilometres Travelled,2022,All owners,1401 - 1600 cc,Diesel,Co. Sligo,All years,Kilometres,18888
Average Kilometres Travelled,2022,All owners,1401 - 1600 cc,Diesel,Co. Tipperary,All years,Kilometres,19815
Average Kilometres Travelled,2022,All owners,1401 - 1600 cc,Diesel,Co. Waterford,All years,Kilometres,18181
Average Kilometres Travelled,2022,All owners,1401 - 1600 cc,Diesel,Co. Westmeath,All years,Kilometres,19568
Average Kilometres Travelled,2022,All owners,1401 - 1600 cc,Diesel,Co. Wexford,All years,Kilometres,19334
Average Kilometres Travelled,2022,All owners,1401 - 1600 cc,Diesel,Co. Wicklow,All years,Kilometres,17860
Average Kilometres Travelled,2022,All owners,1401 - 1600 cc,Other fuel types,Co. Carlow,All years,Kilometres,13194
Average Kilometres Travelled,2022,All owners,1401 - 1600 cc,Other fuel types,Co. Cavan,All years,Kilometres,13226
Average Kilometres Travelled,2022,All owners,1401 - 1600 cc,Other fuel types,Co. Clare,All years,Kilometres,13189
Average Kilometres Travelled,2022,All owners,1401 - 1600 cc,Other fuel types,Co. Cork,All years,Kilometres,12964
Average Kilometres Travelled,2022,All owners,1401 - 1600 cc,Other fuel types,Co. Donegal,All years,Kilometres,13096
Average Kilometres Travelled,2022,All owners,1401 - 1600 cc,Other fuel types,Co. Dublin,All years,Kilometres,12641
Average Kilometres Travelled,2022,All owners,1401 - 1600 cc,Other fuel types,Co. Galway,All years,Kilometres,12984
Average Kilometres Travelled,2022,All owners,1401 - 1600 cc,Other fuel types,Co. Kerry,All years,Kilometres,12903
Average Kilometres Travelled,2022,All owners,1401 - 1600 cc,Other fuel types,Co. Kildare,All years,Kilometres,13216
Average Kilometres Travelled,2022,All owners,1401 - 1600 cc,Other fuel types,Co. Kilkenny,All years,Kilometres,13163
Average Kilometres Travelled,2022,All owners,1401 - 1600 cc,Other fuel types,Co. Laois,All years,Kilometres,13659
Average Kilometres Travelled,2022,All owners,1401 - 1600 cc,Other fuel types,Co. Leitrim,All years,Kilometres,13641
Average Kilometres Travelled,2022,All owners,1401 - 1600 cc,Other fuel types,Co. Limerick,All years,Kilometres,13283
Average Kilometres Travelled,2022,All owners,1401 - 1600 cc,Other fuel types,Co. Longford,All years,Kilometres,12570
Average Kilometres Travelled,2022,All owners,1401 - 1600 cc,Other fuel types,Co. Louth,All years,Kilometres,13116
Average Kilometres Travelled,2022,All owners,1401 - 1600 cc,Other fuel types,Co. Mayo,All years,Kilometres,13026
Average Kilometres Travelled,2022,All owners,1401 - 1600 cc,Other fuel types,Co. Meath,All years,Kilometres,13000
Average Kilometres Travelled,2022,All owners,1401 - 1600 cc,Other fuel types,Co. Monaghan,All years,Kilometres,13040
Average Kilometres Travelled,2022,All owners,1401 - 1600 cc,Other fuel types,Co. Offaly,All years,Kilometres,13389
Average Kilometres Travelled,2022,All owners,1401 - 1600 cc,Other fuel types,Co. Roscommon,All years,Kilometres,13592
Average Kilometres Travelled,2022,All owners,1401 - 1600 cc,Other fuel types,Co. Sligo,All years,Kilometres,12999
Average Kilometres Travelled,2022,All owners,1401 - 1600 cc,Other fuel types,Co. Tipperary,All years,Kilometres,13088
Average Kilometres Travelled,2022,All owners,1401 - 1600 cc,Other fuel types,Co. Waterford,All years,Kilometres,13130
Average Kilometres Travelled,2022,All owners,1401 - 1600 cc,Other fuel types,Co. Westmeath,All years,Kilometres,13186
Average Kilometres Travelled,2022,All owners,1401 - 1600 cc,Other fuel types,Co. Wexford,All years,Kilometres,13065
Average Kilometres Travelled,2022,All owners,1401 - 1600 cc,Other fuel types,Co. Wicklow,All years,Kilometres,12997
Average Kilometres Travelled,2022,All owners,1601 - 1800 cc,Petrol,Co. Carlow,All years,Kilometres,12150
Average Kilometres Travelled,2022,All owners,1601 - 1800 cc,Petrol,Co. Cavan,All years,Kilometres,12893
Average Kilometres Travelled,2022,All owners,1601 - 1800 cc,Petrol,Co. Clare,All years,Kilometres,12378
Average Kilometres Travelled,2022,All owners,1601 - 1800 cc,Petrol,Co. Cork,All years,Kilometres,11319
Average Kilometres Travelled,2022,All owners,1601 - 1800 cc,Petrol,Co. Donegal,All years,Kilometres,12218
Average Kilometres Travelled,2022,All owners,1601 - 1800 cc,Petrol,Co. Dublin,All years,Kilometres,9668
Average Kilometres Travelled,2022,All owners,1601 - 1800 cc,Petrol,Co. Galway,All years,Kilometres,11662
Average Kilometres Travelled,2022,All owners,1601 - 1800 cc,Petrol,Co. Kerry,All years,Kilometres,11469
Average Kilometres Travelled,2022,All owners,1601 - 1800 cc,Petrol,Co. Kildare,All years,Kilometres,12209
Average Kilometres Travelled,2022,All owners,1601 - 1800 cc,Petrol,Co. Kilkenny,All years,Kilometres,12024
Average Kilometres Travelled,2022,All owners,1601 - 1800 cc,Petrol,Co. Laois,All years,Kilometres,10467
Average Kilometres Travelled,2022,All owners,1601 - 1800 cc,Petrol,Co. Leitrim,All years,Kilometres,12427
Average Kilometres Travelled,2022,All owners,1601 - 1800 cc,Petrol,Co. Limerick,All years,Kilometres,11530
Average Kilometres Travelled,2022,All owners,1601 - 1800 cc,Petrol,Co. Longford,All years,Kilometres,11440
Average Kilometres Travelled,2022,All owners,1601 - 1800 cc,Petrol,Co. Louth,All years,Kilometres,11605
Average Kilometres Travelled,2022,All owners,1601 - 1800 cc,Petrol,Co. Mayo,All years,Kilometres,11634
Average Kilometres Travelled,2022,All owners,1601 - 1800 cc,Petrol,Co. Meath,All years,Kilometres,12062
Average Kilometres Travelled,2022,All owners,1601 - 1800 cc,Petrol,Co. Monaghan,All years,Kilometres,11984
Average Kilometres Travelled,2022,All owners,1601 - 1800 cc,Petrol,Co. Offaly,All years,Kilometres,11397
Average Kilometres Travelled,2022,All owners,1601 - 1800 cc,Petrol,Co. Roscommon,All years,Kilometres,12840
Average Kilometres Travelled,2022,All owners,1601 - 1800 cc,Petrol,Co. Sligo,All years,Kilometres,11145
Average Kilometres Travelled,2022,All owners,1601 - 1800 cc,Petrol,Co. Tipperary,All years,Kilometres,11998
Average Kilometres Travelled,2022,All owners,1601 - 1800 cc,Petrol,Co. Waterford,All years,Kilometres,11585
Average Kilometres Travelled,2022,All owners,1601 - 1800 cc,Petrol,Co. Westmeath,All years,Kilometres,12080
Average Kilometres Travelled,2022,All owners,1601 - 1800 cc,Petrol,Co. Wexford,All years,Kilometres,12542
Average Kilometres Travelled,2022,All owners,1601 - 1800 cc,Petrol,Co. Wicklow,All years,Kilometres,10987
Average Kilometres Travelled,2022,All owners,1601 - 1800 cc,Diesel,Co. Carlow,All years,Kilometres,19527
Average Kilometres Travelled,2022,All owners,1601 - 1800 cc,Diesel,Co. Cavan,All years,Kilometres,19581
Average Kilometres Travelled,2022,All owners,1601 - 1800 cc,Diesel,Co. Clare,All years,Kilometres,20124
Average Kilometres Travelled,2022,All owners,1601 - 1800 cc,Diesel,Co. Cork,All years,Kilometres,17917
Average Kilometres Travelled,2022,All owners,1601 - 1800 cc,Diesel,Co. Donegal,All years,Kilometres,18908
Average Kilometres Travelled,2022,All owners,1601 - 1800 cc,Diesel,Co. Dublin,All years,Kilometres,14636
Average Kilometres Travelled,2022,All owners,1601 - 1800 cc,Diesel,Co. Galway,All years,Kilometres,19116
Average Kilometres Travelled,2022,All owners,1601 - 1800 cc,Diesel,Co. Kerry,All years,Kilometres,19053
Average Kilometres Travelled,2022,All owners,1601 - 1800 cc,Diesel,Co. Kildare,All years,Kilometres,18106
Average Kilometres Travelled,2022,All owners,1601 - 1800 cc,Diesel,Co. Kilkenny,All years,Kilometres,19632
Average Kilometres Travelled,2022,All owners,1601 - 1800 cc,Diesel,Co. Laois,All years,Kilometres,19648
Average Kilometres Travelled,2022,All owners,1601 - 1800 cc,Diesel,Co. Leitrim,All years,Kilometres,19597
Average Kilometres Travelled,2022,All owners,1601 - 1800 cc,Diesel,Co. Limerick,All years,Kilometres,18939
Average Kilometres Travelled,2022,All owners,1601 - 1800 cc,Diesel,Co. Longford,All years,Kilometres,20373
Average Kilometres Travelled,2022,All owners,1601 - 1800 cc,Diesel,Co. Louth,All years,Kilometres,18011
Average Kilometres Travelled,2022,All owners,1601 - 1800 cc,Diesel,Co. Mayo,All years,Kilometres,18870
Average Kilometres Travelled,2022,All owners,1601 - 1800 cc,Diesel,Co. Meath,All years,Kilometres,18819
Average Kilometres Travelled,2022,All owners,1601 - 1800 cc,Diesel,Co. Monaghan,All years,Kilometres,18922
Average Kilometres Travelled,2022,All owners,1601 - 1800 cc,Diesel,Co. Offaly,All years,Kilometres,20211
Average Kilometres Travelled,2022,All owners,1601 - 1800 cc,Diesel,Co. Roscommon,All years,Kilometres,20781
Average Kilometres Travelled,2022,All owners,1601 - 1800 cc,Diesel,Co. Sligo,All years,Kilometres,19485
Average Kilometres Travelled,2022,All owners,1601 - 1800 cc,Diesel,Co. Tipperary,All years,Kilometres,20016
Average Kilometres Travelled,2022,All owners,1601 - 1800 cc,Diesel,Co. Waterford,All years,Kilometres,18174
Average Kilometres Travelled,2022,All owners,1601 - 1800 cc,Diesel,Co. Westmeath,All years,Kilometres,19866
Average Kilometres Travelled,2022,All owners,1601 - 1800 cc,Diesel,Co. Wexford,All years,Kilometres,19273
Average Kilometres Travelled,2022,All owners,1601 - 1800 cc,Diesel,Co. Wicklow,All years,Kilometres,17904
Average Kilometres Travelled,2022,All owners,1601 - 1800 cc,Other fuel types,Co. Carlow,All years,Kilometres,13544
Average Kilometres Travelled,2022,All owners,1601 - 1800 cc,Other fuel types,Co. Cavan,All years,Kilometres,13878
Average Kilometres Travelled,2022,All owners,1601 - 1800 cc,Other fuel types,Co. Clare,All years,Kilometres,13928
Average Kilometres Travelled,2022,All owners,1601 - 1800 cc,Other fuel types,Co. Cork,All years,Kilometres,13334
Average Kilometres Travelled,2022,All owners,1601 - 1800 cc,Other fuel types,Co. Donegal,All years,Kilometres,13900
Average Kilometres Travelled,2022,All owners,1601 - 1800 cc,Other fuel types,Co. Dublin,All years,Kilometres,12660
Average Kilometres Travelled,2022,All owners,1601 - 1800 cc,Other fuel types,Co. Galway,All years,Kilometres,13470
Average Kilometres Travelled,2022,All owners,1601 - 1800 cc,Other fuel types,Co. Kerry,All years,Kilometres,13821
Average Kilometres Travelled,2022,All owners,1601 - 1800 cc,Other fuel types,Co. Kildare,All years,Kilometres,13721
Average Kilometres Travelled,2022,All owners,1601 - 1800 cc,Other fuel types,Co. Kilkenny,All years,Kilometres,13820
Average Kilometres Travelled,2022,All owners,1601 - 1800 cc,Other fuel types,Co. Laois,All years,Kilometres,14221
Average Kilometres Travelled,2022,All owners,1601 - 1800 cc,Other fuel types,Co. Leitrim,All years,Kilometres,13863
Average Kilometres Travelled,2022,All owners,1601 - 1800 cc,Other fuel types,Co. Limerick,All years,Kilometres,13636
Average Kilometres Travelled,2022,All owners,1601 - 1800 cc,Other fuel types,Co. Longford,All years,Kilometres,13861
Average Kilometres Travelled,2022,All owners,1601 - 1800 cc,Other fuel types,Co. Louth,All years,Kilometres,13833
Average Kilometres Travelled,2022,All owners,1601 - 1800 cc,Other fuel types,Co. Mayo,All years,Kilometres,13923
Average Kilometres Travelled,2022,All owners,1601 - 1800 cc,Other fuel types,Co. Meath,All years,Kilometres,13765
Average Kilometres Travelled,2022,All owners,1601 - 1800 cc,Other fuel types,Co. Monaghan,All years,Kilometres,13403
Average Kilometres Travelled,2022,All owners,1601 - 1800 cc,Other fuel types,Co. Offaly,All years,Kilometres,14054
Average Kilometres Travelled,2022,All owners,1601 - 1800 cc,Other fuel types,Co. Roscommon,All years,Kilometres,13645
Average Kilometres Travelled,2022,All owners,1601 - 1800 cc,Other fuel types,Co. Sligo,All years,Kilometres,13614
Average Kilometres Travelled,2022,All owners,1601 - 1800 cc,Other fuel types,Co. Tipperary,All years,Kilometres,13527
Average Kilometres Travelled,2022,All owners,1601 - 1800 cc,Other fuel types,Co. Waterford,All years,Kilometres,13674
Average Kilometres Travelled,2022,All owners,1601 - 1800 cc,Other fuel types,Co. Westmeath,All years,Kilometres,13800
Average Kilometres Travelled,2022,All owners,1601 - 1800 cc,Other fuel types,Co. Wexford,All years,Kilometres,13730
Average Kilometres Travelled,2022,All owners,1601 - 1800 cc,Other fuel types,Co. Wicklow,All years,Kilometres,13383
Average Kilometres Travelled,2022,All owners,1801 - 2000 cc,Petrol,Co. Carlow,All years,Kilometres,11542
Average Kilometres Travelled,2022,All owners,1801 - 2000 cc,Petrol,Co. Cavan,All years,Kilometres,12821
Average Kilometres Travelled,2022,All owners,1801 - 2000 cc,Petrol,Co. Clare,All years,Kilometres,11986
Average Kilometres Travelled,2022,All owners,1801 - 2000 cc,Petrol,Co. Cork,All years,Kilometres,12025
Average Kilometres Travelled,2022,All owners,1801 - 2000 cc,Petrol,Co. Donegal,All years,Kilometres,11909
Average Kilometres Travelled,2022,All owners,1801 - 2000 cc,Petrol,Co. Dublin,All years,Kilometres,10033
Average Kilometres Travelled,2022,All owners,1801 - 2000 cc,Petrol,Co. Galway,All years,Kilometres,11955
Average Kilometres Travelled,2022,All owners,1801 - 2000 cc,Petrol,Co. Kerry,All years,Kilometres,11925
Average Kilometres Travelled,2022,All owners,1801 - 2000 cc,Petrol,Co. Kildare,All years,Kilometres,12397
Average Kilometres Travelled,2022,All owners,1801 - 2000 cc,Petrol,Co. Kilkenny,All years,Kilometres,13301
Average Kilometres Travelled,2022,All owners,1801 - 2000 cc,Petrol,Co. Laois,All years,Kilometres,12714
Average Kilometres Travelled,2022,All owners,1801 - 2000 cc,Petrol,Co. Leitrim,All years,Kilometres,14483
Average Kilometres Travelled,2022,All owners,1801 - 2000 cc,Petrol,Co. Limerick,All years,Kilometres,11795
Average Kilometres Travelled,2022,All owners,1801 - 2000 cc,Petrol,Co. Longford,All years,Kilometres,12541
Average Kilometres Travelled,2022,All owners,1801 - 2000 cc,Petrol,Co. Louth,All years,Kilometres,13455
Average Kilometres Travelled,2022,All owners,1801 - 2000 cc,Petrol,Co. Mayo,All years,Kilometres,12799
Average Kilometres Travelled,2022,All owners,1801 - 2000 cc,Petrol,Co. Meath,All years,Kilometres,12713
Average Kilometres Travelled,2022,All owners,1801 - 2000 cc,Petrol,Co. Monaghan,All years,Kilometres,11071
Average Kilometres Travelled,2022,All owners,1801 - 2000 cc,Petrol,Co. Offaly,All years,Kilometres,12168
Average Kilometres Travelled,2022,All owners,1801 - 2000 cc,Petrol,Co. Roscommon,All years,Kilometres,14178
Average Kilometres Travelled,2022,All owners,1801 - 2000 cc,Petrol,Co. Sligo,All years,Kilometres,11173
Average Kilometres Travelled,2022,All owners,1801 - 2000 cc,Petrol,Co. Tipperary,All years,Kilometres,13072
Average Kilometres Travelled,2022,All owners,1801 - 2000 cc,Petrol,Co. Waterford,All years,Kilometres,11823
Average Kilometres Travelled,2022,All owners,1801 - 2000 cc,Petrol,Co. Westmeath,All years,Kilometres,13376
Average Kilometres Travelled,2022,All owners,1801 - 2000 cc,Petrol,Co. Wexford,All years,Kilometres,12290
Average Kilometres Travelled,2022,All owners,1801 - 2000 cc,Petrol,Co. Wicklow,All years,Kilometres,11832
Average Kilometres Travelled,2022,All owners,1801 - 2000 cc,Diesel,Co. Carlow,All years,Kilometres,20181
Average Kilometres Travelled,2022,All owners,1801 - 2000 cc,Diesel,Co. Cavan,All years,Kilometres,20605
Average Kilometres Travelled,2022,All owners,1801 - 2000 cc,Diesel,Co. Clare,All years,Kilometres,20561
Average Kilometres Travelled,2022,All owners,1801 - 2000 cc,Diesel,Co. Cork,All years,Kilometres,18399
Average Kilometres Travelled,2022,All owners,1801 - 2000 cc,Diesel,Co. Donegal,All years,Kilometres,19464
Average Kilometres Travelled,2022,All owners,1801 - 2000 cc,Diesel,Co. Dublin,All years,Kilometres,16820
Average Kilometres Travelled,2022,All owners,1801 - 2000 cc,Diesel,Co. Galway,All years,Kilometres,20069
Average Kilometres Travelled,2022,All owners,1801 - 2000 cc,Diesel,Co. Kerry,All years,Kilometres,19408
Average Kilometres Travelled,2022,All owners,1801 - 2000 cc,Diesel,Co. Kildare,All years,Kilometres,19160
Average Kilometres Travelled,2022,All owners,1801 - 2000 cc,Diesel,Co. Kilkenny,All years,Kilometres,20391
Average Kilometres Travelled,2022,All owners,1801 - 2000 cc,Diesel,Co. Laois,All years,Kilometres,20772
Average Kilometres Travelled,2022,All owners,1801 - 2000 cc,Diesel,Co. Leitrim,All years,Kilometres,20805
Average Kilometres Travelled,2022,All owners,1801 - 2000 cc,Diesel,Co. Limerick,All years,Kilometres,19721
Average Kilometres Travelled,2022,All owners,1801 - 2000 cc,Diesel,Co. Longford,All years,Kilometres,20807
Average Kilometres Travelled,2022,All owners,1801 - 2000 cc,Diesel,Co. Louth,All years,Kilometres,19141
Average Kilometres Travelled,2022,All owners,1801 - 2000 cc,Diesel,Co. Mayo,All years,Kilometres,20205
Average Kilometres Travelled,2022,All owners,1801 - 2000 cc,Diesel,Co. Meath,All years,Kilometres,19532
Average Kilometres Travelled,2022,All owners,1801 - 2000 cc,Diesel,Co. Monaghan,All years,Kilometres,20194
Average Kilometres Travelled,2022,All owners,1801 - 2000 cc,Diesel,Co. Offaly,All years,Kilometres,20582
Average Kilometres Travelled,2022,All owners,1801 - 2000 cc,Diesel,Co. Roscommon,All years,Kilometres,21537
Average Kilometres Travelled,2022,All owners,1801 - 2000 cc,Diesel,Co. Sligo,All years,Kilometres,19929
Average Kilometres Travelled,2022,All owners,1801 - 2000 cc,Diesel,Co. Tipperary,All years,Kilometres,21002
Average Kilometres Travelled,2022,All owners,1801 - 2000 cc,Diesel,Co. Waterford,All years,Kilometres,18900
Average Kilometres Travelled,2022,All owners,1801 - 2000 cc,Diesel,Co. Westmeath,All years,Kilometres,20548
Average Kilometres Travelled,2022,All owners,1801 - 2000 cc,Diesel,Co. Wexford,All years,Kilometres,19826
Average Kilometres Travelled,2022,All owners,1801 - 2000 cc,Diesel,Co. Wicklow,All years,Kilometres,18529
Average Kilometres Travelled,2022,All owners,1801 - 2000 cc,Other fuel types,Co. Carlow,All years,Kilometres,13815
Average Kilometres Travelled,2022,All owners,1801 - 2000 cc,Other fuel types,Co. Cavan,All years,Kilometres,13579
Average Kilometres Travelled,2022,All owners,1801 - 2000 cc,Other fuel types,Co. Clare,All years,Kilometres,14245
Average Kilometres Travelled,2022,All owners,1801 - 2000 cc,Other fuel types,Co. Cork,All years,Kilometres,13514
Average Kilometres Travelled,2022,All owners,1801 - 2000 cc,Other fuel types,Co. Donegal,All years,Kilometres,14076
Average Kilometres Travelled,2022,All owners,1801 - 2000 cc,Other fuel types,Co. Dublin,All years,Kilometres,13235
Average Kilometres Travelled,2022,All owners,1801 - 2000 cc,Other fuel types,Co. Galway,All years,Kilometres,14366
Average Kilometres Travelled,2022,All owners,1801 - 2000 cc,Other fuel types,Co. Kerry,All years,Kilometres,13543
Average Kilometres Travelled,2022,All owners,1801 - 2000 cc,Other fuel types,Co. Kildare,All years,Kilometres,13700
Average Kilometres Travelled,2022,All owners,1801 - 2000 cc,Other fuel types,Co. Kilkenny,All years,Kilometres,13557
Average Kilometres Travelled,2022,All owners,1801 - 2000 cc,Other fuel types,Co. Laois,All years,Kilometres,14261
Average Kilometres Travelled,2022,All owners,1801 - 2000 cc,Other fuel types,Co. Leitrim,All years,Kilometres,14601
Average Kilometres Travelled,2022,All owners,1801 - 2000 cc,Other fuel types,Co. Limerick,All years,Kilometres,13934
Average Kilometres Travelled,2022,All owners,1801 - 2000 cc,Other fuel types,Co. Longford,All years,Kilometres,13704
Average Kilometres Travelled,2022,All owners,1801 - 2000 cc,Other fuel types,Co. Louth,All years,Kilometres,13724
Average Kilometres Travelled,2022,All owners,1801 - 2000 cc,Other fuel types,Co. Mayo,All years,Kilometres,13574
Average Kilometres Travelled,2022,All owners,1801 - 2000 cc,Other fuel types,Co. Meath,All years,Kilometres,13728
Average Kilometres Travelled,2022,All owners,1801 - 2000 cc,Other fuel types,Co. Monaghan,All years,Kilometres,13755
Average Kilometres Travelled,2022,All owners,1801 - 2000 cc,Other fuel types,Co. Offaly,All years,Kilometres,14192
Average Kilometres Travelled,2022,All owners,1801 - 2000 cc,Other fuel types,Co. Roscommon,All years,Kilometres,14543
Average Kilometres Travelled,2022,All owners,1801 - 2000 cc,Other fuel types,Co. Sligo,All years,Kilometres,13304
Average Kilometres Travelled,2022,All owners,1801 - 2000 cc,Other fuel types,Co. Tipperary,All years,Kilometres,14095
Average Kilometres Travelled,2022,All owners,1801 - 2000 cc,Other fuel types,Co. Waterford,All years,Kilometres,13937
Average Kilometres Travelled,2022,All owners,1801 - 2000 cc,Other fuel types,Co. Westmeath,All years,Kilometres,14196
Average Kilometres Travelled,2022,All owners,1801 - 2000 cc,Other fuel types,Co. Wexford,All years,Kilometres,14402
Average Kilometres Travelled,2022,All owners,1801 - 2000 cc,Other fuel types,Co. Wicklow,All years,Kilometres,13795
Average Kilometres Travelled,2022,All owners,Over 2000 cc,Petrol,Co. Carlow,All years,Kilometres,10044
Average Kilometres Travelled,2022,All owners,Over 2000 cc,Petrol,Co. Cavan,All years,Kilometres,11241
Average Kilometres Travelled,2022,All owners,Over 2000 cc,Petrol,Co. Clare,All years,Kilometres,11334
Average Kilometres Travelled,2022,All owners,Over 2000 cc,Petrol,Co. Cork,All years,Kilometres,10372
Average Kilometres Travelled,2022,All owners,Over 2000 cc,Petrol,Co. Donegal,All years,Kilometres,10535
Average Kilometres Travelled,2022,All owners,Over 2000 cc,Petrol,Co. Dublin,All years,Kilometres,9161
Average Kilometres Travelled,2022,All owners,Over 2000 cc,Petrol,Co. Galway,All years,Kilometres,9995
Average Kilometres Travelled,2022,All owners,Over 2000 cc,Petrol,Co. Kerry,All years,Kilometres,10330
Average Kilometres Travelled,2022,All owners,Over 2000 cc,Petrol,Co. Kildare,All years,Kilometres,10728
Average Kilometres Travelled,2022,All owners,Over 2000 cc,Petrol,Co. Kilkenny,All years,Kilometres,12756
Average Kilometres Travelled,2022,All owners,Over 2000 cc,Petrol,Co. Laois,All years,Kilometres,15026
Average Kilometres Travelled,2022,All owners,Over 2000 cc,Petrol,Co. Leitrim,All years,Kilometres,12650
Average Kilometres Travelled,2022,All owners,Over 2000 cc,Petrol,Co. Limerick,All years,Kilometres,10279
Average Kilometres Travelled,2022,All owners,Over 2000 cc,Petrol,Co. Longford,All years,Kilometres,12484
Average Kilometres Travelled,2022,All owners,Over 2000 cc,Petrol,Co. Louth,All years,Kilometres,10430
Average Kilometres Travelled,2022,All owners,Over 2000 cc,Petrol,Co. Mayo,All years,Kilometres,11950
Average Kilometres Travelled,2022,All owners,Over 2000 cc,Petrol,Co. Meath,All years,Kilometres,11502
Average Kilometres Travelled,2022,All owners,Over 2000 cc,Petrol,Co. Monaghan,All years,Kilometres,13118
Average Kilometres Travelled,2022,All owners,Over 2000 cc,Petrol,Co. Offaly,All years,Kilometres,12484
Average Kilometres Travelled,2022,All owners,Over 2000 cc,Petrol,Co. Roscommon,All years,Kilometres,9323
Average Kilometres Travelled,2022,All owners,Over 2000 cc,Petrol,Co. Sligo,All years,Kilometres,8759
Average Kilometres Travelled,2022,All owners,Over 2000 cc,Petrol,Co. Tipperary,All years,Kilometres,10370
Average Kilometres Travelled,2022,All owners,Over 2000 cc,Petrol,Co. Waterford,All years,Kilometres,11001
Average Kilometres Travelled,2022,All owners,Over 2000 cc,Petrol,Co. Westmeath,All years,Kilometres,9879
Average Kilometres Travelled,2022,All owners,Over 2000 cc,Petrol,Co. Wexford,All years,Kilometres,10960
Average Kilometres Travelled,2022,All owners,Over 2000 cc,Petrol,Co. Wicklow,All years,Kilometres,10150
Average Kilometres Travelled,2022,All owners,Over 2000 cc,Diesel,Co. Carlow,All years,Kilometres,18956
Average Kilometres Travelled,2022,All owners,Over 2000 cc,Diesel,Co. Cavan,All years,Kilometres,19789
Average Kilometres Travelled,2022,All owners,Over 2000 cc,Diesel,Co. Clare,All years,Kilometres,19164
Average Kilometres Travelled,2022,All owners,Over 2000 cc,Diesel,Co. Cork,All years,Kilometres,17709
Average Kilometres Travelled,2022,All owners,Over 2000 cc,Diesel,Co. Donegal,All years,Kilometres,18440
Average Kilometres Travelled,2022,All owners,Over 2000 cc,Diesel,Co. Dublin,All years,Kilometres,15229
Average Kilometres Travelled,2022,All owners,Over 2000 cc,Diesel,Co. Galway,All years,Kilometres,18938
Average Kilometres Travelled,2022,All owners,Over 2000 cc,Diesel,Co. Kerry,All years,Kilometres,18374
Average Kilometres Travelled,2022,All owners,Over 2000 cc,Diesel,Co. Kildare,All years,Kilometres,18641
Average Kilometres Travelled,2022,All owners,Over 2000 cc,Diesel,Co. Kilkenny,All years,Kilometres,19441
Average Kilometres Travelled,2022,All owners,Over 2000 cc,Diesel,Co. Laois,All years,Kilometres,19949
Average Kilometres Travelled,2022,All owners,Over 2000 cc,Diesel,Co. Leitrim,All years,Kilometres,19905
Average Kilometres Travelled,2022,All owners,Over 2000 cc,Diesel,Co. Limerick,All years,Kilometres,18897
Average Kilometres Travelled,2022,All owners,Over 2000 cc,Diesel,Co. Longford,All years,Kilometres,20509
Average Kilometres Travelled,2022,All owners,Over 2000 cc,Diesel,Co. Louth,All years,Kilometres,18775
Average Kilometres Travelled,2022,All owners,Over 2000 cc,Diesel,Co. Mayo,All years,Kilometres,19256
Average Kilometres Travelled,2022,All owners,Over 2000 cc,Diesel,Co. Meath,All years,Kilometres,18437
Average Kilometres Travelled,2022,All owners,Over 2000 cc,Diesel,Co. Monaghan,All years,Kilometres,19826
Average Kilometres Travelled,2022,All owners,Over 2000 cc,Diesel,Co. Offaly,All years,Kilometres,20076
Average Kilometres Travelled,2022,All owners,Over 2000 cc,Diesel,Co. Roscommon,All years,Kilometres,20484
Average Kilometres Travelled,2022,All owners,Over 2000 cc,Diesel,Co. Sligo,All years,Kilometres,19117
Average Kilometres Travelled,2022,All owners,Over 2000 cc,Diesel,Co. Tipperary,All years,Kilometres,20088
Average Kilometres Travelled,2022,All owners,Over 2000 cc,Diesel,Co. Waterford,All years,Kilometres,17781
Average Kilometres Travelled,2022,All owners,Over 2000 cc,Diesel,Co. Westmeath,All years,Kilometres,20190
Average Kilometres Travelled,2022,All owners,Over 2000 cc,Diesel,Co. Wexford,All years,Kilometres,19129
Average Kilometres Travelled,2022,All owners,Over 2000 cc,Diesel,Co. Wicklow,All years,Kilometres,17564
Average Kilometres Travelled,2022,All owners,Over 2000 cc,Other fuel types,Co. Carlow,All years,Kilometres,14216
Average Kilometres Travelled,2022,All owners,Over 2000 cc,Other fuel types,Co. Cavan,All years,Kilometres,14036
Average Kilometres Travelled,2022,All owners,Over 2000 cc,Other fuel types,Co. Clare,All years,Kilometres,13980
Average Kilometres Travelled,2022,All owners,Over 2000 cc,Other fuel types,Co. Cork,All years,Kilometres,14053
Average Kilometres Travelled,2022,All owners,Over 2000 cc,Other fuel types,Co. Donegal,All years,Kilometres,14124
Average Kilometres Travelled,2022,All owners,Over 2000 cc,Other fuel types,Co. Dublin,All years,Kilometres,13266
Average Kilometres Travelled,2022,All owners,Over 2000 cc,Other fuel types,Co. Galway,All years,Kilometres,14493
Average Kilometres Travelled,2022,All owners,Over 2000 cc,Other fuel types,Co. Kerry,All years,Kilometres,14447
Average Kilometres Travelled,2022,All owners,Over 2000 cc,Other fuel types,Co. Kildare,All years,Kilometres,14013
Average Kilometres Travelled,2022,All owners,Over 2000 cc,Other fuel types,Co. Kilkenny,All years,Kilometres,13890
Average Kilometres Travelled,2022,All owners,Over 2000 cc,Other fuel types,Co. Laois,All years,Kilometres,14226
Average Kilometres Travelled,2022,All owners,Over 2000 cc,Other fuel types,Co. Leitrim,All years,Kilometres,15723
Average Kilometres Travelled,2022,All owners,Over 2000 cc,Other fuel types,Co. Limerick,All years,Kilometres,14201
Average Kilometres Travelled,2022,All owners,Over 2000 cc,Other fuel types,Co. Longford,All years,Kilometres,13994
Average Kilometres Travelled,2022,All owners,Over 2000 cc,Other fuel types,Co. Louth,All years,Kilometres,14276
Average Kilometres Travelled,2022,All owners,Over 2000 cc,Other fuel types,Co. Mayo,All years,Kilometres,14848
Average Kilometres Travelled,2022,All owners,Over 2000 cc,Other fuel types,Co. Meath,All years,Kilometres,14426
Average Kilometres Travelled,2022,All owners,Over 2000 cc,Other fuel types,Co. Monaghan,All years,Kilometres,13708
Average Kilometres Travelled,2022,All owners,Over 2000 cc,Other fuel types,Co. Offaly,All years,Kilometres,14676
Average Kilometres Travelled,2022,All owners,Over 2000 cc,Other fuel types,Co. Roscommon,All years,Kilometres,14311
Average Kilometres Travelled,2022,All owners,Over 2000 cc,Other fuel types,Co. Sligo,All years,Kilometres,13941
Average Kilometres Travelled,2022,All owners,Over 2000 cc,Other fuel types,Co. Tipperary,All years,Kilometres,14635
Average Kilometres Travelled,2022,All owners,Over 2000 cc,Other fuel types,Co. Waterford,All years,Kilometres,14440
Average Kilometres Travelled,2022,All owners,Over 2000 cc,Other fuel types,Co. Westmeath,All years,Kilometres,14825
Average Kilometres Travelled,2022,All owners,Over 2000 cc,Other fuel types,Co. Wexford,All years,Kilometres,14199
Average Kilometres Travelled,2022,All owners,Over 2000 cc,Other fuel types,Co. Wicklow,All years,Kilometres,14143
Average Kilometres Travelled,2023,All owners,Up to 1000 cc,Petrol,Co. Carlow,All years,Kilometres,12314
Average Kilometres Travelled,2023,All owners,Up to 1000 cc,Petrol,Co. Cavan,All years,Kilometres,12785
Average Kilometres Travelled,2023,All owners,Up to 1000 cc,Petrol,Co. Clare,All years,Kilometres,12519
Average Kilometres Travelled,2023,All owners,Up to 1000 cc,Petrol,Co. Cork,All years,Kilometres,11667
Average Kilometres Travelled,2023,All owners,Up to 1000 cc,Petrol,Co. Donegal,All years,Kilometres,12634
Average Kilometres Travelled,2023,All owners,Up to 1000 cc,Petrol,Co. Dublin,All years,Kilometres,9864
Average Kilometres Travelled,2023,All owners,Up to 1000 cc,Petrol,Co. Galway,All years,Kilometres,12122
Average Kilometres Travelled,2023,All owners,Up to 1000 cc,Petrol,Co. Kerry,All years,Kilometres,12145
Average Kilometres Travelled,2023,All owners,Up to 1000 cc,Petrol,Co. Kildare,All years,Kilometres,12044
Average Kilometres Travelled,2023,All owners,Up to 1000 cc,Petrol,Co. Kilkenny,All years,Kilometres,12412
Average Kilometres Travelled,2023,All owners,Up to 1000 cc,Petrol,Co. Laois,All years,Kilometres,12579
Average Kilometres Travelled,2023,All owners,Up to 1000 cc,Petrol,Co. Leitrim,All years,Kilometres,12746
Average Kilometres Travelled,2023,All owners,Up to 1000 cc,Petrol,Co. Limerick,All years,Kilometres,11987
Average Kilometres Travelled,2023,All owners,Up to 1000 cc,Petrol,Co. Longford,All years,Kilometres,12457
Average Kilometres Travelled,2023,All owners,Up to 1000 cc,Petrol,Co. Louth,All years,Kilometres,11664
Average Kilometres Travelled,2023,All owners,Up to 1000 cc,Petrol,Co. Mayo,All years,Kilometres,12023
Average Kilometres Travelled,2023,All owners,Up to 1000 cc,Petrol,Co. Meath,All years,Kilometres,12429
Average Kilometres Travelled,2023,All owners,Up to 1000 cc,Petrol,Co. Monaghan,All years,Kilometres,12381
Average Kilometres Travelled,2023,All owners,Up to 1000 cc,Petrol,Co. Offaly,All years,Kilometres,12312
Average Kilometres Travelled,2023,All owners,Up to 1000 cc,Petrol,Co. Roscommon,All years,Kilometres,19306
Average Kilometres Travelled,2023,All owners,Up to 1000 cc,Petrol,Co. Sligo,All years,Kilometres,11984
Average Kilometres Travelled,2023,All owners,Up to 1000 cc,Petrol,Co. Tipperary,All years,Kilometres,12186
Average Kilometres Travelled,2023,All owners,Up to 1000 cc,Petrol,Co. Waterford,All years,Kilometres,11946
Average Kilometres Travelled,2023,All owners,Up to 1000 cc,Petrol,Co. Westmeath,All years,Kilometres,12226
Average Kilometres Travelled,2023,All owners,Up to 1000 cc,Petrol,Co. Wexford,All years,Kilometres,12770
Average Kilometres Travelled,2023,All owners,Up to 1000 cc,Petrol,Co. Wicklow,All years,Kilometres,11676
Average Kilometres Travelled,2023,All owners,Up to 1000 cc,Diesel,Co. Carlow,All years,Kilometres,0
Average Kilometres Travelled,2023,All owners,Up to 1000 cc,Diesel,Co. Cavan,All years,Kilometres,20892
Average Kilometres Travelled,2023,All owners,Up to 1000 cc,Diesel,Co. Clare,All years,Kilometres,12274
Average Kilometres Travelled,2023,All owners,Up to 1000 cc,Diesel,Co. Cork,All years,Kilometres,16374
Average Kilometres Travelled,2023,All owners,Up to 1000 cc,Diesel,Co. Donegal,All years,Kilometres,18425
Average Kilometres Travelled,2023,All owners,Up to 1000 cc,Diesel,Co. Dublin,All years,Kilometres,17687
Average Kilometres Travelled,2023,All owners,Up to 1000 cc,Diesel,Co. Galway,All years,Kilometres,20145
Average Kilometres Travelled,2023,All owners,Up to 1000 cc,Diesel,Co. Kerry,All years,Kilometres,18740
Average Kilometres Travelled,2023,All owners,Up to 1000 cc,Diesel,Co. Kildare,All years,Kilometres,9462
Average Kilometres Travelled,2023,All owners,Up to 1000 cc,Diesel,Co. Kilkenny,All years,Kilometres,20715
Average Kilometres Travelled,2023,All owners,Up to 1000 cc,Diesel,Co. Laois,All years,Kilometres,21115
Average Kilometres Travelled,2023,All owners,Up to 1000 cc,Diesel,Co. Leitrim,All years,Kilometres,0
Average Kilometres Travelled,2023,All owners,Up to 1000 cc,Diesel,Co. Limerick,All years,Kilometres,10064
Average Kilometres Travelled,2023,All owners,Up to 1000 cc,Diesel,Co. Longford,All years,Kilometres,22463
Average Kilometres Travelled,2023,All owners,Up to 1000 cc,Diesel,Co. Louth,All years,Kilometres,20142
Average Kilometres Travelled,2023,All owners,Up to 1000 cc,Diesel,Co. Mayo,All years,Kilometres,19650
Average Kilometres Travelled,2023,All owners,Up to 1000 cc,Diesel,Co. Meath,All years,Kilometres,18713
Average Kilometres Travelled,2023,All owners,Up to 1000 cc,Diesel,Co. Monaghan,All years,Kilometres,21476
Average Kilometres Travelled,2023,All owners,Up to 1000 cc,Diesel,Co. Offaly,All years,Kilometres,20536
Average Kilometres Travelled,2023,All owners,Up to 1000 cc,Diesel,Co. Roscommon,All years,Kilometres,20508
Average Kilometres Travelled,2023,All owners,Up to 1000 cc,Diesel,Co. Sligo,All years,Kilometres,0
Average Kilometres Travelled,2023,All owners,Up to 1000 cc,Diesel,Co. Tipperary,All years,Kilometres,23409
Average Kilometres Travelled,2023,All owners,Up to 1000 cc,Diesel,Co. Waterford,All years,Kilometres,16214
Average Kilometres Travelled,2023,All owners,Up to 1000 cc,Diesel,Co. Westmeath,All years,Kilometres,15748
Average Kilometres Travelled,2023,All owners,Up to 1000 cc,Diesel,Co. Wexford,All years,Kilometres,17656
Average Kilometres Travelled,2023,All owners,Up to 1000 cc,Diesel,Co. Wicklow,All years,Kilometres,23311
Average Kilometres Travelled,2023,All owners,Up to 1000 cc,Other fuel types,Co. Carlow,All years,Kilometres,13998
Average Kilometres Travelled,2023,All owners,Up to 1000 cc,Other fuel types,Co. Cavan,All years,Kilometres,14702
Average Kilometres Travelled,2023,All owners,Up to 1000 cc,Other fuel types,Co. Clare,All years,Kilometres,14540
Average Kilometres Travelled,2023,All owners,Up to 1000 cc,Other fuel types,Co. Cork,All years,Kilometres,14305
Average Kilometres Travelled,2023,All owners,Up to 1000 cc,Other fuel types,Co. Donegal,All years,Kilometres,14061
Average Kilometres Travelled,2023,All owners,Up to 1000 cc,Other fuel types,Co. Dublin,All years,Kilometres,14032
Average Kilometres Travelled,2023,All owners,Up to 1000 cc,Other fuel types,Co. Galway,All years,Kilometres,14156
Average Kilometres Travelled,2023,All owners,Up to 1000 cc,Other fuel types,Co. Kerry,All years,Kilometres,14260
Average Kilometres Travelled,2023,All owners,Up to 1000 cc,Other fuel types,Co. Kildare,All years,Kilometres,14237
Average Kilometres Travelled,2023,All owners,Up to 1000 cc,Other fuel types,Co. Kilkenny,All years,Kilometres,14296
Average Kilometres Travelled,2023,All owners,Up to 1000 cc,Other fuel types,Co. Laois,All years,Kilometres,14769
Average Kilometres Travelled,2023,All owners,Up to 1000 cc,Other fuel types,Co. Leitrim,All years,Kilometres,14737
Average Kilometres Travelled,2023,All owners,Up to 1000 cc,Other fuel types,Co. Limerick,All years,Kilometres,14170
Average Kilometres Travelled,2023,All owners,Up to 1000 cc,Other fuel types,Co. Longford,All years,Kilometres,15006
Average Kilometres Travelled,2023,All owners,Up to 1000 cc,Other fuel types,Co. Louth,All years,Kilometres,14274
Average Kilometres Travelled,2023,All owners,Up to 1000 cc,Other fuel types,Co. Mayo,All years,Kilometres,14355
Average Kilometres Travelled,2023,All owners,Up to 1000 cc,Other fuel types,Co. Meath,All years,Kilometres,14360
Average Kilometres Travelled,2023,All owners,Up to 1000 cc,Other fuel types,Co. Monaghan,All years,Kilometres,14371
Average Kilometres Travelled,2023,All owners,Up to 1000 cc,Other fuel types,Co. Offaly,All years,Kilometres,14272
Average Kilometres Travelled,2023,All owners,Up to 1000 cc,Other fuel types,Co. Roscommon,All years,Kilometres,14308
Average Kilometres Travelled,2023,All owners,Up to 1000 cc,Other fuel types,Co. Sligo,All years,Kilometres,14433
Average Kilometres Travelled,2023,All owners,Up to 1000 cc,Other fuel types,Co. Tipperary,All years,Kilometres,14144
Average Kilometres Travelled,2023,All owners,Up to 1000 cc,Other fuel types,Co. Waterford,All years,Kilometres,13994
Average Kilometres Travelled,2023,All owners,Up to 1000 cc,Other fuel types,Co. Westmeath,All years,Kilometres,14372
Average Kilometres Travelled,2023,All owners,Up to 1000 cc,Other fuel types,Co. Wexford,All years,Kilometres,14236
Average Kilometres Travelled,2023,All owners,Up to 1000 cc,Other fuel types,Co. Wicklow,All years,Kilometres,14207
Average Kilometres Travelled,2023,All owners,1001 - 1200 cc,Petrol,Co. Carlow,All years,Kilometres,12245
Average Kilometres Travelled,2023,All owners,1001 - 1200 cc,Petrol,Co. Cavan,All years,Kilometres,12424
Average Kilometres Travelled,2023,All owners,1001 - 1200 cc,Petrol,Co. Clare,All years,Kilometres,12427
Average Kilometres Travelled,2023,All owners,1001 - 1200 cc,Petrol,Co. Cork,All years,Kilometres,11363
Average Kilometres Travelled,2023,All owners,1001 - 1200 cc,Petrol,Co. Donegal,All years,Kilometres,12589
Average Kilometres Travelled,2023,All owners,1001 - 1200 cc,Petrol,Co. Dublin,All years,Kilometres,9459
Average Kilometres Travelled,2023,All owners,1001 - 1200 cc,Petrol,Co. Galway,All years,Kilometres,11722
Average Kilometres Travelled,2023,All owners,1001 - 1200 cc,Petrol,Co. Kerry,All years,Kilometres,11950
Average Kilometres Travelled,2023,All owners,1001 - 1200 cc,Petrol,Co. Kildare,All years,Kilometres,11857
Average Kilometres Travelled,2023,All owners,1001 - 1200 cc,Petrol,Co. Kilkenny,All years,Kilometres,11675
Average Kilometres Travelled,2023,All owners,1001 - 1200 cc,Petrol,Co. Laois,All years,Kilometres,12483
Average Kilometres Travelled,2023,All owners,1001 - 1200 cc,Petrol,Co. Leitrim,All years,Kilometres,12301
Average Kilometres Travelled,2023,All owners,1001 - 1200 cc,Petrol,Co. Limerick,All years,Kilometres,11898
Average Kilometres Travelled,2023,All owners,1001 - 1200 cc,Petrol,Co. Longford,All years,Kilometres,12508
Average Kilometres Travelled,2023,All owners,1001 - 1200 cc,Petrol,Co. Louth,All years,Kilometres,11547
Average Kilometres Travelled,2023,All owners,1001 - 1200 cc,Petrol,Co. Mayo,All years,Kilometres,12188
Average Kilometres Travelled,2023,All owners,1001 - 1200 cc,Petrol,Co. Meath,All years,Kilometres,12138
Average Kilometres Travelled,2023,All owners,1001 - 1200 cc,Petrol,Co. Monaghan,All years,Kilometres,12991
Average Kilometres Travelled,2023,All owners,1001 - 1200 cc,Petrol,Co. Offaly,All years,Kilometres,12676
Average Kilometres Travelled,2023,All owners,1001 - 1200 cc,Petrol,Co. Roscommon,All years,Kilometres,15920
Average Kilometres Travelled,2023,All owners,1001 - 1200 cc,Petrol,Co. Sligo,All years,Kilometres,11653
Average Kilometres Travelled,2023,All owners,1001 - 1200 cc,Petrol,Co. Tipperary,All years,Kilometres,12373
Average Kilometres Travelled,2023,All owners,1001 - 1200 cc,Petrol,Co. Waterford,All years,Kilometres,11755
Average Kilometres Travelled,2023,All owners,1001 - 1200 cc,Petrol,Co. Westmeath,All years,Kilometres,11780
Average Kilometres Travelled,2023,All owners,1001 - 1200 cc,Petrol,Co. Wexford,All years,Kilometres,12111
Average Kilometres Travelled,2023,All owners,1001 - 1200 cc,Petrol,Co. Wicklow,All years,Kilometres,11271
Average Kilometres Travelled,2023,All owners,1001 - 1200 cc,Diesel,Co. Carlow,All years,Kilometres,16040
Average Kilometres Travelled,2023,All owners,1001 - 1200 cc,Diesel,Co. Cavan,All years,Kilometres,16554
Average Kilometres Travelled,2023,All owners,1001 - 1200 cc,Diesel,Co. Clare,All years,Kilometres,16715
Average Kilometres Travelled,2023,All owners,1001 - 1200 cc,Diesel,Co. Cork,All years,Kilometres,14863
Average Kilometres Travelled,2023,All owners,1001 - 1200 cc,Diesel,Co. Donegal,All years,Kilometres,16636
Average Kilometres Travelled,2023,All owners,1001 - 1200 cc,Diesel,Co. Dublin,All years,Kilometres,11942
Average Kilometres Travelled,2023,All owners,1001 - 1200 cc,Diesel,Co. Galway,All years,Kilometres,15780
Average Kilometres Travelled,2023,All owners,1001 - 1200 cc,Diesel,Co. Kerry,All years,Kilometres,15270
Average Kilometres Travelled,2023,All owners,1001 - 1200 cc,Diesel,Co. Kildare,All years,Kilometres,15348
Average Kilometres Travelled,2023,All owners,1001 - 1200 cc,Diesel,Co. Kilkenny,All years,Kilometres,16595
Average Kilometres Travelled,2023,All owners,1001 - 1200 cc,Diesel,Co. Laois,All years,Kilometres,16429
Average Kilometres Travelled,2023,All owners,1001 - 1200 cc,Diesel,Co. Leitrim,All years,Kilometres,17852
Average Kilometres Travelled,2023,All owners,1001 - 1200 cc,Diesel,Co. Limerick,All years,Kilometres,15582
Average Kilometres Travelled,2023,All owners,1001 - 1200 cc,Diesel,Co. Longford,All years,Kilometres,17631
Average Kilometres Travelled,2023,All owners,1001 - 1200 cc,Diesel,Co. Louth,All years,Kilometres,14287
Average Kilometres Travelled,2023,All owners,1001 - 1200 cc,Diesel,Co. Mayo,All years,Kilometres,15098
Average Kilometres Travelled,2023,All owners,1001 - 1200 cc,Diesel,Co. Meath,All years,Kilometres,14674
Average Kilometres Travelled,2023,All owners,1001 - 1200 cc,Diesel,Co. Monaghan,All years,Kilometres,14612
Average Kilometres Travelled,2023,All owners,1001 - 1200 cc,Diesel,Co. Offaly,All years,Kilometres,16362
Average Kilometres Travelled,2023,All owners,1001 - 1200 cc,Diesel,Co. Roscommon,All years,Kilometres,15321
Average Kilometres Travelled,2023,All owners,1001 - 1200 cc,Diesel,Co. Sligo,All years,Kilometres,14397
Average Kilometres Travelled,2023,All owners,1001 - 1200 cc,Diesel,Co. Tipperary,All years,Kilometres,15985
Average Kilometres Travelled,2023,All owners,1001 - 1200 cc,Diesel,Co. Waterford,All years,Kilometres,15634
Average Kilometres Travelled,2023,All owners,1001 - 1200 cc,Diesel,Co. Westmeath,All years,Kilometres,16438
Average Kilometres Travelled,2023,All owners,1001 - 1200 cc,Diesel,Co. Wexford,All years,Kilometres,16150
Average Kilometres Travelled,2023,All owners,1001 - 1200 cc,Diesel,Co. Wicklow,All years,Kilometres,15441
Average Kilometres Travelled,2023,All owners,1001 - 1200 cc,Other fuel types,Co. Carlow,All years,Kilometres,10384
Average Kilometres Travelled,2023,All owners,1001 - 1200 cc,Other fuel types,Co. Cavan,All years,Kilometres,9613
Average Kilometres Travelled,2023,All owners,1001 - 1200 cc,Other fuel types,Co. Clare,All years,Kilometres,10968
Average Kilometres Travelled,2023,All owners,1001 - 1200 cc,Other fuel types,Co. Cork,All years,Kilometres,9220
Average Kilometres Travelled,2023,All owners,1001 - 1200 cc,Other fuel types,Co. Donegal,All years,Kilometres,11540
Average Kilometres Travelled,2023,All owners,1001 - 1200 cc,Other fuel types,Co. Dublin,All years,Kilometres,8147
Average Kilometres Travelled,2023,All owners,1001 - 1200 cc,Other fuel types,Co. Galway,All years,Kilometres,10699
Average Kilometres Travelled,2023,All owners,1001 - 1200 cc,Other fuel types,Co. Kerry,All years,Kilometres,10132
Average Kilometres Travelled,2023,All owners,1001 - 1200 cc,Other fuel types,Co. Kildare,All years,Kilometres,9618
Average Kilometres Travelled,2023,All owners,1001 - 1200 cc,Other fuel types,Co. Kilkenny,All years,Kilometres,11561
Average Kilometres Travelled,2023,All owners,1001 - 1200 cc,Other fuel types,Co. Laois,All years,Kilometres,12052
Average Kilometres Travelled,2023,All owners,1001 - 1200 cc,Other fuel types,Co. Leitrim,All years,Kilometres,12613
Average Kilometres Travelled,2023,All owners,1001 - 1200 cc,Other fuel types,Co. Limerick,All years,Kilometres,10090
Average Kilometres Travelled,2023,All owners,1001 - 1200 cc,Other fuel types,Co. Longford,All years,Kilometres,13289
Average Kilometres Travelled,2023,All owners,1001 - 1200 cc,Other fuel types,Co. Louth,All years,Kilometres,10214
Average Kilometres Travelled,2023,All owners,1001 - 1200 cc,Other fuel types,Co. Mayo,All years,Kilometres,11001
Average Kilometres Travelled,2023,All owners,1001 - 1200 cc,Other fuel types,Co. Meath,All years,Kilometres,11115
Average Kilometres Travelled,2023,All owners,1001 - 1200 cc,Other fuel types,Co. Monaghan,All years,Kilometres,10773
Average Kilometres Travelled,2023,All owners,1001 - 1200 cc,Other fuel types,Co. Offaly,All years,Kilometres,10549
Average Kilometres Travelled,2023,All owners,1001 - 1200 cc,Other fuel types,Co. Roscommon,All years,Kilometres,10266
Average Kilometres Travelled,2023,All owners,1001 - 1200 cc,Other fuel types,Co. Sligo,All years,Kilometres,10193
Average Kilometres Travelled,2023,All owners,1001 - 1200 cc,Other fuel types,Co. Tipperary,All years,Kilometres,11080
Average Kilometres Travelled,2023,All owners,1001 - 1200 cc,Other fuel types,Co. Waterford,All years,Kilometres,9959
Average Kilometres Travelled,2023,All owners,1001 - 1200 cc,Other fuel types,Co. Westmeath,All years,Kilometres,9822
Average Kilometres Travelled,2023,All owners,1001 - 1200 cc,Other fuel types,Co. Wexford,All years,Kilometres,11150
Average Kilometres Travelled,2023,All owners,1001 - 1200 cc,Other fuel types,Co. Wicklow,All years,Kilometres,10994
Average Kilometres Travelled,2023,All owners,1201 - 1400 cc,Petrol,Co. Carlow,All years,Kilometres,11530
Average Kilometres Travelled,2023,All owners,1201 - 1400 cc,Petrol,Co. Cavan,All years,Kilometres,11803
Average Kilometres Travelled,2023,All owners,1201 - 1400 cc,Petrol,Co. Clare,All years,Kilometres,11946
Average Kilometres Travelled,2023,All owners,1201 - 1400 cc,Petrol,Co. Cork,All years,Kilometres,10845
Average Kilometres Travelled,2023,All owners,1201 - 1400 cc,Petrol,Co. Donegal,All years,Kilometres,11942
Average Kilometres Travelled,2023,All owners,1201 - 1400 cc,Petrol,Co. Dublin,All years,Kilometres,8915
Average Kilometres Travelled,2023,All owners,1201 - 1400 cc,Petrol,Co. Galway,All years,Kilometres,11515
Average Kilometres Travelled,2023,All owners,1201 - 1400 cc,Petrol,Co. Kerry,All years,Kilometres,11466
Average Kilometres Travelled,2023,All owners,1201 - 1400 cc,Petrol,Co. Kildare,All years,Kilometres,11386
Average Kilometres Travelled,2023,All owners,1201 - 1400 cc,Petrol,Co. Kilkenny,All years,Kilometres,11833
Average Kilometres Travelled,2023,All owners,1201 - 1400 cc,Petrol,Co. Laois,All years,Kilometres,11851
Average Kilometres Travelled,2023,All owners,1201 - 1400 cc,Petrol,Co. Leitrim,All years,Kilometres,12891
Average Kilometres Travelled,2023,All owners,1201 - 1400 cc,Petrol,Co. Limerick,All years,Kilometres,11202
Average Kilometres Travelled,2023,All owners,1201 - 1400 cc,Petrol,Co. Longford,All years,Kilometres,12162
Average Kilometres Travelled,2023,All owners,1201 - 1400 cc,Petrol,Co. Louth,All years,Kilometres,11017
Average Kilometres Travelled,2023,All owners,1201 - 1400 cc,Petrol,Co. Mayo,All years,Kilometres,11566
Average Kilometres Travelled,2023,All owners,1201 - 1400 cc,Petrol,Co. Meath,All years,Kilometres,11716
Average Kilometres Travelled,2023,All owners,1201 - 1400 cc,Petrol,Co. Monaghan,All years,Kilometres,11638
Average Kilometres Travelled,2023,All owners,1201 - 1400 cc,Petrol,Co. Offaly,All years,Kilometres,11925
Average Kilometres Travelled,2023,All owners,1201 - 1400 cc,Petrol,Co. Roscommon,All years,Kilometres,14502
Average Kilometres Travelled,2023,All owners,1201 - 1400 cc,Petrol,Co. Sligo,All years,Kilometres,11477
Average Kilometres Travelled,2023,All owners,1201 - 1400 cc,Petrol,Co. Tipperary,All years,Kilometres,11722
Average Kilometres Travelled,2023,All owners,1201 - 1400 cc,Petrol,Co. Waterford,All years,Kilometres,11206
Average Kilometres Travelled,2023,All owners,1201 - 1400 cc,Petrol,Co. Westmeath,All years,Kilometres,11936
Average Kilometres Travelled,2023,All owners,1201 - 1400 cc,Petrol,Co. Wexford,All years,Kilometres,11758
Average Kilometres Travelled,2023,All owners,1201 - 1400 cc,Petrol,Co. Wicklow,All years,Kilometres,11206
Average Kilometres Travelled,2023,All owners,1201 - 1400 cc,Diesel,Co. Carlow,All years,Kilometres,16228
Average Kilometres Travelled,2023,All owners,1201 - 1400 cc,Diesel,Co. Cavan,All years,Kilometres,16739
Average Kilometres Travelled,2023,All owners,1201 - 1400 cc,Diesel,Co. Clare,All years,Kilometres,16760
Average Kilometres Travelled,2023,All owners,1201 - 1400 cc,Diesel,Co. Cork,All years,Kilometres,15256
Average Kilometres Travelled,2023,All owners,1201 - 1400 cc,Diesel,Co. Donegal,All years,Kilometres,15567
Average Kilometres Travelled,2023,All owners,1201 - 1400 cc,Diesel,Co. Dublin,All years,Kilometres,12230
Average Kilometres Travelled,2023,All owners,1201 - 1400 cc,Diesel,Co. Galway,All years,Kilometres,16323
Average Kilometres Travelled,2023,All owners,1201 - 1400 cc,Diesel,Co. Kerry,All years,Kilometres,15739
Average Kilometres Travelled,2023,All owners,1201 - 1400 cc,Diesel,Co. Kildare,All years,Kilometres,15442
Average Kilometres Travelled,2023,All owners,1201 - 1400 cc,Diesel,Co. Kilkenny,All years,Kilometres,16240
Average Kilometres Travelled,2023,All owners,1201 - 1400 cc,Diesel,Co. Laois,All years,Kilometres,16488
Average Kilometres Travelled,2023,All owners,1201 - 1400 cc,Diesel,Co. Leitrim,All years,Kilometres,16907
Average Kilometres Travelled,2023,All owners,1201 - 1400 cc,Diesel,Co. Limerick,All years,Kilometres,16391
Average Kilometres Travelled,2023,All owners,1201 - 1400 cc,Diesel,Co. Longford,All years,Kilometres,16588
Average Kilometres Travelled,2023,All owners,1201 - 1400 cc,Diesel,Co. Louth,All years,Kilometres,15013
Average Kilometres Travelled,2023,All owners,1201 - 1400 cc,Diesel,Co. Mayo,All years,Kilometres,15918
Average Kilometres Travelled,2023,All owners,1201 - 1400 cc,Diesel,Co. Meath,All years,Kilometres,15485
Average Kilometres Travelled,2023,All owners,1201 - 1400 cc,Diesel,Co. Monaghan,All years,Kilometres,15555
Average Kilometres Travelled,2023,All owners,1201 - 1400 cc,Diesel,Co. Offaly,All years,Kilometres,16697
Average Kilometres Travelled,2023,All owners,1201 - 1400 cc,Diesel,Co. Roscommon,All years,Kilometres,17330
Average Kilometres Travelled,2023,All owners,1201 - 1400 cc,Diesel,Co. Sligo,All years,Kilometres,15640
Average Kilometres Travelled,2023,All owners,1201 - 1400 cc,Diesel,Co. Tipperary,All years,Kilometres,16165
Average Kilometres Travelled,2023,All owners,1201 - 1400 cc,Diesel,Co. Waterford,All years,Kilometres,15490
Average Kilometres Travelled,2023,All owners,1201 - 1400 cc,Diesel,Co. Westmeath,All years,Kilometres,16213
Average Kilometres Travelled,2023,All owners,1201 - 1400 cc,Diesel,Co. Wexford,All years,Kilometres,15907
Average Kilometres Travelled,2023,All owners,1201 - 1400 cc,Diesel,Co. Wicklow,All years,Kilometres,15435
Average Kilometres Travelled,2023,All owners,1201 - 1400 cc,Other fuel types,Co. Carlow,All years,Kilometres,13542
Average Kilometres Travelled,2023,All owners,1201 - 1400 cc,Other fuel types,Co. Cavan,All years,Kilometres,13056
Average Kilometres Travelled,2023,All owners,1201 - 1400 cc,Other fuel types,Co. Clare,All years,Kilometres,13300
Average Kilometres Travelled,2023,All owners,1201 - 1400 cc,Other fuel types,Co. Cork,All years,Kilometres,13083
Average Kilometres Travelled,2023,All owners,1201 - 1400 cc,Other fuel types,Co. Donegal,All years,Kilometres,13635
Average Kilometres Travelled,2023,All owners,1201 - 1400 cc,Other fuel types,Co. Dublin,All years,Kilometres,12135
Average Kilometres Travelled,2023,All owners,1201 - 1400 cc,Other fuel types,Co. Galway,All years,Kilometres,14106
Average Kilometres Travelled,2023,All owners,1201 - 1400 cc,Other fuel types,Co. Kerry,All years,Kilometres,12741
Average Kilometres Travelled,2023,All owners,1201 - 1400 cc,Other fuel types,Co. Kildare,All years,Kilometres,13495
Average Kilometres Travelled,2023,All owners,1201 - 1400 cc,Other fuel types,Co. Kilkenny,All years,Kilometres,14782
Average Kilometres Travelled,2023,All owners,1201 - 1400 cc,Other fuel types,Co. Laois,All years,Kilometres,13503
Average Kilometres Travelled,2023,All owners,1201 - 1400 cc,Other fuel types,Co. Leitrim,All years,Kilometres,16190
Average Kilometres Travelled,2023,All owners,1201 - 1400 cc,Other fuel types,Co. Limerick,All years,Kilometres,13677
Average Kilometres Travelled,2023,All owners,1201 - 1400 cc,Other fuel types,Co. Longford,All years,Kilometres,12785
Average Kilometres Travelled,2023,All owners,1201 - 1400 cc,Other fuel types,Co. Louth,All years,Kilometres,13615
Average Kilometres Travelled,2023,All owners,1201 - 1400 cc,Other fuel types,Co. Mayo,All years,Kilometres,13032
Average Kilometres Travelled,2023,All owners,1201 - 1400 cc,Other fuel types,Co. Meath,All years,Kilometres,14223
Average Kilometres Travelled,2023,All owners,1201 - 1400 cc,Other fuel types,Co. Monaghan,All years,Kilometres,13887
Average Kilometres Travelled,2023,All owners,1201 - 1400 cc,Other fuel types,Co. Offaly,All years,Kilometres,13357
Average Kilometres Travelled,2023,All owners,1201 - 1400 cc,Other fuel types,Co. Roscommon,All years,Kilometres,13230
Average Kilometres Travelled,2023,All owners,1201 - 1400 cc,Other fuel types,Co. Sligo,All years,Kilometres,14860
Average Kilometres Travelled,2023,All owners,1201 - 1400 cc,Other fuel types,Co. Tipperary,All years,Kilometres,13643
Average Kilometres Travelled,2023,All owners,1201 - 1400 cc,Other fuel types,Co. Waterford,All years,Kilometres,12743
Average Kilometres Travelled,2023,All owners,1201 - 1400 cc,Other fuel types,Co. Westmeath,All years,Kilometres,13887
Average Kilometres Travelled,2023,All owners,1201 - 1400 cc,Other fuel types,Co. Wexford,All years,Kilometres,14292
Average Kilometres Travelled,2023,All owners,1201 - 1400 cc,Other fuel types,Co. Wicklow,All years,Kilometres,13598
Average Kilometres Travelled,2023,All owners,1401 - 1600 cc,Petrol,Co. Carlow,All years,Kilometres,12241
Average Kilometres Travelled,2023,All owners,1401 - 1600 cc,Petrol,Co. Cavan,All years,Kilometres,13413
Average Kilometres Travelled,2023,All owners,1401 - 1600 cc,Petrol,Co. Clare,All years,Kilometres,12602
Average Kilometres Travelled,2023,All owners,1401 - 1600 cc,Petrol,Co. Cork,All years,Kilometres,11594
Average Kilometres Travelled,2023,All owners,1401 - 1600 cc,Petrol,Co. Donegal,All years,Kilometres,12536
Average Kilometres Travelled,2023,All owners,1401 - 1600 cc,Petrol,Co. Dublin,All years,Kilometres,9994
Average Kilometres Travelled,2023,All owners,1401 - 1600 cc,Petrol,Co. Galway,All years,Kilometres,12176
Average Kilometres Travelled,2023,All owners,1401 - 1600 cc,Petrol,Co. Kerry,All years,Kilometres,12029
Average Kilometres Travelled,2023,All owners,1401 - 1600 cc,Petrol,Co. Kildare,All years,Kilometres,12309
Average Kilometres Travelled,2023,All owners,1401 - 1600 cc,Petrol,Co. Kilkenny,All years,Kilometres,12352
Average Kilometres Travelled,2023,All owners,1401 - 1600 cc,Petrol,Co. Laois,All years,Kilometres,12896
Average Kilometres Travelled,2023,All owners,1401 - 1600 cc,Petrol,Co. Leitrim,All years,Kilometres,13206
Average Kilometres Travelled,2023,All owners,1401 - 1600 cc,Petrol,Co. Limerick,All years,Kilometres,11762
Average Kilometres Travelled,2023,All owners,1401 - 1600 cc,Petrol,Co. Longford,All years,Kilometres,13000
Average Kilometres Travelled,2023,All owners,1401 - 1600 cc,Petrol,Co. Louth,All years,Kilometres,12082
Average Kilometres Travelled,2023,All owners,1401 - 1600 cc,Petrol,Co. Mayo,All years,Kilometres,12792
Average Kilometres Travelled,2023,All owners,1401 - 1600 cc,Petrol,Co. Meath,All years,Kilometres,12616
Average Kilometres Travelled,2023,All owners,1401 - 1600 cc,Petrol,Co. Monaghan,All years,Kilometres,11890
Average Kilometres Travelled,2023,All owners,1401 - 1600 cc,Petrol,Co. Offaly,All years,Kilometres,12650
Average Kilometres Travelled,2023,All owners,1401 - 1600 cc,Petrol,Co. Roscommon,All years,Kilometres,15501
Average Kilometres Travelled,2023,All owners,1401 - 1600 cc,Petrol,Co. Sligo,All years,Kilometres,11976
Average Kilometres Travelled,2023,All owners,1401 - 1600 cc,Petrol,Co. Tipperary,All years,Kilometres,12323
Average Kilometres Travelled,2023,All owners,1401 - 1600 cc,Petrol,Co. Waterford,All years,Kilometres,11665
Average Kilometres Travelled,2023,All owners,1401 - 1600 cc,Petrol,Co. Westmeath,All years,Kilometres,12587
Average Kilometres Travelled,2023,All owners,1401 - 1600 cc,Petrol,Co. Wexford,All years,Kilometres,12442
Average Kilometres Travelled,2023,All owners,1401 - 1600 cc,Petrol,Co. Wicklow,All years,Kilometres,11959
Average Kilometres Travelled,2023,All owners,1401 - 1600 cc,Diesel,Co. Carlow,All years,Kilometres,18911
Average Kilometres Travelled,2023,All owners,1401 - 1600 cc,Diesel,Co. Cavan,All years,Kilometres,19115
Average Kilometres Travelled,2023,All owners,1401 - 1600 cc,Diesel,Co. Clare,All years,Kilometres,18971
Average Kilometres Travelled,2023,All owners,1401 - 1600 cc,Diesel,Co. Cork,All years,Kilometres,17250
Average Kilometres Travelled,2023,All owners,1401 - 1600 cc,Diesel,Co. Donegal,All years,Kilometres,18570
Average Kilometres Travelled,2023,All owners,1401 - 1600 cc,Diesel,Co. Dublin,All years,Kilometres,14707
Average Kilometres Travelled,2023,All owners,1401 - 1600 cc,Diesel,Co. Galway,All years,Kilometres,18665
Average Kilometres Travelled,2023,All owners,1401 - 1600 cc,Diesel,Co. Kerry,All years,Kilometres,18346
Average Kilometres Travelled,2023,All owners,1401 - 1600 cc,Diesel,Co. Kildare,All years,Kilometres,17757
Average Kilometres Travelled,2023,All owners,1401 - 1600 cc,Diesel,Co. Kilkenny,All years,Kilometres,18966
Average Kilometres Travelled,2023,All owners,1401 - 1600 cc,Diesel,Co. Laois,All years,Kilometres,19254
Average Kilometres Travelled,2023,All owners,1401 - 1600 cc,Diesel,Co. Leitrim,All years,Kilometres,19377
Average Kilometres Travelled,2023,All owners,1401 - 1600 cc,Diesel,Co. Limerick,All years,Kilometres,18332
Average Kilometres Travelled,2023,All owners,1401 - 1600 cc,Diesel,Co. Longford,All years,Kilometres,19470
Average Kilometres Travelled,2023,All owners,1401 - 1600 cc,Diesel,Co. Louth,All years,Kilometres,17484
Average Kilometres Travelled,2023,All owners,1401 - 1600 cc,Diesel,Co. Mayo,All years,Kilometres,18831
Average Kilometres Travelled,2023,All owners,1401 - 1600 cc,Diesel,Co. Meath,All years,Kilometres,17978
Average Kilometres Travelled,2023,All owners,1401 - 1600 cc,Diesel,Co. Monaghan,All years,Kilometres,19112
Average Kilometres Travelled,2023,All owners,1401 - 1600 cc,Diesel,Co. Offaly,All years,Kilometres,19401
Average Kilometres Travelled,2023,All owners,1401 - 1600 cc,Diesel,Co. Roscommon,All years,Kilometres,20121
Average Kilometres Travelled,2023,All owners,1401 - 1600 cc,Diesel,Co. Sligo,All years,Kilometres,18505
Average Kilometres Travelled,2023,All owners,1401 - 1600 cc,Diesel,Co. Tipperary,All years,Kilometres,19269
Average Kilometres Travelled,2023,All owners,1401 - 1600 cc,Diesel,Co. Waterford,All years,Kilometres,17786
Average Kilometres Travelled,2023,All owners,1401 - 1600 cc,Diesel,Co. Westmeath,All years,Kilometres,19006
Average Kilometres Travelled,2023,All owners,1401 - 1600 cc,Diesel,Co. Wexford,All years,Kilometres,18851
Average Kilometres Travelled,2023,All owners,1401 - 1600 cc,Diesel,Co. Wicklow,All years,Kilometres,17573
Average Kilometres Travelled,2023,All owners,1401 - 1600 cc,Other fuel types,Co. Carlow,All years,Kilometres,13964
Average Kilometres Travelled,2023,All owners,1401 - 1600 cc,Other fuel types,Co. Cavan,All years,Kilometres,13687
Average Kilometres Travelled,2023,All owners,1401 - 1600 cc,Other fuel types,Co. Clare,All years,Kilometres,13613
Average Kilometres Travelled,2023,All owners,1401 - 1600 cc,Other fuel types,Co. Cork,All years,Kilometres,13500
Average Kilometres Travelled,2023,All owners,1401 - 1600 cc,Other fuel types,Co. Donegal,All years,Kilometres,13773
Average Kilometres Travelled,2023,All owners,1401 - 1600 cc,Other fuel types,Co. Dublin,All years,Kilometres,13007
Average Kilometres Travelled,2023,All owners,1401 - 1600 cc,Other fuel types,Co. Galway,All years,Kilometres,13452
Average Kilometres Travelled,2023,All owners,1401 - 1600 cc,Other fuel types,Co. Kerry,All years,Kilometres,13473
Average Kilometres Travelled,2023,All owners,1401 - 1600 cc,Other fuel types,Co. Kildare,All years,Kilometres,13737
Average Kilometres Travelled,2023,All owners,1401 - 1600 cc,Other fuel types,Co. Kilkenny,All years,Kilometres,13674
Average Kilometres Travelled,2023,All owners,1401 - 1600 cc,Other fuel types,Co. Laois,All years,Kilometres,13993
Average Kilometres Travelled,2023,All owners,1401 - 1600 cc,Other fuel types,Co. Leitrim,All years,Kilometres,13825
Average Kilometres Travelled,2023,All owners,1401 - 1600 cc,Other fuel types,Co. Limerick,All years,Kilometres,13582
Average Kilometres Travelled,2023,All owners,1401 - 1600 cc,Other fuel types,Co. Longford,All years,Kilometres,13483
Average Kilometres Travelled,2023,All owners,1401 - 1600 cc,Other fuel types,Co. Louth,All years,Kilometres,13590
Average Kilometres Travelled,2023,All owners,1401 - 1600 cc,Other fuel types,Co. Mayo,All years,Kilometres,13407
Average Kilometres Travelled,2023,All owners,1401 - 1600 cc,Other fuel types,Co. Meath,All years,Kilometres,13603
Average Kilometres Travelled,2023,All owners,1401 - 1600 cc,Other fuel types,Co. Monaghan,All years,Kilometres,13827
Average Kilometres Travelled,2023,All owners,1401 - 1600 cc,Other fuel types,Co. Offaly,All years,Kilometres,14053
Average Kilometres Travelled,2023,All owners,1401 - 1600 cc,Other fuel types,Co. Roscommon,All years,Kilometres,14034
Average Kilometres Travelled,2023,All owners,1401 - 1600 cc,Other fuel types,Co. Sligo,All years,Kilometres,13548
Average Kilometres Travelled,2023,All owners,1401 - 1600 cc,Other fuel types,Co. Tipperary,All years,Kilometres,13774
Average Kilometres Travelled,2023,All owners,1401 - 1600 cc,Other fuel types,Co. Waterford,All years,Kilometres,13498
Average Kilometres Travelled,2023,All owners,1401 - 1600 cc,Other fuel types,Co. Westmeath,All years,Kilometres,13767
Average Kilometres Travelled,2023,All owners,1401 - 1600 cc,Other fuel types,Co. Wexford,All years,Kilometres,13702
Average Kilometres Travelled,2023,All owners,1401 - 1600 cc,Other fuel types,Co. Wicklow,All years,Kilometres,13379
Average Kilometres Travelled,2023,All owners,1601 - 1800 cc,Petrol,Co. Carlow,All years,Kilometres,11366
Average Kilometres Travelled,2023,All owners,1601 - 1800 cc,Petrol,Co. Cavan,All years,Kilometres,13014
Average Kilometres Travelled,2023,All owners,1601 - 1800 cc,Petrol,Co. Clare,All years,Kilometres,12420
Average Kilometres Travelled,2023,All owners,1601 - 1800 cc,Petrol,Co. Cork,All years,Kilometres,10895
Average Kilometres Travelled,2023,All owners,1601 - 1800 cc,Petrol,Co. Donegal,All years,Kilometres,12257
Average Kilometres Travelled,2023,All owners,1601 - 1800 cc,Petrol,Co. Dublin,All years,Kilometres,9508
Average Kilometres Travelled,2023,All owners,1601 - 1800 cc,Petrol,Co. Galway,All years,Kilometres,11459
Average Kilometres Travelled,2023,All owners,1601 - 1800 cc,Petrol,Co. Kerry,All years,Kilometres,10939
Average Kilometres Travelled,2023,All owners,1601 - 1800 cc,Petrol,Co. Kildare,All years,Kilometres,11755
Average Kilometres Travelled,2023,All owners,1601 - 1800 cc,Petrol,Co. Kilkenny,All years,Kilometres,11786
Average Kilometres Travelled,2023,All owners,1601 - 1800 cc,Petrol,Co. Laois,All years,Kilometres,11696
Average Kilometres Travelled,2023,All owners,1601 - 1800 cc,Petrol,Co. Leitrim,All years,Kilometres,11501
Average Kilometres Travelled,2023,All owners,1601 - 1800 cc,Petrol,Co. Limerick,All years,Kilometres,11351
Average Kilometres Travelled,2023,All owners,1601 - 1800 cc,Petrol,Co. Longford,All years,Kilometres,10905
Average Kilometres Travelled,2023,All owners,1601 - 1800 cc,Petrol,Co. Louth,All years,Kilometres,10923
Average Kilometres Travelled,2023,All owners,1601 - 1800 cc,Petrol,Co. Mayo,All years,Kilometres,11785
Average Kilometres Travelled,2023,All owners,1601 - 1800 cc,Petrol,Co. Meath,All years,Kilometres,12011
Average Kilometres Travelled,2023,All owners,1601 - 1800 cc,Petrol,Co. Monaghan,All years,Kilometres,11124
Average Kilometres Travelled,2023,All owners,1601 - 1800 cc,Petrol,Co. Offaly,All years,Kilometres,11453
Average Kilometres Travelled,2023,All owners,1601 - 1800 cc,Petrol,Co. Roscommon,All years,Kilometres,16497
Average Kilometres Travelled,2023,All owners,1601 - 1800 cc,Petrol,Co. Sligo,All years,Kilometres,11276
Average Kilometres Travelled,2023,All owners,1601 - 1800 cc,Petrol,Co. Tipperary,All years,Kilometres,11607
Average Kilometres Travelled,2023,All owners,1601 - 1800 cc,Petrol,Co. Waterford,All years,Kilometres,11083
Average Kilometres Travelled,2023,All owners,1601 - 1800 cc,Petrol,Co. Westmeath,All years,Kilometres,11338
Average Kilometres Travelled,2023,All owners,1601 - 1800 cc,Petrol,Co. Wexford,All years,Kilometres,12389
Average Kilometres Travelled,2023,All owners,1601 - 1800 cc,Petrol,Co. Wicklow,All years,Kilometres,11117
Average Kilometres Travelled,2023,All owners,1601 - 1800 cc,Diesel,Co. Carlow,All years,Kilometres,18802
Average Kilometres Travelled,2023,All owners,1601 - 1800 cc,Diesel,Co. Cavan,All years,Kilometres,18859
Average Kilometres Travelled,2023,All owners,1601 - 1800 cc,Diesel,Co. Clare,All years,Kilometres,19533
Average Kilometres Travelled,2023,All owners,1601 - 1800 cc,Diesel,Co. Cork,All years,Kilometres,17589
Average Kilometres Travelled,2023,All owners,1601 - 1800 cc,Diesel,Co. Donegal,All years,Kilometres,18715
Average Kilometres Travelled,2023,All owners,1601 - 1800 cc,Diesel,Co. Dublin,All years,Kilometres,14023
Average Kilometres Travelled,2023,All owners,1601 - 1800 cc,Diesel,Co. Galway,All years,Kilometres,18796
Average Kilometres Travelled,2023,All owners,1601 - 1800 cc,Diesel,Co. Kerry,All years,Kilometres,18677
Average Kilometres Travelled,2023,All owners,1601 - 1800 cc,Diesel,Co. Kildare,All years,Kilometres,17946
Average Kilometres Travelled,2023,All owners,1601 - 1800 cc,Diesel,Co. Kilkenny,All years,Kilometres,19053
Average Kilometres Travelled,2023,All owners,1601 - 1800 cc,Diesel,Co. Laois,All years,Kilometres,19267
Average Kilometres Travelled,2023,All owners,1601 - 1800 cc,Diesel,Co. Leitrim,All years,Kilometres,19397
Average Kilometres Travelled,2023,All owners,1601 - 1800 cc,Diesel,Co. Limerick,All years,Kilometres,18422
Average Kilometres Travelled,2023,All owners,1601 - 1800 cc,Diesel,Co. Longford,All years,Kilometres,20008
Average Kilometres Travelled,2023,All owners,1601 - 1800 cc,Diesel,Co. Louth,All years,Kilometres,17475
Average Kilometres Travelled,2023,All owners,1601 - 1800 cc,Diesel,Co. Mayo,All years,Kilometres,18471
Average Kilometres Travelled,2023,All owners,1601 - 1800 cc,Diesel,Co. Meath,All years,Kilometres,18453
Average Kilometres Travelled,2023,All owners,1601 - 1800 cc,Diesel,Co. Monaghan,All years,Kilometres,18243
Average Kilometres Travelled,2023,All owners,1601 - 1800 cc,Diesel,Co. Offaly,All years,Kilometres,19518
Average Kilometres Travelled,2023,All owners,1601 - 1800 cc,Diesel,Co. Roscommon,All years,Kilometres,19932
Average Kilometres Travelled,2023,All owners,1601 - 1800 cc,Diesel,Co. Sligo,All years,Kilometres,18772
Average Kilometres Travelled,2023,All owners,1601 - 1800 cc,Diesel,Co. Tipperary,All years,Kilometres,19388
Average Kilometres Travelled,2023,All owners,1601 - 1800 cc,Diesel,Co. Waterford,All years,Kilometres,18171
Average Kilometres Travelled,2023,All owners,1601 - 1800 cc,Diesel,Co. Westmeath,All years,Kilometres,19537
Average Kilometres Travelled,2023,All owners,1601 - 1800 cc,Diesel,Co. Wexford,All years,Kilometres,18777
Average Kilometres Travelled,2023,All owners,1601 - 1800 cc,Diesel,Co. Wicklow,All years,Kilometres,17767
Average Kilometres Travelled,2023,All owners,1601 - 1800 cc,Other fuel types,Co. Carlow,All years,Kilometres,14477
Average Kilometres Travelled,2023,All owners,1601 - 1800 cc,Other fuel types,Co. Cavan,All years,Kilometres,15228
Average Kilometres Travelled,2023,All owners,1601 - 1800 cc,Other fuel types,Co. Clare,All years,Kilometres,14290
Average Kilometres Travelled,2023,All owners,1601 - 1800 cc,Other fuel types,Co. Cork,All years,Kilometres,13969
Average Kilometres Travelled,2023,All owners,1601 - 1800 cc,Other fuel types,Co. Donegal,All years,Kilometres,14673
Average Kilometres Travelled,2023,All owners,1601 - 1800 cc,Other fuel types,Co. Dublin,All years,Kilometres,13093
Average Kilometres Travelled,2023,All owners,1601 - 1800 cc,Other fuel types,Co. Galway,All years,Kilometres,14282
Average Kilometres Travelled,2023,All owners,1601 - 1800 cc,Other fuel types,Co. Kerry,All years,Kilometres,14525
Average Kilometres Travelled,2023,All owners,1601 - 1800 cc,Other fuel types,Co. Kildare,All years,Kilometres,14347
Average Kilometres Travelled,2023,All owners,1601 - 1800 cc,Other fuel types,Co. Kilkenny,All years,Kilometres,14534
Average Kilometres Travelled,2023,All owners,1601 - 1800 cc,Other fuel types,Co. Laois,All years,Kilometres,15136
Average Kilometres Travelled,2023,All owners,1601 - 1800 cc,Other fuel types,Co. Leitrim,All years,Kilometres,14830
Average Kilometres Travelled,2023,All owners,1601 - 1800 cc,Other fuel types,Co. Limerick,All years,Kilometres,14366
Average Kilometres Travelled,2023,All owners,1601 - 1800 cc,Other fuel types,Co. Longford,All years,Kilometres,14719
Average Kilometres Travelled,2023,All owners,1601 - 1800 cc,Other fuel types,Co. Louth,All years,Kilometres,14751
Average Kilometres Travelled,2023,All owners,1601 - 1800 cc,Other fuel types,Co. Mayo,All years,Kilometres,14707
Average Kilometres Travelled,2023,All owners,1601 - 1800 cc,Other fuel types,Co. Meath,All years,Kilometres,14420
Average Kilometres Travelled,2023,All owners,1601 - 1800 cc,Other fuel types,Co. Monaghan,All years,Kilometres,14190
Average Kilometres Travelled,2023,All owners,1601 - 1800 cc,Other fuel types,Co. Offaly,All years,Kilometres,15061
Average Kilometres Travelled,2023,All owners,1601 - 1800 cc,Other fuel types,Co. Roscommon,All years,Kilometres,14401
Average Kilometres Travelled,2023,All owners,1601 - 1800 cc,Other fuel types,Co. Sligo,All years,Kilometres,14226
Average Kilometres Travelled,2023,All owners,1601 - 1800 cc,Other fuel types,Co. Tipperary,All years,Kilometres,14299
Average Kilometres Travelled,2023,All owners,1601 - 1800 cc,Other fuel types,Co. Waterford,All years,Kilometres,14278
Average Kilometres Travelled,2023,All owners,1601 - 1800 cc,Other fuel types,Co. Westmeath,All years,Kilometres,14539
Average Kilometres Travelled,2023,All owners,1601 - 1800 cc,Other fuel types,Co. Wexford,All years,Kilometres,14641
Average Kilometres Travelled,2023,All owners,1601 - 1800 cc,Other fuel types,Co. Wicklow,All years,Kilometres,14146
Average Kilometres Travelled,2023,All owners,1801 - 2000 cc,Petrol,Co. Carlow,All years,Kilometres,11843
Average Kilometres Travelled,2023,All owners,1801 - 2000 cc,Petrol,Co. Cavan,All years,Kilometres,12402
Average Kilometres Travelled,2023,All owners,1801 - 2000 cc,Petrol,Co. Clare,All years,Kilometres,12533
Average Kilometres Travelled,2023,All owners,1801 - 2000 cc,Petrol,Co. Cork,All years,Kilometres,12111
Average Kilometres Travelled,2023,All owners,1801 - 2000 cc,Petrol,Co. Donegal,All years,Kilometres,12450
Average Kilometres Travelled,2023,All owners,1801 - 2000 cc,Petrol,Co. Dublin,All years,Kilometres,10106
Average Kilometres Travelled,2023,All owners,1801 - 2000 cc,Petrol,Co. Galway,All years,Kilometres,12114
Average Kilometres Travelled,2023,All owners,1801 - 2000 cc,Petrol,Co. Kerry,All years,Kilometres,12190
Average Kilometres Travelled,2023,All owners,1801 - 2000 cc,Petrol,Co. Kildare,All years,Kilometres,12338
Average Kilometres Travelled,2023,All owners,1801 - 2000 cc,Petrol,Co. Kilkenny,All years,Kilometres,12713
Average Kilometres Travelled,2023,All owners,1801 - 2000 cc,Petrol,Co. Laois,All years,Kilometres,12556
Average Kilometres Travelled,2023,All owners,1801 - 2000 cc,Petrol,Co. Leitrim,All years,Kilometres,14022
Average Kilometres Travelled,2023,All owners,1801 - 2000 cc,Petrol,Co. Limerick,All years,Kilometres,11887
Average Kilometres Travelled,2023,All owners,1801 - 2000 cc,Petrol,Co. Longford,All years,Kilometres,11920
Average Kilometres Travelled,2023,All owners,1801 - 2000 cc,Petrol,Co. Louth,All years,Kilometres,12325
Average Kilometres Travelled,2023,All owners,1801 - 2000 cc,Petrol,Co. Mayo,All years,Kilometres,12361
Average Kilometres Travelled,2023,All owners,1801 - 2000 cc,Petrol,Co. Meath,All years,Kilometres,12623
Average Kilometres Travelled,2023,All owners,1801 - 2000 cc,Petrol,Co. Monaghan,All years,Kilometres,11255
Average Kilometres Travelled,2023,All owners,1801 - 2000 cc,Petrol,Co. Offaly,All years,Kilometres,12727
Average Kilometres Travelled,2023,All owners,1801 - 2000 cc,Petrol,Co. Roscommon,All years,Kilometres,13818
Average Kilometres Travelled,2023,All owners,1801 - 2000 cc,Petrol,Co. Sligo,All years,Kilometres,11784
Average Kilometres Travelled,2023,All owners,1801 - 2000 cc,Petrol,Co. Tipperary,All years,Kilometres,12341
Average Kilometres Travelled,2023,All owners,1801 - 2000 cc,Petrol,Co. Waterford,All years,Kilometres,12125
Average Kilometres Travelled,2023,All owners,1801 - 2000 cc,Petrol,Co. Westmeath,All years,Kilometres,13537
Average Kilometres Travelled,2023,All owners,1801 - 2000 cc,Petrol,Co. Wexford,All years,Kilometres,12701
Average Kilometres Travelled,2023,All owners,1801 - 2000 cc,Petrol,Co. Wicklow,All years,Kilometres,11668
Average Kilometres Travelled,2023,All owners,1801 - 2000 cc,Diesel,Co. Carlow,All years,Kilometres,19905
Average Kilometres Travelled,2023,All owners,1801 - 2000 cc,Diesel,Co. Cavan,All years,Kilometres,20326
Average Kilometres Travelled,2023,All owners,1801 - 2000 cc,Diesel,Co. Clare,All years,Kilometres,20419
Average Kilometres Travelled,2023,All owners,1801 - 2000 cc,Diesel,Co. Cork,All years,Kilometres,18279
Average Kilometres Travelled,2023,All owners,1801 - 2000 cc,Diesel,Co. Donegal,All years,Kilometres,19453
Average Kilometres Travelled,2023,All owners,1801 - 2000 cc,Diesel,Co. Dublin,All years,Kilometres,16311
Average Kilometres Travelled,2023,All owners,1801 - 2000 cc,Diesel,Co. Galway,All years,Kilometres,19855
Average Kilometres Travelled,2023,All owners,1801 - 2000 cc,Diesel,Co. Kerry,All years,Kilometres,19060
Average Kilometres Travelled,2023,All owners,1801 - 2000 cc,Diesel,Co. Kildare,All years,Kilometres,18967
Average Kilometres Travelled,2023,All owners,1801 - 2000 cc,Diesel,Co. Kilkenny,All years,Kilometres,20064
Average Kilometres Travelled,2023,All owners,1801 - 2000 cc,Diesel,Co. Laois,All years,Kilometres,20403
Average Kilometres Travelled,2023,All owners,1801 - 2000 cc,Diesel,Co. Leitrim,All years,Kilometres,20622
Average Kilometres Travelled,2023,All owners,1801 - 2000 cc,Diesel,Co. Limerick,All years,Kilometres,19597
Average Kilometres Travelled,2023,All owners,1801 - 2000 cc,Diesel,Co. Longford,All years,Kilometres,20577
Average Kilometres Travelled,2023,All owners,1801 - 2000 cc,Diesel,Co. Louth,All years,Kilometres,19017
Average Kilometres Travelled,2023,All owners,1801 - 2000 cc,Diesel,Co. Mayo,All years,Kilometres,20139
Average Kilometres Travelled,2023,All owners,1801 - 2000 cc,Diesel,Co. Meath,All years,Kilometres,19212
Average Kilometres Travelled,2023,All owners,1801 - 2000 cc,Diesel,Co. Monaghan,All years,Kilometres,19688
Average Kilometres Travelled,2023,All owners,1801 - 2000 cc,Diesel,Co. Offaly,All years,Kilometres,20201
Average Kilometres Travelled,2023,All owners,1801 - 2000 cc,Diesel,Co. Roscommon,All years,Kilometres,21556
Average Kilometres Travelled,2023,All owners,1801 - 2000 cc,Diesel,Co. Sligo,All years,Kilometres,19713
Average Kilometres Travelled,2023,All owners,1801 - 2000 cc,Diesel,Co. Tipperary,All years,Kilometres,20752
Average Kilometres Travelled,2023,All owners,1801 - 2000 cc,Diesel,Co. Waterford,All years,Kilometres,18778
Average Kilometres Travelled,2023,All owners,1801 - 2000 cc,Diesel,Co. Westmeath,All years,Kilometres,20135
Average Kilometres Travelled,2023,All owners,1801 - 2000 cc,Diesel,Co. Wexford,All years,Kilometres,19651
Average Kilometres Travelled,2023,All owners,1801 - 2000 cc,Diesel,Co. Wicklow,All years,Kilometres,18131
Average Kilometres Travelled,2023,All owners,1801 - 2000 cc,Other fuel types,Co. Carlow,All years,Kilometres,14905
Average Kilometres Travelled,2023,All owners,1801 - 2000 cc,Other fuel types,Co. Cavan,All years,Kilometres,14549
Average Kilometres Travelled,2023,All owners,1801 - 2000 cc,Other fuel types,Co. Clare,All years,Kilometres,14944
Average Kilometres Travelled,2023,All owners,1801 - 2000 cc,Other fuel types,Co. Cork,All years,Kilometres,14320
Average Kilometres Travelled,2023,All owners,1801 - 2000 cc,Other fuel types,Co. Donegal,All years,Kilometres,14610
Average Kilometres Travelled,2023,All owners,1801 - 2000 cc,Other fuel types,Co. Dublin,All years,Kilometres,13769
Average Kilometres Travelled,2023,All owners,1801 - 2000 cc,Other fuel types,Co. Galway,All years,Kilometres,14737
Average Kilometres Travelled,2023,All owners,1801 - 2000 cc,Other fuel types,Co. Kerry,All years,Kilometres,14570
Average Kilometres Travelled,2023,All owners,1801 - 2000 cc,Other fuel types,Co. Kildare,All years,Kilometres,14533
Average Kilometres Travelled,2023,All owners,1801 - 2000 cc,Other fuel types,Co. Kilkenny,All years,Kilometres,14676
Average Kilometres Travelled,2023,All owners,1801 - 2000 cc,Other fuel types,Co. Laois,All years,Kilometres,15313
Average Kilometres Travelled,2023,All owners,1801 - 2000 cc,Other fuel types,Co. Leitrim,All years,Kilometres,15133
Average Kilometres Travelled,2023,All owners,1801 - 2000 cc,Other fuel types,Co. Limerick,All years,Kilometres,14530
Average Kilometres Travelled,2023,All owners,1801 - 2000 cc,Other fuel types,Co. Longford,All years,Kilometres,14891
Average Kilometres Travelled,2023,All owners,1801 - 2000 cc,Other fuel types,Co. Louth,All years,Kilometres,14811
Average Kilometres Travelled,2023,All owners,1801 - 2000 cc,Other fuel types,Co. Mayo,All years,Kilometres,14588
Average Kilometres Travelled,2023,All owners,1801 - 2000 cc,Other fuel types,Co. Meath,All years,Kilometres,14630
Average Kilometres Travelled,2023,All owners,1801 - 2000 cc,Other fuel types,Co. Monaghan,All years,Kilometres,14255
Average Kilometres Travelled,2023,All owners,1801 - 2000 cc,Other fuel types,Co. Offaly,All years,Kilometres,15476
Average Kilometres Travelled,2023,All owners,1801 - 2000 cc,Other fuel types,Co. Roscommon,All years,Kilometres,14887
Average Kilometres Travelled,2023,All owners,1801 - 2000 cc,Other fuel types,Co. Sligo,All years,Kilometres,14532
Average Kilometres Travelled,2023,All owners,1801 - 2000 cc,Other fuel types,Co. Tipperary,All years,Kilometres,15091
Average Kilometres Travelled,2023,All owners,1801 - 2000 cc,Other fuel types,Co. Waterford,All years,Kilometres,14552
Average Kilometres Travelled,2023,All owners,1801 - 2000 cc,Other fuel types,Co. Westmeath,All years,Kilometres,14829
Average Kilometres Travelled,2023,All owners,1801 - 2000 cc,Other fuel types,Co. Wexford,All years,Kilometres,14982
Average Kilometres Travelled,2023,All owners,1801 - 2000 cc,Other fuel types,Co. Wicklow,All years,Kilometres,14555
Average Kilometres Travelled,2023,All owners,Over 2000 cc,Petrol,Co. Carlow,All years,Kilometres,12002
Average Kilometres Travelled,2023,All owners,Over 2000 cc,Petrol,Co. Cavan,All years,Kilometres,10039
Average Kilometres Travelled,2023,All owners,Over 2000 cc,Petrol,Co. Clare,All years,Kilometres,11463
Average Kilometres Travelled,2023,All owners,Over 2000 cc,Petrol,Co. Cork,All years,Kilometres,9821
Average Kilometres Travelled,2023,All owners,Over 2000 cc,Petrol,Co. Donegal,All years,Kilometres,8952
Average Kilometres Travelled,2023,All owners,Over 2000 cc,Petrol,Co. Dublin,All years,Kilometres,9021
Average Kilometres Travelled,2023,All owners,Over 2000 cc,Petrol,Co. Galway,All years,Kilometres,10028
Average Kilometres Travelled,2023,All owners,Over 2000 cc,Petrol,Co. Kerry,All years,Kilometres,9366
Average Kilometres Travelled,2023,All owners,Over 2000 cc,Petrol,Co. Kildare,All years,Kilometres,10533
Average Kilometres Travelled,2023,All owners,Over 2000 cc,Petrol,Co. Kilkenny,All years,Kilometres,10292
Average Kilometres Travelled,2023,All owners,Over 2000 cc,Petrol,Co. Laois,All years,Kilometres,9614
Average Kilometres Travelled,2023,All owners,Over 2000 cc,Petrol,Co. Leitrim,All years,Kilometres,14494
Average Kilometres Travelled,2023,All owners,Over 2000 cc,Petrol,Co. Limerick,All years,Kilometres,9885
Average Kilometres Travelled,2023,All owners,Over 2000 cc,Petrol,Co. Longford,All years,Kilometres,14405
Average Kilometres Travelled,2023,All owners,Over 2000 cc,Petrol,Co. Louth,All years,Kilometres,10308
Average Kilometres Travelled,2023,All owners,Over 2000 cc,Petrol,Co. Mayo,All years,Kilometres,10398
Average Kilometres Travelled,2023,All owners,Over 2000 cc,Petrol,Co. Meath,All years,Kilometres,11125
Average Kilometres Travelled,2023,All owners,Over 2000 cc,Petrol,Co. Monaghan,All years,Kilometres,13955
Average Kilometres Travelled,2023,All owners,Over 2000 cc,Petrol,Co. Offaly,All years,Kilometres,10898
Average Kilometres Travelled,2023,All owners,Over 2000 cc,Petrol,Co. Roscommon,All years,Kilometres,12783
Average Kilometres Travelled,2023,All owners,Over 2000 cc,Petrol,Co. Sligo,All years,Kilometres,8467
Average Kilometres Travelled,2023,All owners,Over 2000 cc,Petrol,Co. Tipperary,All years,Kilometres,9652
Average Kilometres Travelled,2023,All owners,Over 2000 cc,Petrol,Co. Waterford,All years,Kilometres,10565
Average Kilometres Travelled,2023,All owners,Over 2000 cc,Petrol,Co. Westmeath,All years,Kilometres,9093
Average Kilometres Travelled,2023,All owners,Over 2000 cc,Petrol,Co. Wexford,All years,Kilometres,11517
Average Kilometres Travelled,2023,All owners,Over 2000 cc,Petrol,Co. Wicklow,All years,Kilometres,10077
Average Kilometres Travelled,2023,All owners,Over 2000 cc,Diesel,Co. Carlow,All years,Kilometres,18762
Average Kilometres Travelled,2023,All owners,Over 2000 cc,Diesel,Co. Cavan,All years,Kilometres,19797
Average Kilometres Travelled,2023,All owners,Over 2000 cc,Diesel,Co. Clare,All years,Kilometres,19087
Average Kilometres Travelled,2023,All owners,Over 2000 cc,Diesel,Co. Cork,All years,Kilometres,17426
Average Kilometres Travelled,2023,All owners,Over 2000 cc,Diesel,Co. Donegal,All years,Kilometres,18258
Average Kilometres Travelled,2023,All owners,Over 2000 cc,Diesel,Co. Dublin,All years,Kilometres,14588
Average Kilometres Travelled,2023,All owners,Over 2000 cc,Diesel,Co. Galway,All years,Kilometres,18701
Average Kilometres Travelled,2023,All owners,Over 2000 cc,Diesel,Co. Kerry,All years,Kilometres,17807
Average Kilometres Travelled,2023,All owners,Over 2000 cc,Diesel,Co. Kildare,All years,Kilometres,18326
Average Kilometres Travelled,2023,All owners,Over 2000 cc,Diesel,Co. Kilkenny,All years,Kilometres,18996
Average Kilometres Travelled,2023,All owners,Over 2000 cc,Diesel,Co. Laois,All years,Kilometres,19433
Average Kilometres Travelled,2023,All owners,Over 2000 cc,Diesel,Co. Leitrim,All years,Kilometres,19662
Average Kilometres Travelled,2023,All owners,Over 2000 cc,Diesel,Co. Limerick,All years,Kilometres,18311
Average Kilometres Travelled,2023,All owners,Over 2000 cc,Diesel,Co. Longford,All years,Kilometres,19267
Average Kilometres Travelled,2023,All owners,Over 2000 cc,Diesel,Co. Louth,All years,Kilometres,18235
Average Kilometres Travelled,2023,All owners,Over 2000 cc,Diesel,Co. Mayo,All years,Kilometres,18542
Average Kilometres Travelled,2023,All owners,Over 2000 cc,Diesel,Co. Meath,All years,Kilometres,18377
Average Kilometres Travelled,2023,All owners,Over 2000 cc,Diesel,Co. Monaghan,All years,Kilometres,19088
Average Kilometres Travelled,2023,All owners,Over 2000 cc,Diesel,Co. Offaly,All years,Kilometres,19495
Average Kilometres Travelled,2023,All owners,Over 2000 cc,Diesel,Co. Roscommon,All years,Kilometres,20619
Average Kilometres Travelled,2023,All owners,Over 2000 cc,Diesel,Co. Sligo,All years,Kilometres,18324
Average Kilometres Travelled,2023,All owners,Over 2000 cc,Diesel,Co. Tipperary,All years,Kilometres,19301
Average Kilometres Travelled,2023,All owners,Over 2000 cc,Diesel,Co. Waterford,All years,Kilometres,17492
Average Kilometres Travelled,2023,All owners,Over 2000 cc,Diesel,Co. Westmeath,All years,Kilometres,19455
Average Kilometres Travelled,2023,All owners,Over 2000 cc,Diesel,Co. Wexford,All years,Kilometres,18755
Average Kilometres Travelled,2023,All owners,Over 2000 cc,Diesel,Co. Wicklow,All years,Kilometres,17379
Average Kilometres Travelled,2023,All owners,Over 2000 cc,Other fuel types,Co. Carlow,All years,Kilometres,14941
Average Kilometres Travelled,2023,All owners,Over 2000 cc,Other fuel types,Co. Cavan,All years,Kilometres,15194
Average Kilometres Travelled,2023,All owners,Over 2000 cc,Other fuel types,Co. Clare,All years,Kilometres,14719
Average Kilometres Travelled,2023,All owners,Over 2000 cc,Other fuel types,Co. Cork,All years,Kilometres,14601
Average Kilometres Travelled,2023,All owners,Over 2000 cc,Other fuel types,Co. Donegal,All years,Kilometres,15316
Average Kilometres Travelled,2023,All owners,Over 2000 cc,Other fuel types,Co. Dublin,All years,Kilometres,13655
Average Kilometres Travelled,2023,All owners,Over 2000 cc,Other fuel types,Co. Galway,All years,Kilometres,15337
Average Kilometres Travelled,2023,All owners,Over 2000 cc,Other fuel types,Co. Kerry,All years,Kilometres,14998
Average Kilometres Travelled,2023,All owners,Over 2000 cc,Other fuel types,Co. Kildare,All years,Kilometres,14899
Average Kilometres Travelled,2023,All owners,Over 2000 cc,Other fuel types,Co. Kilkenny,All years,Kilometres,14821
Average Kilometres Travelled,2023,All owners,Over 2000 cc,Other fuel types,Co. Laois,All years,Kilometres,15375
Average Kilometres Travelled,2023,All owners,Over 2000 cc,Other fuel types,Co. Leitrim,All years,Kilometres,15709
Average Kilometres Travelled,2023,All owners,Over 2000 cc,Other fuel types,Co. Limerick,All years,Kilometres,14932
Average Kilometres Travelled,2023,All owners,Over 2000 cc,Other fuel types,Co. Longford,All years,Kilometres,15394
Average Kilometres Travelled,2023,All owners,Over 2000 cc,Other fuel types,Co. Louth,All years,Kilometres,14959
Average Kilometres Travelled,2023,All owners,Over 2000 cc,Other fuel types,Co. Mayo,All years,Kilometres,16019
Average Kilometres Travelled,2023,All owners,Over 2000 cc,Other fuel types,Co. Meath,All years,Kilometres,15057
Average Kilometres Travelled,2023,All owners,Over 2000 cc,Other fuel types,Co. Monaghan,All years,Kilometres,14601
Average Kilometres Travelled,2023,All owners,Over 2000 cc,Other fuel types,Co. Offaly,All years,Kilometres,15649
Average Kilometres Travelled,2023,All owners,Over 2000 cc,Other fuel types,Co. Roscommon,All years,Kilometres,15672
Average Kilometres Travelled,2023,All owners,Over 2000 cc,Other fuel types,Co. Sligo,All years,Kilometres,15206
Average Kilometres Travelled,2023,All owners,Over 2000 cc,Other fuel types,Co. Tipperary,All years,Kilometres,15288
Average Kilometres Travelled,2023,All owners,Over 2000 cc,Other fuel types,Co. Waterford,All years,Kilometres,15260
Average Kilometres Travelled,2023,All owners,Over 2000 cc,Other fuel types,Co. Westmeath,All years,Kilometres,15343
Average Kilometres Travelled,2023,All owners,Over 2000 cc,Other fuel types,Co. Wexford,All years,Kilometres,15128
Average Kilometres Travelled,2023,All owners,Over 2000 cc,Other fuel types,Co. Wicklow,All years,Kilometres,14580
