Statistic Label,Year,Fuel Type,County of Ownership,Type of Vehicle,Year of Registration,UNIT,VALUE
Vehicle Population,2018,Petrol,Co. Carlow,Private cars,All years,Number,10797
Vehicle Population,2018,Petrol,Co. Carlow,Goods vehicles,All years,Number,9
Vehicle Population,2018,Petrol,Co. Carlow,Motor cycles,All years,Number,563
Vehicle Population,2018,Petrol,Co. Carlow,Tractors & Machinery,All years,Number,3
Vehicle Population,2018,Petrol,Co. Carlow,Small PSVs,All years,Number,11
Vehicle Population,2018,Petrol,Co. Carlow,Large PSVs,All years,Number,0
Vehicle Population,2018,Petrol,Co. Carlow,Exempt vehicles,All years,Number,42
Vehicle Population,2018,Petrol,Co. Carlow,Other vehicles,All years,Number,449
Vehicle Population,2018,Petrol,Co. Dublin,Private cars,All years,Number,299407
Vehicle Population,2018,Petrol,Co. Dublin,Goods vehicles,All years,Number,178
Vehicle Population,2018,Petrol,Co. Dublin,Motor cycles,All years,Number,12575
Vehicle Population,2018,Petrol,Co. Dublin,Tractors & Machinery,All years,Number,11
Vehicle Population,2018,Petrol,Co. Dublin,Small PSVs,All years,Number,1579
Vehicle Population,2018,Petrol,Co. Dublin,Large PSVs,All years,Number,1
Vehicle Population,2018,Petrol,Co. Dublin,Exempt vehicles,All years,Number,2362
Vehicle Population,2018,Petrol,Co. Dublin,Other vehicles,All years,Number,4387
Vehicle Population,2018,Petrol,Co. Kildare,Private cars,All years,Number,44522
Vehicle Population,2018,Petrol,Co. Kildare,Goods vehicles,All years,Number,42
Vehicle Population,2018,Petrol,Co. Kildare,Motor cycles,All years,Number,2161
Vehicle Population,2018,Petrol,Co. Kildare,Tractors & Machinery,All years,Number,3
Vehicle Population,2018,Petrol,Co. Kildare,Small PSVs,All years,Number,70
Vehicle Population,2018,Petrol,Co. Kildare,Large PSVs,All years,Number,0
Vehicle Population,2018,Petrol,Co. Kildare,Exempt vehicles,All years,Number,146
Vehicle Population,2018,Petrol,Co. Kildare,Other vehicles,All years,Number,1217
Vehicle Population,2018,Petrol,Co. Kilkenny,Private cars,All years,Number,17346
Vehicle Population,2018,Petrol,Co. Kilkenny,Goods vehicles,All years,Number,12
Vehicle Population,2018,Petrol,Co. Kilkenny,Motor cycles,All years,Number,871
Vehicle Population,2018,Petrol,Co. Kilkenny,Tractors & Machinery,All years,Number,6
Vehicle Population,2018,Petrol,Co. Kilkenny,Small PSVs,All years,Number,10
Vehicle Population,2018,Petrol,Co. Kilkenny,Large PSVs,All years,Number,0
Vehicle Population,2018,Petrol,Co. Kilkenny,Exempt vehicles,All years,Number,77
Vehicle Population,2018,Petrol,Co. Kilkenny,Other vehicles,All years,Number,537
Vehicle Population,2018,Petrol,Co. Laois,Private cars,All years,Number,12392
Vehicle Population,2018,Petrol,Co. Laois,Goods vehicles,All years,Number,17
Vehicle Population,2018,Petrol,Co. Laois,Motor cycles,All years,Number,512
Vehicle Population,2018,Petrol,Co. Laois,Tractors & Machinery,All years,Number,15
Vehicle Population,2018,Petrol,Co. Laois,Small PSVs,All years,Number,12
Vehicle Population,2018,Petrol,Co. Laois,Large PSVs,All years,Number,0
Vehicle Population,2018,Petrol,Co. Laois,Exempt vehicles,All years,Number,52
Vehicle Population,2018,Petrol,Co. Laois,Other vehicles,All years,Number,410
Vehicle Population,2018,Petrol,Co. Longford,Private cars,All years,Number,5805
Vehicle Population,2018,Petrol,Co. Longford,Goods vehicles,All years,Number,5
Vehicle Population,2018,Petrol,Co. Longford,Motor cycles,All years,Number,213
Vehicle Population,2018,Petrol,Co. Longford,Tractors & Machinery,All years,Number,5
Vehicle Population,2018,Petrol,Co. Longford,Small PSVs,All years,Number,4
Vehicle Population,2018,Petrol,Co. Longford,Large PSVs,All years,Number,0
Vehicle Population,2018,Petrol,Co. Longford,Exempt vehicles,All years,Number,29
Vehicle Population,2018,Petrol,Co. Longford,Other vehicles,All years,Number,143
Vehicle Population,2018,Petrol,Co. Louth,Private cars,All years,Number,20722
Vehicle Population,2018,Petrol,Co. Louth,Goods vehicles,All years,Number,11
Vehicle Population,2018,Petrol,Co. Louth,Motor cycles,All years,Number,850
Vehicle Population,2018,Petrol,Co. Louth,Tractors & Machinery,All years,Number,42
Vehicle Population,2018,Petrol,Co. Louth,Small PSVs,All years,Number,46
Vehicle Population,2018,Petrol,Co. Louth,Large PSVs,All years,Number,0
Vehicle Population,2018,Petrol,Co. Louth,Exempt vehicles,All years,Number,160
Vehicle Population,2018,Petrol,Co. Louth,Other vehicles,All years,Number,446
Vehicle Population,2018,Petrol,Co. Meath,Private cars,All years,Number,34216
Vehicle Population,2018,Petrol,Co. Meath,Goods vehicles,All years,Number,19
Vehicle Population,2018,Petrol,Co. Meath,Motor cycles,All years,Number,1682
Vehicle Population,2018,Petrol,Co. Meath,Tractors & Machinery,All years,Number,9
Vehicle Population,2018,Petrol,Co. Meath,Small PSVs,All years,Number,96
Vehicle Population,2018,Petrol,Co. Meath,Large PSVs,All years,Number,2
Vehicle Population,2018,Petrol,Co. Meath,Exempt vehicles,All years,Number,177
Vehicle Population,2018,Petrol,Co. Meath,Other vehicles,All years,Number,965
Vehicle Population,2018,Petrol,Co. Offaly,Private cars,All years,Number,12252
Vehicle Population,2018,Petrol,Co. Offaly,Goods vehicles,All years,Number,7
Vehicle Population,2018,Petrol,Co. Offaly,Motor cycles,All years,Number,666
Vehicle Population,2018,Petrol,Co. Offaly,Tractors & Machinery,All years,Number,3
Vehicle Population,2018,Petrol,Co. Offaly,Small PSVs,All years,Number,14
Vehicle Population,2018,Petrol,Co. Offaly,Large PSVs,All years,Number,0
Vehicle Population,2018,Petrol,Co. Offaly,Exempt vehicles,All years,Number,43
Vehicle Population,2018,Petrol,Co. Offaly,Other vehicles,All years,Number,350
Vehicle Population,2018,Petrol,Co. Westmeath,Private cars,All years,Number,14417
Vehicle Population,2018,Petrol,Co. Westmeath,Goods vehicles,All years,Number,9
Vehicle Population,2018,Petrol,Co. Westmeath,Motor cycles,All years,Number,603
Vehicle Population,2018,Petrol,Co. Westmeath,Tractors & Machinery,All years,Number,8
Vehicle Population,2018,Petrol,Co. Westmeath,Small PSVs,All years,Number,14
Vehicle Population,2018,Petrol,Co. Westmeath,Large PSVs,All years,Number,0
Vehicle Population,2018,Petrol,Co. Westmeath,Exempt vehicles,All years,Number,51
Vehicle Population,2018,Petrol,Co. Westmeath,Other vehicles,All years,Number,308
Vehicle Population,2018,Petrol,Co. Wexford,Private cars,All years,Number,29236
Vehicle Population,2018,Petrol,Co. Wexford,Goods vehicles,All years,Number,20
Vehicle Population,2018,Petrol,Co. Wexford,Motor cycles,All years,Number,1502
Vehicle Population,2018,Petrol,Co. Wexford,Tractors & Machinery,All years,Number,7
Vehicle Population,2018,Petrol,Co. Wexford,Small PSVs,All years,Number,16
Vehicle Population,2018,Petrol,Co. Wexford,Large PSVs,All years,Number,0
Vehicle Population,2018,Petrol,Co. Wexford,Exempt vehicles,All years,Number,153
Vehicle Population,2018,Petrol,Co. Wexford,Other vehicles,All years,Number,887
Vehicle Population,2018,Petrol,Co. Wicklow,Private cars,All years,Number,32848
Vehicle Population,2018,Petrol,Co. Wicklow,Goods vehicles,All years,Number,36
Vehicle Population,2018,Petrol,Co. Wicklow,Motor cycles,All years,Number,1549
Vehicle Population,2018,Petrol,Co. Wicklow,Tractors & Machinery,All years,Number,4
Vehicle Population,2018,Petrol,Co. Wicklow,Small PSVs,All years,Number,31
Vehicle Population,2018,Petrol,Co. Wicklow,Large PSVs,All years,Number,0
Vehicle Population,2018,Petrol,Co. Wicklow,Exempt vehicles,All years,Number,161
Vehicle Population,2018,Petrol,Co. Wicklow,Other vehicles,All years,Number,1127
Vehicle Population,2018,Petrol,Co. Clare,Private cars,All years,Number,24058
Vehicle Population,2018,Petrol,Co. Clare,Goods vehicles,All years,Number,12
Vehicle Population,2018,Petrol,Co. Clare,Motor cycles,All years,Number,921
Vehicle Population,2018,Petrol,Co. Clare,Tractors & Machinery,All years,Number,3
Vehicle Population,2018,Petrol,Co. Clare,Small PSVs,All years,Number,43
Vehicle Population,2018,Petrol,Co. Clare,Large PSVs,All years,Number,0
Vehicle Population,2018,Petrol,Co. Clare,Exempt vehicles,All years,Number,207
Vehicle Population,2018,Petrol,Co. Clare,Other vehicles,All years,Number,650
Vehicle Population,2018,Petrol,Co. Cork,Private cars,All years,Number,121229
Vehicle Population,2018,Petrol,Co. Cork,Goods vehicles,All years,Number,103
Vehicle Population,2018,Petrol,Co. Cork,Motor cycles,All years,Number,5441
Vehicle Population,2018,Petrol,Co. Cork,Tractors & Machinery,All years,Number,37
Vehicle Population,2018,Petrol,Co. Cork,Small PSVs,All years,Number,165
Vehicle Population,2018,Petrol,Co. Cork,Large PSVs,All years,Number,1
Vehicle Population,2018,Petrol,Co. Cork,Exempt vehicles,All years,Number,874
Vehicle Population,2018,Petrol,Co. Cork,Other vehicles,All years,Number,3358
Vehicle Population,2018,Petrol,Co. Kerry,Private cars,All years,Number,31727
Vehicle Population,2018,Petrol,Co. Kerry,Goods vehicles,All years,Number,19
Vehicle Population,2018,Petrol,Co. Kerry,Motor cycles,All years,Number,1061
Vehicle Population,2018,Petrol,Co. Kerry,Tractors & Machinery,All years,Number,10
Vehicle Population,2018,Petrol,Co. Kerry,Small PSVs,All years,Number,28
Vehicle Population,2018,Petrol,Co. Kerry,Large PSVs,All years,Number,0
Vehicle Population,2018,Petrol,Co. Kerry,Exempt vehicles,All years,Number,188
Vehicle Population,2018,Petrol,Co. Kerry,Other vehicles,All years,Number,950
Vehicle Population,2018,Petrol,Co. Limerick,Private cars,All years,Number,40146
Vehicle Population,2018,Petrol,Co. Limerick,Goods vehicles,All years,Number,10
Vehicle Population,2018,Petrol,Co. Limerick,Motor cycles,All years,Number,1487
Vehicle Population,2018,Petrol,Co. Limerick,Tractors & Machinery,All years,Number,31
Vehicle Population,2018,Petrol,Co. Limerick,Small PSVs,All years,Number,125
Vehicle Population,2018,Petrol,Co. Limerick,Large PSVs,All years,Number,0
Vehicle Population,2018,Petrol,Co. Limerick,Exempt vehicles,All years,Number,301
Vehicle Population,2018,Petrol,Co. Limerick,Other vehicles,All years,Number,915
Vehicle Population,2018,Petrol,Co. Tipperary,Private cars,All years,Number,30855
Vehicle Population,2018,Petrol,Co. Tipperary,Goods vehicles,All years,Number,21
Vehicle Population,2018,Petrol,Co. Tipperary,Motor cycles,All years,Number,1408
Vehicle Population,2018,Petrol,Co. Tipperary,Tractors & Machinery,All years,Number,10
Vehicle Population,2018,Petrol,Co. Tipperary,Small PSVs,All years,Number,12
Vehicle Population,2018,Petrol,Co. Tipperary,Large PSVs,All years,Number,0
Vehicle Population,2018,Petrol,Co. Tipperary,Exempt vehicles,All years,Number,183
Vehicle Population,2018,Petrol,Co. Tipperary,Other vehicles,All years,Number,909
Vehicle Population,2018,Petrol,Co. Waterford,Private cars,All years,Number,27158
Vehicle Population,2018,Petrol,Co. Waterford,Goods vehicles,All years,Number,26
Vehicle Population,2018,Petrol,Co. Waterford,Motor cycles,All years,Number,1291
Vehicle Population,2018,Petrol,Co. Waterford,Tractors & Machinery,All years,Number,16
Vehicle Population,2018,Petrol,Co. Waterford,Small PSVs,All years,Number,44
Vehicle Population,2018,Petrol,Co. Waterford,Large PSVs,All years,Number,1
Vehicle Population,2018,Petrol,Co. Waterford,Exempt vehicles,All years,Number,118
Vehicle Population,2018,Petrol,Co. Waterford,Other vehicles,All years,Number,544
Vehicle Population,2018,Petrol,Co. Galway,Private cars,All years,Number,45821
Vehicle Population,2018,Petrol,Co. Galway,Goods vehicles,All years,Number,37
Vehicle Population,2018,Petrol,Co. Galway,Motor cycles,All years,Number,1457
Vehicle Population,2018,Petrol,Co. Galway,Tractors & Machinery,All years,Number,39
Vehicle Population,2018,Petrol,Co. Galway,Small PSVs,All years,Number,115
Vehicle Population,2018,Petrol,Co. Galway,Large PSVs,All years,Number,1
Vehicle Population,2018,Petrol,Co. Galway,Exempt vehicles,All years,Number,329
Vehicle Population,2018,Petrol,Co. Galway,Other vehicles,All years,Number,1035
Vehicle Population,2018,Petrol,Co. Leitrim,Private cars,All years,Number,4960
Vehicle Population,2018,Petrol,Co. Leitrim,Goods vehicles,All years,Number,2
Vehicle Population,2018,Petrol,Co. Leitrim,Motor cycles,All years,Number,160
Vehicle Population,2018,Petrol,Co. Leitrim,Tractors & Machinery,All years,Number,0
Vehicle Population,2018,Petrol,Co. Leitrim,Small PSVs,All years,Number,0
Vehicle Population,2018,Petrol,Co. Leitrim,Large PSVs,All years,Number,1
Vehicle Population,2018,Petrol,Co. Leitrim,Exempt vehicles,All years,Number,53
Vehicle Population,2018,Petrol,Co. Leitrim,Other vehicles,All years,Number,192
Vehicle Population,2018,Petrol,Co. Mayo,Private cars,All years,Number,22404
Vehicle Population,2018,Petrol,Co. Mayo,Goods vehicles,All years,Number,17
Vehicle Population,2018,Petrol,Co. Mayo,Motor cycles,All years,Number,604
Vehicle Population,2018,Petrol,Co. Mayo,Tractors & Machinery,All years,Number,11
Vehicle Population,2018,Petrol,Co. Mayo,Small PSVs,All years,Number,20
Vehicle Population,2018,Petrol,Co. Mayo,Large PSVs,All years,Number,0
Vehicle Population,2018,Petrol,Co. Mayo,Exempt vehicles,All years,Number,199
Vehicle Population,2018,Petrol,Co. Mayo,Other vehicles,All years,Number,497
Vehicle Population,2018,Petrol,Co. Roscommon,Private cars,All years,Number,11970
Vehicle Population,2018,Petrol,Co. Roscommon,Goods vehicles,All years,Number,11
Vehicle Population,2018,Petrol,Co. Roscommon,Motor cycles,All years,Number,292
Vehicle Population,2018,Petrol,Co. Roscommon,Tractors & Machinery,All years,Number,2
Vehicle Population,2018,Petrol,Co. Roscommon,Small PSVs,All years,Number,3
Vehicle Population,2018,Petrol,Co. Roscommon,Large PSVs,All years,Number,0
Vehicle Population,2018,Petrol,Co. Roscommon,Exempt vehicles,All years,Number,72
Vehicle Population,2018,Petrol,Co. Roscommon,Other vehicles,All years,Number,295
Vehicle Population,2018,Petrol,Co. Sligo,Private cars,All years,Number,11760
Vehicle Population,2018,Petrol,Co. Sligo,Goods vehicles,All years,Number,8
Vehicle Population,2018,Petrol,Co. Sligo,Motor cycles,All years,Number,398
Vehicle Population,2018,Petrol,Co. Sligo,Tractors & Machinery,All years,Number,40
Vehicle Population,2018,Petrol,Co. Sligo,Small PSVs,All years,Number,12
Vehicle Population,2018,Petrol,Co. Sligo,Large PSVs,All years,Number,0
Vehicle Population,2018,Petrol,Co. Sligo,Exempt vehicles,All years,Number,124
Vehicle Population,2018,Petrol,Co. Sligo,Other vehicles,All years,Number,359
Vehicle Population,2018,Petrol,Co. Cavan,Private cars,All years,Number,10568
Vehicle Population,2018,Petrol,Co. Cavan,Goods vehicles,All years,Number,5
Vehicle Population,2018,Petrol,Co. Cavan,Motor cycles,All years,Number,447
Vehicle Population,2018,Petrol,Co. Cavan,Tractors & Machinery,All years,Number,6
Vehicle Population,2018,Petrol,Co. Cavan,Small PSVs,All years,Number,7
Vehicle Population,2018,Petrol,Co. Cavan,Large PSVs,All years,Number,0
Vehicle Population,2018,Petrol,Co. Cavan,Exempt vehicles,All years,Number,58
Vehicle Population,2018,Petrol,Co. Cavan,Other vehicles,All years,Number,337
Vehicle Population,2018,Petrol,Co. Donegal,Private cars,All years,Number,22399
Vehicle Population,2018,Petrol,Co. Donegal,Goods vehicles,All years,Number,20
Vehicle Population,2018,Petrol,Co. Donegal,Motor cycles,All years,Number,734
Vehicle Population,2018,Petrol,Co. Donegal,Tractors & Machinery,All years,Number,5
Vehicle Population,2018,Petrol,Co. Donegal,Small PSVs,All years,Number,16
Vehicle Population,2018,Petrol,Co. Donegal,Large PSVs,All years,Number,3
Vehicle Population,2018,Petrol,Co. Donegal,Exempt vehicles,All years,Number,167
Vehicle Population,2018,Petrol,Co. Donegal,Other vehicles,All years,Number,857
Vehicle Population,2018,Petrol,Co. Monaghan,Private cars,All years,Number,7850
Vehicle Population,2018,Petrol,Co. Monaghan,Goods vehicles,All years,Number,11
Vehicle Population,2018,Petrol,Co. Monaghan,Motor cycles,All years,Number,300
Vehicle Population,2018,Petrol,Co. Monaghan,Tractors & Machinery,All years,Number,2
Vehicle Population,2018,Petrol,Co. Monaghan,Small PSVs,All years,Number,4
Vehicle Population,2018,Petrol,Co. Monaghan,Large PSVs,All years,Number,0
Vehicle Population,2018,Petrol,Co. Monaghan,Exempt vehicles,All years,Number,46
Vehicle Population,2018,Petrol,Co. Monaghan,Other vehicles,All years,Number,262
Vehicle Population,2018,Diesel,Co. Carlow,Private cars,All years,Number,17385
Vehicle Population,2018,Diesel,Co. Carlow,Goods vehicles,All years,Number,5799
Vehicle Population,2018,Diesel,Co. Carlow,Motor cycles,All years,Number,0
Vehicle Population,2018,Diesel,Co. Carlow,Tractors & Machinery,All years,Number,1945
Vehicle Population,2018,Diesel,Co. Carlow,Small PSVs,All years,Number,146
Vehicle Population,2018,Diesel,Co. Carlow,Large PSVs,All years,Number,149
Vehicle Population,2018,Diesel,Co. Carlow,Exempt vehicles,All years,Number,221
Vehicle Population,2018,Diesel,Co. Carlow,Other vehicles,All years,Number,828
Vehicle Population,2018,Diesel,Co. Dublin,Private cars,All years,Number,225705
Vehicle Population,2018,Diesel,Co. Dublin,Goods vehicles,All years,Number,74245
Vehicle Population,2018,Diesel,Co. Dublin,Motor cycles,All years,Number,15
Vehicle Population,2018,Diesel,Co. Dublin,Tractors & Machinery,All years,Number,1842
Vehicle Population,2018,Diesel,Co. Dublin,Small PSVs,All years,Number,8514
Vehicle Population,2018,Diesel,Co. Dublin,Large PSVs,All years,Number,3065
Vehicle Population,2018,Diesel,Co. Dublin,Exempt vehicles,All years,Number,7275
Vehicle Population,2018,Diesel,Co. Dublin,Other vehicles,All years,Number,3676
Vehicle Population,2018,Diesel,Co. Kildare,Private cars,All years,Number,56833
Vehicle Population,2018,Diesel,Co. Kildare,Goods vehicles,All years,Number,16042
Vehicle Population,2018,Diesel,Co. Kildare,Motor cycles,All years,Number,3
Vehicle Population,2018,Diesel,Co. Kildare,Tractors & Machinery,All years,Number,2579
Vehicle Population,2018,Diesel,Co. Kildare,Small PSVs,All years,Number,716
Vehicle Population,2018,Diesel,Co. Kildare,Large PSVs,All years,Number,501
Vehicle Population,2018,Diesel,Co. Kildare,Exempt vehicles,All years,Number,727
Vehicle Population,2018,Diesel,Co. Kildare,Other vehicles,All years,Number,1530
Vehicle Population,2018,Diesel,Co. Kilkenny,Private cars,All years,Number,26673
Vehicle Population,2018,Diesel,Co. Kilkenny,Goods vehicles,All years,Number,8206
Vehicle Population,2018,Diesel,Co. Kilkenny,Motor cycles,All years,Number,1
Vehicle Population,2018,Diesel,Co. Kilkenny,Tractors & Machinery,All years,Number,3868
Vehicle Population,2018,Diesel,Co. Kilkenny,Small PSVs,All years,Number,205
Vehicle Population,2018,Diesel,Co. Kilkenny,Large PSVs,All years,Number,295
Vehicle Population,2018,Diesel,Co. Kilkenny,Exempt vehicles,All years,Number,492
Vehicle Population,2018,Diesel,Co. Kilkenny,Other vehicles,All years,Number,1153
Vehicle Population,2018,Diesel,Co. Laois,Private cars,All years,Number,22057
Vehicle Population,2018,Diesel,Co. Laois,Goods vehicles,All years,Number,6014
Vehicle Population,2018,Diesel,Co. Laois,Motor cycles,All years,Number,2
Vehicle Population,2018,Diesel,Co. Laois,Tractors & Machinery,All years,Number,2996
Vehicle Population,2018,Diesel,Co. Laois,Small PSVs,All years,Number,199
Vehicle Population,2018,Diesel,Co. Laois,Large PSVs,All years,Number,198
Vehicle Population,2018,Diesel,Co. Laois,Exempt vehicles,All years,Number,288
Vehicle Population,2018,Diesel,Co. Laois,Other vehicles,All years,Number,816
Vehicle Population,2018,Diesel,Co. Longford,Private cars,All years,Number,11271
Vehicle Population,2018,Diesel,Co. Longford,Goods vehicles,All years,Number,3931
Vehicle Population,2018,Diesel,Co. Longford,Motor cycles,All years,Number,0
Vehicle Population,2018,Diesel,Co. Longford,Tractors & Machinery,All years,Number,1324
Vehicle Population,2018,Diesel,Co. Longford,Small PSVs,All years,Number,84
Vehicle Population,2018,Diesel,Co. Longford,Large PSVs,All years,Number,105
Vehicle Population,2018,Diesel,Co. Longford,Exempt vehicles,All years,Number,199
Vehicle Population,2018,Diesel,Co. Longford,Other vehicles,All years,Number,806
Vehicle Population,2018,Diesel,Co. Louth,Private cars,All years,Number,29946
Vehicle Population,2018,Diesel,Co. Louth,Goods vehicles,All years,Number,8128
Vehicle Population,2018,Diesel,Co. Louth,Motor cycles,All years,Number,5
Vehicle Population,2018,Diesel,Co. Louth,Tractors & Machinery,All years,Number,1161
Vehicle Population,2018,Diesel,Co. Louth,Small PSVs,All years,Number,508
Vehicle Population,2018,Diesel,Co. Louth,Large PSVs,All years,Number,230
Vehicle Population,2018,Diesel,Co. Louth,Exempt vehicles,All years,Number,503
Vehicle Population,2018,Diesel,Co. Louth,Other vehicles,All years,Number,680
Vehicle Population,2018,Diesel,Co. Meath,Private cars,All years,Number,52423
Vehicle Population,2018,Diesel,Co. Meath,Goods vehicles,All years,Number,14762
Vehicle Population,2018,Diesel,Co. Meath,Motor cycles,All years,Number,1
Vehicle Population,2018,Diesel,Co. Meath,Tractors & Machinery,All years,Number,3059
Vehicle Population,2018,Diesel,Co. Meath,Small PSVs,All years,Number,832
Vehicle Population,2018,Diesel,Co. Meath,Large PSVs,All years,Number,374
Vehicle Population,2018,Diesel,Co. Meath,Exempt vehicles,All years,Number,610
Vehicle Population,2018,Diesel,Co. Meath,Other vehicles,All years,Number,1277
Vehicle Population,2018,Diesel,Co. Offaly,Private cars,All years,Number,21785
Vehicle Population,2018,Diesel,Co. Offaly,Goods vehicles,All years,Number,6515
Vehicle Population,2018,Diesel,Co. Offaly,Motor cycles,All years,Number,2
Vehicle Population,2018,Diesel,Co. Offaly,Tractors & Machinery,All years,Number,2617
Vehicle Population,2018,Diesel,Co. Offaly,Small PSVs,All years,Number,150
Vehicle Population,2018,Diesel,Co. Offaly,Large PSVs,All years,Number,211
Vehicle Population,2018,Diesel,Co. Offaly,Exempt vehicles,All years,Number,276
Vehicle Population,2018,Diesel,Co. Offaly,Other vehicles,All years,Number,1544
Vehicle Population,2018,Diesel,Co. Westmeath,Private cars,All years,Number,26112
Vehicle Population,2018,Diesel,Co. Westmeath,Goods vehicles,All years,Number,8096
Vehicle Population,2018,Diesel,Co. Westmeath,Motor cycles,All years,Number,0
Vehicle Population,2018,Diesel,Co. Westmeath,Tractors & Machinery,All years,Number,2345
Vehicle Population,2018,Diesel,Co. Westmeath,Small PSVs,All years,Number,260
Vehicle Population,2018,Diesel,Co. Westmeath,Large PSVs,All years,Number,160
Vehicle Population,2018,Diesel,Co. Westmeath,Exempt vehicles,All years,Number,267
Vehicle Population,2018,Diesel,Co. Westmeath,Other vehicles,All years,Number,1132
Vehicle Population,2018,Diesel,Co. Wexford,Private cars,All years,Number,44971
Vehicle Population,2018,Diesel,Co. Wexford,Goods vehicles,All years,Number,13961
Vehicle Population,2018,Diesel,Co. Wexford,Motor cycles,All years,Number,1
Vehicle Population,2018,Diesel,Co. Wexford,Tractors & Machinery,All years,Number,4560
Vehicle Population,2018,Diesel,Co. Wexford,Small PSVs,All years,Number,250
Vehicle Population,2018,Diesel,Co. Wexford,Large PSVs,All years,Number,289
Vehicle Population,2018,Diesel,Co. Wexford,Exempt vehicles,All years,Number,519
Vehicle Population,2018,Diesel,Co. Wexford,Other vehicles,All years,Number,2334
Vehicle Population,2018,Diesel,Co. Wicklow,Private cars,All years,Number,34195
Vehicle Population,2018,Diesel,Co. Wicklow,Goods vehicles,All years,Number,9390
Vehicle Population,2018,Diesel,Co. Wicklow,Motor cycles,All years,Number,1
Vehicle Population,2018,Diesel,Co. Wicklow,Tractors & Machinery,All years,Number,1912
Vehicle Population,2018,Diesel,Co. Wicklow,Small PSVs,All years,Number,314
Vehicle Population,2018,Diesel,Co. Wicklow,Large PSVs,All years,Number,251
Vehicle Population,2018,Diesel,Co. Wicklow,Exempt vehicles,All years,Number,435
Vehicle Population,2018,Diesel,Co. Wicklow,Other vehicles,All years,Number,1198
Vehicle Population,2018,Diesel,Co. Clare,Private cars,All years,Number,32584
Vehicle Population,2018,Diesel,Co. Clare,Goods vehicles,All years,Number,9420
Vehicle Population,2018,Diesel,Co. Clare,Motor cycles,All years,Number,2
Vehicle Population,2018,Diesel,Co. Clare,Tractors & Machinery,All years,Number,3303
Vehicle Population,2018,Diesel,Co. Clare,Small PSVs,All years,Number,303
Vehicle Population,2018,Diesel,Co. Clare,Large PSVs,All years,Number,238
Vehicle Population,2018,Diesel,Co. Clare,Exempt vehicles,All years,Number,542
Vehicle Population,2018,Diesel,Co. Clare,Other vehicles,All years,Number,1913
Vehicle Population,2018,Diesel,Co. Cork,Private cars,All years,Number,132295
Vehicle Population,2018,Diesel,Co. Cork,Goods vehicles,All years,Number,41391
Vehicle Population,2018,Diesel,Co. Cork,Motor cycles,All years,Number,6
Vehicle Population,2018,Diesel,Co. Cork,Tractors & Machinery,All years,Number,11762
Vehicle Population,2018,Diesel,Co. Cork,Small PSVs,All years,Number,1538
Vehicle Population,2018,Diesel,Co. Cork,Large PSVs,All years,Number,896
Vehicle Population,2018,Diesel,Co. Cork,Exempt vehicles,All years,Number,2490
Vehicle Population,2018,Diesel,Co. Cork,Other vehicles,All years,Number,5671
Vehicle Population,2018,Diesel,Co. Kerry,Private cars,All years,Number,39246
Vehicle Population,2018,Diesel,Co. Kerry,Goods vehicles,All years,Number,11899
Vehicle Population,2018,Diesel,Co. Kerry,Motor cycles,All years,Number,0
Vehicle Population,2018,Diesel,Co. Kerry,Tractors & Machinery,All years,Number,4358
Vehicle Population,2018,Diesel,Co. Kerry,Small PSVs,All years,Number,436
Vehicle Population,2018,Diesel,Co. Kerry,Large PSVs,All years,Number,524
Vehicle Population,2018,Diesel,Co. Kerry,Exempt vehicles,All years,Number,641
Vehicle Population,2018,Diesel,Co. Kerry,Other vehicles,All years,Number,2845
Vehicle Population,2018,Diesel,Co. Limerick,Private cars,All years,Number,47854
Vehicle Population,2018,Diesel,Co. Limerick,Goods vehicles,All years,Number,13635
Vehicle Population,2018,Diesel,Co. Limerick,Motor cycles,All years,Number,3
Vehicle Population,2018,Diesel,Co. Limerick,Tractors & Machinery,All years,Number,3880
Vehicle Population,2018,Diesel,Co. Limerick,Small PSVs,All years,Number,487
Vehicle Population,2018,Diesel,Co. Limerick,Large PSVs,All years,Number,314
Vehicle Population,2018,Diesel,Co. Limerick,Exempt vehicles,All years,Number,819
Vehicle Population,2018,Diesel,Co. Limerick,Other vehicles,All years,Number,2209
Vehicle Population,2018,Diesel,Co. Tipperary,Private cars,All years,Number,47715
Vehicle Population,2018,Diesel,Co. Tipperary,Goods vehicles,All years,Number,13935
Vehicle Population,2018,Diesel,Co. Tipperary,Motor cycles,All years,Number,3
Vehicle Population,2018,Diesel,Co. Tipperary,Tractors & Machinery,All years,Number,5771
Vehicle Population,2018,Diesel,Co. Tipperary,Small PSVs,All years,Number,241
Vehicle Population,2018,Diesel,Co. Tipperary,Large PSVs,All years,Number,391
Vehicle Population,2018,Diesel,Co. Tipperary,Exempt vehicles,All years,Number,716
Vehicle Population,2018,Diesel,Co. Tipperary,Other vehicles,All years,Number,2104
Vehicle Population,2018,Diesel,Co. Waterford,Private cars,All years,Number,29673
Vehicle Population,2018,Diesel,Co. Waterford,Goods vehicles,All years,Number,8132
Vehicle Population,2018,Diesel,Co. Waterford,Motor cycles,All years,Number,0
Vehicle Population,2018,Diesel,Co. Waterford,Tractors & Machinery,All years,Number,2455
Vehicle Population,2018,Diesel,Co. Waterford,Small PSVs,All years,Number,263
Vehicle Population,2018,Diesel,Co. Waterford,Large PSVs,All years,Number,178
Vehicle Population,2018,Diesel,Co. Waterford,Exempt vehicles,All years,Number,476
Vehicle Population,2018,Diesel,Co. Waterford,Other vehicles,All years,Number,1162
Vehicle Population,2018,Diesel,Co. Galway,Private cars,All years,Number,66337
Vehicle Population,2018,Diesel,Co. Galway,Goods vehicles,All years,Number,20314
Vehicle Population,2018,Diesel,Co. Galway,Motor cycles,All years,Number,0
Vehicle Population,2018,Diesel,Co. Galway,Tractors & Machinery,All years,Number,5516
Vehicle Population,2018,Diesel,Co. Galway,Small PSVs,All years,Number,823
Vehicle Population,2018,Diesel,Co. Galway,Large PSVs,All years,Number,595
Vehicle Population,2018,Diesel,Co. Galway,Exempt vehicles,All years,Number,1524
Vehicle Population,2018,Diesel,Co. Galway,Other vehicles,All years,Number,4129
Vehicle Population,2018,Diesel,Co. Leitrim,Private cars,All years,Number,9454
Vehicle Population,2018,Diesel,Co. Leitrim,Goods vehicles,All years,Number,3401
Vehicle Population,2018,Diesel,Co. Leitrim,Motor cycles,All years,Number,0
Vehicle Population,2018,Diesel,Co. Leitrim,Tractors & Machinery,All years,Number,1006
Vehicle Population,2018,Diesel,Co. Leitrim,Small PSVs,All years,Number,65
Vehicle Population,2018,Diesel,Co. Leitrim,Large PSVs,All years,Number,98
Vehicle Population,2018,Diesel,Co. Leitrim,Exempt vehicles,All years,Number,198
Vehicle Population,2018,Diesel,Co. Leitrim,Other vehicles,All years,Number,767
Vehicle Population,2018,Diesel,Co. Mayo,Private cars,All years,Number,37994
Vehicle Population,2018,Diesel,Co. Mayo,Goods vehicles,All years,Number,13343
Vehicle Population,2018,Diesel,Co. Mayo,Motor cycles,All years,Number,1
Vehicle Population,2018,Diesel,Co. Mayo,Tractors & Machinery,All years,Number,5000
Vehicle Population,2018,Diesel,Co. Mayo,Small PSVs,All years,Number,271
Vehicle Population,2018,Diesel,Co. Mayo,Large PSVs,All years,Number,341
Vehicle Population,2018,Diesel,Co. Mayo,Exempt vehicles,All years,Number,889
Vehicle Population,2018,Diesel,Co. Mayo,Other vehicles,All years,Number,2030
Vehicle Population,2018,Diesel,Co. Roscommon,Private cars,All years,Number,20248
Vehicle Population,2018,Diesel,Co. Roscommon,Goods vehicles,All years,Number,6369
Vehicle Population,2018,Diesel,Co. Roscommon,Motor cycles,All years,Number,2
Vehicle Population,2018,Diesel,Co. Roscommon,Tractors & Machinery,All years,Number,2507
Vehicle Population,2018,Diesel,Co. Roscommon,Small PSVs,All years,Number,128
Vehicle Population,2018,Diesel,Co. Roscommon,Large PSVs,All years,Number,126
Vehicle Population,2018,Diesel,Co. Roscommon,Exempt vehicles,All years,Number,360
Vehicle Population,2018,Diesel,Co. Roscommon,Other vehicles,All years,Number,1537
Vehicle Population,2018,Diesel,Co. Sligo,Private cars,All years,Number,16993
Vehicle Population,2018,Diesel,Co. Sligo,Goods vehicles,All years,Number,6037
Vehicle Population,2018,Diesel,Co. Sligo,Motor cycles,All years,Number,1
Vehicle Population,2018,Diesel,Co. Sligo,Tractors & Machinery,All years,Number,1666
Vehicle Population,2018,Diesel,Co. Sligo,Small PSVs,All years,Number,155
Vehicle Population,2018,Diesel,Co. Sligo,Large PSVs,All years,Number,119
Vehicle Population,2018,Diesel,Co. Sligo,Exempt vehicles,All years,Number,353
Vehicle Population,2018,Diesel,Co. Sligo,Other vehicles,All years,Number,1198
Vehicle Population,2018,Diesel,Co. Cavan,Private cars,All years,Number,20889
Vehicle Population,2018,Diesel,Co. Cavan,Goods vehicles,All years,Number,8043
Vehicle Population,2018,Diesel,Co. Cavan,Motor cycles,All years,Number,1
Vehicle Population,2018,Diesel,Co. Cavan,Tractors & Machinery,All years,Number,2754
Vehicle Population,2018,Diesel,Co. Cavan,Small PSVs,All years,Number,158
Vehicle Population,2018,Diesel,Co. Cavan,Large PSVs,All years,Number,194
Vehicle Population,2018,Diesel,Co. Cavan,Exempt vehicles,All years,Number,323
Vehicle Population,2018,Diesel,Co. Cavan,Other vehicles,All years,Number,1117
Vehicle Population,2018,Diesel,Co. Donegal,Private cars,All years,Number,41125
Vehicle Population,2018,Diesel,Co. Donegal,Goods vehicles,All years,Number,14606
Vehicle Population,2018,Diesel,Co. Donegal,Motor cycles,All years,Number,2
Vehicle Population,2018,Diesel,Co. Donegal,Tractors & Machinery,All years,Number,3371
Vehicle Population,2018,Diesel,Co. Donegal,Small PSVs,All years,Number,348
Vehicle Population,2018,Diesel,Co. Donegal,Large PSVs,All years,Number,622
Vehicle Population,2018,Diesel,Co. Donegal,Exempt vehicles,All years,Number,738
Vehicle Population,2018,Diesel,Co. Donegal,Other vehicles,All years,Number,3323
Vehicle Population,2018,Diesel,Co. Monaghan,Private cars,All years,Number,17636
Vehicle Population,2018,Diesel,Co. Monaghan,Goods vehicles,All years,Number,7957
Vehicle Population,2018,Diesel,Co. Monaghan,Motor cycles,All years,Number,1
Vehicle Population,2018,Diesel,Co. Monaghan,Tractors & Machinery,All years,Number,1887
Vehicle Population,2018,Diesel,Co. Monaghan,Small PSVs,All years,Number,75
Vehicle Population,2018,Diesel,Co. Monaghan,Large PSVs,All years,Number,221
Vehicle Population,2018,Diesel,Co. Monaghan,Exempt vehicles,All years,Number,242
Vehicle Population,2018,Diesel,Co. Monaghan,Other vehicles,All years,Number,870
Vehicle Population,2018,Other fuel types,Co. Carlow,Private cars,All years,Number,330
Vehicle Population,2018,Other fuel types,Co. Carlow,Goods vehicles,All years,Number,1
Vehicle Population,2018,Other fuel types,Co. Carlow,Motor cycles,All years,Number,0
Vehicle Population,2018,Other fuel types,Co. Carlow,Tractors & Machinery,All years,Number,0
Vehicle Population,2018,Other fuel types,Co. Carlow,Small PSVs,All years,Number,4
Vehicle Population,2018,Other fuel types,Co. Carlow,Large PSVs,All years,Number,0
Vehicle Population,2018,Other fuel types,Co. Carlow,Exempt vehicles,All years,Number,2
Vehicle Population,2018,Other fuel types,Co. Carlow,Other vehicles,All years,Number,5
Vehicle Population,2018,Other fuel types,Co. Dublin,Private cars,All years,Number,17421
Vehicle Population,2018,Other fuel types,Co. Dublin,Goods vehicles,All years,Number,100
Vehicle Population,2018,Other fuel types,Co. Dublin,Motor cycles,All years,Number,26
Vehicle Population,2018,Other fuel types,Co. Dublin,Tractors & Machinery,All years,Number,15
Vehicle Population,2018,Other fuel types,Co. Dublin,Small PSVs,All years,Number,1055
Vehicle Population,2018,Other fuel types,Co. Dublin,Large PSVs,All years,Number,0
Vehicle Population,2018,Other fuel types,Co. Dublin,Exempt vehicles,All years,Number,180
Vehicle Population,2018,Other fuel types,Co. Dublin,Other vehicles,All years,Number,17
Vehicle Population,2018,Other fuel types,Co. Kildare,Private cars,All years,Number,2161
Vehicle Population,2018,Other fuel types,Co. Kildare,Goods vehicles,All years,Number,7
Vehicle Population,2018,Other fuel types,Co. Kildare,Motor cycles,All years,Number,4
Vehicle Population,2018,Other fuel types,Co. Kildare,Tractors & Machinery,All years,Number,2
Vehicle Population,2018,Other fuel types,Co. Kildare,Small PSVs,All years,Number,37
Vehicle Population,2018,Other fuel types,Co. Kildare,Large PSVs,All years,Number,0
Vehicle Population,2018,Other fuel types,Co. Kildare,Exempt vehicles,All years,Number,10
Vehicle Population,2018,Other fuel types,Co. Kildare,Other vehicles,All years,Number,3
Vehicle Population,2018,Other fuel types,Co. Kilkenny,Private cars,All years,Number,530
Vehicle Population,2018,Other fuel types,Co. Kilkenny,Goods vehicles,All years,Number,3
Vehicle Population,2018,Other fuel types,Co. Kilkenny,Motor cycles,All years,Number,0
Vehicle Population,2018,Other fuel types,Co. Kilkenny,Tractors & Machinery,All years,Number,3
Vehicle Population,2018,Other fuel types,Co. Kilkenny,Small PSVs,All years,Number,1
Vehicle Population,2018,Other fuel types,Co. Kilkenny,Large PSVs,All years,Number,0
Vehicle Population,2018,Other fuel types,Co. Kilkenny,Exempt vehicles,All years,Number,10
Vehicle Population,2018,Other fuel types,Co. Kilkenny,Other vehicles,All years,Number,5
Vehicle Population,2018,Other fuel types,Co. Laois,Private cars,All years,Number,431
Vehicle Population,2018,Other fuel types,Co. Laois,Goods vehicles,All years,Number,4
Vehicle Population,2018,Other fuel types,Co. Laois,Motor cycles,All years,Number,0
Vehicle Population,2018,Other fuel types,Co. Laois,Tractors & Machinery,All years,Number,0
Vehicle Population,2018,Other fuel types,Co. Laois,Small PSVs,All years,Number,16
Vehicle Population,2018,Other fuel types,Co. Laois,Large PSVs,All years,Number,0
Vehicle Population,2018,Other fuel types,Co. Laois,Exempt vehicles,All years,Number,3
Vehicle Population,2018,Other fuel types,Co. Laois,Other vehicles,All years,Number,7
Vehicle Population,2018,Other fuel types,Co. Longford,Private cars,All years,Number,223
Vehicle Population,2018,Other fuel types,Co. Longford,Goods vehicles,All years,Number,3
Vehicle Population,2018,Other fuel types,Co. Longford,Motor cycles,All years,Number,1
Vehicle Population,2018,Other fuel types,Co. Longford,Tractors & Machinery,All years,Number,0
Vehicle Population,2018,Other fuel types,Co. Longford,Small PSVs,All years,Number,0
Vehicle Population,2018,Other fuel types,Co. Longford,Large PSVs,All years,Number,0
Vehicle Population,2018,Other fuel types,Co. Longford,Exempt vehicles,All years,Number,0
Vehicle Population,2018,Other fuel types,Co. Longford,Other vehicles,All years,Number,3
Vehicle Population,2018,Other fuel types,Co. Louth,Private cars,All years,Number,858
Vehicle Population,2018,Other fuel types,Co. Louth,Goods vehicles,All years,Number,4
Vehicle Population,2018,Other fuel types,Co. Louth,Motor cycles,All years,Number,0
Vehicle Population,2018,Other fuel types,Co. Louth,Tractors & Machinery,All years,Number,0
Vehicle Population,2018,Other fuel types,Co. Louth,Small PSVs,All years,Number,25
Vehicle Population,2018,Other fuel types,Co. Louth,Large PSVs,All years,Number,0
Vehicle Population,2018,Other fuel types,Co. Louth,Exempt vehicles,All years,Number,10
Vehicle Population,2018,Other fuel types,Co. Louth,Other vehicles,All years,Number,1
Vehicle Population,2018,Other fuel types,Co. Meath,Private cars,All years,Number,1720
Vehicle Population,2018,Other fuel types,Co. Meath,Goods vehicles,All years,Number,2
Vehicle Population,2018,Other fuel types,Co. Meath,Motor cycles,All years,Number,0
Vehicle Population,2018,Other fuel types,Co. Meath,Tractors & Machinery,All years,Number,0
Vehicle Population,2018,Other fuel types,Co. Meath,Small PSVs,All years,Number,50
Vehicle Population,2018,Other fuel types,Co. Meath,Large PSVs,All years,Number,0
Vehicle Population,2018,Other fuel types,Co. Meath,Exempt vehicles,All years,Number,14
Vehicle Population,2018,Other fuel types,Co. Meath,Other vehicles,All years,Number,2
Vehicle Population,2018,Other fuel types,Co. Offaly,Private cars,All years,Number,448
Vehicle Population,2018,Other fuel types,Co. Offaly,Goods vehicles,All years,Number,3
Vehicle Population,2018,Other fuel types,Co. Offaly,Motor cycles,All years,Number,1
Vehicle Population,2018,Other fuel types,Co. Offaly,Tractors & Machinery,All years,Number,0
Vehicle Population,2018,Other fuel types,Co. Offaly,Small PSVs,All years,Number,3
Vehicle Population,2018,Other fuel types,Co. Offaly,Large PSVs,All years,Number,0
Vehicle Population,2018,Other fuel types,Co. Offaly,Exempt vehicles,All years,Number,5
Vehicle Population,2018,Other fuel types,Co. Offaly,Other vehicles,All years,Number,3
Vehicle Population,2018,Other fuel types,Co. Westmeath,Private cars,All years,Number,723
Vehicle Population,2018,Other fuel types,Co. Westmeath,Goods vehicles,All years,Number,5
Vehicle Population,2018,Other fuel types,Co. Westmeath,Motor cycles,All years,Number,1
Vehicle Population,2018,Other fuel types,Co. Westmeath,Tractors & Machinery,All years,Number,0
Vehicle Population,2018,Other fuel types,Co. Westmeath,Small PSVs,All years,Number,6
Vehicle Population,2018,Other fuel types,Co. Westmeath,Large PSVs,All years,Number,0
Vehicle Population,2018,Other fuel types,Co. Westmeath,Exempt vehicles,All years,Number,8
Vehicle Population,2018,Other fuel types,Co. Westmeath,Other vehicles,All years,Number,1
Vehicle Population,2018,Other fuel types,Co. Wexford,Private cars,All years,Number,978
Vehicle Population,2018,Other fuel types,Co. Wexford,Goods vehicles,All years,Number,8
Vehicle Population,2018,Other fuel types,Co. Wexford,Motor cycles,All years,Number,3
Vehicle Population,2018,Other fuel types,Co. Wexford,Tractors & Machinery,All years,Number,5
Vehicle Population,2018,Other fuel types,Co. Wexford,Small PSVs,All years,Number,4
Vehicle Population,2018,Other fuel types,Co. Wexford,Large PSVs,All years,Number,0
Vehicle Population,2018,Other fuel types,Co. Wexford,Exempt vehicles,All years,Number,9
Vehicle Population,2018,Other fuel types,Co. Wexford,Other vehicles,All years,Number,7
Vehicle Population,2018,Other fuel types,Co. Wicklow,Private cars,All years,Number,1574
Vehicle Population,2018,Other fuel types,Co. Wicklow,Goods vehicles,All years,Number,10
Vehicle Population,2018,Other fuel types,Co. Wicklow,Motor cycles,All years,Number,4
Vehicle Population,2018,Other fuel types,Co. Wicklow,Tractors & Machinery,All years,Number,1
Vehicle Population,2018,Other fuel types,Co. Wicklow,Small PSVs,All years,Number,14
Vehicle Population,2018,Other fuel types,Co. Wicklow,Large PSVs,All years,Number,0
Vehicle Population,2018,Other fuel types,Co. Wicklow,Exempt vehicles,All years,Number,18
Vehicle Population,2018,Other fuel types,Co. Wicklow,Other vehicles,All years,Number,5
Vehicle Population,2018,Other fuel types,Co. Clare,Private cars,All years,Number,787
Vehicle Population,2018,Other fuel types,Co. Clare,Goods vehicles,All years,Number,4
Vehicle Population,2018,Other fuel types,Co. Clare,Motor cycles,All years,Number,0
Vehicle Population,2018,Other fuel types,Co. Clare,Tractors & Machinery,All years,Number,2
Vehicle Population,2018,Other fuel types,Co. Clare,Small PSVs,All years,Number,7
Vehicle Population,2018,Other fuel types,Co. Clare,Large PSVs,All years,Number,0
Vehicle Population,2018,Other fuel types,Co. Clare,Exempt vehicles,All years,Number,11
Vehicle Population,2018,Other fuel types,Co. Clare,Other vehicles,All years,Number,3
Vehicle Population,2018,Other fuel types,Co. Cork,Private cars,All years,Number,4409
Vehicle Population,2018,Other fuel types,Co. Cork,Goods vehicles,All years,Number,28
Vehicle Population,2018,Other fuel types,Co. Cork,Motor cycles,All years,Number,5
Vehicle Population,2018,Other fuel types,Co. Cork,Tractors & Machinery,All years,Number,3
Vehicle Population,2018,Other fuel types,Co. Cork,Small PSVs,All years,Number,49
Vehicle Population,2018,Other fuel types,Co. Cork,Large PSVs,All years,Number,0
Vehicle Population,2018,Other fuel types,Co. Cork,Exempt vehicles,All years,Number,67
Vehicle Population,2018,Other fuel types,Co. Cork,Other vehicles,All years,Number,10
Vehicle Population,2018,Other fuel types,Co. Kerry,Private cars,All years,Number,924
Vehicle Population,2018,Other fuel types,Co. Kerry,Goods vehicles,All years,Number,2
Vehicle Population,2018,Other fuel types,Co. Kerry,Motor cycles,All years,Number,1
Vehicle Population,2018,Other fuel types,Co. Kerry,Tractors & Machinery,All years,Number,4
Vehicle Population,2018,Other fuel types,Co. Kerry,Small PSVs,All years,Number,4
Vehicle Population,2018,Other fuel types,Co. Kerry,Large PSVs,All years,Number,0
Vehicle Population,2018,Other fuel types,Co. Kerry,Exempt vehicles,All years,Number,13
Vehicle Population,2018,Other fuel types,Co. Kerry,Other vehicles,All years,Number,7
Vehicle Population,2018,Other fuel types,Co. Limerick,Private cars,All years,Number,1182
Vehicle Population,2018,Other fuel types,Co. Limerick,Goods vehicles,All years,Number,4
Vehicle Population,2018,Other fuel types,Co. Limerick,Motor cycles,All years,Number,0
Vehicle Population,2018,Other fuel types,Co. Limerick,Tractors & Machinery,All years,Number,4
Vehicle Population,2018,Other fuel types,Co. Limerick,Small PSVs,All years,Number,41
Vehicle Population,2018,Other fuel types,Co. Limerick,Large PSVs,All years,Number,0
Vehicle Population,2018,Other fuel types,Co. Limerick,Exempt vehicles,All years,Number,41
Vehicle Population,2018,Other fuel types,Co. Limerick,Other vehicles,All years,Number,5
Vehicle Population,2018,Other fuel types,Co. Tipperary,Private cars,All years,Number,823
Vehicle Population,2018,Other fuel types,Co. Tipperary,Goods vehicles,All years,Number,6
Vehicle Population,2018,Other fuel types,Co. Tipperary,Motor cycles,All years,Number,1
Vehicle Population,2018,Other fuel types,Co. Tipperary,Tractors & Machinery,All years,Number,1
Vehicle Population,2018,Other fuel types,Co. Tipperary,Small PSVs,All years,Number,3
Vehicle Population,2018,Other fuel types,Co. Tipperary,Large PSVs,All years,Number,0
Vehicle Population,2018,Other fuel types,Co. Tipperary,Exempt vehicles,All years,Number,18
Vehicle Population,2018,Other fuel types,Co. Tipperary,Other vehicles,All years,Number,5
Vehicle Population,2018,Other fuel types,Co. Waterford,Private cars,All years,Number,763
Vehicle Population,2018,Other fuel types,Co. Waterford,Goods vehicles,All years,Number,4
Vehicle Population,2018,Other fuel types,Co. Waterford,Motor cycles,All years,Number,2
Vehicle Population,2018,Other fuel types,Co. Waterford,Tractors & Machinery,All years,Number,3
Vehicle Population,2018,Other fuel types,Co. Waterford,Small PSVs,All years,Number,1
Vehicle Population,2018,Other fuel types,Co. Waterford,Large PSVs,All years,Number,0
Vehicle Population,2018,Other fuel types,Co. Waterford,Exempt vehicles,All years,Number,5
Vehicle Population,2018,Other fuel types,Co. Waterford,Other vehicles,All years,Number,4
Vehicle Population,2018,Other fuel types,Co. Galway,Private cars,All years,Number,2134
Vehicle Population,2018,Other fuel types,Co. Galway,Goods vehicles,All years,Number,7
Vehicle Population,2018,Other fuel types,Co. Galway,Motor cycles,All years,Number,1
Vehicle Population,2018,Other fuel types,Co. Galway,Tractors & Machinery,All years,Number,1
Vehicle Population,2018,Other fuel types,Co. Galway,Small PSVs,All years,Number,24
Vehicle Population,2018,Other fuel types,Co. Galway,Large PSVs,All years,Number,0
Vehicle Population,2018,Other fuel types,Co. Galway,Exempt vehicles,All years,Number,42
Vehicle Population,2018,Other fuel types,Co. Galway,Other vehicles,All years,Number,10
Vehicle Population,2018,Other fuel types,Co. Leitrim,Private cars,All years,Number,133
Vehicle Population,2018,Other fuel types,Co. Leitrim,Goods vehicles,All years,Number,0
Vehicle Population,2018,Other fuel types,Co. Leitrim,Motor cycles,All years,Number,0
Vehicle Population,2018,Other fuel types,Co. Leitrim,Tractors & Machinery,All years,Number,0
Vehicle Population,2018,Other fuel types,Co. Leitrim,Small PSVs,All years,Number,0
Vehicle Population,2018,Other fuel types,Co. Leitrim,Large PSVs,All years,Number,0
Vehicle Population,2018,Other fuel types,Co. Leitrim,Exempt vehicles,All years,Number,3
Vehicle Population,2018,Other fuel types,Co. Leitrim,Other vehicles,All years,Number,1
Vehicle Population,2018,Other fuel types,Co. Mayo,Private cars,All years,Number,562
Vehicle Population,2018,Other fuel types,Co. Mayo,Goods vehicles,All years,Number,2
Vehicle Population,2018,Other fuel types,Co. Mayo,Motor cycles,All years,Number,0
Vehicle Population,2018,Other fuel types,Co. Mayo,Tractors & Machinery,All years,Number,0
Vehicle Population,2018,Other fuel types,Co. Mayo,Small PSVs,All years,Number,2
Vehicle Population,2018,Other fuel types,Co. Mayo,Large PSVs,All years,Number,0
Vehicle Population,2018,Other fuel types,Co. Mayo,Exempt vehicles,All years,Number,21
Vehicle Population,2018,Other fuel types,Co. Mayo,Other vehicles,All years,Number,5
Vehicle Population,2018,Other fuel types,Co. Roscommon,Private cars,All years,Number,348
Vehicle Population,2018,Other fuel types,Co. Roscommon,Goods vehicles,All years,Number,3
Vehicle Population,2018,Other fuel types,Co. Roscommon,Motor cycles,All years,Number,1
Vehicle Population,2018,Other fuel types,Co. Roscommon,Tractors & Machinery,All years,Number,0
Vehicle Population,2018,Other fuel types,Co. Roscommon,Small PSVs,All years,Number,0
Vehicle Population,2018,Other fuel types,Co. Roscommon,Large PSVs,All years,Number,0
Vehicle Population,2018,Other fuel types,Co. Roscommon,Exempt vehicles,All years,Number,11
Vehicle Population,2018,Other fuel types,Co. Roscommon,Other vehicles,All years,Number,4
Vehicle Population,2018,Other fuel types,Co. Sligo,Private cars,All years,Number,354
Vehicle Population,2018,Other fuel types,Co. Sligo,Goods vehicles,All years,Number,1
Vehicle Population,2018,Other fuel types,Co. Sligo,Motor cycles,All years,Number,0
Vehicle Population,2018,Other fuel types,Co. Sligo,Tractors & Machinery,All years,Number,0
Vehicle Population,2018,Other fuel types,Co. Sligo,Small PSVs,All years,Number,2
Vehicle Population,2018,Other fuel types,Co. Sligo,Large PSVs,All years,Number,0
Vehicle Population,2018,Other fuel types,Co. Sligo,Exempt vehicles,All years,Number,15
Vehicle Population,2018,Other fuel types,Co. Sligo,Other vehicles,All years,Number,1
Vehicle Population,2018,Other fuel types,Co. Cavan,Private cars,All years,Number,392
Vehicle Population,2018,Other fuel types,Co. Cavan,Goods vehicles,All years,Number,2
Vehicle Population,2018,Other fuel types,Co. Cavan,Motor cycles,All years,Number,0
Vehicle Population,2018,Other fuel types,Co. Cavan,Tractors & Machinery,All years,Number,2
Vehicle Population,2018,Other fuel types,Co. Cavan,Small PSVs,All years,Number,1
Vehicle Population,2018,Other fuel types,Co. Cavan,Large PSVs,All years,Number,0
Vehicle Population,2018,Other fuel types,Co. Cavan,Exempt vehicles,All years,Number,3
Vehicle Population,2018,Other fuel types,Co. Cavan,Other vehicles,All years,Number,1
Vehicle Population,2018,Other fuel types,Co. Donegal,Private cars,All years,Number,760
Vehicle Population,2018,Other fuel types,Co. Donegal,Goods vehicles,All years,Number,9
Vehicle Population,2018,Other fuel types,Co. Donegal,Motor cycles,All years,Number,0
Vehicle Population,2018,Other fuel types,Co. Donegal,Tractors & Machinery,All years,Number,1
Vehicle Population,2018,Other fuel types,Co. Donegal,Small PSVs,All years,Number,1
Vehicle Population,2018,Other fuel types,Co. Donegal,Large PSVs,All years,Number,0
Vehicle Population,2018,Other fuel types,Co. Donegal,Exempt vehicles,All years,Number,21
Vehicle Population,2018,Other fuel types,Co. Donegal,Other vehicles,All years,Number,2
Vehicle Population,2018,Other fuel types,Co. Monaghan,Private cars,All years,Number,233
Vehicle Population,2018,Other fuel types,Co. Monaghan,Goods vehicles,All years,Number,1
Vehicle Population,2018,Other fuel types,Co. Monaghan,Motor cycles,All years,Number,0
Vehicle Population,2018,Other fuel types,Co. Monaghan,Tractors & Machinery,All years,Number,1
Vehicle Population,2018,Other fuel types,Co. Monaghan,Small PSVs,All years,Number,0
Vehicle Population,2018,Other fuel types,Co. Monaghan,Large PSVs,All years,Number,0
Vehicle Population,2018,Other fuel types,Co. Monaghan,Exempt vehicles,All years,Number,3
Vehicle Population,2018,Other fuel types,Co. Monaghan,Other vehicles,All years,Number,2
Vehicle Population,2019,Petrol,Co. Carlow,Private cars,All years,Number,10128
Vehicle Population,2019,Petrol,Co. Carlow,Goods vehicles,All years,Number,10
Vehicle Population,2019,Petrol,Co. Carlow,Motor cycles,All years,Number,609
Vehicle Population,2019,Petrol,Co. Carlow,Tractors & Machinery,All years,Number,1
Vehicle Population,2019,Petrol,Co. Carlow,Small PSVs,All years,Number,10
Vehicle Population,2019,Petrol,Co. Carlow,Large PSVs,All years,Number,0
Vehicle Population,2019,Petrol,Co. Carlow,Exempt vehicles,All years,Number,53
Vehicle Population,2019,Petrol,Co. Carlow,Other vehicles,All years,Number,483
Vehicle Population,2019,Petrol,Co. Dublin,Private cars,All years,Number,288442
Vehicle Population,2019,Petrol,Co. Dublin,Goods vehicles,All years,Number,161
Vehicle Population,2019,Petrol,Co. Dublin,Motor cycles,All years,Number,12927
Vehicle Population,2019,Petrol,Co. Dublin,Tractors & Machinery,All years,Number,11
Vehicle Population,2019,Petrol,Co. Dublin,Small PSVs,All years,Number,1045
Vehicle Population,2019,Petrol,Co. Dublin,Large PSVs,All years,Number,1
Vehicle Population,2019,Petrol,Co. Dublin,Exempt vehicles,All years,Number,2248
Vehicle Population,2019,Petrol,Co. Dublin,Other vehicles,All years,Number,4549
Vehicle Population,2019,Petrol,Co. Kildare,Private cars,All years,Number,42478
Vehicle Population,2019,Petrol,Co. Kildare,Goods vehicles,All years,Number,47
Vehicle Population,2019,Petrol,Co. Kildare,Motor cycles,All years,Number,2269
Vehicle Population,2019,Petrol,Co. Kildare,Tractors & Machinery,All years,Number,3
Vehicle Population,2019,Petrol,Co. Kildare,Small PSVs,All years,Number,56
Vehicle Population,2019,Petrol,Co. Kildare,Large PSVs,All years,Number,0
Vehicle Population,2019,Petrol,Co. Kildare,Exempt vehicles,All years,Number,152
Vehicle Population,2019,Petrol,Co. Kildare,Other vehicles,All years,Number,1252
Vehicle Population,2019,Petrol,Co. Kilkenny,Private cars,All years,Number,16310
Vehicle Population,2019,Petrol,Co. Kilkenny,Goods vehicles,All years,Number,10
Vehicle Population,2019,Petrol,Co. Kilkenny,Motor cycles,All years,Number,884
Vehicle Population,2019,Petrol,Co. Kilkenny,Tractors & Machinery,All years,Number,7
Vehicle Population,2019,Petrol,Co. Kilkenny,Small PSVs,All years,Number,7
Vehicle Population,2019,Petrol,Co. Kilkenny,Large PSVs,All years,Number,0
Vehicle Population,2019,Petrol,Co. Kilkenny,Exempt vehicles,All years,Number,85
Vehicle Population,2019,Petrol,Co. Kilkenny,Other vehicles,All years,Number,544
Vehicle Population,2019,Petrol,Co. Laois,Private cars,All years,Number,11535
Vehicle Population,2019,Petrol,Co. Laois,Goods vehicles,All years,Number,13
Vehicle Population,2019,Petrol,Co. Laois,Motor cycles,All years,Number,506
Vehicle Population,2019,Petrol,Co. Laois,Tractors & Machinery,All years,Number,14
Vehicle Population,2019,Petrol,Co. Laois,Small PSVs,All years,Number,9
Vehicle Population,2019,Petrol,Co. Laois,Large PSVs,All years,Number,0
Vehicle Population,2019,Petrol,Co. Laois,Exempt vehicles,All years,Number,54
Vehicle Population,2019,Petrol,Co. Laois,Other vehicles,All years,Number,408
Vehicle Population,2019,Petrol,Co. Longford,Private cars,All years,Number,5400
Vehicle Population,2019,Petrol,Co. Longford,Goods vehicles,All years,Number,6
Vehicle Population,2019,Petrol,Co. Longford,Motor cycles,All years,Number,232
Vehicle Population,2019,Petrol,Co. Longford,Tractors & Machinery,All years,Number,5
Vehicle Population,2019,Petrol,Co. Longford,Small PSVs,All years,Number,1
Vehicle Population,2019,Petrol,Co. Longford,Large PSVs,All years,Number,0
Vehicle Population,2019,Petrol,Co. Longford,Exempt vehicles,All years,Number,31
Vehicle Population,2019,Petrol,Co. Longford,Other vehicles,All years,Number,155
Vehicle Population,2019,Petrol,Co. Louth,Private cars,All years,Number,19861
Vehicle Population,2019,Petrol,Co. Louth,Goods vehicles,All years,Number,11
Vehicle Population,2019,Petrol,Co. Louth,Motor cycles,All years,Number,884
Vehicle Population,2019,Petrol,Co. Louth,Tractors & Machinery,All years,Number,42
Vehicle Population,2019,Petrol,Co. Louth,Small PSVs,All years,Number,37
Vehicle Population,2019,Petrol,Co. Louth,Large PSVs,All years,Number,0
Vehicle Population,2019,Petrol,Co. Louth,Exempt vehicles,All years,Number,175
Vehicle Population,2019,Petrol,Co. Louth,Other vehicles,All years,Number,478
Vehicle Population,2019,Petrol,Co. Meath,Private cars,All years,Number,32606
Vehicle Population,2019,Petrol,Co. Meath,Goods vehicles,All years,Number,20
Vehicle Population,2019,Petrol,Co. Meath,Motor cycles,All years,Number,1797
Vehicle Population,2019,Petrol,Co. Meath,Tractors & Machinery,All years,Number,9
Vehicle Population,2019,Petrol,Co. Meath,Small PSVs,All years,Number,64
Vehicle Population,2019,Petrol,Co. Meath,Large PSVs,All years,Number,2
Vehicle Population,2019,Petrol,Co. Meath,Exempt vehicles,All years,Number,181
Vehicle Population,2019,Petrol,Co. Meath,Other vehicles,All years,Number,1014
Vehicle Population,2019,Petrol,Co. Offaly,Private cars,All years,Number,11252
Vehicle Population,2019,Petrol,Co. Offaly,Goods vehicles,All years,Number,7
Vehicle Population,2019,Petrol,Co. Offaly,Motor cycles,All years,Number,690
Vehicle Population,2019,Petrol,Co. Offaly,Tractors & Machinery,All years,Number,3
Vehicle Population,2019,Petrol,Co. Offaly,Small PSVs,All years,Number,11
Vehicle Population,2019,Petrol,Co. Offaly,Large PSVs,All years,Number,0
Vehicle Population,2019,Petrol,Co. Offaly,Exempt vehicles,All years,Number,45
Vehicle Population,2019,Petrol,Co. Offaly,Other vehicles,All years,Number,381
Vehicle Population,2019,Petrol,Co. Westmeath,Private cars,All years,Number,13293
Vehicle Population,2019,Petrol,Co. Westmeath,Goods vehicles,All years,Number,12
Vehicle Population,2019,Petrol,Co. Westmeath,Motor cycles,All years,Number,619
Vehicle Population,2019,Petrol,Co. Westmeath,Tractors & Machinery,All years,Number,8
Vehicle Population,2019,Petrol,Co. Westmeath,Small PSVs,All years,Number,10
Vehicle Population,2019,Petrol,Co. Westmeath,Large PSVs,All years,Number,0
Vehicle Population,2019,Petrol,Co. Westmeath,Exempt vehicles,All years,Number,46
Vehicle Population,2019,Petrol,Co. Westmeath,Other vehicles,All years,Number,334
Vehicle Population,2019,Petrol,Co. Wexford,Private cars,All years,Number,27539
Vehicle Population,2019,Petrol,Co. Wexford,Goods vehicles,All years,Number,18
Vehicle Population,2019,Petrol,Co. Wexford,Motor cycles,All years,Number,1566
Vehicle Population,2019,Petrol,Co. Wexford,Tractors & Machinery,All years,Number,6
Vehicle Population,2019,Petrol,Co. Wexford,Small PSVs,All years,Number,10
Vehicle Population,2019,Petrol,Co. Wexford,Large PSVs,All years,Number,0
Vehicle Population,2019,Petrol,Co. Wexford,Exempt vehicles,All years,Number,154
Vehicle Population,2019,Petrol,Co. Wexford,Other vehicles,All years,Number,929
Vehicle Population,2019,Petrol,Co. Wicklow,Private cars,All years,Number,31508
Vehicle Population,2019,Petrol,Co. Wicklow,Goods vehicles,All years,Number,29
Vehicle Population,2019,Petrol,Co. Wicklow,Motor cycles,All years,Number,1641
Vehicle Population,2019,Petrol,Co. Wicklow,Tractors & Machinery,All years,Number,3
Vehicle Population,2019,Petrol,Co. Wicklow,Small PSVs,All years,Number,24
Vehicle Population,2019,Petrol,Co. Wicklow,Large PSVs,All years,Number,0
Vehicle Population,2019,Petrol,Co. Wicklow,Exempt vehicles,All years,Number,162
Vehicle Population,2019,Petrol,Co. Wicklow,Other vehicles,All years,Number,1194
Vehicle Population,2019,Petrol,Co. Clare,Private cars,All years,Number,22438
Vehicle Population,2019,Petrol,Co. Clare,Goods vehicles,All years,Number,11
Vehicle Population,2019,Petrol,Co. Clare,Motor cycles,All years,Number,988
Vehicle Population,2019,Petrol,Co. Clare,Tractors & Machinery,All years,Number,2
Vehicle Population,2019,Petrol,Co. Clare,Small PSVs,All years,Number,26
Vehicle Population,2019,Petrol,Co. Clare,Large PSVs,All years,Number,0
Vehicle Population,2019,Petrol,Co. Clare,Exempt vehicles,All years,Number,215
Vehicle Population,2019,Petrol,Co. Clare,Other vehicles,All years,Number,663
Vehicle Population,2019,Petrol,Co. Cork,Private cars,All years,Number,116133
Vehicle Population,2019,Petrol,Co. Cork,Goods vehicles,All years,Number,105
Vehicle Population,2019,Petrol,Co. Cork,Motor cycles,All years,Number,5577
Vehicle Population,2019,Petrol,Co. Cork,Tractors & Machinery,All years,Number,34
Vehicle Population,2019,Petrol,Co. Cork,Small PSVs,All years,Number,111
Vehicle Population,2019,Petrol,Co. Cork,Large PSVs,All years,Number,0
Vehicle Population,2019,Petrol,Co. Cork,Exempt vehicles,All years,Number,943
Vehicle Population,2019,Petrol,Co. Cork,Other vehicles,All years,Number,3465
Vehicle Population,2019,Petrol,Co. Kerry,Private cars,All years,Number,29704
Vehicle Population,2019,Petrol,Co. Kerry,Goods vehicles,All years,Number,15
Vehicle Population,2019,Petrol,Co. Kerry,Motor cycles,All years,Number,1109
Vehicle Population,2019,Petrol,Co. Kerry,Tractors & Machinery,All years,Number,10
Vehicle Population,2019,Petrol,Co. Kerry,Small PSVs,All years,Number,21
Vehicle Population,2019,Petrol,Co. Kerry,Large PSVs,All years,Number,0
Vehicle Population,2019,Petrol,Co. Kerry,Exempt vehicles,All years,Number,183
Vehicle Population,2019,Petrol,Co. Kerry,Other vehicles,All years,Number,991
Vehicle Population,2019,Petrol,Co. Limerick,Private cars,All years,Number,37682
Vehicle Population,2019,Petrol,Co. Limerick,Goods vehicles,All years,Number,11
Vehicle Population,2019,Petrol,Co. Limerick,Motor cycles,All years,Number,1563
Vehicle Population,2019,Petrol,Co. Limerick,Tractors & Machinery,All years,Number,32
Vehicle Population,2019,Petrol,Co. Limerick,Small PSVs,All years,Number,83
Vehicle Population,2019,Petrol,Co. Limerick,Large PSVs,All years,Number,0
Vehicle Population,2019,Petrol,Co. Limerick,Exempt vehicles,All years,Number,329
Vehicle Population,2019,Petrol,Co. Limerick,Other vehicles,All years,Number,989
Vehicle Population,2019,Petrol,Co. Tipperary,Private cars,All years,Number,28656
Vehicle Population,2019,Petrol,Co. Tipperary,Goods vehicles,All years,Number,20
Vehicle Population,2019,Petrol,Co. Tipperary,Motor cycles,All years,Number,1494
Vehicle Population,2019,Petrol,Co. Tipperary,Tractors & Machinery,All years,Number,9
Vehicle Population,2019,Petrol,Co. Tipperary,Small PSVs,All years,Number,8
Vehicle Population,2019,Petrol,Co. Tipperary,Large PSVs,All years,Number,0
Vehicle Population,2019,Petrol,Co. Tipperary,Exempt vehicles,All years,Number,181
Vehicle Population,2019,Petrol,Co. Tipperary,Other vehicles,All years,Number,968
Vehicle Population,2019,Petrol,Co. Waterford,Private cars,All years,Number,25971
Vehicle Population,2019,Petrol,Co. Waterford,Goods vehicles,All years,Number,24
Vehicle Population,2019,Petrol,Co. Waterford,Motor cycles,All years,Number,1341
Vehicle Population,2019,Petrol,Co. Waterford,Tractors & Machinery,All years,Number,16
Vehicle Population,2019,Petrol,Co. Waterford,Small PSVs,All years,Number,31
Vehicle Population,2019,Petrol,Co. Waterford,Large PSVs,All years,Number,1
Vehicle Population,2019,Petrol,Co. Waterford,Exempt vehicles,All years,Number,119
Vehicle Population,2019,Petrol,Co. Waterford,Other vehicles,All years,Number,582
Vehicle Population,2019,Petrol,Co. Galway,Private cars,All years,Number,43049
Vehicle Population,2019,Petrol,Co. Galway,Goods vehicles,All years,Number,36
Vehicle Population,2019,Petrol,Co. Galway,Motor cycles,All years,Number,1536
Vehicle Population,2019,Petrol,Co. Galway,Tractors & Machinery,All years,Number,38
Vehicle Population,2019,Petrol,Co. Galway,Small PSVs,All years,Number,83
Vehicle Population,2019,Petrol,Co. Galway,Large PSVs,All years,Number,1
Vehicle Population,2019,Petrol,Co. Galway,Exempt vehicles,All years,Number,335
Vehicle Population,2019,Petrol,Co. Galway,Other vehicles,All years,Number,1098
Vehicle Population,2019,Petrol,Co. Leitrim,Private cars,All years,Number,4631
Vehicle Population,2019,Petrol,Co. Leitrim,Goods vehicles,All years,Number,5
Vehicle Population,2019,Petrol,Co. Leitrim,Motor cycles,All years,Number,175
Vehicle Population,2019,Petrol,Co. Leitrim,Tractors & Machinery,All years,Number,0
Vehicle Population,2019,Petrol,Co. Leitrim,Small PSVs,All years,Number,0
Vehicle Population,2019,Petrol,Co. Leitrim,Large PSVs,All years,Number,1
Vehicle Population,2019,Petrol,Co. Leitrim,Exempt vehicles,All years,Number,50
Vehicle Population,2019,Petrol,Co. Leitrim,Other vehicles,All years,Number,201
Vehicle Population,2019,Petrol,Co. Mayo,Private cars,All years,Number,20892
Vehicle Population,2019,Petrol,Co. Mayo,Goods vehicles,All years,Number,17
Vehicle Population,2019,Petrol,Co. Mayo,Motor cycles,All years,Number,647
Vehicle Population,2019,Petrol,Co. Mayo,Tractors & Machinery,All years,Number,12
Vehicle Population,2019,Petrol,Co. Mayo,Small PSVs,All years,Number,12
Vehicle Population,2019,Petrol,Co. Mayo,Large PSVs,All years,Number,0
Vehicle Population,2019,Petrol,Co. Mayo,Exempt vehicles,All years,Number,198
Vehicle Population,2019,Petrol,Co. Mayo,Other vehicles,All years,Number,517
Vehicle Population,2019,Petrol,Co. Roscommon,Private cars,All years,Number,11795
Vehicle Population,2019,Petrol,Co. Roscommon,Goods vehicles,All years,Number,10
Vehicle Population,2019,Petrol,Co. Roscommon,Motor cycles,All years,Number,313
Vehicle Population,2019,Petrol,Co. Roscommon,Tractors & Machinery,All years,Number,4
Vehicle Population,2019,Petrol,Co. Roscommon,Small PSVs,All years,Number,4
Vehicle Population,2019,Petrol,Co. Roscommon,Large PSVs,All years,Number,0
Vehicle Population,2019,Petrol,Co. Roscommon,Exempt vehicles,All years,Number,78
Vehicle Population,2019,Petrol,Co. Roscommon,Other vehicles,All years,Number,310
Vehicle Population,2019,Petrol,Co. Sligo,Private cars,All years,Number,11105
Vehicle Population,2019,Petrol,Co. Sligo,Goods vehicles,All years,Number,4
Vehicle Population,2019,Petrol,Co. Sligo,Motor cycles,All years,Number,411
Vehicle Population,2019,Petrol,Co. Sligo,Tractors & Machinery,All years,Number,36
Vehicle Population,2019,Petrol,Co. Sligo,Small PSVs,All years,Number,9
Vehicle Population,2019,Petrol,Co. Sligo,Large PSVs,All years,Number,0
Vehicle Population,2019,Petrol,Co. Sligo,Exempt vehicles,All years,Number,127
Vehicle Population,2019,Petrol,Co. Sligo,Other vehicles,All years,Number,361
Vehicle Population,2019,Petrol,Co. Cavan,Private cars,All years,Number,9827
Vehicle Population,2019,Petrol,Co. Cavan,Goods vehicles,All years,Number,6
Vehicle Population,2019,Petrol,Co. Cavan,Motor cycles,All years,Number,482
Vehicle Population,2019,Petrol,Co. Cavan,Tractors & Machinery,All years,Number,6
Vehicle Population,2019,Petrol,Co. Cavan,Small PSVs,All years,Number,6
Vehicle Population,2019,Petrol,Co. Cavan,Large PSVs,All years,Number,0
Vehicle Population,2019,Petrol,Co. Cavan,Exempt vehicles,All years,Number,58
Vehicle Population,2019,Petrol,Co. Cavan,Other vehicles,All years,Number,353
Vehicle Population,2019,Petrol,Co. Donegal,Private cars,All years,Number,21095
Vehicle Population,2019,Petrol,Co. Donegal,Goods vehicles,All years,Number,20
Vehicle Population,2019,Petrol,Co. Donegal,Motor cycles,All years,Number,773
Vehicle Population,2019,Petrol,Co. Donegal,Tractors & Machinery,All years,Number,8
Vehicle Population,2019,Petrol,Co. Donegal,Small PSVs,All years,Number,11
Vehicle Population,2019,Petrol,Co. Donegal,Large PSVs,All years,Number,3
Vehicle Population,2019,Petrol,Co. Donegal,Exempt vehicles,All years,Number,173
Vehicle Population,2019,Petrol,Co. Donegal,Other vehicles,All years,Number,931
Vehicle Population,2019,Petrol,Co. Monaghan,Private cars,All years,Number,7331
Vehicle Population,2019,Petrol,Co. Monaghan,Goods vehicles,All years,Number,12
Vehicle Population,2019,Petrol,Co. Monaghan,Motor cycles,All years,Number,303
Vehicle Population,2019,Petrol,Co. Monaghan,Tractors & Machinery,All years,Number,1
Vehicle Population,2019,Petrol,Co. Monaghan,Small PSVs,All years,Number,3
Vehicle Population,2019,Petrol,Co. Monaghan,Large PSVs,All years,Number,0
Vehicle Population,2019,Petrol,Co. Monaghan,Exempt vehicles,All years,Number,44
Vehicle Population,2019,Petrol,Co. Monaghan,Other vehicles,All years,Number,263
Vehicle Population,2019,Diesel,Co. Carlow,Private cars,All years,Number,18620
Vehicle Population,2019,Diesel,Co. Carlow,Goods vehicles,All years,Number,5795
Vehicle Population,2019,Diesel,Co. Carlow,Motor cycles,All years,Number,0
Vehicle Population,2019,Diesel,Co. Carlow,Tractors & Machinery,All years,Number,1918
Vehicle Population,2019,Diesel,Co. Carlow,Small PSVs,All years,Number,152
Vehicle Population,2019,Diesel,Co. Carlow,Large PSVs,All years,Number,149
Vehicle Population,2019,Diesel,Co. Carlow,Exempt vehicles,All years,Number,230
Vehicle Population,2019,Diesel,Co. Carlow,Other vehicles,All years,Number,850
Vehicle Population,2019,Diesel,Co. Dublin,Private cars,All years,Number,238682
Vehicle Population,2019,Diesel,Co. Dublin,Goods vehicles,All years,Number,78157
Vehicle Population,2019,Diesel,Co. Dublin,Motor cycles,All years,Number,17
Vehicle Population,2019,Diesel,Co. Dublin,Tractors & Machinery,All years,Number,1850
Vehicle Population,2019,Diesel,Co. Dublin,Small PSVs,All years,Number,8654
Vehicle Population,2019,Diesel,Co. Dublin,Large PSVs,All years,Number,3261
Vehicle Population,2019,Diesel,Co. Dublin,Exempt vehicles,All years,Number,7390
Vehicle Population,2019,Diesel,Co. Dublin,Other vehicles,All years,Number,3811
Vehicle Population,2019,Diesel,Co. Kildare,Private cars,All years,Number,60965
Vehicle Population,2019,Diesel,Co. Kildare,Goods vehicles,All years,Number,16524
Vehicle Population,2019,Diesel,Co. Kildare,Motor cycles,All years,Number,2
Vehicle Population,2019,Diesel,Co. Kildare,Tractors & Machinery,All years,Number,2578
Vehicle Population,2019,Diesel,Co. Kildare,Small PSVs,All years,Number,697
Vehicle Population,2019,Diesel,Co. Kildare,Large PSVs,All years,Number,525
Vehicle Population,2019,Diesel,Co. Kildare,Exempt vehicles,All years,Number,711
Vehicle Population,2019,Diesel,Co. Kildare,Other vehicles,All years,Number,1589
Vehicle Population,2019,Diesel,Co. Kilkenny,Private cars,All years,Number,28375
Vehicle Population,2019,Diesel,Co. Kilkenny,Goods vehicles,All years,Number,8311
Vehicle Population,2019,Diesel,Co. Kilkenny,Motor cycles,All years,Number,1
Vehicle Population,2019,Diesel,Co. Kilkenny,Tractors & Machinery,All years,Number,3798
Vehicle Population,2019,Diesel,Co. Kilkenny,Small PSVs,All years,Number,195
Vehicle Population,2019,Diesel,Co. Kilkenny,Large PSVs,All years,Number,334
Vehicle Population,2019,Diesel,Co. Kilkenny,Exempt vehicles,All years,Number,465
Vehicle Population,2019,Diesel,Co. Kilkenny,Other vehicles,All years,Number,1186
Vehicle Population,2019,Diesel,Co. Laois,Private cars,All years,Number,23732
Vehicle Population,2019,Diesel,Co. Laois,Goods vehicles,All years,Number,6126
Vehicle Population,2019,Diesel,Co. Laois,Motor cycles,All years,Number,1
Vehicle Population,2019,Diesel,Co. Laois,Tractors & Machinery,All years,Number,2932
Vehicle Population,2019,Diesel,Co. Laois,Small PSVs,All years,Number,196
Vehicle Population,2019,Diesel,Co. Laois,Large PSVs,All years,Number,211
Vehicle Population,2019,Diesel,Co. Laois,Exempt vehicles,All years,Number,303
Vehicle Population,2019,Diesel,Co. Laois,Other vehicles,All years,Number,848
Vehicle Population,2019,Diesel,Co. Longford,Private cars,All years,Number,11998
Vehicle Population,2019,Diesel,Co. Longford,Goods vehicles,All years,Number,4057
Vehicle Population,2019,Diesel,Co. Longford,Motor cycles,All years,Number,0
Vehicle Population,2019,Diesel,Co. Longford,Tractors & Machinery,All years,Number,1288
Vehicle Population,2019,Diesel,Co. Longford,Small PSVs,All years,Number,86
Vehicle Population,2019,Diesel,Co. Longford,Large PSVs,All years,Number,101
Vehicle Population,2019,Diesel,Co. Longford,Exempt vehicles,All years,Number,204
Vehicle Population,2019,Diesel,Co. Longford,Other vehicles,All years,Number,813
Vehicle Population,2019,Diesel,Co. Louth,Private cars,All years,Number,32019
Vehicle Population,2019,Diesel,Co. Louth,Goods vehicles,All years,Number,8198
Vehicle Population,2019,Diesel,Co. Louth,Motor cycles,All years,Number,5
Vehicle Population,2019,Diesel,Co. Louth,Tractors & Machinery,All years,Number,1136
Vehicle Population,2019,Diesel,Co. Louth,Small PSVs,All years,Number,488
Vehicle Population,2019,Diesel,Co. Louth,Large PSVs,All years,Number,246
Vehicle Population,2019,Diesel,Co. Louth,Exempt vehicles,All years,Number,489
Vehicle Population,2019,Diesel,Co. Louth,Other vehicles,All years,Number,690
Vehicle Population,2019,Diesel,Co. Meath,Private cars,All years,Number,56432
Vehicle Population,2019,Diesel,Co. Meath,Goods vehicles,All years,Number,15172
Vehicle Population,2019,Diesel,Co. Meath,Motor cycles,All years,Number,1
Vehicle Population,2019,Diesel,Co. Meath,Tractors & Machinery,All years,Number,3078
Vehicle Population,2019,Diesel,Co. Meath,Small PSVs,All years,Number,853
Vehicle Population,2019,Diesel,Co. Meath,Large PSVs,All years,Number,397
Vehicle Population,2019,Diesel,Co. Meath,Exempt vehicles,All years,Number,590
Vehicle Population,2019,Diesel,Co. Meath,Other vehicles,All years,Number,1354
Vehicle Population,2019,Diesel,Co. Offaly,Private cars,All years,Number,23399
Vehicle Population,2019,Diesel,Co. Offaly,Goods vehicles,All years,Number,6613
Vehicle Population,2019,Diesel,Co. Offaly,Motor cycles,All years,Number,1
Vehicle Population,2019,Diesel,Co. Offaly,Tractors & Machinery,All years,Number,2595
Vehicle Population,2019,Diesel,Co. Offaly,Small PSVs,All years,Number,146
Vehicle Population,2019,Diesel,Co. Offaly,Large PSVs,All years,Number,219
Vehicle Population,2019,Diesel,Co. Offaly,Exempt vehicles,All years,Number,278
Vehicle Population,2019,Diesel,Co. Offaly,Other vehicles,All years,Number,1558
Vehicle Population,2019,Diesel,Co. Westmeath,Private cars,All years,Number,27918
Vehicle Population,2019,Diesel,Co. Westmeath,Goods vehicles,All years,Number,8174
Vehicle Population,2019,Diesel,Co. Westmeath,Motor cycles,All years,Number,1
Vehicle Population,2019,Diesel,Co. Westmeath,Tractors & Machinery,All years,Number,2253
Vehicle Population,2019,Diesel,Co. Westmeath,Small PSVs,All years,Number,248
Vehicle Population,2019,Diesel,Co. Westmeath,Large PSVs,All years,Number,154
Vehicle Population,2019,Diesel,Co. Westmeath,Exempt vehicles,All years,Number,270
Vehicle Population,2019,Diesel,Co. Westmeath,Other vehicles,All years,Number,1158
Vehicle Population,2019,Diesel,Co. Wexford,Private cars,All years,Number,48691
Vehicle Population,2019,Diesel,Co. Wexford,Goods vehicles,All years,Number,13932
Vehicle Population,2019,Diesel,Co. Wexford,Motor cycles,All years,Number,1
Vehicle Population,2019,Diesel,Co. Wexford,Tractors & Machinery,All years,Number,4538
Vehicle Population,2019,Diesel,Co. Wexford,Small PSVs,All years,Number,238
Vehicle Population,2019,Diesel,Co. Wexford,Large PSVs,All years,Number,302
Vehicle Population,2019,Diesel,Co. Wexford,Exempt vehicles,All years,Number,547
Vehicle Population,2019,Diesel,Co. Wexford,Other vehicles,All years,Number,2402
Vehicle Population,2019,Diesel,Co. Wicklow,Private cars,All years,Number,36574
Vehicle Population,2019,Diesel,Co. Wicklow,Goods vehicles,All years,Number,9629
Vehicle Population,2019,Diesel,Co. Wicklow,Motor cycles,All years,Number,2
Vehicle Population,2019,Diesel,Co. Wicklow,Tractors & Machinery,All years,Number,1840
Vehicle Population,2019,Diesel,Co. Wicklow,Small PSVs,All years,Number,309
Vehicle Population,2019,Diesel,Co. Wicklow,Large PSVs,All years,Number,255
Vehicle Population,2019,Diesel,Co. Wicklow,Exempt vehicles,All years,Number,452
Vehicle Population,2019,Diesel,Co. Wicklow,Other vehicles,All years,Number,1276
Vehicle Population,2019,Diesel,Co. Clare,Private cars,All years,Number,35128
Vehicle Population,2019,Diesel,Co. Clare,Goods vehicles,All years,Number,9411
Vehicle Population,2019,Diesel,Co. Clare,Motor cycles,All years,Number,2
Vehicle Population,2019,Diesel,Co. Clare,Tractors & Machinery,All years,Number,3196
Vehicle Population,2019,Diesel,Co. Clare,Small PSVs,All years,Number,311
Vehicle Population,2019,Diesel,Co. Clare,Large PSVs,All years,Number,256
Vehicle Population,2019,Diesel,Co. Clare,Exempt vehicles,All years,Number,556
Vehicle Population,2019,Diesel,Co. Clare,Other vehicles,All years,Number,1907
Vehicle Population,2019,Diesel,Co. Cork,Private cars,All years,Number,141531
Vehicle Population,2019,Diesel,Co. Cork,Goods vehicles,All years,Number,41970
Vehicle Population,2019,Diesel,Co. Cork,Motor cycles,All years,Number,8
Vehicle Population,2019,Diesel,Co. Cork,Tractors & Machinery,All years,Number,11604
Vehicle Population,2019,Diesel,Co. Cork,Small PSVs,All years,Number,1538
Vehicle Population,2019,Diesel,Co. Cork,Large PSVs,All years,Number,900
Vehicle Population,2019,Diesel,Co. Cork,Exempt vehicles,All years,Number,2529
Vehicle Population,2019,Diesel,Co. Cork,Other vehicles,All years,Number,5837
Vehicle Population,2019,Diesel,Co. Kerry,Private cars,All years,Number,42313
Vehicle Population,2019,Diesel,Co. Kerry,Goods vehicles,All years,Number,11903
Vehicle Population,2019,Diesel,Co. Kerry,Motor cycles,All years,Number,1
Vehicle Population,2019,Diesel,Co. Kerry,Tractors & Machinery,All years,Number,4293
Vehicle Population,2019,Diesel,Co. Kerry,Small PSVs,All years,Number,466
Vehicle Population,2019,Diesel,Co. Kerry,Large PSVs,All years,Number,544
Vehicle Population,2019,Diesel,Co. Kerry,Exempt vehicles,All years,Number,641
Vehicle Population,2019,Diesel,Co. Kerry,Other vehicles,All years,Number,2832
Vehicle Population,2019,Diesel,Co. Limerick,Private cars,All years,Number,51439
Vehicle Population,2019,Diesel,Co. Limerick,Goods vehicles,All years,Number,13870
Vehicle Population,2019,Diesel,Co. Limerick,Motor cycles,All years,Number,2
Vehicle Population,2019,Diesel,Co. Limerick,Tractors & Machinery,All years,Number,3812
Vehicle Population,2019,Diesel,Co. Limerick,Small PSVs,All years,Number,513
Vehicle Population,2019,Diesel,Co. Limerick,Large PSVs,All years,Number,331
Vehicle Population,2019,Diesel,Co. Limerick,Exempt vehicles,All years,Number,823
Vehicle Population,2019,Diesel,Co. Limerick,Other vehicles,All years,Number,2213
Vehicle Population,2019,Diesel,Co. Tipperary,Private cars,All years,Number,51364
Vehicle Population,2019,Diesel,Co. Tipperary,Goods vehicles,All years,Number,14146
Vehicle Population,2019,Diesel,Co. Tipperary,Motor cycles,All years,Number,3
Vehicle Population,2019,Diesel,Co. Tipperary,Tractors & Machinery,All years,Number,5656
Vehicle Population,2019,Diesel,Co. Tipperary,Small PSVs,All years,Number,246
Vehicle Population,2019,Diesel,Co. Tipperary,Large PSVs,All years,Number,401
Vehicle Population,2019,Diesel,Co. Tipperary,Exempt vehicles,All years,Number,718
Vehicle Population,2019,Diesel,Co. Tipperary,Other vehicles,All years,Number,2136
Vehicle Population,2019,Diesel,Co. Waterford,Private cars,All years,Number,31941
Vehicle Population,2019,Diesel,Co. Waterford,Goods vehicles,All years,Number,8152
Vehicle Population,2019,Diesel,Co. Waterford,Motor cycles,All years,Number,0
Vehicle Population,2019,Diesel,Co. Waterford,Tractors & Machinery,All years,Number,2368
Vehicle Population,2019,Diesel,Co. Waterford,Small PSVs,All years,Number,263
Vehicle Population,2019,Diesel,Co. Waterford,Large PSVs,All years,Number,192
Vehicle Population,2019,Diesel,Co. Waterford,Exempt vehicles,All years,Number,449
Vehicle Population,2019,Diesel,Co. Waterford,Other vehicles,All years,Number,1206
Vehicle Population,2019,Diesel,Co. Galway,Private cars,All years,Number,71154
Vehicle Population,2019,Diesel,Co. Galway,Goods vehicles,All years,Number,20415
Vehicle Population,2019,Diesel,Co. Galway,Motor cycles,All years,Number,1
Vehicle Population,2019,Diesel,Co. Galway,Tractors & Machinery,All years,Number,5395
Vehicle Population,2019,Diesel,Co. Galway,Small PSVs,All years,Number,856
Vehicle Population,2019,Diesel,Co. Galway,Large PSVs,All years,Number,659
Vehicle Population,2019,Diesel,Co. Galway,Exempt vehicles,All years,Number,1548
Vehicle Population,2019,Diesel,Co. Galway,Other vehicles,All years,Number,4082
Vehicle Population,2019,Diesel,Co. Leitrim,Private cars,All years,Number,10102
Vehicle Population,2019,Diesel,Co. Leitrim,Goods vehicles,All years,Number,3500
Vehicle Population,2019,Diesel,Co. Leitrim,Motor cycles,All years,Number,0
Vehicle Population,2019,Diesel,Co. Leitrim,Tractors & Machinery,All years,Number,956
Vehicle Population,2019,Diesel,Co. Leitrim,Small PSVs,All years,Number,62
Vehicle Population,2019,Diesel,Co. Leitrim,Large PSVs,All years,Number,105
Vehicle Population,2019,Diesel,Co. Leitrim,Exempt vehicles,All years,Number,194
Vehicle Population,2019,Diesel,Co. Leitrim,Other vehicles,All years,Number,749
Vehicle Population,2019,Diesel,Co. Mayo,Private cars,All years,Number,40335
Vehicle Population,2019,Diesel,Co. Mayo,Goods vehicles,All years,Number,13331
Vehicle Population,2019,Diesel,Co. Mayo,Motor cycles,All years,Number,1
Vehicle Population,2019,Diesel,Co. Mayo,Tractors & Machinery,All years,Number,4871
Vehicle Population,2019,Diesel,Co. Mayo,Small PSVs,All years,Number,254
Vehicle Population,2019,Diesel,Co. Mayo,Large PSVs,All years,Number,346
Vehicle Population,2019,Diesel,Co. Mayo,Exempt vehicles,All years,Number,910
Vehicle Population,2019,Diesel,Co. Mayo,Other vehicles,All years,Number,2080
Vehicle Population,2019,Diesel,Co. Roscommon,Private cars,All years,Number,21460
Vehicle Population,2019,Diesel,Co. Roscommon,Goods vehicles,All years,Number,6409
Vehicle Population,2019,Diesel,Co. Roscommon,Motor cycles,All years,Number,2
Vehicle Population,2019,Diesel,Co. Roscommon,Tractors & Machinery,All years,Number,2398
Vehicle Population,2019,Diesel,Co. Roscommon,Small PSVs,All years,Number,123
Vehicle Population,2019,Diesel,Co. Roscommon,Large PSVs,All years,Number,126
Vehicle Population,2019,Diesel,Co. Roscommon,Exempt vehicles,All years,Number,367
Vehicle Population,2019,Diesel,Co. Roscommon,Other vehicles,All years,Number,1504
Vehicle Population,2019,Diesel,Co. Sligo,Private cars,All years,Number,17982
Vehicle Population,2019,Diesel,Co. Sligo,Goods vehicles,All years,Number,6200
Vehicle Population,2019,Diesel,Co. Sligo,Motor cycles,All years,Number,2
Vehicle Population,2019,Diesel,Co. Sligo,Tractors & Machinery,All years,Number,1640
Vehicle Population,2019,Diesel,Co. Sligo,Small PSVs,All years,Number,164
Vehicle Population,2019,Diesel,Co. Sligo,Large PSVs,All years,Number,125
Vehicle Population,2019,Diesel,Co. Sligo,Exempt vehicles,All years,Number,349
Vehicle Population,2019,Diesel,Co. Sligo,Other vehicles,All years,Number,1206
Vehicle Population,2019,Diesel,Co. Cavan,Private cars,All years,Number,22512
Vehicle Population,2019,Diesel,Co. Cavan,Goods vehicles,All years,Number,8314
Vehicle Population,2019,Diesel,Co. Cavan,Motor cycles,All years,Number,2
Vehicle Population,2019,Diesel,Co. Cavan,Tractors & Machinery,All years,Number,2705
Vehicle Population,2019,Diesel,Co. Cavan,Small PSVs,All years,Number,157
Vehicle Population,2019,Diesel,Co. Cavan,Large PSVs,All years,Number,194
Vehicle Population,2019,Diesel,Co. Cavan,Exempt vehicles,All years,Number,315
Vehicle Population,2019,Diesel,Co. Cavan,Other vehicles,All years,Number,1118
Vehicle Population,2019,Diesel,Co. Donegal,Private cars,All years,Number,44131
Vehicle Population,2019,Diesel,Co. Donegal,Goods vehicles,All years,Number,15125
Vehicle Population,2019,Diesel,Co. Donegal,Motor cycles,All years,Number,3
Vehicle Population,2019,Diesel,Co. Donegal,Tractors & Machinery,All years,Number,3281
Vehicle Population,2019,Diesel,Co. Donegal,Small PSVs,All years,Number,346
Vehicle Population,2019,Diesel,Co. Donegal,Large PSVs,All years,Number,631
Vehicle Population,2019,Diesel,Co. Donegal,Exempt vehicles,All years,Number,746
Vehicle Population,2019,Diesel,Co. Donegal,Other vehicles,All years,Number,3270
Vehicle Population,2019,Diesel,Co. Monaghan,Private cars,All years,Number,18883
Vehicle Population,2019,Diesel,Co. Monaghan,Goods vehicles,All years,Number,8210
Vehicle Population,2019,Diesel,Co. Monaghan,Motor cycles,All years,Number,0
Vehicle Population,2019,Diesel,Co. Monaghan,Tractors & Machinery,All years,Number,1832
Vehicle Population,2019,Diesel,Co. Monaghan,Small PSVs,All years,Number,73
Vehicle Population,2019,Diesel,Co. Monaghan,Large PSVs,All years,Number,232
Vehicle Population,2019,Diesel,Co. Monaghan,Exempt vehicles,All years,Number,243
Vehicle Population,2019,Diesel,Co. Monaghan,Other vehicles,All years,Number,839
Vehicle Population,2019,Other fuel types,Co. Carlow,Private cars,All years,Number,468
Vehicle Population,2019,Other fuel types,Co. Carlow,Goods vehicles,All years,Number,2
Vehicle Population,2019,Other fuel types,Co. Carlow,Motor cycles,All years,Number,0
Vehicle Population,2019,Other fuel types,Co. Carlow,Tractors & Machinery,All years,Number,0
Vehicle Population,2019,Other fuel types,Co. Carlow,Small PSVs,All years,Number,6
Vehicle Population,2019,Other fuel types,Co. Carlow,Large PSVs,All years,Number,0
Vehicle Population,2019,Other fuel types,Co. Carlow,Exempt vehicles,All years,Number,3
Vehicle Population,2019,Other fuel types,Co. Carlow,Other vehicles,All years,Number,5
Vehicle Population,2019,Other fuel types,Co. Dublin,Private cars,All years,Number,25433
Vehicle Population,2019,Other fuel types,Co. Dublin,Goods vehicles,All years,Number,233
Vehicle Population,2019,Other fuel types,Co. Dublin,Motor cycles,All years,Number,41
Vehicle Population,2019,Other fuel types,Co. Dublin,Tractors & Machinery,All years,Number,11
Vehicle Population,2019,Other fuel types,Co. Dublin,Small PSVs,All years,Number,1674
Vehicle Population,2019,Other fuel types,Co. Dublin,Large PSVs,All years,Number,0
Vehicle Population,2019,Other fuel types,Co. Dublin,Exempt vehicles,All years,Number,265
Vehicle Population,2019,Other fuel types,Co. Dublin,Other vehicles,All years,Number,17
Vehicle Population,2019,Other fuel types,Co. Kildare,Private cars,All years,Number,3178
Vehicle Population,2019,Other fuel types,Co. Kildare,Goods vehicles,All years,Number,15
Vehicle Population,2019,Other fuel types,Co. Kildare,Motor cycles,All years,Number,4
Vehicle Population,2019,Other fuel types,Co. Kildare,Tractors & Machinery,All years,Number,3
Vehicle Population,2019,Other fuel types,Co. Kildare,Small PSVs,All years,Number,60
Vehicle Population,2019,Other fuel types,Co. Kildare,Large PSVs,All years,Number,0
Vehicle Population,2019,Other fuel types,Co. Kildare,Exempt vehicles,All years,Number,18
Vehicle Population,2019,Other fuel types,Co. Kildare,Other vehicles,All years,Number,4
Vehicle Population,2019,Other fuel types,Co. Kilkenny,Private cars,All years,Number,788
Vehicle Population,2019,Other fuel types,Co. Kilkenny,Goods vehicles,All years,Number,3
Vehicle Population,2019,Other fuel types,Co. Kilkenny,Motor cycles,All years,Number,0
Vehicle Population,2019,Other fuel types,Co. Kilkenny,Tractors & Machinery,All years,Number,3
Vehicle Population,2019,Other fuel types,Co. Kilkenny,Small PSVs,All years,Number,2
Vehicle Population,2019,Other fuel types,Co. Kilkenny,Large PSVs,All years,Number,0
Vehicle Population,2019,Other fuel types,Co. Kilkenny,Exempt vehicles,All years,Number,15
Vehicle Population,2019,Other fuel types,Co. Kilkenny,Other vehicles,All years,Number,4
Vehicle Population,2019,Other fuel types,Co. Laois,Private cars,All years,Number,619
Vehicle Population,2019,Other fuel types,Co. Laois,Goods vehicles,All years,Number,4
Vehicle Population,2019,Other fuel types,Co. Laois,Motor cycles,All years,Number,0
Vehicle Population,2019,Other fuel types,Co. Laois,Tractors & Machinery,All years,Number,0
Vehicle Population,2019,Other fuel types,Co. Laois,Small PSVs,All years,Number,21
Vehicle Population,2019,Other fuel types,Co. Laois,Large PSVs,All years,Number,0
Vehicle Population,2019,Other fuel types,Co. Laois,Exempt vehicles,All years,Number,2
Vehicle Population,2019,Other fuel types,Co. Laois,Other vehicles,All years,Number,6
Vehicle Population,2019,Other fuel types,Co. Longford,Private cars,All years,Number,333
Vehicle Population,2019,Other fuel types,Co. Longford,Goods vehicles,All years,Number,2
Vehicle Population,2019,Other fuel types,Co. Longford,Motor cycles,All years,Number,1
Vehicle Population,2019,Other fuel types,Co. Longford,Tractors & Machinery,All years,Number,0
Vehicle Population,2019,Other fuel types,Co. Longford,Small PSVs,All years,Number,0
Vehicle Population,2019,Other fuel types,Co. Longford,Large PSVs,All years,Number,0
Vehicle Population,2019,Other fuel types,Co. Longford,Exempt vehicles,All years,Number,1
Vehicle Population,2019,Other fuel types,Co. Longford,Other vehicles,All years,Number,2
Vehicle Population,2019,Other fuel types,Co. Louth,Private cars,All years,Number,1264
Vehicle Population,2019,Other fuel types,Co. Louth,Goods vehicles,All years,Number,4
Vehicle Population,2019,Other fuel types,Co. Louth,Motor cycles,All years,Number,5
Vehicle Population,2019,Other fuel types,Co. Louth,Tractors & Machinery,All years,Number,0
Vehicle Population,2019,Other fuel types,Co. Louth,Small PSVs,All years,Number,51
Vehicle Population,2019,Other fuel types,Co. Louth,Large PSVs,All years,Number,0
Vehicle Population,2019,Other fuel types,Co. Louth,Exempt vehicles,All years,Number,22
Vehicle Population,2019,Other fuel types,Co. Louth,Other vehicles,All years,Number,1
Vehicle Population,2019,Other fuel types,Co. Meath,Private cars,All years,Number,2514
Vehicle Population,2019,Other fuel types,Co. Meath,Goods vehicles,All years,Number,7
Vehicle Population,2019,Other fuel types,Co. Meath,Motor cycles,All years,Number,3
Vehicle Population,2019,Other fuel types,Co. Meath,Tractors & Machinery,All years,Number,0
Vehicle Population,2019,Other fuel types,Co. Meath,Small PSVs,All years,Number,76
Vehicle Population,2019,Other fuel types,Co. Meath,Large PSVs,All years,Number,0
Vehicle Population,2019,Other fuel types,Co. Meath,Exempt vehicles,All years,Number,23
Vehicle Population,2019,Other fuel types,Co. Meath,Other vehicles,All years,Number,1
Vehicle Population,2019,Other fuel types,Co. Offaly,Private cars,All years,Number,653
Vehicle Population,2019,Other fuel types,Co. Offaly,Goods vehicles,All years,Number,4
Vehicle Population,2019,Other fuel types,Co. Offaly,Motor cycles,All years,Number,1
Vehicle Population,2019,Other fuel types,Co. Offaly,Tractors & Machinery,All years,Number,0
Vehicle Population,2019,Other fuel types,Co. Offaly,Small PSVs,All years,Number,4
Vehicle Population,2019,Other fuel types,Co. Offaly,Large PSVs,All years,Number,0
Vehicle Population,2019,Other fuel types,Co. Offaly,Exempt vehicles,All years,Number,6
Vehicle Population,2019,Other fuel types,Co. Offaly,Other vehicles,All years,Number,3
Vehicle Population,2019,Other fuel types,Co. Westmeath,Private cars,All years,Number,991
Vehicle Population,2019,Other fuel types,Co. Westmeath,Goods vehicles,All years,Number,8
Vehicle Population,2019,Other fuel types,Co. Westmeath,Motor cycles,All years,Number,1
Vehicle Population,2019,Other fuel types,Co. Westmeath,Tractors & Machinery,All years,Number,0
Vehicle Population,2019,Other fuel types,Co. Westmeath,Small PSVs,All years,Number,12
Vehicle Population,2019,Other fuel types,Co. Westmeath,Large PSVs,All years,Number,0
Vehicle Population,2019,Other fuel types,Co. Westmeath,Exempt vehicles,All years,Number,18
Vehicle Population,2019,Other fuel types,Co. Westmeath,Other vehicles,All years,Number,1
Vehicle Population,2019,Other fuel types,Co. Wexford,Private cars,All years,Number,1404
Vehicle Population,2019,Other fuel types,Co. Wexford,Goods vehicles,All years,Number,11
Vehicle Population,2019,Other fuel types,Co. Wexford,Motor cycles,All years,Number,4
Vehicle Population,2019,Other fuel types,Co. Wexford,Tractors & Machinery,All years,Number,4
Vehicle Population,2019,Other fuel types,Co. Wexford,Small PSVs,All years,Number,8
Vehicle Population,2019,Other fuel types,Co. Wexford,Large PSVs,All years,Number,0
Vehicle Population,2019,Other fuel types,Co. Wexford,Exempt vehicles,All years,Number,16
Vehicle Population,2019,Other fuel types,Co. Wexford,Other vehicles,All years,Number,11
Vehicle Population,2019,Other fuel types,Co. Wicklow,Private cars,All years,Number,2216
Vehicle Population,2019,Other fuel types,Co. Wicklow,Goods vehicles,All years,Number,12
Vehicle Population,2019,Other fuel types,Co. Wicklow,Motor cycles,All years,Number,3
Vehicle Population,2019,Other fuel types,Co. Wicklow,Tractors & Machinery,All years,Number,0
Vehicle Population,2019,Other fuel types,Co. Wicklow,Small PSVs,All years,Number,21
Vehicle Population,2019,Other fuel types,Co. Wicklow,Large PSVs,All years,Number,0
Vehicle Population,2019,Other fuel types,Co. Wicklow,Exempt vehicles,All years,Number,22
Vehicle Population,2019,Other fuel types,Co. Wicklow,Other vehicles,All years,Number,5
Vehicle Population,2019,Other fuel types,Co. Clare,Private cars,All years,Number,1102
Vehicle Population,2019,Other fuel types,Co. Clare,Goods vehicles,All years,Number,4
Vehicle Population,2019,Other fuel types,Co. Clare,Motor cycles,All years,Number,0
Vehicle Population,2019,Other fuel types,Co. Clare,Tractors & Machinery,All years,Number,2
Vehicle Population,2019,Other fuel types,Co. Clare,Small PSVs,All years,Number,11
Vehicle Population,2019,Other fuel types,Co. Clare,Large PSVs,All years,Number,0
Vehicle Population,2019,Other fuel types,Co. Clare,Exempt vehicles,All years,Number,18
Vehicle Population,2019,Other fuel types,Co. Clare,Other vehicles,All years,Number,0
Vehicle Population,2019,Other fuel types,Co. Cork,Private cars,All years,Number,6407
Vehicle Population,2019,Other fuel types,Co. Cork,Goods vehicles,All years,Number,39
Vehicle Population,2019,Other fuel types,Co. Cork,Motor cycles,All years,Number,5
Vehicle Population,2019,Other fuel types,Co. Cork,Tractors & Machinery,All years,Number,3
Vehicle Population,2019,Other fuel types,Co. Cork,Small PSVs,All years,Number,70
Vehicle Population,2019,Other fuel types,Co. Cork,Large PSVs,All years,Number,0
Vehicle Population,2019,Other fuel types,Co. Cork,Exempt vehicles,All years,Number,124
Vehicle Population,2019,Other fuel types,Co. Cork,Other vehicles,All years,Number,12
Vehicle Population,2019,Other fuel types,Co. Kerry,Private cars,All years,Number,1276
Vehicle Population,2019,Other fuel types,Co. Kerry,Goods vehicles,All years,Number,4
Vehicle Population,2019,Other fuel types,Co. Kerry,Motor cycles,All years,Number,2
Vehicle Population,2019,Other fuel types,Co. Kerry,Tractors & Machinery,All years,Number,4
Vehicle Population,2019,Other fuel types,Co. Kerry,Small PSVs,All years,Number,5
Vehicle Population,2019,Other fuel types,Co. Kerry,Large PSVs,All years,Number,0
Vehicle Population,2019,Other fuel types,Co. Kerry,Exempt vehicles,All years,Number,18
Vehicle Population,2019,Other fuel types,Co. Kerry,Other vehicles,All years,Number,11
Vehicle Population,2019,Other fuel types,Co. Limerick,Private cars,All years,Number,1662
Vehicle Population,2019,Other fuel types,Co. Limerick,Goods vehicles,All years,Number,8
Vehicle Population,2019,Other fuel types,Co. Limerick,Motor cycles,All years,Number,1
Vehicle Population,2019,Other fuel types,Co. Limerick,Tractors & Machinery,All years,Number,3
Vehicle Population,2019,Other fuel types,Co. Limerick,Small PSVs,All years,Number,62
Vehicle Population,2019,Other fuel types,Co. Limerick,Large PSVs,All years,Number,0
Vehicle Population,2019,Other fuel types,Co. Limerick,Exempt vehicles,All years,Number,71
Vehicle Population,2019,Other fuel types,Co. Limerick,Other vehicles,All years,Number,6
Vehicle Population,2019,Other fuel types,Co. Tipperary,Private cars,All years,Number,1227
Vehicle Population,2019,Other fuel types,Co. Tipperary,Goods vehicles,All years,Number,8
Vehicle Population,2019,Other fuel types,Co. Tipperary,Motor cycles,All years,Number,2
Vehicle Population,2019,Other fuel types,Co. Tipperary,Tractors & Machinery,All years,Number,1
Vehicle Population,2019,Other fuel types,Co. Tipperary,Small PSVs,All years,Number,4
Vehicle Population,2019,Other fuel types,Co. Tipperary,Large PSVs,All years,Number,0
Vehicle Population,2019,Other fuel types,Co. Tipperary,Exempt vehicles,All years,Number,30
Vehicle Population,2019,Other fuel types,Co. Tipperary,Other vehicles,All years,Number,8
Vehicle Population,2019,Other fuel types,Co. Waterford,Private cars,All years,Number,1053
Vehicle Population,2019,Other fuel types,Co. Waterford,Goods vehicles,All years,Number,4
Vehicle Population,2019,Other fuel types,Co. Waterford,Motor cycles,All years,Number,1
Vehicle Population,2019,Other fuel types,Co. Waterford,Tractors & Machinery,All years,Number,2
Vehicle Population,2019,Other fuel types,Co. Waterford,Small PSVs,All years,Number,2
Vehicle Population,2019,Other fuel types,Co. Waterford,Large PSVs,All years,Number,0
Vehicle Population,2019,Other fuel types,Co. Waterford,Exempt vehicles,All years,Number,9
Vehicle Population,2019,Other fuel types,Co. Waterford,Other vehicles,All years,Number,5
Vehicle Population,2019,Other fuel types,Co. Galway,Private cars,All years,Number,3089
Vehicle Population,2019,Other fuel types,Co. Galway,Goods vehicles,All years,Number,10
Vehicle Population,2019,Other fuel types,Co. Galway,Motor cycles,All years,Number,2
Vehicle Population,2019,Other fuel types,Co. Galway,Tractors & Machinery,All years,Number,0
Vehicle Population,2019,Other fuel types,Co. Galway,Small PSVs,All years,Number,35
Vehicle Population,2019,Other fuel types,Co. Galway,Large PSVs,All years,Number,0
Vehicle Population,2019,Other fuel types,Co. Galway,Exempt vehicles,All years,Number,75
Vehicle Population,2019,Other fuel types,Co. Galway,Other vehicles,All years,Number,11
Vehicle Population,2019,Other fuel types,Co. Leitrim,Private cars,All years,Number,198
Vehicle Population,2019,Other fuel types,Co. Leitrim,Goods vehicles,All years,Number,0
Vehicle Population,2019,Other fuel types,Co. Leitrim,Motor cycles,All years,Number,0
Vehicle Population,2019,Other fuel types,Co. Leitrim,Tractors & Machinery,All years,Number,0
Vehicle Population,2019,Other fuel types,Co. Leitrim,Small PSVs,All years,Number,0
Vehicle Population,2019,Other fuel types,Co. Leitrim,Large PSVs,All years,Number,0
Vehicle Population,2019,Other fuel types,Co. Leitrim,Exempt vehicles,All years,Number,5
Vehicle Population,2019,Other fuel types,Co. Leitrim,Other vehicles,All years,Number,1
Vehicle Population,2019,Other fuel types,Co. Mayo,Private cars,All years,Number,841
Vehicle Population,2019,Other fuel types,Co. Mayo,Goods vehicles,All years,Number,7
Vehicle Population,2019,Other fuel types,Co. Mayo,Motor cycles,All years,Number,0
Vehicle Population,2019,Other fuel types,Co. Mayo,Tractors & Machinery,All years,Number,0
Vehicle Population,2019,Other fuel types,Co. Mayo,Small PSVs,All years,Number,3
Vehicle Population,2019,Other fuel types,Co. Mayo,Large PSVs,All years,Number,0
Vehicle Population,2019,Other fuel types,Co. Mayo,Exempt vehicles,All years,Number,32
Vehicle Population,2019,Other fuel types,Co. Mayo,Other vehicles,All years,Number,8
Vehicle Population,2019,Other fuel types,Co. Roscommon,Private cars,All years,Number,501
Vehicle Population,2019,Other fuel types,Co. Roscommon,Goods vehicles,All years,Number,3
Vehicle Population,2019,Other fuel types,Co. Roscommon,Motor cycles,All years,Number,0
Vehicle Population,2019,Other fuel types,Co. Roscommon,Tractors & Machinery,All years,Number,0
Vehicle Population,2019,Other fuel types,Co. Roscommon,Small PSVs,All years,Number,0
Vehicle Population,2019,Other fuel types,Co. Roscommon,Large PSVs,All years,Number,0
Vehicle Population,2019,Other fuel types,Co. Roscommon,Exempt vehicles,All years,Number,23
Vehicle Population,2019,Other fuel types,Co. Roscommon,Other vehicles,All years,Number,3
Vehicle Population,2019,Other fuel types,Co. Sligo,Private cars,All years,Number,523
Vehicle Population,2019,Other fuel types,Co. Sligo,Goods vehicles,All years,Number,2
Vehicle Population,2019,Other fuel types,Co. Sligo,Motor cycles,All years,Number,0
Vehicle Population,2019,Other fuel types,Co. Sligo,Tractors & Machinery,All years,Number,0
Vehicle Population,2019,Other fuel types,Co. Sligo,Small PSVs,All years,Number,2
Vehicle Population,2019,Other fuel types,Co. Sligo,Large PSVs,All years,Number,0
Vehicle Population,2019,Other fuel types,Co. Sligo,Exempt vehicles,All years,Number,21
Vehicle Population,2019,Other fuel types,Co. Sligo,Other vehicles,All years,Number,1
Vehicle Population,2019,Other fuel types,Co. Cavan,Private cars,All years,Number,567
Vehicle Population,2019,Other fuel types,Co. Cavan,Goods vehicles,All years,Number,8
Vehicle Population,2019,Other fuel types,Co. Cavan,Motor cycles,All years,Number,0
Vehicle Population,2019,Other fuel types,Co. Cavan,Tractors & Machinery,All years,Number,2
Vehicle Population,2019,Other fuel types,Co. Cavan,Small PSVs,All years,Number,1
Vehicle Population,2019,Other fuel types,Co. Cavan,Large PSVs,All years,Number,0
Vehicle Population,2019,Other fuel types,Co. Cavan,Exempt vehicles,All years,Number,8
Vehicle Population,2019,Other fuel types,Co. Cavan,Other vehicles,All years,Number,1
Vehicle Population,2019,Other fuel types,Co. Donegal,Private cars,All years,Number,1101
Vehicle Population,2019,Other fuel types,Co. Donegal,Goods vehicles,All years,Number,10
Vehicle Population,2019,Other fuel types,Co. Donegal,Motor cycles,All years,Number,0
Vehicle Population,2019,Other fuel types,Co. Donegal,Tractors & Machinery,All years,Number,0
Vehicle Population,2019,Other fuel types,Co. Donegal,Small PSVs,All years,Number,2
Vehicle Population,2019,Other fuel types,Co. Donegal,Large PSVs,All years,Number,0
Vehicle Population,2019,Other fuel types,Co. Donegal,Exempt vehicles,All years,Number,34
Vehicle Population,2019,Other fuel types,Co. Donegal,Other vehicles,All years,Number,4
Vehicle Population,2019,Other fuel types,Co. Monaghan,Private cars,All years,Number,346
Vehicle Population,2019,Other fuel types,Co. Monaghan,Goods vehicles,All years,Number,2
Vehicle Population,2019,Other fuel types,Co. Monaghan,Motor cycles,All years,Number,1
Vehicle Population,2019,Other fuel types,Co. Monaghan,Tractors & Machinery,All years,Number,0
Vehicle Population,2019,Other fuel types,Co. Monaghan,Small PSVs,All years,Number,0
Vehicle Population,2019,Other fuel types,Co. Monaghan,Large PSVs,All years,Number,0
Vehicle Population,2019,Other fuel types,Co. Monaghan,Exempt vehicles,All years,Number,4
Vehicle Population,2019,Other fuel types,Co. Monaghan,Other vehicles,All years,Number,1
Vehicle Population,2020,Petrol,Co. Carlow,Private cars,All years,Number,9436
Vehicle Population,2020,Petrol,Co. Carlow,Goods vehicles,All years,Number,8
Vehicle Population,2020,Petrol,Co. Carlow,Motor cycles,All years,Number,636
Vehicle Population,2020,Petrol,Co. Carlow,Tractors & Machinery,All years,Number,2
Vehicle Population,2020,Petrol,Co. Carlow,Small PSVs,All years,Number,7
Vehicle Population,2020,Petrol,Co. Carlow,Large PSVs,All years,Number,0
Vehicle Population,2020,Petrol,Co. Carlow,Exempt vehicles,All years,Number,55
Vehicle Population,2020,Petrol,Co. Carlow,Other vehicles,All years,Number,506
Vehicle Population,2020,Petrol,Co. Dublin,Private cars,All years,Number,278007
Vehicle Population,2020,Petrol,Co. Dublin,Goods vehicles,All years,Number,147
Vehicle Population,2020,Petrol,Co. Dublin,Motor cycles,All years,Number,13026
Vehicle Population,2020,Petrol,Co. Dublin,Tractors & Machinery,All years,Number,27
Vehicle Population,2020,Petrol,Co. Dublin,Small PSVs,All years,Number,698
Vehicle Population,2020,Petrol,Co. Dublin,Large PSVs,All years,Number,1
Vehicle Population,2020,Petrol,Co. Dublin,Exempt vehicles,All years,Number,2103
Vehicle Population,2020,Petrol,Co. Dublin,Other vehicles,All years,Number,4762
Vehicle Population,2020,Petrol,Co. Kildare,Private cars,All years,Number,41228
Vehicle Population,2020,Petrol,Co. Kildare,Goods vehicles,All years,Number,52
Vehicle Population,2020,Petrol,Co. Kildare,Motor cycles,All years,Number,2439
Vehicle Population,2020,Petrol,Co. Kildare,Tractors & Machinery,All years,Number,3
Vehicle Population,2020,Petrol,Co. Kildare,Small PSVs,All years,Number,23
Vehicle Population,2020,Petrol,Co. Kildare,Large PSVs,All years,Number,0
Vehicle Population,2020,Petrol,Co. Kildare,Exempt vehicles,All years,Number,157
Vehicle Population,2020,Petrol,Co. Kildare,Other vehicles,All years,Number,1338
Vehicle Population,2020,Petrol,Co. Kilkenny,Private cars,All years,Number,15522
Vehicle Population,2020,Petrol,Co. Kilkenny,Goods vehicles,All years,Number,9
Vehicle Population,2020,Petrol,Co. Kilkenny,Motor cycles,All years,Number,983
Vehicle Population,2020,Petrol,Co. Kilkenny,Tractors & Machinery,All years,Number,9
Vehicle Population,2020,Petrol,Co. Kilkenny,Small PSVs,All years,Number,4
Vehicle Population,2020,Petrol,Co. Kilkenny,Large PSVs,All years,Number,0
Vehicle Population,2020,Petrol,Co. Kilkenny,Exempt vehicles,All years,Number,78
Vehicle Population,2020,Petrol,Co. Kilkenny,Other vehicles,All years,Number,582
Vehicle Population,2020,Petrol,Co. Laois,Private cars,All years,Number,10818
Vehicle Population,2020,Petrol,Co. Laois,Goods vehicles,All years,Number,10
Vehicle Population,2020,Petrol,Co. Laois,Motor cycles,All years,Number,547
Vehicle Population,2020,Petrol,Co. Laois,Tractors & Machinery,All years,Number,13
Vehicle Population,2020,Petrol,Co. Laois,Small PSVs,All years,Number,7
Vehicle Population,2020,Petrol,Co. Laois,Large PSVs,All years,Number,0
Vehicle Population,2020,Petrol,Co. Laois,Exempt vehicles,All years,Number,60
Vehicle Population,2020,Petrol,Co. Laois,Other vehicles,All years,Number,409
Vehicle Population,2020,Petrol,Co. Longford,Private cars,All years,Number,5060
Vehicle Population,2020,Petrol,Co. Longford,Goods vehicles,All years,Number,4
Vehicle Population,2020,Petrol,Co. Longford,Motor cycles,All years,Number,265
Vehicle Population,2020,Petrol,Co. Longford,Tractors & Machinery,All years,Number,5
Vehicle Population,2020,Petrol,Co. Longford,Small PSVs,All years,Number,1
Vehicle Population,2020,Petrol,Co. Longford,Large PSVs,All years,Number,0
Vehicle Population,2020,Petrol,Co. Longford,Exempt vehicles,All years,Number,28
Vehicle Population,2020,Petrol,Co. Longford,Other vehicles,All years,Number,170
Vehicle Population,2020,Petrol,Co. Louth,Private cars,All years,Number,19492
Vehicle Population,2020,Petrol,Co. Louth,Goods vehicles,All years,Number,13
Vehicle Population,2020,Petrol,Co. Louth,Motor cycles,All years,Number,963
Vehicle Population,2020,Petrol,Co. Louth,Tractors & Machinery,All years,Number,35
Vehicle Population,2020,Petrol,Co. Louth,Small PSVs,All years,Number,28
Vehicle Population,2020,Petrol,Co. Louth,Large PSVs,All years,Number,0
Vehicle Population,2020,Petrol,Co. Louth,Exempt vehicles,All years,Number,162
Vehicle Population,2020,Petrol,Co. Louth,Other vehicles,All years,Number,515
Vehicle Population,2020,Petrol,Co. Meath,Private cars,All years,Number,31619
Vehicle Population,2020,Petrol,Co. Meath,Goods vehicles,All years,Number,19
Vehicle Population,2020,Petrol,Co. Meath,Motor cycles,All years,Number,1931
Vehicle Population,2020,Petrol,Co. Meath,Tractors & Machinery,All years,Number,9
Vehicle Population,2020,Petrol,Co. Meath,Small PSVs,All years,Number,39
Vehicle Population,2020,Petrol,Co. Meath,Large PSVs,All years,Number,1
Vehicle Population,2020,Petrol,Co. Meath,Exempt vehicles,All years,Number,181
Vehicle Population,2020,Petrol,Co. Meath,Other vehicles,All years,Number,1076
Vehicle Population,2020,Petrol,Co. Offaly,Private cars,All years,Number,10542
Vehicle Population,2020,Petrol,Co. Offaly,Goods vehicles,All years,Number,6
Vehicle Population,2020,Petrol,Co. Offaly,Motor cycles,All years,Number,701
Vehicle Population,2020,Petrol,Co. Offaly,Tractors & Machinery,All years,Number,5
Vehicle Population,2020,Petrol,Co. Offaly,Small PSVs,All years,Number,7
Vehicle Population,2020,Petrol,Co. Offaly,Large PSVs,All years,Number,0
Vehicle Population,2020,Petrol,Co. Offaly,Exempt vehicles,All years,Number,43
Vehicle Population,2020,Petrol,Co. Offaly,Other vehicles,All years,Number,395
Vehicle Population,2020,Petrol,Co. Westmeath,Private cars,All years,Number,12463
Vehicle Population,2020,Petrol,Co. Westmeath,Goods vehicles,All years,Number,19
Vehicle Population,2020,Petrol,Co. Westmeath,Motor cycles,All years,Number,672
Vehicle Population,2020,Petrol,Co. Westmeath,Tractors & Machinery,All years,Number,11
Vehicle Population,2020,Petrol,Co. Westmeath,Small PSVs,All years,Number,6
Vehicle Population,2020,Petrol,Co. Westmeath,Large PSVs,All years,Number,0
Vehicle Population,2020,Petrol,Co. Westmeath,Exempt vehicles,All years,Number,48
Vehicle Population,2020,Petrol,Co. Westmeath,Other vehicles,All years,Number,379
Vehicle Population,2020,Petrol,Co. Wexford,Private cars,All years,Number,25875
Vehicle Population,2020,Petrol,Co. Wexford,Goods vehicles,All years,Number,14
Vehicle Population,2020,Petrol,Co. Wexford,Motor cycles,All years,Number,1645
Vehicle Population,2020,Petrol,Co. Wexford,Tractors & Machinery,All years,Number,8
Vehicle Population,2020,Petrol,Co. Wexford,Small PSVs,All years,Number,7
Vehicle Population,2020,Petrol,Co. Wexford,Large PSVs,All years,Number,0
Vehicle Population,2020,Petrol,Co. Wexford,Exempt vehicles,All years,Number,141
Vehicle Population,2020,Petrol,Co. Wexford,Other vehicles,All years,Number,993
Vehicle Population,2020,Petrol,Co. Wicklow,Private cars,All years,Number,30496
Vehicle Population,2020,Petrol,Co. Wicklow,Goods vehicles,All years,Number,33
Vehicle Population,2020,Petrol,Co. Wicklow,Motor cycles,All years,Number,1714
Vehicle Population,2020,Petrol,Co. Wicklow,Tractors & Machinery,All years,Number,4
Vehicle Population,2020,Petrol,Co. Wicklow,Small PSVs,All years,Number,19
Vehicle Population,2020,Petrol,Co. Wicklow,Large PSVs,All years,Number,0
Vehicle Population,2020,Petrol,Co. Wicklow,Exempt vehicles,All years,Number,159
Vehicle Population,2020,Petrol,Co. Wicklow,Other vehicles,All years,Number,1261
Vehicle Population,2020,Petrol,Co. Clare,Private cars,All years,Number,21194
Vehicle Population,2020,Petrol,Co. Clare,Goods vehicles,All years,Number,10
Vehicle Population,2020,Petrol,Co. Clare,Motor cycles,All years,Number,1054
Vehicle Population,2020,Petrol,Co. Clare,Tractors & Machinery,All years,Number,2
Vehicle Population,2020,Petrol,Co. Clare,Small PSVs,All years,Number,12
Vehicle Population,2020,Petrol,Co. Clare,Large PSVs,All years,Number,0
Vehicle Population,2020,Petrol,Co. Clare,Exempt vehicles,All years,Number,221
Vehicle Population,2020,Petrol,Co. Clare,Other vehicles,All years,Number,683
Vehicle Population,2020,Petrol,Co. Cork,Private cars,All years,Number,111994
Vehicle Population,2020,Petrol,Co. Cork,Goods vehicles,All years,Number,100
Vehicle Population,2020,Petrol,Co. Cork,Motor cycles,All years,Number,5804
Vehicle Population,2020,Petrol,Co. Cork,Tractors & Machinery,All years,Number,36
Vehicle Population,2020,Petrol,Co. Cork,Small PSVs,All years,Number,87
Vehicle Population,2020,Petrol,Co. Cork,Large PSVs,All years,Number,0
Vehicle Population,2020,Petrol,Co. Cork,Exempt vehicles,All years,Number,933
Vehicle Population,2020,Petrol,Co. Cork,Other vehicles,All years,Number,3634
Vehicle Population,2020,Petrol,Co. Kerry,Private cars,All years,Number,28136
Vehicle Population,2020,Petrol,Co. Kerry,Goods vehicles,All years,Number,19
Vehicle Population,2020,Petrol,Co. Kerry,Motor cycles,All years,Number,1189
Vehicle Population,2020,Petrol,Co. Kerry,Tractors & Machinery,All years,Number,10
Vehicle Population,2020,Petrol,Co. Kerry,Small PSVs,All years,Number,17
Vehicle Population,2020,Petrol,Co. Kerry,Large PSVs,All years,Number,0
Vehicle Population,2020,Petrol,Co. Kerry,Exempt vehicles,All years,Number,172
Vehicle Population,2020,Petrol,Co. Kerry,Other vehicles,All years,Number,1021
Vehicle Population,2020,Petrol,Co. Limerick,Private cars,All years,Number,35625
Vehicle Population,2020,Petrol,Co. Limerick,Goods vehicles,All years,Number,13
Vehicle Population,2020,Petrol,Co. Limerick,Motor cycles,All years,Number,1712
Vehicle Population,2020,Petrol,Co. Limerick,Tractors & Machinery,All years,Number,34
Vehicle Population,2020,Petrol,Co. Limerick,Small PSVs,All years,Number,60
Vehicle Population,2020,Petrol,Co. Limerick,Large PSVs,All years,Number,0
Vehicle Population,2020,Petrol,Co. Limerick,Exempt vehicles,All years,Number,314
Vehicle Population,2020,Petrol,Co. Limerick,Other vehicles,All years,Number,1052
Vehicle Population,2020,Petrol,Co. Tipperary,Private cars,All years,Number,26890
Vehicle Population,2020,Petrol,Co. Tipperary,Goods vehicles,All years,Number,21
Vehicle Population,2020,Petrol,Co. Tipperary,Motor cycles,All years,Number,1612
Vehicle Population,2020,Petrol,Co. Tipperary,Tractors & Machinery,All years,Number,9
Vehicle Population,2020,Petrol,Co. Tipperary,Small PSVs,All years,Number,3
Vehicle Population,2020,Petrol,Co. Tipperary,Large PSVs,All years,Number,0
Vehicle Population,2020,Petrol,Co. Tipperary,Exempt vehicles,All years,Number,177
Vehicle Population,2020,Petrol,Co. Tipperary,Other vehicles,All years,Number,1033
Vehicle Population,2020,Petrol,Co. Waterford,Private cars,All years,Number,24915
Vehicle Population,2020,Petrol,Co. Waterford,Goods vehicles,All years,Number,23
Vehicle Population,2020,Petrol,Co. Waterford,Motor cycles,All years,Number,1462
Vehicle Population,2020,Petrol,Co. Waterford,Tractors & Machinery,All years,Number,14
Vehicle Population,2020,Petrol,Co. Waterford,Small PSVs,All years,Number,20
Vehicle Population,2020,Petrol,Co. Waterford,Large PSVs,All years,Number,1
Vehicle Population,2020,Petrol,Co. Waterford,Exempt vehicles,All years,Number,115
Vehicle Population,2020,Petrol,Co. Waterford,Other vehicles,All years,Number,641
Vehicle Population,2020,Petrol,Co. Galway,Private cars,All years,Number,40915
Vehicle Population,2020,Petrol,Co. Galway,Goods vehicles,All years,Number,32
Vehicle Population,2020,Petrol,Co. Galway,Motor cycles,All years,Number,1644
Vehicle Population,2020,Petrol,Co. Galway,Tractors & Machinery,All years,Number,37
Vehicle Population,2020,Petrol,Co. Galway,Small PSVs,All years,Number,60
Vehicle Population,2020,Petrol,Co. Galway,Large PSVs,All years,Number,1
Vehicle Population,2020,Petrol,Co. Galway,Exempt vehicles,All years,Number,336
Vehicle Population,2020,Petrol,Co. Galway,Other vehicles,All years,Number,1153
Vehicle Population,2020,Petrol,Co. Leitrim,Private cars,All years,Number,4411
Vehicle Population,2020,Petrol,Co. Leitrim,Goods vehicles,All years,Number,4
Vehicle Population,2020,Petrol,Co. Leitrim,Motor cycles,All years,Number,180
Vehicle Population,2020,Petrol,Co. Leitrim,Tractors & Machinery,All years,Number,2
Vehicle Population,2020,Petrol,Co. Leitrim,Small PSVs,All years,Number,0
Vehicle Population,2020,Petrol,Co. Leitrim,Large PSVs,All years,Number,0
Vehicle Population,2020,Petrol,Co. Leitrim,Exempt vehicles,All years,Number,47
Vehicle Population,2020,Petrol,Co. Leitrim,Other vehicles,All years,Number,202
Vehicle Population,2020,Petrol,Co. Mayo,Private cars,All years,Number,19550
Vehicle Population,2020,Petrol,Co. Mayo,Goods vehicles,All years,Number,17
Vehicle Population,2020,Petrol,Co. Mayo,Motor cycles,All years,Number,707
Vehicle Population,2020,Petrol,Co. Mayo,Tractors & Machinery,All years,Number,12
Vehicle Population,2020,Petrol,Co. Mayo,Small PSVs,All years,Number,6
Vehicle Population,2020,Petrol,Co. Mayo,Large PSVs,All years,Number,0
Vehicle Population,2020,Petrol,Co. Mayo,Exempt vehicles,All years,Number,200
Vehicle Population,2020,Petrol,Co. Mayo,Other vehicles,All years,Number,546
Vehicle Population,2020,Petrol,Co. Roscommon,Private cars,All years,Number,10190
Vehicle Population,2020,Petrol,Co. Roscommon,Goods vehicles,All years,Number,10
Vehicle Population,2020,Petrol,Co. Roscommon,Motor cycles,All years,Number,348
Vehicle Population,2020,Petrol,Co. Roscommon,Tractors & Machinery,All years,Number,3
Vehicle Population,2020,Petrol,Co. Roscommon,Small PSVs,All years,Number,2
Vehicle Population,2020,Petrol,Co. Roscommon,Large PSVs,All years,Number,0
Vehicle Population,2020,Petrol,Co. Roscommon,Exempt vehicles,All years,Number,70
Vehicle Population,2020,Petrol,Co. Roscommon,Other vehicles,All years,Number,328
Vehicle Population,2020,Petrol,Co. Sligo,Private cars,All years,Number,10622
Vehicle Population,2020,Petrol,Co. Sligo,Goods vehicles,All years,Number,5
Vehicle Population,2020,Petrol,Co. Sligo,Motor cycles,All years,Number,440
Vehicle Population,2020,Petrol,Co. Sligo,Tractors & Machinery,All years,Number,31
Vehicle Population,2020,Petrol,Co. Sligo,Small PSVs,All years,Number,5
Vehicle Population,2020,Petrol,Co. Sligo,Large PSVs,All years,Number,0
Vehicle Population,2020,Petrol,Co. Sligo,Exempt vehicles,All years,Number,131
Vehicle Population,2020,Petrol,Co. Sligo,Other vehicles,All years,Number,371
Vehicle Population,2020,Petrol,Co. Cavan,Private cars,All years,Number,9273
Vehicle Population,2020,Petrol,Co. Cavan,Goods vehicles,All years,Number,9
Vehicle Population,2020,Petrol,Co. Cavan,Motor cycles,All years,Number,502
Vehicle Population,2020,Petrol,Co. Cavan,Tractors & Machinery,All years,Number,25
Vehicle Population,2020,Petrol,Co. Cavan,Small PSVs,All years,Number,3
Vehicle Population,2020,Petrol,Co. Cavan,Large PSVs,All years,Number,0
Vehicle Population,2020,Petrol,Co. Cavan,Exempt vehicles,All years,Number,59
Vehicle Population,2020,Petrol,Co. Cavan,Other vehicles,All years,Number,366
Vehicle Population,2020,Petrol,Co. Donegal,Private cars,All years,Number,20216
Vehicle Population,2020,Petrol,Co. Donegal,Goods vehicles,All years,Number,22
Vehicle Population,2020,Petrol,Co. Donegal,Motor cycles,All years,Number,802
Vehicle Population,2020,Petrol,Co. Donegal,Tractors & Machinery,All years,Number,10
Vehicle Population,2020,Petrol,Co. Donegal,Small PSVs,All years,Number,5
Vehicle Population,2020,Petrol,Co. Donegal,Large PSVs,All years,Number,2
Vehicle Population,2020,Petrol,Co. Donegal,Exempt vehicles,All years,Number,162
Vehicle Population,2020,Petrol,Co. Donegal,Other vehicles,All years,Number,953
Vehicle Population,2020,Petrol,Co. Monaghan,Private cars,All years,Number,6907
Vehicle Population,2020,Petrol,Co. Monaghan,Goods vehicles,All years,Number,15
Vehicle Population,2020,Petrol,Co. Monaghan,Motor cycles,All years,Number,340
Vehicle Population,2020,Petrol,Co. Monaghan,Tractors & Machinery,All years,Number,3
Vehicle Population,2020,Petrol,Co. Monaghan,Small PSVs,All years,Number,1
Vehicle Population,2020,Petrol,Co. Monaghan,Large PSVs,All years,Number,0
Vehicle Population,2020,Petrol,Co. Monaghan,Exempt vehicles,All years,Number,45
Vehicle Population,2020,Petrol,Co. Monaghan,Other vehicles,All years,Number,274
Vehicle Population,2020,Diesel,Co. Carlow,Private cars,All years,Number,19614
Vehicle Population,2020,Diesel,Co. Carlow,Goods vehicles,All years,Number,5907
Vehicle Population,2020,Diesel,Co. Carlow,Motor cycles,All years,Number,1
Vehicle Population,2020,Diesel,Co. Carlow,Tractors & Machinery,All years,Number,1961
Vehicle Population,2020,Diesel,Co. Carlow,Small PSVs,All years,Number,137
Vehicle Population,2020,Diesel,Co. Carlow,Large PSVs,All years,Number,146
Vehicle Population,2020,Diesel,Co. Carlow,Exempt vehicles,All years,Number,216
Vehicle Population,2020,Diesel,Co. Carlow,Other vehicles,All years,Number,909
Vehicle Population,2020,Diesel,Co. Dublin,Private cars,All years,Number,244097
Vehicle Population,2020,Diesel,Co. Dublin,Goods vehicles,All years,Number,80750
Vehicle Population,2020,Diesel,Co. Dublin,Motor cycles,All years,Number,21
Vehicle Population,2020,Diesel,Co. Dublin,Tractors & Machinery,All years,Number,1838
Vehicle Population,2020,Diesel,Co. Dublin,Small PSVs,All years,Number,7983
Vehicle Population,2020,Diesel,Co. Dublin,Large PSVs,All years,Number,3138
Vehicle Population,2020,Diesel,Co. Dublin,Exempt vehicles,All years,Number,7700
Vehicle Population,2020,Diesel,Co. Dublin,Other vehicles,All years,Number,3916
Vehicle Population,2020,Diesel,Co. Kildare,Private cars,All years,Number,64718
Vehicle Population,2020,Diesel,Co. Kildare,Goods vehicles,All years,Number,17131
Vehicle Population,2020,Diesel,Co. Kildare,Motor cycles,All years,Number,4
Vehicle Population,2020,Diesel,Co. Kildare,Tractors & Machinery,All years,Number,2603
Vehicle Population,2020,Diesel,Co. Kildare,Small PSVs,All years,Number,634
Vehicle Population,2020,Diesel,Co. Kildare,Large PSVs,All years,Number,498
Vehicle Population,2020,Diesel,Co. Kildare,Exempt vehicles,All years,Number,694
Vehicle Population,2020,Diesel,Co. Kildare,Other vehicles,All years,Number,1634
Vehicle Population,2020,Diesel,Co. Kilkenny,Private cars,All years,Number,30097
Vehicle Population,2020,Diesel,Co. Kilkenny,Goods vehicles,All years,Number,8485
Vehicle Population,2020,Diesel,Co. Kilkenny,Motor cycles,All years,Number,1
Vehicle Population,2020,Diesel,Co. Kilkenny,Tractors & Machinery,All years,Number,3853
Vehicle Population,2020,Diesel,Co. Kilkenny,Small PSVs,All years,Number,175
Vehicle Population,2020,Diesel,Co. Kilkenny,Large PSVs,All years,Number,354
Vehicle Population,2020,Diesel,Co. Kilkenny,Exempt vehicles,All years,Number,458
Vehicle Population,2020,Diesel,Co. Kilkenny,Other vehicles,All years,Number,1217
Vehicle Population,2020,Diesel,Co. Laois,Private cars,All years,Number,25468
Vehicle Population,2020,Diesel,Co. Laois,Goods vehicles,All years,Number,6336
Vehicle Population,2020,Diesel,Co. Laois,Motor cycles,All years,Number,0
Vehicle Population,2020,Diesel,Co. Laois,Tractors & Machinery,All years,Number,3013
Vehicle Population,2020,Diesel,Co. Laois,Small PSVs,All years,Number,180
Vehicle Population,2020,Diesel,Co. Laois,Large PSVs,All years,Number,210
Vehicle Population,2020,Diesel,Co. Laois,Exempt vehicles,All years,Number,294
Vehicle Population,2020,Diesel,Co. Laois,Other vehicles,All years,Number,878
Vehicle Population,2020,Diesel,Co. Longford,Private cars,All years,Number,12664
Vehicle Population,2020,Diesel,Co. Longford,Goods vehicles,All years,Number,4183
Vehicle Population,2020,Diesel,Co. Longford,Motor cycles,All years,Number,0
Vehicle Population,2020,Diesel,Co. Longford,Tractors & Machinery,All years,Number,1327
Vehicle Population,2020,Diesel,Co. Longford,Small PSVs,All years,Number,79
Vehicle Population,2020,Diesel,Co. Longford,Large PSVs,All years,Number,109
Vehicle Population,2020,Diesel,Co. Longford,Exempt vehicles,All years,Number,215
Vehicle Population,2020,Diesel,Co. Longford,Other vehicles,All years,Number,809
Vehicle Population,2020,Diesel,Co. Louth,Private cars,All years,Number,33583
Vehicle Population,2020,Diesel,Co. Louth,Goods vehicles,All years,Number,8319
Vehicle Population,2020,Diesel,Co. Louth,Motor cycles,All years,Number,6
Vehicle Population,2020,Diesel,Co. Louth,Tractors & Machinery,All years,Number,1133
Vehicle Population,2020,Diesel,Co. Louth,Small PSVs,All years,Number,456
Vehicle Population,2020,Diesel,Co. Louth,Large PSVs,All years,Number,226
Vehicle Population,2020,Diesel,Co. Louth,Exempt vehicles,All years,Number,464
Vehicle Population,2020,Diesel,Co. Louth,Other vehicles,All years,Number,715
Vehicle Population,2020,Diesel,Co. Meath,Private cars,All years,Number,60193
Vehicle Population,2020,Diesel,Co. Meath,Goods vehicles,All years,Number,15941
Vehicle Population,2020,Diesel,Co. Meath,Motor cycles,All years,Number,2
Vehicle Population,2020,Diesel,Co. Meath,Tractors & Machinery,All years,Number,3236
Vehicle Population,2020,Diesel,Co. Meath,Small PSVs,All years,Number,790
Vehicle Population,2020,Diesel,Co. Meath,Large PSVs,All years,Number,371
Vehicle Population,2020,Diesel,Co. Meath,Exempt vehicles,All years,Number,580
Vehicle Population,2020,Diesel,Co. Meath,Other vehicles,All years,Number,1477
Vehicle Population,2020,Diesel,Co. Offaly,Private cars,All years,Number,24713
Vehicle Population,2020,Diesel,Co. Offaly,Goods vehicles,All years,Number,6708
Vehicle Population,2020,Diesel,Co. Offaly,Motor cycles,All years,Number,0
Vehicle Population,2020,Diesel,Co. Offaly,Tractors & Machinery,All years,Number,2638
Vehicle Population,2020,Diesel,Co. Offaly,Small PSVs,All years,Number,135
Vehicle Population,2020,Diesel,Co. Offaly,Large PSVs,All years,Number,208
Vehicle Population,2020,Diesel,Co. Offaly,Exempt vehicles,All years,Number,274
Vehicle Population,2020,Diesel,Co. Offaly,Other vehicles,All years,Number,1582
Vehicle Population,2020,Diesel,Co. Westmeath,Private cars,All years,Number,29417
Vehicle Population,2020,Diesel,Co. Westmeath,Goods vehicles,All years,Number,8421
Vehicle Population,2020,Diesel,Co. Westmeath,Motor cycles,All years,Number,1
Vehicle Population,2020,Diesel,Co. Westmeath,Tractors & Machinery,All years,Number,2237
Vehicle Population,2020,Diesel,Co. Westmeath,Small PSVs,All years,Number,233
Vehicle Population,2020,Diesel,Co. Westmeath,Large PSVs,All years,Number,129
Vehicle Population,2020,Diesel,Co. Westmeath,Exempt vehicles,All years,Number,282
Vehicle Population,2020,Diesel,Co. Westmeath,Other vehicles,All years,Number,1180
Vehicle Population,2020,Diesel,Co. Wexford,Private cars,All years,Number,51429
Vehicle Population,2020,Diesel,Co. Wexford,Goods vehicles,All years,Number,14337
Vehicle Population,2020,Diesel,Co. Wexford,Motor cycles,All years,Number,2
Vehicle Population,2020,Diesel,Co. Wexford,Tractors & Machinery,All years,Number,4664
Vehicle Population,2020,Diesel,Co. Wexford,Small PSVs,All years,Number,212
Vehicle Population,2020,Diesel,Co. Wexford,Large PSVs,All years,Number,309
Vehicle Population,2020,Diesel,Co. Wexford,Exempt vehicles,All years,Number,561
Vehicle Population,2020,Diesel,Co. Wexford,Other vehicles,All years,Number,2540
Vehicle Population,2020,Diesel,Co. Wicklow,Private cars,All years,Number,38523
Vehicle Population,2020,Diesel,Co. Wicklow,Goods vehicles,All years,Number,9858
Vehicle Population,2020,Diesel,Co. Wicklow,Motor cycles,All years,Number,2
Vehicle Population,2020,Diesel,Co. Wicklow,Tractors & Machinery,All years,Number,1853
Vehicle Population,2020,Diesel,Co. Wicklow,Small PSVs,All years,Number,279
Vehicle Population,2020,Diesel,Co. Wicklow,Large PSVs,All years,Number,247
Vehicle Population,2020,Diesel,Co. Wicklow,Exempt vehicles,All years,Number,453
Vehicle Population,2020,Diesel,Co. Wicklow,Other vehicles,All years,Number,1354
Vehicle Population,2020,Diesel,Co. Clare,Private cars,All years,Number,37099
Vehicle Population,2020,Diesel,Co. Clare,Goods vehicles,All years,Number,9419
Vehicle Population,2020,Diesel,Co. Clare,Motor cycles,All years,Number,2
Vehicle Population,2020,Diesel,Co. Clare,Tractors & Machinery,All years,Number,3201
Vehicle Population,2020,Diesel,Co. Clare,Small PSVs,All years,Number,299
Vehicle Population,2020,Diesel,Co. Clare,Large PSVs,All years,Number,266
Vehicle Population,2020,Diesel,Co. Clare,Exempt vehicles,All years,Number,543
Vehicle Population,2020,Diesel,Co. Clare,Other vehicles,All years,Number,1921
Vehicle Population,2020,Diesel,Co. Cork,Private cars,All years,Number,148785
Vehicle Population,2020,Diesel,Co. Cork,Goods vehicles,All years,Number,42566
Vehicle Population,2020,Diesel,Co. Cork,Motor cycles,All years,Number,9
Vehicle Population,2020,Diesel,Co. Cork,Tractors & Machinery,All years,Number,11777
Vehicle Population,2020,Diesel,Co. Cork,Small PSVs,All years,Number,1445
Vehicle Population,2020,Diesel,Co. Cork,Large PSVs,All years,Number,854
Vehicle Population,2020,Diesel,Co. Cork,Exempt vehicles,All years,Number,2411
Vehicle Population,2020,Diesel,Co. Cork,Other vehicles,All years,Number,6093
Vehicle Population,2020,Diesel,Co. Kerry,Private cars,All years,Number,45094
Vehicle Population,2020,Diesel,Co. Kerry,Goods vehicles,All years,Number,12162
Vehicle Population,2020,Diesel,Co. Kerry,Motor cycles,All years,Number,2
Vehicle Population,2020,Diesel,Co. Kerry,Tractors & Machinery,All years,Number,4388
Vehicle Population,2020,Diesel,Co. Kerry,Small PSVs,All years,Number,429
Vehicle Population,2020,Diesel,Co. Kerry,Large PSVs,All years,Number,467
Vehicle Population,2020,Diesel,Co. Kerry,Exempt vehicles,All years,Number,628
Vehicle Population,2020,Diesel,Co. Kerry,Other vehicles,All years,Number,2953
Vehicle Population,2020,Diesel,Co. Limerick,Private cars,All years,Number,54420
Vehicle Population,2020,Diesel,Co. Limerick,Goods vehicles,All years,Number,14037
Vehicle Population,2020,Diesel,Co. Limerick,Motor cycles,All years,Number,1
Vehicle Population,2020,Diesel,Co. Limerick,Tractors & Machinery,All years,Number,3857
Vehicle Population,2020,Diesel,Co. Limerick,Small PSVs,All years,Number,493
Vehicle Population,2020,Diesel,Co. Limerick,Large PSVs,All years,Number,312
Vehicle Population,2020,Diesel,Co. Limerick,Exempt vehicles,All years,Number,792
Vehicle Population,2020,Diesel,Co. Limerick,Other vehicles,All years,Number,2304
Vehicle Population,2020,Diesel,Co. Tipperary,Private cars,All years,Number,54750
Vehicle Population,2020,Diesel,Co. Tipperary,Goods vehicles,All years,Number,14542
Vehicle Population,2020,Diesel,Co. Tipperary,Motor cycles,All years,Number,3
Vehicle Population,2020,Diesel,Co. Tipperary,Tractors & Machinery,All years,Number,5777
Vehicle Population,2020,Diesel,Co. Tipperary,Small PSVs,All years,Number,226
Vehicle Population,2020,Diesel,Co. Tipperary,Large PSVs,All years,Number,394
Vehicle Population,2020,Diesel,Co. Tipperary,Exempt vehicles,All years,Number,692
Vehicle Population,2020,Diesel,Co. Tipperary,Other vehicles,All years,Number,2235
Vehicle Population,2020,Diesel,Co. Waterford,Private cars,All years,Number,33388
Vehicle Population,2020,Diesel,Co. Waterford,Goods vehicles,All years,Number,8254
Vehicle Population,2020,Diesel,Co. Waterford,Motor cycles,All years,Number,0
Vehicle Population,2020,Diesel,Co. Waterford,Tractors & Machinery,All years,Number,2387
Vehicle Population,2020,Diesel,Co. Waterford,Small PSVs,All years,Number,241
Vehicle Population,2020,Diesel,Co. Waterford,Large PSVs,All years,Number,190
Vehicle Population,2020,Diesel,Co. Waterford,Exempt vehicles,All years,Number,452
Vehicle Population,2020,Diesel,Co. Waterford,Other vehicles,All years,Number,1266
Vehicle Population,2020,Diesel,Co. Galway,Private cars,All years,Number,75063
Vehicle Population,2020,Diesel,Co. Galway,Goods vehicles,All years,Number,20680
Vehicle Population,2020,Diesel,Co. Galway,Motor cycles,All years,Number,0
Vehicle Population,2020,Diesel,Co. Galway,Tractors & Machinery,All years,Number,5435
Vehicle Population,2020,Diesel,Co. Galway,Small PSVs,All years,Number,807
Vehicle Population,2020,Diesel,Co. Galway,Large PSVs,All years,Number,668
Vehicle Population,2020,Diesel,Co. Galway,Exempt vehicles,All years,Number,1554
Vehicle Population,2020,Diesel,Co. Galway,Other vehicles,All years,Number,4187
Vehicle Population,2020,Diesel,Co. Leitrim,Private cars,All years,Number,10741
Vehicle Population,2020,Diesel,Co. Leitrim,Goods vehicles,All years,Number,3630
Vehicle Population,2020,Diesel,Co. Leitrim,Motor cycles,All years,Number,1
Vehicle Population,2020,Diesel,Co. Leitrim,Tractors & Machinery,All years,Number,975
Vehicle Population,2020,Diesel,Co. Leitrim,Small PSVs,All years,Number,56
Vehicle Population,2020,Diesel,Co. Leitrim,Large PSVs,All years,Number,111
Vehicle Population,2020,Diesel,Co. Leitrim,Exempt vehicles,All years,Number,191
Vehicle Population,2020,Diesel,Co. Leitrim,Other vehicles,All years,Number,746
Vehicle Population,2020,Diesel,Co. Mayo,Private cars,All years,Number,42497
Vehicle Population,2020,Diesel,Co. Mayo,Goods vehicles,All years,Number,13537
Vehicle Population,2020,Diesel,Co. Mayo,Motor cycles,All years,Number,1
Vehicle Population,2020,Diesel,Co. Mayo,Tractors & Machinery,All years,Number,4931
Vehicle Population,2020,Diesel,Co. Mayo,Small PSVs,All years,Number,223
Vehicle Population,2020,Diesel,Co. Mayo,Large PSVs,All years,Number,351
Vehicle Population,2020,Diesel,Co. Mayo,Exempt vehicles,All years,Number,891
Vehicle Population,2020,Diesel,Co. Mayo,Other vehicles,All years,Number,2130
Vehicle Population,2020,Diesel,Co. Roscommon,Private cars,All years,Number,21833
Vehicle Population,2020,Diesel,Co. Roscommon,Goods vehicles,All years,Number,6380
Vehicle Population,2020,Diesel,Co. Roscommon,Motor cycles,All years,Number,2
Vehicle Population,2020,Diesel,Co. Roscommon,Tractors & Machinery,All years,Number,2451
Vehicle Population,2020,Diesel,Co. Roscommon,Small PSVs,All years,Number,117
Vehicle Population,2020,Diesel,Co. Roscommon,Large PSVs,All years,Number,115
Vehicle Population,2020,Diesel,Co. Roscommon,Exempt vehicles,All years,Number,345
Vehicle Population,2020,Diesel,Co. Roscommon,Other vehicles,All years,Number,1517
Vehicle Population,2020,Diesel,Co. Sligo,Private cars,All years,Number,18964
Vehicle Population,2020,Diesel,Co. Sligo,Goods vehicles,All years,Number,6364
Vehicle Population,2020,Diesel,Co. Sligo,Motor cycles,All years,Number,0
Vehicle Population,2020,Diesel,Co. Sligo,Tractors & Machinery,All years,Number,1660
Vehicle Population,2020,Diesel,Co. Sligo,Small PSVs,All years,Number,144
Vehicle Population,2020,Diesel,Co. Sligo,Large PSVs,All years,Number,122
Vehicle Population,2020,Diesel,Co. Sligo,Exempt vehicles,All years,Number,345
Vehicle Population,2020,Diesel,Co. Sligo,Other vehicles,All years,Number,1248
Vehicle Population,2020,Diesel,Co. Cavan,Private cars,All years,Number,23994
Vehicle Population,2020,Diesel,Co. Cavan,Goods vehicles,All years,Number,8588
Vehicle Population,2020,Diesel,Co. Cavan,Motor cycles,All years,Number,2
Vehicle Population,2020,Diesel,Co. Cavan,Tractors & Machinery,All years,Number,2776
Vehicle Population,2020,Diesel,Co. Cavan,Small PSVs,All years,Number,139
Vehicle Population,2020,Diesel,Co. Cavan,Large PSVs,All years,Number,186
Vehicle Population,2020,Diesel,Co. Cavan,Exempt vehicles,All years,Number,317
Vehicle Population,2020,Diesel,Co. Cavan,Other vehicles,All years,Number,1106
Vehicle Population,2020,Diesel,Co. Donegal,Private cars,All years,Number,46710
Vehicle Population,2020,Diesel,Co. Donegal,Goods vehicles,All years,Number,15713
Vehicle Population,2020,Diesel,Co. Donegal,Motor cycles,All years,Number,3
Vehicle Population,2020,Diesel,Co. Donegal,Tractors & Machinery,All years,Number,3323
Vehicle Population,2020,Diesel,Co. Donegal,Small PSVs,All years,Number,316
Vehicle Population,2020,Diesel,Co. Donegal,Large PSVs,All years,Number,606
Vehicle Population,2020,Diesel,Co. Donegal,Exempt vehicles,All years,Number,715
Vehicle Population,2020,Diesel,Co. Donegal,Other vehicles,All years,Number,3264
Vehicle Population,2020,Diesel,Co. Monaghan,Private cars,All years,Number,19933
Vehicle Population,2020,Diesel,Co. Monaghan,Goods vehicles,All years,Number,8461
Vehicle Population,2020,Diesel,Co. Monaghan,Motor cycles,All years,Number,0
Vehicle Population,2020,Diesel,Co. Monaghan,Tractors & Machinery,All years,Number,1815
Vehicle Population,2020,Diesel,Co. Monaghan,Small PSVs,All years,Number,78
Vehicle Population,2020,Diesel,Co. Monaghan,Large PSVs,All years,Number,239
Vehicle Population,2020,Diesel,Co. Monaghan,Exempt vehicles,All years,Number,234
Vehicle Population,2020,Diesel,Co. Monaghan,Other vehicles,All years,Number,853
Vehicle Population,2020,Other fuel types,Co. Carlow,Private cars,All years,Number,650
Vehicle Population,2020,Other fuel types,Co. Carlow,Goods vehicles,All years,Number,3
Vehicle Population,2020,Other fuel types,Co. Carlow,Motor cycles,All years,Number,0
Vehicle Population,2020,Other fuel types,Co. Carlow,Tractors & Machinery,All years,Number,0
Vehicle Population,2020,Other fuel types,Co. Carlow,Small PSVs,All years,Number,6
Vehicle Population,2020,Other fuel types,Co. Carlow,Large PSVs,All years,Number,0
Vehicle Population,2020,Other fuel types,Co. Carlow,Exempt vehicles,All years,Number,9
Vehicle Population,2020,Other fuel types,Co. Carlow,Other vehicles,All years,Number,7
Vehicle Population,2020,Other fuel types,Co. Dublin,Private cars,All years,Number,34839
Vehicle Population,2020,Other fuel types,Co. Dublin,Goods vehicles,All years,Number,530
Vehicle Population,2020,Other fuel types,Co. Dublin,Motor cycles,All years,Number,61
Vehicle Population,2020,Other fuel types,Co. Dublin,Tractors & Machinery,All years,Number,9
Vehicle Population,2020,Other fuel types,Co. Dublin,Small PSVs,All years,Number,1977
Vehicle Population,2020,Other fuel types,Co. Dublin,Large PSVs,All years,Number,0
Vehicle Population,2020,Other fuel types,Co. Dublin,Exempt vehicles,All years,Number,382
Vehicle Population,2020,Other fuel types,Co. Dublin,Other vehicles,All years,Number,19
Vehicle Population,2020,Other fuel types,Co. Kildare,Private cars,All years,Number,4406
Vehicle Population,2020,Other fuel types,Co. Kildare,Goods vehicles,All years,Number,28
Vehicle Population,2020,Other fuel types,Co. Kildare,Motor cycles,All years,Number,7
Vehicle Population,2020,Other fuel types,Co. Kildare,Tractors & Machinery,All years,Number,4
Vehicle Population,2020,Other fuel types,Co. Kildare,Small PSVs,All years,Number,79
Vehicle Population,2020,Other fuel types,Co. Kildare,Large PSVs,All years,Number,0
Vehicle Population,2020,Other fuel types,Co. Kildare,Exempt vehicles,All years,Number,27
Vehicle Population,2020,Other fuel types,Co. Kildare,Other vehicles,All years,Number,6
Vehicle Population,2020,Other fuel types,Co. Kilkenny,Private cars,All years,Number,1130
Vehicle Population,2020,Other fuel types,Co. Kilkenny,Goods vehicles,All years,Number,5
Vehicle Population,2020,Other fuel types,Co. Kilkenny,Motor cycles,All years,Number,0
Vehicle Population,2020,Other fuel types,Co. Kilkenny,Tractors & Machinery,All years,Number,2
Vehicle Population,2020,Other fuel types,Co. Kilkenny,Small PSVs,All years,Number,3
Vehicle Population,2020,Other fuel types,Co. Kilkenny,Large PSVs,All years,Number,0
Vehicle Population,2020,Other fuel types,Co. Kilkenny,Exempt vehicles,All years,Number,19
Vehicle Population,2020,Other fuel types,Co. Kilkenny,Other vehicles,All years,Number,6
Vehicle Population,2020,Other fuel types,Co. Laois,Private cars,All years,Number,846
Vehicle Population,2020,Other fuel types,Co. Laois,Goods vehicles,All years,Number,6
Vehicle Population,2020,Other fuel types,Co. Laois,Motor cycles,All years,Number,0
Vehicle Population,2020,Other fuel types,Co. Laois,Tractors & Machinery,All years,Number,0
Vehicle Population,2020,Other fuel types,Co. Laois,Small PSVs,All years,Number,24
Vehicle Population,2020,Other fuel types,Co. Laois,Large PSVs,All years,Number,0
Vehicle Population,2020,Other fuel types,Co. Laois,Exempt vehicles,All years,Number,5
Vehicle Population,2020,Other fuel types,Co. Laois,Other vehicles,All years,Number,5
Vehicle Population,2020,Other fuel types,Co. Longford,Private cars,All years,Number,463
Vehicle Population,2020,Other fuel types,Co. Longford,Goods vehicles,All years,Number,1
Vehicle Population,2020,Other fuel types,Co. Longford,Motor cycles,All years,Number,1
Vehicle Population,2020,Other fuel types,Co. Longford,Tractors & Machinery,All years,Number,0
Vehicle Population,2020,Other fuel types,Co. Longford,Small PSVs,All years,Number,0
Vehicle Population,2020,Other fuel types,Co. Longford,Large PSVs,All years,Number,0
Vehicle Population,2020,Other fuel types,Co. Longford,Exempt vehicles,All years,Number,2
Vehicle Population,2020,Other fuel types,Co. Longford,Other vehicles,All years,Number,1
Vehicle Population,2020,Other fuel types,Co. Louth,Private cars,All years,Number,1744
Vehicle Population,2020,Other fuel types,Co. Louth,Goods vehicles,All years,Number,4
Vehicle Population,2020,Other fuel types,Co. Louth,Motor cycles,All years,Number,1
Vehicle Population,2020,Other fuel types,Co. Louth,Tractors & Machinery,All years,Number,0
Vehicle Population,2020,Other fuel types,Co. Louth,Small PSVs,All years,Number,68
Vehicle Population,2020,Other fuel types,Co. Louth,Large PSVs,All years,Number,0
Vehicle Population,2020,Other fuel types,Co. Louth,Exempt vehicles,All years,Number,36
Vehicle Population,2020,Other fuel types,Co. Louth,Other vehicles,All years,Number,1
Vehicle Population,2020,Other fuel types,Co. Meath,Private cars,All years,Number,3537
Vehicle Population,2020,Other fuel types,Co. Meath,Goods vehicles,All years,Number,9
Vehicle Population,2020,Other fuel types,Co. Meath,Motor cycles,All years,Number,3
Vehicle Population,2020,Other fuel types,Co. Meath,Tractors & Machinery,All years,Number,0
Vehicle Population,2020,Other fuel types,Co. Meath,Small PSVs,All years,Number,95
Vehicle Population,2020,Other fuel types,Co. Meath,Large PSVs,All years,Number,0
Vehicle Population,2020,Other fuel types,Co. Meath,Exempt vehicles,All years,Number,34
Vehicle Population,2020,Other fuel types,Co. Meath,Other vehicles,All years,Number,3
Vehicle Population,2020,Other fuel types,Co. Offaly,Private cars,All years,Number,899
Vehicle Population,2020,Other fuel types,Co. Offaly,Goods vehicles,All years,Number,4
Vehicle Population,2020,Other fuel types,Co. Offaly,Motor cycles,All years,Number,1
Vehicle Population,2020,Other fuel types,Co. Offaly,Tractors & Machinery,All years,Number,0
Vehicle Population,2020,Other fuel types,Co. Offaly,Small PSVs,All years,Number,5
Vehicle Population,2020,Other fuel types,Co. Offaly,Large PSVs,All years,Number,0
Vehicle Population,2020,Other fuel types,Co. Offaly,Exempt vehicles,All years,Number,11
Vehicle Population,2020,Other fuel types,Co. Offaly,Other vehicles,All years,Number,3
Vehicle Population,2020,Other fuel types,Co. Westmeath,Private cars,All years,Number,1335
Vehicle Population,2020,Other fuel types,Co. Westmeath,Goods vehicles,All years,Number,12
Vehicle Population,2020,Other fuel types,Co. Westmeath,Motor cycles,All years,Number,2
Vehicle Population,2020,Other fuel types,Co. Westmeath,Tractors & Machinery,All years,Number,0
Vehicle Population,2020,Other fuel types,Co. Westmeath,Small PSVs,All years,Number,17
Vehicle Population,2020,Other fuel types,Co. Westmeath,Large PSVs,All years,Number,0
Vehicle Population,2020,Other fuel types,Co. Westmeath,Exempt vehicles,All years,Number,23
Vehicle Population,2020,Other fuel types,Co. Westmeath,Other vehicles,All years,Number,0
Vehicle Population,2020,Other fuel types,Co. Wexford,Private cars,All years,Number,1912
Vehicle Population,2020,Other fuel types,Co. Wexford,Goods vehicles,All years,Number,14
Vehicle Population,2020,Other fuel types,Co. Wexford,Motor cycles,All years,Number,4
Vehicle Population,2020,Other fuel types,Co. Wexford,Tractors & Machinery,All years,Number,3
Vehicle Population,2020,Other fuel types,Co. Wexford,Small PSVs,All years,Number,10
Vehicle Population,2020,Other fuel types,Co. Wexford,Large PSVs,All years,Number,0
Vehicle Population,2020,Other fuel types,Co. Wexford,Exempt vehicles,All years,Number,31
Vehicle Population,2020,Other fuel types,Co. Wexford,Other vehicles,All years,Number,12
Vehicle Population,2020,Other fuel types,Co. Wicklow,Private cars,All years,Number,3050
Vehicle Population,2020,Other fuel types,Co. Wicklow,Goods vehicles,All years,Number,15
Vehicle Population,2020,Other fuel types,Co. Wicklow,Motor cycles,All years,Number,6
Vehicle Population,2020,Other fuel types,Co. Wicklow,Tractors & Machinery,All years,Number,0
Vehicle Population,2020,Other fuel types,Co. Wicklow,Small PSVs,All years,Number,30
Vehicle Population,2020,Other fuel types,Co. Wicklow,Large PSVs,All years,Number,0
Vehicle Population,2020,Other fuel types,Co. Wicklow,Exempt vehicles,All years,Number,31
Vehicle Population,2020,Other fuel types,Co. Wicklow,Other vehicles,All years,Number,4
Vehicle Population,2020,Other fuel types,Co. Clare,Private cars,All years,Number,1487
Vehicle Population,2020,Other fuel types,Co. Clare,Goods vehicles,All years,Number,7
Vehicle Population,2020,Other fuel types,Co. Clare,Motor cycles,All years,Number,1
Vehicle Population,2020,Other fuel types,Co. Clare,Tractors & Machinery,All years,Number,3
Vehicle Population,2020,Other fuel types,Co. Clare,Small PSVs,All years,Number,13
Vehicle Population,2020,Other fuel types,Co. Clare,Large PSVs,All years,Number,0
Vehicle Population,2020,Other fuel types,Co. Clare,Exempt vehicles,All years,Number,32
Vehicle Population,2020,Other fuel types,Co. Clare,Other vehicles,All years,Number,1
Vehicle Population,2020,Other fuel types,Co. Cork,Private cars,All years,Number,8869
Vehicle Population,2020,Other fuel types,Co. Cork,Goods vehicles,All years,Number,76
Vehicle Population,2020,Other fuel types,Co. Cork,Motor cycles,All years,Number,8
Vehicle Population,2020,Other fuel types,Co. Cork,Tractors & Machinery,All years,Number,2
Vehicle Population,2020,Other fuel types,Co. Cork,Small PSVs,All years,Number,95
Vehicle Population,2020,Other fuel types,Co. Cork,Large PSVs,All years,Number,0
Vehicle Population,2020,Other fuel types,Co. Cork,Exempt vehicles,All years,Number,203
Vehicle Population,2020,Other fuel types,Co. Cork,Other vehicles,All years,Number,10
Vehicle Population,2020,Other fuel types,Co. Kerry,Private cars,All years,Number,1734
Vehicle Population,2020,Other fuel types,Co. Kerry,Goods vehicles,All years,Number,5
Vehicle Population,2020,Other fuel types,Co. Kerry,Motor cycles,All years,Number,2
Vehicle Population,2020,Other fuel types,Co. Kerry,Tractors & Machinery,All years,Number,5
Vehicle Population,2020,Other fuel types,Co. Kerry,Small PSVs,All years,Number,7
Vehicle Population,2020,Other fuel types,Co. Kerry,Large PSVs,All years,Number,0
Vehicle Population,2020,Other fuel types,Co. Kerry,Exempt vehicles,All years,Number,27
Vehicle Population,2020,Other fuel types,Co. Kerry,Other vehicles,All years,Number,20
Vehicle Population,2020,Other fuel types,Co. Limerick,Private cars,All years,Number,2332
Vehicle Population,2020,Other fuel types,Co. Limerick,Goods vehicles,All years,Number,10
Vehicle Population,2020,Other fuel types,Co. Limerick,Motor cycles,All years,Number,2
Vehicle Population,2020,Other fuel types,Co. Limerick,Tractors & Machinery,All years,Number,2
Vehicle Population,2020,Other fuel types,Co. Limerick,Small PSVs,All years,Number,74
Vehicle Population,2020,Other fuel types,Co. Limerick,Large PSVs,All years,Number,0
Vehicle Population,2020,Other fuel types,Co. Limerick,Exempt vehicles,All years,Number,90
Vehicle Population,2020,Other fuel types,Co. Limerick,Other vehicles,All years,Number,6
Vehicle Population,2020,Other fuel types,Co. Tipperary,Private cars,All years,Number,1747
Vehicle Population,2020,Other fuel types,Co. Tipperary,Goods vehicles,All years,Number,11
Vehicle Population,2020,Other fuel types,Co. Tipperary,Motor cycles,All years,Number,1
Vehicle Population,2020,Other fuel types,Co. Tipperary,Tractors & Machinery,All years,Number,0
Vehicle Population,2020,Other fuel types,Co. Tipperary,Small PSVs,All years,Number,4
Vehicle Population,2020,Other fuel types,Co. Tipperary,Large PSVs,All years,Number,0
Vehicle Population,2020,Other fuel types,Co. Tipperary,Exempt vehicles,All years,Number,45
Vehicle Population,2020,Other fuel types,Co. Tipperary,Other vehicles,All years,Number,8
Vehicle Population,2020,Other fuel types,Co. Waterford,Private cars,All years,Number,1445
Vehicle Population,2020,Other fuel types,Co. Waterford,Goods vehicles,All years,Number,6
Vehicle Population,2020,Other fuel types,Co. Waterford,Motor cycles,All years,Number,2
Vehicle Population,2020,Other fuel types,Co. Waterford,Tractors & Machinery,All years,Number,2
Vehicle Population,2020,Other fuel types,Co. Waterford,Small PSVs,All years,Number,6
Vehicle Population,2020,Other fuel types,Co. Waterford,Large PSVs,All years,Number,0
Vehicle Population,2020,Other fuel types,Co. Waterford,Exempt vehicles,All years,Number,20
Vehicle Population,2020,Other fuel types,Co. Waterford,Other vehicles,All years,Number,4
Vehicle Population,2020,Other fuel types,Co. Galway,Private cars,All years,Number,4149
Vehicle Population,2020,Other fuel types,Co. Galway,Goods vehicles,All years,Number,12
Vehicle Population,2020,Other fuel types,Co. Galway,Motor cycles,All years,Number,2
Vehicle Population,2020,Other fuel types,Co. Galway,Tractors & Machinery,All years,Number,0
Vehicle Population,2020,Other fuel types,Co. Galway,Small PSVs,All years,Number,38
Vehicle Population,2020,Other fuel types,Co. Galway,Large PSVs,All years,Number,0
Vehicle Population,2020,Other fuel types,Co. Galway,Exempt vehicles,All years,Number,112
Vehicle Population,2020,Other fuel types,Co. Galway,Other vehicles,All years,Number,10
Vehicle Population,2020,Other fuel types,Co. Leitrim,Private cars,All years,Number,255
Vehicle Population,2020,Other fuel types,Co. Leitrim,Goods vehicles,All years,Number,0
Vehicle Population,2020,Other fuel types,Co. Leitrim,Motor cycles,All years,Number,0
Vehicle Population,2020,Other fuel types,Co. Leitrim,Tractors & Machinery,All years,Number,0
Vehicle Population,2020,Other fuel types,Co. Leitrim,Small PSVs,All years,Number,1
Vehicle Population,2020,Other fuel types,Co. Leitrim,Large PSVs,All years,Number,0
Vehicle Population,2020,Other fuel types,Co. Leitrim,Exempt vehicles,All years,Number,9
Vehicle Population,2020,Other fuel types,Co. Leitrim,Other vehicles,All years,Number,1
Vehicle Population,2020,Other fuel types,Co. Mayo,Private cars,All years,Number,1223
Vehicle Population,2020,Other fuel types,Co. Mayo,Goods vehicles,All years,Number,17
Vehicle Population,2020,Other fuel types,Co. Mayo,Motor cycles,All years,Number,0
Vehicle Population,2020,Other fuel types,Co. Mayo,Tractors & Machinery,All years,Number,0
Vehicle Population,2020,Other fuel types,Co. Mayo,Small PSVs,All years,Number,2
Vehicle Population,2020,Other fuel types,Co. Mayo,Large PSVs,All years,Number,0
Vehicle Population,2020,Other fuel types,Co. Mayo,Exempt vehicles,All years,Number,49
Vehicle Population,2020,Other fuel types,Co. Mayo,Other vehicles,All years,Number,10
Vehicle Population,2020,Other fuel types,Co. Roscommon,Private cars,All years,Number,666
Vehicle Population,2020,Other fuel types,Co. Roscommon,Goods vehicles,All years,Number,3
Vehicle Population,2020,Other fuel types,Co. Roscommon,Motor cycles,All years,Number,0
Vehicle Population,2020,Other fuel types,Co. Roscommon,Tractors & Machinery,All years,Number,0
Vehicle Population,2020,Other fuel types,Co. Roscommon,Small PSVs,All years,Number,0
Vehicle Population,2020,Other fuel types,Co. Roscommon,Large PSVs,All years,Number,0
Vehicle Population,2020,Other fuel types,Co. Roscommon,Exempt vehicles,All years,Number,30
Vehicle Population,2020,Other fuel types,Co. Roscommon,Other vehicles,All years,Number,2
Vehicle Population,2020,Other fuel types,Co. Sligo,Private cars,All years,Number,723
Vehicle Population,2020,Other fuel types,Co. Sligo,Goods vehicles,All years,Number,1
Vehicle Population,2020,Other fuel types,Co. Sligo,Motor cycles,All years,Number,0
Vehicle Population,2020,Other fuel types,Co. Sligo,Tractors & Machinery,All years,Number,0
Vehicle Population,2020,Other fuel types,Co. Sligo,Small PSVs,All years,Number,4
Vehicle Population,2020,Other fuel types,Co. Sligo,Large PSVs,All years,Number,0
Vehicle Population,2020,Other fuel types,Co. Sligo,Exempt vehicles,All years,Number,21
Vehicle Population,2020,Other fuel types,Co. Sligo,Other vehicles,All years,Number,3
Vehicle Population,2020,Other fuel types,Co. Cavan,Private cars,All years,Number,788
Vehicle Population,2020,Other fuel types,Co. Cavan,Goods vehicles,All years,Number,13
Vehicle Population,2020,Other fuel types,Co. Cavan,Motor cycles,All years,Number,1
Vehicle Population,2020,Other fuel types,Co. Cavan,Tractors & Machinery,All years,Number,2
Vehicle Population,2020,Other fuel types,Co. Cavan,Small PSVs,All years,Number,1
Vehicle Population,2020,Other fuel types,Co. Cavan,Large PSVs,All years,Number,0
Vehicle Population,2020,Other fuel types,Co. Cavan,Exempt vehicles,All years,Number,22
Vehicle Population,2020,Other fuel types,Co. Cavan,Other vehicles,All years,Number,1
Vehicle Population,2020,Other fuel types,Co. Donegal,Private cars,All years,Number,1514
Vehicle Population,2020,Other fuel types,Co. Donegal,Goods vehicles,All years,Number,7
Vehicle Population,2020,Other fuel types,Co. Donegal,Motor cycles,All years,Number,0
Vehicle Population,2020,Other fuel types,Co. Donegal,Tractors & Machinery,All years,Number,0
Vehicle Population,2020,Other fuel types,Co. Donegal,Small PSVs,All years,Number,3
Vehicle Population,2020,Other fuel types,Co. Donegal,Large PSVs,All years,Number,0
Vehicle Population,2020,Other fuel types,Co. Donegal,Exempt vehicles,All years,Number,43
Vehicle Population,2020,Other fuel types,Co. Donegal,Other vehicles,All years,Number,6
Vehicle Population,2020,Other fuel types,Co. Monaghan,Private cars,All years,Number,490
Vehicle Population,2020,Other fuel types,Co. Monaghan,Goods vehicles,All years,Number,3
Vehicle Population,2020,Other fuel types,Co. Monaghan,Motor cycles,All years,Number,0
Vehicle Population,2020,Other fuel types,Co. Monaghan,Tractors & Machinery,All years,Number,0
Vehicle Population,2020,Other fuel types,Co. Monaghan,Small PSVs,All years,Number,0
Vehicle Population,2020,Other fuel types,Co. Monaghan,Large PSVs,All years,Number,0
Vehicle Population,2020,Other fuel types,Co. Monaghan,Exempt vehicles,All years,Number,9
Vehicle Population,2020,Other fuel types,Co. Monaghan,Other vehicles,All years,Number,1
Vehicle Population,2021,Petrol,Co. Carlow,Private cars,All years,Number,8922
Vehicle Population,2021,Petrol,Co. Carlow,Goods vehicles,All years,Number,8
Vehicle Population,2021,Petrol,Co. Carlow,Motor cycles,All years,Number,697
Vehicle Population,2021,Petrol,Co. Carlow,Tractors & Machinery,All years,Number,5
Vehicle Population,2021,Petrol,Co. Carlow,Small PSVs,All years,Number,3
Vehicle Population,2021,Petrol,Co. Carlow,Large PSVs,All years,Number,0
Vehicle Population,2021,Petrol,Co. Carlow,Exempt vehicles,All years,Number,46
Vehicle Population,2021,Petrol,Co. Carlow,Other vehicles,All years,Number,522
Vehicle Population,2021,Petrol,Co. Dublin,Private cars,All years,Number,269332
Vehicle Population,2021,Petrol,Co. Dublin,Goods vehicles,All years,Number,157
Vehicle Population,2021,Petrol,Co. Dublin,Motor cycles,All years,Number,13038
Vehicle Population,2021,Petrol,Co. Dublin,Tractors & Machinery,All years,Number,44
Vehicle Population,2021,Petrol,Co. Dublin,Small PSVs,All years,Number,509
Vehicle Population,2021,Petrol,Co. Dublin,Large PSVs,All years,Number,1
Vehicle Population,2021,Petrol,Co. Dublin,Exempt vehicles,All years,Number,1950
Vehicle Population,2021,Petrol,Co. Dublin,Other vehicles,All years,Number,5169
Vehicle Population,2021,Petrol,Co. Kildare,Private cars,All years,Number,40446
Vehicle Population,2021,Petrol,Co. Kildare,Goods vehicles,All years,Number,47
Vehicle Population,2021,Petrol,Co. Kildare,Motor cycles,All years,Number,2593
Vehicle Population,2021,Petrol,Co. Kildare,Tractors & Machinery,All years,Number,3
Vehicle Population,2021,Petrol,Co. Kildare,Small PSVs,All years,Number,16
Vehicle Population,2021,Petrol,Co. Kildare,Large PSVs,All years,Number,0
Vehicle Population,2021,Petrol,Co. Kildare,Exempt vehicles,All years,Number,150
Vehicle Population,2021,Petrol,Co. Kildare,Other vehicles,All years,Number,1493
Vehicle Population,2021,Petrol,Co. Kilkenny,Private cars,All years,Number,14898
Vehicle Population,2021,Petrol,Co. Kilkenny,Goods vehicles,All years,Number,10
Vehicle Population,2021,Petrol,Co. Kilkenny,Motor cycles,All years,Number,1082
Vehicle Population,2021,Petrol,Co. Kilkenny,Tractors & Machinery,All years,Number,9
Vehicle Population,2021,Petrol,Co. Kilkenny,Small PSVs,All years,Number,2
Vehicle Population,2021,Petrol,Co. Kilkenny,Large PSVs,All years,Number,0
Vehicle Population,2021,Petrol,Co. Kilkenny,Exempt vehicles,All years,Number,76
Vehicle Population,2021,Petrol,Co. Kilkenny,Other vehicles,All years,Number,632
Vehicle Population,2021,Petrol,Co. Laois,Private cars,All years,Number,10260
Vehicle Population,2021,Petrol,Co. Laois,Goods vehicles,All years,Number,12
Vehicle Population,2021,Petrol,Co. Laois,Motor cycles,All years,Number,634
Vehicle Population,2021,Petrol,Co. Laois,Tractors & Machinery,All years,Number,7
Vehicle Population,2021,Petrol,Co. Laois,Small PSVs,All years,Number,4
Vehicle Population,2021,Petrol,Co. Laois,Large PSVs,All years,Number,0
Vehicle Population,2021,Petrol,Co. Laois,Exempt vehicles,All years,Number,49
Vehicle Population,2021,Petrol,Co. Laois,Other vehicles,All years,Number,448
Vehicle Population,2021,Petrol,Co. Longford,Private cars,All years,Number,4743
Vehicle Population,2021,Petrol,Co. Longford,Goods vehicles,All years,Number,5
Vehicle Population,2021,Petrol,Co. Longford,Motor cycles,All years,Number,274
Vehicle Population,2021,Petrol,Co. Longford,Tractors & Machinery,All years,Number,6
Vehicle Population,2021,Petrol,Co. Longford,Small PSVs,All years,Number,1
Vehicle Population,2021,Petrol,Co. Longford,Large PSVs,All years,Number,0
Vehicle Population,2021,Petrol,Co. Longford,Exempt vehicles,All years,Number,25
Vehicle Population,2021,Petrol,Co. Longford,Other vehicles,All years,Number,200
Vehicle Population,2021,Petrol,Co. Louth,Private cars,All years,Number,19234
Vehicle Population,2021,Petrol,Co. Louth,Goods vehicles,All years,Number,14
Vehicle Population,2021,Petrol,Co. Louth,Motor cycles,All years,Number,1036
Vehicle Population,2021,Petrol,Co. Louth,Tractors & Machinery,All years,Number,25
Vehicle Population,2021,Petrol,Co. Louth,Small PSVs,All years,Number,22
Vehicle Population,2021,Petrol,Co. Louth,Large PSVs,All years,Number,0
Vehicle Population,2021,Petrol,Co. Louth,Exempt vehicles,All years,Number,142
Vehicle Population,2021,Petrol,Co. Louth,Other vehicles,All years,Number,559
Vehicle Population,2021,Petrol,Co. Meath,Private cars,All years,Number,30808
Vehicle Population,2021,Petrol,Co. Meath,Goods vehicles,All years,Number,23
Vehicle Population,2021,Petrol,Co. Meath,Motor cycles,All years,Number,2110
Vehicle Population,2021,Petrol,Co. Meath,Tractors & Machinery,All years,Number,9
Vehicle Population,2021,Petrol,Co. Meath,Small PSVs,All years,Number,29
Vehicle Population,2021,Petrol,Co. Meath,Large PSVs,All years,Number,1
Vehicle Population,2021,Petrol,Co. Meath,Exempt vehicles,All years,Number,160
Vehicle Population,2021,Petrol,Co. Meath,Other vehicles,All years,Number,1224
Vehicle Population,2021,Petrol,Co. Offaly,Private cars,All years,Number,9977
Vehicle Population,2021,Petrol,Co. Offaly,Goods vehicles,All years,Number,7
Vehicle Population,2021,Petrol,Co. Offaly,Motor cycles,All years,Number,755
Vehicle Population,2021,Petrol,Co. Offaly,Tractors & Machinery,All years,Number,9
Vehicle Population,2021,Petrol,Co. Offaly,Small PSVs,All years,Number,6
Vehicle Population,2021,Petrol,Co. Offaly,Large PSVs,All years,Number,0
Vehicle Population,2021,Petrol,Co. Offaly,Exempt vehicles,All years,Number,39
Vehicle Population,2021,Petrol,Co. Offaly,Other vehicles,All years,Number,421
Vehicle Population,2021,Petrol,Co. Westmeath,Private cars,All years,Number,11799
Vehicle Population,2021,Petrol,Co. Westmeath,Goods vehicles,All years,Number,20
Vehicle Population,2021,Petrol,Co. Westmeath,Motor cycles,All years,Number,724
Vehicle Population,2021,Petrol,Co. Westmeath,Tractors & Machinery,All years,Number,10
Vehicle Population,2021,Petrol,Co. Westmeath,Small PSVs,All years,Number,4
Vehicle Population,2021,Petrol,Co. Westmeath,Large PSVs,All years,Number,0
Vehicle Population,2021,Petrol,Co. Westmeath,Exempt vehicles,All years,Number,50
Vehicle Population,2021,Petrol,Co. Westmeath,Other vehicles,All years,Number,410
Vehicle Population,2021,Petrol,Co. Wexford,Private cars,All years,Number,24563
Vehicle Population,2021,Petrol,Co. Wexford,Goods vehicles,All years,Number,21
Vehicle Population,2021,Petrol,Co. Wexford,Motor cycles,All years,Number,1771
Vehicle Population,2021,Petrol,Co. Wexford,Tractors & Machinery,All years,Number,13
Vehicle Population,2021,Petrol,Co. Wexford,Small PSVs,All years,Number,5
Vehicle Population,2021,Petrol,Co. Wexford,Large PSVs,All years,Number,0
Vehicle Population,2021,Petrol,Co. Wexford,Exempt vehicles,All years,Number,137
Vehicle Population,2021,Petrol,Co. Wexford,Other vehicles,All years,Number,1070
Vehicle Population,2021,Petrol,Co. Wicklow,Private cars,All years,Number,29633
Vehicle Population,2021,Petrol,Co. Wicklow,Goods vehicles,All years,Number,39
Vehicle Population,2021,Petrol,Co. Wicklow,Motor cycles,All years,Number,1830
Vehicle Population,2021,Petrol,Co. Wicklow,Tractors & Machinery,All years,Number,8
Vehicle Population,2021,Petrol,Co. Wicklow,Small PSVs,All years,Number,12
Vehicle Population,2021,Petrol,Co. Wicklow,Large PSVs,All years,Number,0
Vehicle Population,2021,Petrol,Co. Wicklow,Exempt vehicles,All years,Number,161
Vehicle Population,2021,Petrol,Co. Wicklow,Other vehicles,All years,Number,1344
Vehicle Population,2021,Petrol,Co. Clare,Private cars,All years,Number,20387
Vehicle Population,2021,Petrol,Co. Clare,Goods vehicles,All years,Number,11
Vehicle Population,2021,Petrol,Co. Clare,Motor cycles,All years,Number,1125
Vehicle Population,2021,Petrol,Co. Clare,Tractors & Machinery,All years,Number,2
Vehicle Population,2021,Petrol,Co. Clare,Small PSVs,All years,Number,9
Vehicle Population,2021,Petrol,Co. Clare,Large PSVs,All years,Number,0
Vehicle Population,2021,Petrol,Co. Clare,Exempt vehicles,All years,Number,201
Vehicle Population,2021,Petrol,Co. Clare,Other vehicles,All years,Number,752
Vehicle Population,2021,Petrol,Co. Cork,Private cars,All years,Number,108537
Vehicle Population,2021,Petrol,Co. Cork,Goods vehicles,All years,Number,107
Vehicle Population,2021,Petrol,Co. Cork,Motor cycles,All years,Number,6043
Vehicle Population,2021,Petrol,Co. Cork,Tractors & Machinery,All years,Number,37
Vehicle Population,2021,Petrol,Co. Cork,Small PSVs,All years,Number,68
Vehicle Population,2021,Petrol,Co. Cork,Large PSVs,All years,Number,0
Vehicle Population,2021,Petrol,Co. Cork,Exempt vehicles,All years,Number,868
Vehicle Population,2021,Petrol,Co. Cork,Other vehicles,All years,Number,3821
Vehicle Population,2021,Petrol,Co. Kerry,Private cars,All years,Number,26737
Vehicle Population,2021,Petrol,Co. Kerry,Goods vehicles,All years,Number,27
Vehicle Population,2021,Petrol,Co. Kerry,Motor cycles,All years,Number,1255
Vehicle Population,2021,Petrol,Co. Kerry,Tractors & Machinery,All years,Number,13
Vehicle Population,2021,Petrol,Co. Kerry,Small PSVs,All years,Number,13
Vehicle Population,2021,Petrol,Co. Kerry,Large PSVs,All years,Number,0
Vehicle Population,2021,Petrol,Co. Kerry,Exempt vehicles,All years,Number,160
Vehicle Population,2021,Petrol,Co. Kerry,Other vehicles,All years,Number,1101
Vehicle Population,2021,Petrol,Co. Limerick,Private cars,All years,Number,34098
Vehicle Population,2021,Petrol,Co. Limerick,Goods vehicles,All years,Number,12
Vehicle Population,2021,Petrol,Co. Limerick,Motor cycles,All years,Number,1846
Vehicle Population,2021,Petrol,Co. Limerick,Tractors & Machinery,All years,Number,33
Vehicle Population,2021,Petrol,Co. Limerick,Small PSVs,All years,Number,44
Vehicle Population,2021,Petrol,Co. Limerick,Large PSVs,All years,Number,0
Vehicle Population,2021,Petrol,Co. Limerick,Exempt vehicles,All years,Number,294
Vehicle Population,2021,Petrol,Co. Limerick,Other vehicles,All years,Number,1141
Vehicle Population,2021,Petrol,Co. Tipperary,Private cars,All years,Number,25249
Vehicle Population,2021,Petrol,Co. Tipperary,Goods vehicles,All years,Number,24
Vehicle Population,2021,Petrol,Co. Tipperary,Motor cycles,All years,Number,1756
Vehicle Population,2021,Petrol,Co. Tipperary,Tractors & Machinery,All years,Number,12
Vehicle Population,2021,Petrol,Co. Tipperary,Small PSVs,All years,Number,4
Vehicle Population,2021,Petrol,Co. Tipperary,Large PSVs,All years,Number,0
Vehicle Population,2021,Petrol,Co. Tipperary,Exempt vehicles,All years,Number,160
Vehicle Population,2021,Petrol,Co. Tipperary,Other vehicles,All years,Number,1130
Vehicle Population,2021,Petrol,Co. Waterford,Private cars,All years,Number,24123
Vehicle Population,2021,Petrol,Co. Waterford,Goods vehicles,All years,Number,25
Vehicle Population,2021,Petrol,Co. Waterford,Motor cycles,All years,Number,1584
Vehicle Population,2021,Petrol,Co. Waterford,Tractors & Machinery,All years,Number,12
Vehicle Population,2021,Petrol,Co. Waterford,Small PSVs,All years,Number,17
Vehicle Population,2021,Petrol,Co. Waterford,Large PSVs,All years,Number,1
Vehicle Population,2021,Petrol,Co. Waterford,Exempt vehicles,All years,Number,108
Vehicle Population,2021,Petrol,Co. Waterford,Other vehicles,All years,Number,733
Vehicle Population,2021,Petrol,Co. Galway,Private cars,All years,Number,39074
Vehicle Population,2021,Petrol,Co. Galway,Goods vehicles,All years,Number,35
Vehicle Population,2021,Petrol,Co. Galway,Motor cycles,All years,Number,1798
Vehicle Population,2021,Petrol,Co. Galway,Tractors & Machinery,All years,Number,43
Vehicle Population,2021,Petrol,Co. Galway,Small PSVs,All years,Number,50
Vehicle Population,2021,Petrol,Co. Galway,Large PSVs,All years,Number,1
Vehicle Population,2021,Petrol,Co. Galway,Exempt vehicles,All years,Number,320
Vehicle Population,2021,Petrol,Co. Galway,Other vehicles,All years,Number,1239
Vehicle Population,2021,Petrol,Co. Leitrim,Private cars,All years,Number,4267
Vehicle Population,2021,Petrol,Co. Leitrim,Goods vehicles,All years,Number,4
Vehicle Population,2021,Petrol,Co. Leitrim,Motor cycles,All years,Number,200
Vehicle Population,2021,Petrol,Co. Leitrim,Tractors & Machinery,All years,Number,2
Vehicle Population,2021,Petrol,Co. Leitrim,Small PSVs,All years,Number,0
Vehicle Population,2021,Petrol,Co. Leitrim,Large PSVs,All years,Number,0
Vehicle Population,2021,Petrol,Co. Leitrim,Exempt vehicles,All years,Number,47
Vehicle Population,2021,Petrol,Co. Leitrim,Other vehicles,All years,Number,228
Vehicle Population,2021,Petrol,Co. Mayo,Private cars,All years,Number,18459
Vehicle Population,2021,Petrol,Co. Mayo,Goods vehicles,All years,Number,16
Vehicle Population,2021,Petrol,Co. Mayo,Motor cycles,All years,Number,804
Vehicle Population,2021,Petrol,Co. Mayo,Tractors & Machinery,All years,Number,11
Vehicle Population,2021,Petrol,Co. Mayo,Small PSVs,All years,Number,6
Vehicle Population,2021,Petrol,Co. Mayo,Large PSVs,All years,Number,0
Vehicle Population,2021,Petrol,Co. Mayo,Exempt vehicles,All years,Number,191
Vehicle Population,2021,Petrol,Co. Mayo,Other vehicles,All years,Number,602
Vehicle Population,2021,Petrol,Co. Roscommon,Private cars,All years,Number,9691
Vehicle Population,2021,Petrol,Co. Roscommon,Goods vehicles,All years,Number,9
Vehicle Population,2021,Petrol,Co. Roscommon,Motor cycles,All years,Number,379
Vehicle Population,2021,Petrol,Co. Roscommon,Tractors & Machinery,All years,Number,4
Vehicle Population,2021,Petrol,Co. Roscommon,Small PSVs,All years,Number,2
Vehicle Population,2021,Petrol,Co. Roscommon,Large PSVs,All years,Number,0
Vehicle Population,2021,Petrol,Co. Roscommon,Exempt vehicles,All years,Number,72
Vehicle Population,2021,Petrol,Co. Roscommon,Other vehicles,All years,Number,357
Vehicle Population,2021,Petrol,Co. Sligo,Private cars,All years,Number,10174
Vehicle Population,2021,Petrol,Co. Sligo,Goods vehicles,All years,Number,6
Vehicle Population,2021,Petrol,Co. Sligo,Motor cycles,All years,Number,469
Vehicle Population,2021,Petrol,Co. Sligo,Tractors & Machinery,All years,Number,21
Vehicle Population,2021,Petrol,Co. Sligo,Small PSVs,All years,Number,6
Vehicle Population,2021,Petrol,Co. Sligo,Large PSVs,All years,Number,0
Vehicle Population,2021,Petrol,Co. Sligo,Exempt vehicles,All years,Number,121
Vehicle Population,2021,Petrol,Co. Sligo,Other vehicles,All years,Number,378
Vehicle Population,2021,Petrol,Co. Cavan,Private cars,All years,Number,8860
Vehicle Population,2021,Petrol,Co. Cavan,Goods vehicles,All years,Number,8
Vehicle Population,2021,Petrol,Co. Cavan,Motor cycles,All years,Number,552
Vehicle Population,2021,Petrol,Co. Cavan,Tractors & Machinery,All years,Number,39
Vehicle Population,2021,Petrol,Co. Cavan,Small PSVs,All years,Number,2
Vehicle Population,2021,Petrol,Co. Cavan,Large PSVs,All years,Number,0
Vehicle Population,2021,Petrol,Co. Cavan,Exempt vehicles,All years,Number,50
Vehicle Population,2021,Petrol,Co. Cavan,Other vehicles,All years,Number,405
Vehicle Population,2021,Petrol,Co. Donegal,Private cars,All years,Number,19689
Vehicle Population,2021,Petrol,Co. Donegal,Goods vehicles,All years,Number,30
Vehicle Population,2021,Petrol,Co. Donegal,Motor cycles,All years,Number,873
Vehicle Population,2021,Petrol,Co. Donegal,Tractors & Machinery,All years,Number,9
Vehicle Population,2021,Petrol,Co. Donegal,Small PSVs,All years,Number,3
Vehicle Population,2021,Petrol,Co. Donegal,Large PSVs,All years,Number,1
Vehicle Population,2021,Petrol,Co. Donegal,Exempt vehicles,All years,Number,156
Vehicle Population,2021,Petrol,Co. Donegal,Other vehicles,All years,Number,1035
Vehicle Population,2021,Petrol,Co. Monaghan,Private cars,All years,Number,6638
Vehicle Population,2021,Petrol,Co. Monaghan,Goods vehicles,All years,Number,11
Vehicle Population,2021,Petrol,Co. Monaghan,Motor cycles,All years,Number,383
Vehicle Population,2021,Petrol,Co. Monaghan,Tractors & Machinery,All years,Number,3
Vehicle Population,2021,Petrol,Co. Monaghan,Small PSVs,All years,Number,0
Vehicle Population,2021,Petrol,Co. Monaghan,Large PSVs,All years,Number,0
Vehicle Population,2021,Petrol,Co. Monaghan,Exempt vehicles,All years,Number,42
Vehicle Population,2021,Petrol,Co. Monaghan,Other vehicles,All years,Number,318
Vehicle Population,2021,Diesel,Co. Carlow,Private cars,All years,Number,20335
Vehicle Population,2021,Diesel,Co. Carlow,Goods vehicles,All years,Number,6023
Vehicle Population,2021,Diesel,Co. Carlow,Motor cycles,All years,Number,1
Vehicle Population,2021,Diesel,Co. Carlow,Tractors & Machinery,All years,Number,1951
Vehicle Population,2021,Diesel,Co. Carlow,Small PSVs,All years,Number,109
Vehicle Population,2021,Diesel,Co. Carlow,Large PSVs,All years,Number,152
Vehicle Population,2021,Diesel,Co. Carlow,Exempt vehicles,All years,Number,231
Vehicle Population,2021,Diesel,Co. Carlow,Other vehicles,All years,Number,929
Vehicle Population,2021,Diesel,Co. Dublin,Private cars,All years,Number,243873
Vehicle Population,2021,Diesel,Co. Dublin,Goods vehicles,All years,Number,83507
Vehicle Population,2021,Diesel,Co. Dublin,Motor cycles,All years,Number,26
Vehicle Population,2021,Diesel,Co. Dublin,Tractors & Machinery,All years,Number,1804
Vehicle Population,2021,Diesel,Co. Dublin,Small PSVs,All years,Number,6994
Vehicle Population,2021,Diesel,Co. Dublin,Large PSVs,All years,Number,3044
Vehicle Population,2021,Diesel,Co. Dublin,Exempt vehicles,All years,Number,7933
Vehicle Population,2021,Diesel,Co. Dublin,Other vehicles,All years,Number,4299
Vehicle Population,2021,Diesel,Co. Kildare,Private cars,All years,Number,66052
Vehicle Population,2021,Diesel,Co. Kildare,Goods vehicles,All years,Number,17578
Vehicle Population,2021,Diesel,Co. Kildare,Motor cycles,All years,Number,6
Vehicle Population,2021,Diesel,Co. Kildare,Tractors & Machinery,All years,Number,2636
Vehicle Population,2021,Diesel,Co. Kildare,Small PSVs,All years,Number,541
Vehicle Population,2021,Diesel,Co. Kildare,Large PSVs,All years,Number,443
Vehicle Population,2021,Diesel,Co. Kildare,Exempt vehicles,All years,Number,695
Vehicle Population,2021,Diesel,Co. Kildare,Other vehicles,All years,Number,1734
Vehicle Population,2021,Diesel,Co. Kilkenny,Private cars,All years,Number,31174
Vehicle Population,2021,Diesel,Co. Kilkenny,Goods vehicles,All years,Number,8551
Vehicle Population,2021,Diesel,Co. Kilkenny,Motor cycles,All years,Number,3
Vehicle Population,2021,Diesel,Co. Kilkenny,Tractors & Machinery,All years,Number,3945
Vehicle Population,2021,Diesel,Co. Kilkenny,Small PSVs,All years,Number,174
Vehicle Population,2021,Diesel,Co. Kilkenny,Large PSVs,All years,Number,351
Vehicle Population,2021,Diesel,Co. Kilkenny,Exempt vehicles,All years,Number,445
Vehicle Population,2021,Diesel,Co. Kilkenny,Other vehicles,All years,Number,1268
Vehicle Population,2021,Diesel,Co. Laois,Private cars,All years,Number,26357
Vehicle Population,2021,Diesel,Co. Laois,Goods vehicles,All years,Number,6471
Vehicle Population,2021,Diesel,Co. Laois,Motor cycles,All years,Number,1
Vehicle Population,2021,Diesel,Co. Laois,Tractors & Machinery,All years,Number,3076
Vehicle Population,2021,Diesel,Co. Laois,Small PSVs,All years,Number,154
Vehicle Population,2021,Diesel,Co. Laois,Large PSVs,All years,Number,209
Vehicle Population,2021,Diesel,Co. Laois,Exempt vehicles,All years,Number,291
Vehicle Population,2021,Diesel,Co. Laois,Other vehicles,All years,Number,965
Vehicle Population,2021,Diesel,Co. Longford,Private cars,All years,Number,13195
Vehicle Population,2021,Diesel,Co. Longford,Goods vehicles,All years,Number,4312
Vehicle Population,2021,Diesel,Co. Longford,Motor cycles,All years,Number,1
Vehicle Population,2021,Diesel,Co. Longford,Tractors & Machinery,All years,Number,1370
Vehicle Population,2021,Diesel,Co. Longford,Small PSVs,All years,Number,71
Vehicle Population,2021,Diesel,Co. Longford,Large PSVs,All years,Number,121
Vehicle Population,2021,Diesel,Co. Longford,Exempt vehicles,All years,Number,217
Vehicle Population,2021,Diesel,Co. Longford,Other vehicles,All years,Number,818
Vehicle Population,2021,Diesel,Co. Louth,Private cars,All years,Number,33994
Vehicle Population,2021,Diesel,Co. Louth,Goods vehicles,All years,Number,8584
Vehicle Population,2021,Diesel,Co. Louth,Motor cycles,All years,Number,5
Vehicle Population,2021,Diesel,Co. Louth,Tractors & Machinery,All years,Number,1126
Vehicle Population,2021,Diesel,Co. Louth,Small PSVs,All years,Number,418
Vehicle Population,2021,Diesel,Co. Louth,Large PSVs,All years,Number,216
Vehicle Population,2021,Diesel,Co. Louth,Exempt vehicles,All years,Number,451
Vehicle Population,2021,Diesel,Co. Louth,Other vehicles,All years,Number,782
Vehicle Population,2021,Diesel,Co. Meath,Private cars,All years,Number,61627
Vehicle Population,2021,Diesel,Co. Meath,Goods vehicles,All years,Number,16340
Vehicle Population,2021,Diesel,Co. Meath,Motor cycles,All years,Number,3
Vehicle Population,2021,Diesel,Co. Meath,Tractors & Machinery,All years,Number,3302
Vehicle Population,2021,Diesel,Co. Meath,Small PSVs,All years,Number,706
Vehicle Population,2021,Diesel,Co. Meath,Large PSVs,All years,Number,360
Vehicle Population,2021,Diesel,Co. Meath,Exempt vehicles,All years,Number,565
Vehicle Population,2021,Diesel,Co. Meath,Other vehicles,All years,Number,1642
Vehicle Population,2021,Diesel,Co. Offaly,Private cars,All years,Number,25746
Vehicle Population,2021,Diesel,Co. Offaly,Goods vehicles,All years,Number,6878
Vehicle Population,2021,Diesel,Co. Offaly,Motor cycles,All years,Number,3
Vehicle Population,2021,Diesel,Co. Offaly,Tractors & Machinery,All years,Number,2655
Vehicle Population,2021,Diesel,Co. Offaly,Small PSVs,All years,Number,122
Vehicle Population,2021,Diesel,Co. Offaly,Large PSVs,All years,Number,226
Vehicle Population,2021,Diesel,Co. Offaly,Exempt vehicles,All years,Number,261
Vehicle Population,2021,Diesel,Co. Offaly,Other vehicles,All years,Number,1599
Vehicle Population,2021,Diesel,Co. Westmeath,Private cars,All years,Number,30300
Vehicle Population,2021,Diesel,Co. Westmeath,Goods vehicles,All years,Number,8556
Vehicle Population,2021,Diesel,Co. Westmeath,Motor cycles,All years,Number,2
Vehicle Population,2021,Diesel,Co. Westmeath,Tractors & Machinery,All years,Number,2249
Vehicle Population,2021,Diesel,Co. Westmeath,Small PSVs,All years,Number,214
Vehicle Population,2021,Diesel,Co. Westmeath,Large PSVs,All years,Number,119
Vehicle Population,2021,Diesel,Co. Westmeath,Exempt vehicles,All years,Number,278
Vehicle Population,2021,Diesel,Co. Westmeath,Other vehicles,All years,Number,1231
Vehicle Population,2021,Diesel,Co. Wexford,Private cars,All years,Number,53218
Vehicle Population,2021,Diesel,Co. Wexford,Goods vehicles,All years,Number,14723
Vehicle Population,2021,Diesel,Co. Wexford,Motor cycles,All years,Number,2
Vehicle Population,2021,Diesel,Co. Wexford,Tractors & Machinery,All years,Number,4783
Vehicle Population,2021,Diesel,Co. Wexford,Small PSVs,All years,Number,184
Vehicle Population,2021,Diesel,Co. Wexford,Large PSVs,All years,Number,314
Vehicle Population,2021,Diesel,Co. Wexford,Exempt vehicles,All years,Number,552
Vehicle Population,2021,Diesel,Co. Wexford,Other vehicles,All years,Number,2721
Vehicle Population,2021,Diesel,Co. Wicklow,Private cars,All years,Number,39473
Vehicle Population,2021,Diesel,Co. Wicklow,Goods vehicles,All years,Number,10123
Vehicle Population,2021,Diesel,Co. Wicklow,Motor cycles,All years,Number,2
Vehicle Population,2021,Diesel,Co. Wicklow,Tractors & Machinery,All years,Number,1862
Vehicle Population,2021,Diesel,Co. Wicklow,Small PSVs,All years,Number,246
Vehicle Population,2021,Diesel,Co. Wicklow,Large PSVs,All years,Number,240
Vehicle Population,2021,Diesel,Co. Wicklow,Exempt vehicles,All years,Number,442
Vehicle Population,2021,Diesel,Co. Wicklow,Other vehicles,All years,Number,1493
Vehicle Population,2021,Diesel,Co. Clare,Private cars,All years,Number,38394
Vehicle Population,2021,Diesel,Co. Clare,Goods vehicles,All years,Number,9496
Vehicle Population,2021,Diesel,Co. Clare,Motor cycles,All years,Number,2
Vehicle Population,2021,Diesel,Co. Clare,Tractors & Machinery,All years,Number,3175
Vehicle Population,2021,Diesel,Co. Clare,Small PSVs,All years,Number,288
Vehicle Population,2021,Diesel,Co. Clare,Large PSVs,All years,Number,260
Vehicle Population,2021,Diesel,Co. Clare,Exempt vehicles,All years,Number,527
Vehicle Population,2021,Diesel,Co. Clare,Other vehicles,All years,Number,2048
Vehicle Population,2021,Diesel,Co. Cork,Private cars,All years,Number,153187
Vehicle Population,2021,Diesel,Co. Cork,Goods vehicles,All years,Number,43320
Vehicle Population,2021,Diesel,Co. Cork,Motor cycles,All years,Number,19
Vehicle Population,2021,Diesel,Co. Cork,Tractors & Machinery,All years,Number,11866
Vehicle Population,2021,Diesel,Co. Cork,Small PSVs,All years,Number,1336
Vehicle Population,2021,Diesel,Co. Cork,Large PSVs,All years,Number,815
Vehicle Population,2021,Diesel,Co. Cork,Exempt vehicles,All years,Number,2318
Vehicle Population,2021,Diesel,Co. Cork,Other vehicles,All years,Number,6431
Vehicle Population,2021,Diesel,Co. Kerry,Private cars,All years,Number,47091
Vehicle Population,2021,Diesel,Co. Kerry,Goods vehicles,All years,Number,12453
Vehicle Population,2021,Diesel,Co. Kerry,Motor cycles,All years,Number,2
Vehicle Population,2021,Diesel,Co. Kerry,Tractors & Machinery,All years,Number,4446
Vehicle Population,2021,Diesel,Co. Kerry,Small PSVs,All years,Number,400
Vehicle Population,2021,Diesel,Co. Kerry,Large PSVs,All years,Number,408
Vehicle Population,2021,Diesel,Co. Kerry,Exempt vehicles,All years,Number,602
Vehicle Population,2021,Diesel,Co. Kerry,Other vehicles,All years,Number,3048
Vehicle Population,2021,Diesel,Co. Limerick,Private cars,All years,Number,56226
Vehicle Population,2021,Diesel,Co. Limerick,Goods vehicles,All years,Number,14214
Vehicle Population,2021,Diesel,Co. Limerick,Motor cycles,All years,Number,3
Vehicle Population,2021,Diesel,Co. Limerick,Tractors & Machinery,All years,Number,3912
Vehicle Population,2021,Diesel,Co. Limerick,Small PSVs,All years,Number,444
Vehicle Population,2021,Diesel,Co. Limerick,Large PSVs,All years,Number,309
Vehicle Population,2021,Diesel,Co. Limerick,Exempt vehicles,All years,Number,790
Vehicle Population,2021,Diesel,Co. Limerick,Other vehicles,All years,Number,2385
Vehicle Population,2021,Diesel,Co. Tipperary,Private cars,All years,Number,57005
Vehicle Population,2021,Diesel,Co. Tipperary,Goods vehicles,All years,Number,14883
Vehicle Population,2021,Diesel,Co. Tipperary,Motor cycles,All years,Number,4
Vehicle Population,2021,Diesel,Co. Tipperary,Tractors & Machinery,All years,Number,5911
Vehicle Population,2021,Diesel,Co. Tipperary,Small PSVs,All years,Number,215
Vehicle Population,2021,Diesel,Co. Tipperary,Large PSVs,All years,Number,399
Vehicle Population,2021,Diesel,Co. Tipperary,Exempt vehicles,All years,Number,680
Vehicle Population,2021,Diesel,Co. Tipperary,Other vehicles,All years,Number,2373
Vehicle Population,2021,Diesel,Co. Waterford,Private cars,All years,Number,34029
Vehicle Population,2021,Diesel,Co. Waterford,Goods vehicles,All years,Number,8329
Vehicle Population,2021,Diesel,Co. Waterford,Motor cycles,All years,Number,1
Vehicle Population,2021,Diesel,Co. Waterford,Tractors & Machinery,All years,Number,2414
Vehicle Population,2021,Diesel,Co. Waterford,Small PSVs,All years,Number,224
Vehicle Population,2021,Diesel,Co. Waterford,Large PSVs,All years,Number,185
Vehicle Population,2021,Diesel,Co. Waterford,Exempt vehicles,All years,Number,433
Vehicle Population,2021,Diesel,Co. Waterford,Other vehicles,All years,Number,1365
Vehicle Population,2021,Diesel,Co. Galway,Private cars,All years,Number,77420
Vehicle Population,2021,Diesel,Co. Galway,Goods vehicles,All years,Number,20886
Vehicle Population,2021,Diesel,Co. Galway,Motor cycles,All years,Number,3
Vehicle Population,2021,Diesel,Co. Galway,Tractors & Machinery,All years,Number,5443
Vehicle Population,2021,Diesel,Co. Galway,Small PSVs,All years,Number,713
Vehicle Population,2021,Diesel,Co. Galway,Large PSVs,All years,Number,651
Vehicle Population,2021,Diesel,Co. Galway,Exempt vehicles,All years,Number,1553
Vehicle Population,2021,Diesel,Co. Galway,Other vehicles,All years,Number,4328
Vehicle Population,2021,Diesel,Co. Leitrim,Private cars,All years,Number,11204
Vehicle Population,2021,Diesel,Co. Leitrim,Goods vehicles,All years,Number,3752
Vehicle Population,2021,Diesel,Co. Leitrim,Motor cycles,All years,Number,1
Vehicle Population,2021,Diesel,Co. Leitrim,Tractors & Machinery,All years,Number,981
Vehicle Population,2021,Diesel,Co. Leitrim,Small PSVs,All years,Number,48
Vehicle Population,2021,Diesel,Co. Leitrim,Large PSVs,All years,Number,115
Vehicle Population,2021,Diesel,Co. Leitrim,Exempt vehicles,All years,Number,187
Vehicle Population,2021,Diesel,Co. Leitrim,Other vehicles,All years,Number,751
Vehicle Population,2021,Diesel,Co. Mayo,Private cars,All years,Number,44324
Vehicle Population,2021,Diesel,Co. Mayo,Goods vehicles,All years,Number,13757
Vehicle Population,2021,Diesel,Co. Mayo,Motor cycles,All years,Number,1
Vehicle Population,2021,Diesel,Co. Mayo,Tractors & Machinery,All years,Number,4944
Vehicle Population,2021,Diesel,Co. Mayo,Small PSVs,All years,Number,197
Vehicle Population,2021,Diesel,Co. Mayo,Large PSVs,All years,Number,346
Vehicle Population,2021,Diesel,Co. Mayo,Exempt vehicles,All years,Number,834
Vehicle Population,2021,Diesel,Co. Mayo,Other vehicles,All years,Number,2155
Vehicle Population,2021,Diesel,Co. Roscommon,Private cars,All years,Number,22600
Vehicle Population,2021,Diesel,Co. Roscommon,Goods vehicles,All years,Number,6532
Vehicle Population,2021,Diesel,Co. Roscommon,Motor cycles,All years,Number,2
Vehicle Population,2021,Diesel,Co. Roscommon,Tractors & Machinery,All years,Number,2491
Vehicle Population,2021,Diesel,Co. Roscommon,Small PSVs,All years,Number,103
Vehicle Population,2021,Diesel,Co. Roscommon,Large PSVs,All years,Number,122
Vehicle Population,2021,Diesel,Co. Roscommon,Exempt vehicles,All years,Number,349
Vehicle Population,2021,Diesel,Co. Roscommon,Other vehicles,All years,Number,1552
Vehicle Population,2021,Diesel,Co. Sligo,Private cars,All years,Number,19588
Vehicle Population,2021,Diesel,Co. Sligo,Goods vehicles,All years,Number,6521
Vehicle Population,2021,Diesel,Co. Sligo,Motor cycles,All years,Number,1
Vehicle Population,2021,Diesel,Co. Sligo,Tractors & Machinery,All years,Number,1665
Vehicle Population,2021,Diesel,Co. Sligo,Small PSVs,All years,Number,123
Vehicle Population,2021,Diesel,Co. Sligo,Large PSVs,All years,Number,116
Vehicle Population,2021,Diesel,Co. Sligo,Exempt vehicles,All years,Number,337
Vehicle Population,2021,Diesel,Co. Sligo,Other vehicles,All years,Number,1297
Vehicle Population,2021,Diesel,Co. Cavan,Private cars,All years,Number,25049
Vehicle Population,2021,Diesel,Co. Cavan,Goods vehicles,All years,Number,8882
Vehicle Population,2021,Diesel,Co. Cavan,Motor cycles,All years,Number,2
Vehicle Population,2021,Diesel,Co. Cavan,Tractors & Machinery,All years,Number,2839
Vehicle Population,2021,Diesel,Co. Cavan,Small PSVs,All years,Number,122
Vehicle Population,2021,Diesel,Co. Cavan,Large PSVs,All years,Number,179
Vehicle Population,2021,Diesel,Co. Cavan,Exempt vehicles,All years,Number,284
Vehicle Population,2021,Diesel,Co. Cavan,Other vehicles,All years,Number,1127
Vehicle Population,2021,Diesel,Co. Donegal,Private cars,All years,Number,48065
Vehicle Population,2021,Diesel,Co. Donegal,Goods vehicles,All years,Number,16374
Vehicle Population,2021,Diesel,Co. Donegal,Motor cycles,All years,Number,2
Vehicle Population,2021,Diesel,Co. Donegal,Tractors & Machinery,All years,Number,3402
Vehicle Population,2021,Diesel,Co. Donegal,Small PSVs,All years,Number,284
Vehicle Population,2021,Diesel,Co. Donegal,Large PSVs,All years,Number,588
Vehicle Population,2021,Diesel,Co. Donegal,Exempt vehicles,All years,Number,674
Vehicle Population,2021,Diesel,Co. Donegal,Other vehicles,All years,Number,3269
Vehicle Population,2021,Diesel,Co. Monaghan,Private cars,All years,Number,20597
Vehicle Population,2021,Diesel,Co. Monaghan,Goods vehicles,All years,Number,8643
Vehicle Population,2021,Diesel,Co. Monaghan,Motor cycles,All years,Number,0
Vehicle Population,2021,Diesel,Co. Monaghan,Tractors & Machinery,All years,Number,1802
Vehicle Population,2021,Diesel,Co. Monaghan,Small PSVs,All years,Number,65
Vehicle Population,2021,Diesel,Co. Monaghan,Large PSVs,All years,Number,249
Vehicle Population,2021,Diesel,Co. Monaghan,Exempt vehicles,All years,Number,218
Vehicle Population,2021,Diesel,Co. Monaghan,Other vehicles,All years,Number,850
Vehicle Population,2021,Other fuel types,Co. Carlow,Private cars,All years,Number,1001
Vehicle Population,2021,Other fuel types,Co. Carlow,Goods vehicles,All years,Number,11
Vehicle Population,2021,Other fuel types,Co. Carlow,Motor cycles,All years,Number,0
Vehicle Population,2021,Other fuel types,Co. Carlow,Tractors & Machinery,All years,Number,0
Vehicle Population,2021,Other fuel types,Co. Carlow,Small PSVs,All years,Number,8
Vehicle Population,2021,Other fuel types,Co. Carlow,Large PSVs,All years,Number,0
Vehicle Population,2021,Other fuel types,Co. Carlow,Exempt vehicles,All years,Number,16
Vehicle Population,2021,Other fuel types,Co. Carlow,Other vehicles,All years,Number,6
Vehicle Population,2021,Other fuel types,Co. Dublin,Private cars,All years,Number,49334
Vehicle Population,2021,Other fuel types,Co. Dublin,Goods vehicles,All years,Number,1320
Vehicle Population,2021,Other fuel types,Co. Dublin,Motor cycles,All years,Number,73
Vehicle Population,2021,Other fuel types,Co. Dublin,Tractors & Machinery,All years,Number,6
Vehicle Population,2021,Other fuel types,Co. Dublin,Small PSVs,All years,Number,2088
Vehicle Population,2021,Other fuel types,Co. Dublin,Large PSVs,All years,Number,79
Vehicle Population,2021,Other fuel types,Co. Dublin,Exempt vehicles,All years,Number,560
Vehicle Population,2021,Other fuel types,Co. Dublin,Other vehicles,All years,Number,18
Vehicle Population,2021,Other fuel types,Co. Kildare,Private cars,All years,Number,6410
Vehicle Population,2021,Other fuel types,Co. Kildare,Goods vehicles,All years,Number,48
Vehicle Population,2021,Other fuel types,Co. Kildare,Motor cycles,All years,Number,8
Vehicle Population,2021,Other fuel types,Co. Kildare,Tractors & Machinery,All years,Number,4
Vehicle Population,2021,Other fuel types,Co. Kildare,Small PSVs,All years,Number,101
Vehicle Population,2021,Other fuel types,Co. Kildare,Large PSVs,All years,Number,0
Vehicle Population,2021,Other fuel types,Co. Kildare,Exempt vehicles,All years,Number,38
Vehicle Population,2021,Other fuel types,Co. Kildare,Other vehicles,All years,Number,5
Vehicle Population,2021,Other fuel types,Co. Kilkenny,Private cars,All years,Number,1664
Vehicle Population,2021,Other fuel types,Co. Kilkenny,Goods vehicles,All years,Number,5
Vehicle Population,2021,Other fuel types,Co. Kilkenny,Motor cycles,All years,Number,0
Vehicle Population,2021,Other fuel types,Co. Kilkenny,Tractors & Machinery,All years,Number,3
Vehicle Population,2021,Other fuel types,Co. Kilkenny,Small PSVs,All years,Number,5
Vehicle Population,2021,Other fuel types,Co. Kilkenny,Large PSVs,All years,Number,0
Vehicle Population,2021,Other fuel types,Co. Kilkenny,Exempt vehicles,All years,Number,25
Vehicle Population,2021,Other fuel types,Co. Kilkenny,Other vehicles,All years,Number,6
Vehicle Population,2021,Other fuel types,Co. Laois,Private cars,All years,Number,1282
Vehicle Population,2021,Other fuel types,Co. Laois,Goods vehicles,All years,Number,6
Vehicle Population,2021,Other fuel types,Co. Laois,Motor cycles,All years,Number,0
Vehicle Population,2021,Other fuel types,Co. Laois,Tractors & Machinery,All years,Number,0
Vehicle Population,2021,Other fuel types,Co. Laois,Small PSVs,All years,Number,28
Vehicle Population,2021,Other fuel types,Co. Laois,Large PSVs,All years,Number,0
Vehicle Population,2021,Other fuel types,Co. Laois,Exempt vehicles,All years,Number,14
Vehicle Population,2021,Other fuel types,Co. Laois,Other vehicles,All years,Number,7
Vehicle Population,2021,Other fuel types,Co. Longford,Private cars,All years,Number,651
Vehicle Population,2021,Other fuel types,Co. Longford,Goods vehicles,All years,Number,2
Vehicle Population,2021,Other fuel types,Co. Longford,Motor cycles,All years,Number,1
Vehicle Population,2021,Other fuel types,Co. Longford,Tractors & Machinery,All years,Number,0
Vehicle Population,2021,Other fuel types,Co. Longford,Small PSVs,All years,Number,1
Vehicle Population,2021,Other fuel types,Co. Longford,Large PSVs,All years,Number,0
Vehicle Population,2021,Other fuel types,Co. Longford,Exempt vehicles,All years,Number,4
Vehicle Population,2021,Other fuel types,Co. Longford,Other vehicles,All years,Number,0
Vehicle Population,2021,Other fuel types,Co. Louth,Private cars,All years,Number,2581
Vehicle Population,2021,Other fuel types,Co. Louth,Goods vehicles,All years,Number,12
Vehicle Population,2021,Other fuel types,Co. Louth,Motor cycles,All years,Number,2
Vehicle Population,2021,Other fuel types,Co. Louth,Tractors & Machinery,All years,Number,0
Vehicle Population,2021,Other fuel types,Co. Louth,Small PSVs,All years,Number,79
Vehicle Population,2021,Other fuel types,Co. Louth,Large PSVs,All years,Number,0
Vehicle Population,2021,Other fuel types,Co. Louth,Exempt vehicles,All years,Number,55
Vehicle Population,2021,Other fuel types,Co. Louth,Other vehicles,All years,Number,0
Vehicle Population,2021,Other fuel types,Co. Meath,Private cars,All years,Number,5187
Vehicle Population,2021,Other fuel types,Co. Meath,Goods vehicles,All years,Number,22
Vehicle Population,2021,Other fuel types,Co. Meath,Motor cycles,All years,Number,6
Vehicle Population,2021,Other fuel types,Co. Meath,Tractors & Machinery,All years,Number,0
Vehicle Population,2021,Other fuel types,Co. Meath,Small PSVs,All years,Number,103
Vehicle Population,2021,Other fuel types,Co. Meath,Large PSVs,All years,Number,0
Vehicle Population,2021,Other fuel types,Co. Meath,Exempt vehicles,All years,Number,62
Vehicle Population,2021,Other fuel types,Co. Meath,Other vehicles,All years,Number,5
Vehicle Population,2021,Other fuel types,Co. Offaly,Private cars,All years,Number,1286
Vehicle Population,2021,Other fuel types,Co. Offaly,Goods vehicles,All years,Number,5
Vehicle Population,2021,Other fuel types,Co. Offaly,Motor cycles,All years,Number,1
Vehicle Population,2021,Other fuel types,Co. Offaly,Tractors & Machinery,All years,Number,0
Vehicle Population,2021,Other fuel types,Co. Offaly,Small PSVs,All years,Number,9
Vehicle Population,2021,Other fuel types,Co. Offaly,Large PSVs,All years,Number,0
Vehicle Population,2021,Other fuel types,Co. Offaly,Exempt vehicles,All years,Number,18
Vehicle Population,2021,Other fuel types,Co. Offaly,Other vehicles,All years,Number,3
Vehicle Population,2021,Other fuel types,Co. Westmeath,Private cars,All years,Number,1863
Vehicle Population,2021,Other fuel types,Co. Westmeath,Goods vehicles,All years,Number,23
Vehicle Population,2021,Other fuel types,Co. Westmeath,Motor cycles,All years,Number,2
Vehicle Population,2021,Other fuel types,Co. Westmeath,Tractors & Machinery,All years,Number,0
Vehicle Population,2021,Other fuel types,Co. Westmeath,Small PSVs,All years,Number,21
Vehicle Population,2021,Other fuel types,Co. Westmeath,Large PSVs,All years,Number,0
Vehicle Population,2021,Other fuel types,Co. Westmeath,Exempt vehicles,All years,Number,25
Vehicle Population,2021,Other fuel types,Co. Westmeath,Other vehicles,All years,Number,1
Vehicle Population,2021,Other fuel types,Co. Wexford,Private cars,All years,Number,2740
Vehicle Population,2021,Other fuel types,Co. Wexford,Goods vehicles,All years,Number,16
Vehicle Population,2021,Other fuel types,Co. Wexford,Motor cycles,All years,Number,7
Vehicle Population,2021,Other fuel types,Co. Wexford,Tractors & Machinery,All years,Number,3
Vehicle Population,2021,Other fuel types,Co. Wexford,Small PSVs,All years,Number,12
Vehicle Population,2021,Other fuel types,Co. Wexford,Large PSVs,All years,Number,0
Vehicle Population,2021,Other fuel types,Co. Wexford,Exempt vehicles,All years,Number,45
Vehicle Population,2021,Other fuel types,Co. Wexford,Other vehicles,All years,Number,13
Vehicle Population,2021,Other fuel types,Co. Wicklow,Private cars,All years,Number,4268
Vehicle Population,2021,Other fuel types,Co. Wicklow,Goods vehicles,All years,Number,28
Vehicle Population,2021,Other fuel types,Co. Wicklow,Motor cycles,All years,Number,8
Vehicle Population,2021,Other fuel types,Co. Wicklow,Tractors & Machinery,All years,Number,0
Vehicle Population,2021,Other fuel types,Co. Wicklow,Small PSVs,All years,Number,30
Vehicle Population,2021,Other fuel types,Co. Wicklow,Large PSVs,All years,Number,0
Vehicle Population,2021,Other fuel types,Co. Wicklow,Exempt vehicles,All years,Number,49
Vehicle Population,2021,Other fuel types,Co. Wicklow,Other vehicles,All years,Number,4
Vehicle Population,2021,Other fuel types,Co. Clare,Private cars,All years,Number,2222
Vehicle Population,2021,Other fuel types,Co. Clare,Goods vehicles,All years,Number,9
Vehicle Population,2021,Other fuel types,Co. Clare,Motor cycles,All years,Number,1
Vehicle Population,2021,Other fuel types,Co. Clare,Tractors & Machinery,All years,Number,2
Vehicle Population,2021,Other fuel types,Co. Clare,Small PSVs,All years,Number,15
Vehicle Population,2021,Other fuel types,Co. Clare,Large PSVs,All years,Number,0
Vehicle Population,2021,Other fuel types,Co. Clare,Exempt vehicles,All years,Number,62
Vehicle Population,2021,Other fuel types,Co. Clare,Other vehicles,All years,Number,1
Vehicle Population,2021,Other fuel types,Co. Cork,Private cars,All years,Number,12880
Vehicle Population,2021,Other fuel types,Co. Cork,Goods vehicles,All years,Number,105
Vehicle Population,2021,Other fuel types,Co. Cork,Motor cycles,All years,Number,13
Vehicle Population,2021,Other fuel types,Co. Cork,Tractors & Machinery,All years,Number,2
Vehicle Population,2021,Other fuel types,Co. Cork,Small PSVs,All years,Number,106
Vehicle Population,2021,Other fuel types,Co. Cork,Large PSVs,All years,Number,0
Vehicle Population,2021,Other fuel types,Co. Cork,Exempt vehicles,All years,Number,331
Vehicle Population,2021,Other fuel types,Co. Cork,Other vehicles,All years,Number,9
Vehicle Population,2021,Other fuel types,Co. Kerry,Private cars,All years,Number,2436
Vehicle Population,2021,Other fuel types,Co. Kerry,Goods vehicles,All years,Number,10
Vehicle Population,2021,Other fuel types,Co. Kerry,Motor cycles,All years,Number,2
Vehicle Population,2021,Other fuel types,Co. Kerry,Tractors & Machinery,All years,Number,5
Vehicle Population,2021,Other fuel types,Co. Kerry,Small PSVs,All years,Number,5
Vehicle Population,2021,Other fuel types,Co. Kerry,Large PSVs,All years,Number,0
Vehicle Population,2021,Other fuel types,Co. Kerry,Exempt vehicles,All years,Number,54
Vehicle Population,2021,Other fuel types,Co. Kerry,Other vehicles,All years,Number,17
Vehicle Population,2021,Other fuel types,Co. Limerick,Private cars,All years,Number,3444
Vehicle Population,2021,Other fuel types,Co. Limerick,Goods vehicles,All years,Number,17
Vehicle Population,2021,Other fuel types,Co. Limerick,Motor cycles,All years,Number,2
Vehicle Population,2021,Other fuel types,Co. Limerick,Tractors & Machinery,All years,Number,2
Vehicle Population,2021,Other fuel types,Co. Limerick,Small PSVs,All years,Number,84
Vehicle Population,2021,Other fuel types,Co. Limerick,Large PSVs,All years,Number,0
Vehicle Population,2021,Other fuel types,Co. Limerick,Exempt vehicles,All years,Number,135
Vehicle Population,2021,Other fuel types,Co. Limerick,Other vehicles,All years,Number,6
Vehicle Population,2021,Other fuel types,Co. Tipperary,Private cars,All years,Number,2636
Vehicle Population,2021,Other fuel types,Co. Tipperary,Goods vehicles,All years,Number,18
Vehicle Population,2021,Other fuel types,Co. Tipperary,Motor cycles,All years,Number,2
Vehicle Population,2021,Other fuel types,Co. Tipperary,Tractors & Machinery,All years,Number,0
Vehicle Population,2021,Other fuel types,Co. Tipperary,Small PSVs,All years,Number,4
Vehicle Population,2021,Other fuel types,Co. Tipperary,Large PSVs,All years,Number,0
Vehicle Population,2021,Other fuel types,Co. Tipperary,Exempt vehicles,All years,Number,61
Vehicle Population,2021,Other fuel types,Co. Tipperary,Other vehicles,All years,Number,6
Vehicle Population,2021,Other fuel types,Co. Waterford,Private cars,All years,Number,2134
Vehicle Population,2021,Other fuel types,Co. Waterford,Goods vehicles,All years,Number,10
Vehicle Population,2021,Other fuel types,Co. Waterford,Motor cycles,All years,Number,4
Vehicle Population,2021,Other fuel types,Co. Waterford,Tractors & Machinery,All years,Number,2
Vehicle Population,2021,Other fuel types,Co. Waterford,Small PSVs,All years,Number,8
Vehicle Population,2021,Other fuel types,Co. Waterford,Large PSVs,All years,Number,0
Vehicle Population,2021,Other fuel types,Co. Waterford,Exempt vehicles,All years,Number,37
Vehicle Population,2021,Other fuel types,Co. Waterford,Other vehicles,All years,Number,3
Vehicle Population,2021,Other fuel types,Co. Galway,Private cars,All years,Number,5782
Vehicle Population,2021,Other fuel types,Co. Galway,Goods vehicles,All years,Number,21
Vehicle Population,2021,Other fuel types,Co. Galway,Motor cycles,All years,Number,3
Vehicle Population,2021,Other fuel types,Co. Galway,Tractors & Machinery,All years,Number,0
Vehicle Population,2021,Other fuel types,Co. Galway,Small PSVs,All years,Number,44
Vehicle Population,2021,Other fuel types,Co. Galway,Large PSVs,All years,Number,21
Vehicle Population,2021,Other fuel types,Co. Galway,Exempt vehicles,All years,Number,149
Vehicle Population,2021,Other fuel types,Co. Galway,Other vehicles,All years,Number,12
Vehicle Population,2021,Other fuel types,Co. Leitrim,Private cars,All years,Number,383
Vehicle Population,2021,Other fuel types,Co. Leitrim,Goods vehicles,All years,Number,1
Vehicle Population,2021,Other fuel types,Co. Leitrim,Motor cycles,All years,Number,1
Vehicle Population,2021,Other fuel types,Co. Leitrim,Tractors & Machinery,All years,Number,0
Vehicle Population,2021,Other fuel types,Co. Leitrim,Small PSVs,All years,Number,2
Vehicle Population,2021,Other fuel types,Co. Leitrim,Large PSVs,All years,Number,0
Vehicle Population,2021,Other fuel types,Co. Leitrim,Exempt vehicles,All years,Number,15
Vehicle Population,2021,Other fuel types,Co. Leitrim,Other vehicles,All years,Number,1
Vehicle Population,2021,Other fuel types,Co. Mayo,Private cars,All years,Number,1798
Vehicle Population,2021,Other fuel types,Co. Mayo,Goods vehicles,All years,Number,28
Vehicle Population,2021,Other fuel types,Co. Mayo,Motor cycles,All years,Number,0
Vehicle Population,2021,Other fuel types,Co. Mayo,Tractors & Machinery,All years,Number,0
Vehicle Population,2021,Other fuel types,Co. Mayo,Small PSVs,All years,Number,2
Vehicle Population,2021,Other fuel types,Co. Mayo,Large PSVs,All years,Number,0
Vehicle Population,2021,Other fuel types,Co. Mayo,Exempt vehicles,All years,Number,76
Vehicle Population,2021,Other fuel types,Co. Mayo,Other vehicles,All years,Number,10
Vehicle Population,2021,Other fuel types,Co. Roscommon,Private cars,All years,Number,1015
Vehicle Population,2021,Other fuel types,Co. Roscommon,Goods vehicles,All years,Number,3
Vehicle Population,2021,Other fuel types,Co. Roscommon,Motor cycles,All years,Number,0
Vehicle Population,2021,Other fuel types,Co. Roscommon,Tractors & Machinery,All years,Number,0
Vehicle Population,2021,Other fuel types,Co. Roscommon,Small PSVs,All years,Number,1
Vehicle Population,2021,Other fuel types,Co. Roscommon,Large PSVs,All years,Number,0
Vehicle Population,2021,Other fuel types,Co. Roscommon,Exempt vehicles,All years,Number,39
Vehicle Population,2021,Other fuel types,Co. Roscommon,Other vehicles,All years,Number,1
Vehicle Population,2021,Other fuel types,Co. Sligo,Private cars,All years,Number,1089
Vehicle Population,2021,Other fuel types,Co. Sligo,Goods vehicles,All years,Number,3
Vehicle Population,2021,Other fuel types,Co. Sligo,Motor cycles,All years,Number,1
Vehicle Population,2021,Other fuel types,Co. Sligo,Tractors & Machinery,All years,Number,0
Vehicle Population,2021,Other fuel types,Co. Sligo,Small PSVs,All years,Number,7
Vehicle Population,2021,Other fuel types,Co. Sligo,Large PSVs,All years,Number,0
Vehicle Population,2021,Other fuel types,Co. Sligo,Exempt vehicles,All years,Number,34
Vehicle Population,2021,Other fuel types,Co. Sligo,Other vehicles,All years,Number,5
Vehicle Population,2021,Other fuel types,Co. Cavan,Private cars,All years,Number,1160
Vehicle Population,2021,Other fuel types,Co. Cavan,Goods vehicles,All years,Number,29
Vehicle Population,2021,Other fuel types,Co. Cavan,Motor cycles,All years,Number,2
Vehicle Population,2021,Other fuel types,Co. Cavan,Tractors & Machinery,All years,Number,1
Vehicle Population,2021,Other fuel types,Co. Cavan,Small PSVs,All years,Number,5
Vehicle Population,2021,Other fuel types,Co. Cavan,Large PSVs,All years,Number,0
Vehicle Population,2021,Other fuel types,Co. Cavan,Exempt vehicles,All years,Number,25
Vehicle Population,2021,Other fuel types,Co. Cavan,Other vehicles,All years,Number,1
Vehicle Population,2021,Other fuel types,Co. Donegal,Private cars,All years,Number,2263
Vehicle Population,2021,Other fuel types,Co. Donegal,Goods vehicles,All years,Number,11
Vehicle Population,2021,Other fuel types,Co. Donegal,Motor cycles,All years,Number,2
Vehicle Population,2021,Other fuel types,Co. Donegal,Tractors & Machinery,All years,Number,1
Vehicle Population,2021,Other fuel types,Co. Donegal,Small PSVs,All years,Number,6
Vehicle Population,2021,Other fuel types,Co. Donegal,Large PSVs,All years,Number,0
Vehicle Population,2021,Other fuel types,Co. Donegal,Exempt vehicles,All years,Number,69
Vehicle Population,2021,Other fuel types,Co. Donegal,Other vehicles,All years,Number,8
Vehicle Population,2021,Other fuel types,Co. Monaghan,Private cars,All years,Number,687
Vehicle Population,2021,Other fuel types,Co. Monaghan,Goods vehicles,All years,Number,5
Vehicle Population,2021,Other fuel types,Co. Monaghan,Motor cycles,All years,Number,1
Vehicle Population,2021,Other fuel types,Co. Monaghan,Tractors & Machinery,All years,Number,0
Vehicle Population,2021,Other fuel types,Co. Monaghan,Small PSVs,All years,Number,1
Vehicle Population,2021,Other fuel types,Co. Monaghan,Large PSVs,All years,Number,0
Vehicle Population,2021,Other fuel types,Co. Monaghan,Exempt vehicles,All years,Number,12
Vehicle Population,2021,Other fuel types,Co. Monaghan,Other vehicles,All years,Number,1
Vehicle Population,2022,Petrol,Co. Carlow,Private cars,All years,Number,8670
Vehicle Population,2022,Petrol,Co. Carlow,Goods vehicles,All years,Number,7
Vehicle Population,2022,Petrol,Co. Carlow,Motor cycles,All years,Number,690
Vehicle Population,2022,Petrol,Co. Carlow,Tractors & Machinery,All years,Number,9
Vehicle Population,2022,Petrol,Co. Carlow,Small PSVs,All years,Number,0
Vehicle Population,2022,Petrol,Co. Carlow,Large PSVs,All years,Number,0
Vehicle Population,2022,Petrol,Co. Carlow,Exempt vehicles,All years,Number,45
Vehicle Population,2022,Petrol,Co. Carlow,Other vehicles,All years,Number,555
Vehicle Population,2022,Petrol,Co. Dublin,Private cars,All years,Number,263068
Vehicle Population,2022,Petrol,Co. Dublin,Goods vehicles,All years,Number,192
Vehicle Population,2022,Petrol,Co. Dublin,Motor cycles,All years,Number,13009
Vehicle Population,2022,Petrol,Co. Dublin,Tractors & Machinery,All years,Number,45
Vehicle Population,2022,Petrol,Co. Dublin,Small PSVs,All years,Number,399
Vehicle Population,2022,Petrol,Co. Dublin,Large PSVs,All years,Number,0
Vehicle Population,2022,Petrol,Co. Dublin,Exempt vehicles,All years,Number,1819
Vehicle Population,2022,Petrol,Co. Dublin,Other vehicles,All years,Number,5383
Vehicle Population,2022,Petrol,Co. Kildare,Private cars,All years,Number,40205
Vehicle Population,2022,Petrol,Co. Kildare,Goods vehicles,All years,Number,46
Vehicle Population,2022,Petrol,Co. Kildare,Motor cycles,All years,Number,2717
Vehicle Population,2022,Petrol,Co. Kildare,Tractors & Machinery,All years,Number,4
Vehicle Population,2022,Petrol,Co. Kildare,Small PSVs,All years,Number,13
Vehicle Population,2022,Petrol,Co. Kildare,Large PSVs,All years,Number,2
Vehicle Population,2022,Petrol,Co. Kildare,Exempt vehicles,All years,Number,146
Vehicle Population,2022,Petrol,Co. Kildare,Other vehicles,All years,Number,1642
Vehicle Population,2022,Petrol,Co. Kilkenny,Private cars,All years,Number,14596
Vehicle Population,2022,Petrol,Co. Kilkenny,Goods vehicles,All years,Number,12
Vehicle Population,2022,Petrol,Co. Kilkenny,Motor cycles,All years,Number,1110
Vehicle Population,2022,Petrol,Co. Kilkenny,Tractors & Machinery,All years,Number,11
Vehicle Population,2022,Petrol,Co. Kilkenny,Small PSVs,All years,Number,3
Vehicle Population,2022,Petrol,Co. Kilkenny,Large PSVs,All years,Number,0
Vehicle Population,2022,Petrol,Co. Kilkenny,Exempt vehicles,All years,Number,75
Vehicle Population,2022,Petrol,Co. Kilkenny,Other vehicles,All years,Number,703
Vehicle Population,2022,Petrol,Co. Laois,Private cars,All years,Number,10073
Vehicle Population,2022,Petrol,Co. Laois,Goods vehicles,All years,Number,8
Vehicle Population,2022,Petrol,Co. Laois,Motor cycles,All years,Number,682
Vehicle Population,2022,Petrol,Co. Laois,Tractors & Machinery,All years,Number,3
Vehicle Population,2022,Petrol,Co. Laois,Small PSVs,All years,Number,4
Vehicle Population,2022,Petrol,Co. Laois,Large PSVs,All years,Number,0
Vehicle Population,2022,Petrol,Co. Laois,Exempt vehicles,All years,Number,50
Vehicle Population,2022,Petrol,Co. Laois,Other vehicles,All years,Number,510
Vehicle Population,2022,Petrol,Co. Longford,Private cars,All years,Number,4586
Vehicle Population,2022,Petrol,Co. Longford,Goods vehicles,All years,Number,3
Vehicle Population,2022,Petrol,Co. Longford,Motor cycles,All years,Number,315
Vehicle Population,2022,Petrol,Co. Longford,Tractors & Machinery,All years,Number,7
Vehicle Population,2022,Petrol,Co. Longford,Small PSVs,All years,Number,1
Vehicle Population,2022,Petrol,Co. Longford,Large PSVs,All years,Number,0
Vehicle Population,2022,Petrol,Co. Longford,Exempt vehicles,All years,Number,21
Vehicle Population,2022,Petrol,Co. Longford,Other vehicles,All years,Number,228
Vehicle Population,2022,Petrol,Co. Louth,Private cars,All years,Number,19210
Vehicle Population,2022,Petrol,Co. Louth,Goods vehicles,All years,Number,12
Vehicle Population,2022,Petrol,Co. Louth,Motor cycles,All years,Number,1081
Vehicle Population,2022,Petrol,Co. Louth,Tractors & Machinery,All years,Number,24
Vehicle Population,2022,Petrol,Co. Louth,Small PSVs,All years,Number,15
Vehicle Population,2022,Petrol,Co. Louth,Large PSVs,All years,Number,0
Vehicle Population,2022,Petrol,Co. Louth,Exempt vehicles,All years,Number,145
Vehicle Population,2022,Petrol,Co. Louth,Other vehicles,All years,Number,612
Vehicle Population,2022,Petrol,Co. Meath,Private cars,All years,Number,30459
Vehicle Population,2022,Petrol,Co. Meath,Goods vehicles,All years,Number,31
Vehicle Population,2022,Petrol,Co. Meath,Motor cycles,All years,Number,2152
Vehicle Population,2022,Petrol,Co. Meath,Tractors & Machinery,All years,Number,12
Vehicle Population,2022,Petrol,Co. Meath,Small PSVs,All years,Number,22
Vehicle Population,2022,Petrol,Co. Meath,Large PSVs,All years,Number,1
Vehicle Population,2022,Petrol,Co. Meath,Exempt vehicles,All years,Number,157
Vehicle Population,2022,Petrol,Co. Meath,Other vehicles,All years,Number,1327
Vehicle Population,2022,Petrol,Co. Offaly,Private cars,All years,Number,9655
Vehicle Population,2022,Petrol,Co. Offaly,Goods vehicles,All years,Number,6
Vehicle Population,2022,Petrol,Co. Offaly,Motor cycles,All years,Number,803
Vehicle Population,2022,Petrol,Co. Offaly,Tractors & Machinery,All years,Number,9
Vehicle Population,2022,Petrol,Co. Offaly,Small PSVs,All years,Number,6
Vehicle Population,2022,Petrol,Co. Offaly,Large PSVs,All years,Number,0
Vehicle Population,2022,Petrol,Co. Offaly,Exempt vehicles,All years,Number,35
Vehicle Population,2022,Petrol,Co. Offaly,Other vehicles,All years,Number,452
Vehicle Population,2022,Petrol,Co. Westmeath,Private cars,All years,Number,11452
Vehicle Population,2022,Petrol,Co. Westmeath,Goods vehicles,All years,Number,20
Vehicle Population,2022,Petrol,Co. Westmeath,Motor cycles,All years,Number,724
Vehicle Population,2022,Petrol,Co. Westmeath,Tractors & Machinery,All years,Number,8
Vehicle Population,2022,Petrol,Co. Westmeath,Small PSVs,All years,Number,3
Vehicle Population,2022,Petrol,Co. Westmeath,Large PSVs,All years,Number,0
Vehicle Population,2022,Petrol,Co. Westmeath,Exempt vehicles,All years,Number,53
Vehicle Population,2022,Petrol,Co. Westmeath,Other vehicles,All years,Number,435
Vehicle Population,2022,Petrol,Co. Wexford,Private cars,All years,Number,24181
Vehicle Population,2022,Petrol,Co. Wexford,Goods vehicles,All years,Number,20
Vehicle Population,2022,Petrol,Co. Wexford,Motor cycles,All years,Number,1836
Vehicle Population,2022,Petrol,Co. Wexford,Tractors & Machinery,All years,Number,14
Vehicle Population,2022,Petrol,Co. Wexford,Small PSVs,All years,Number,6
Vehicle Population,2022,Petrol,Co. Wexford,Large PSVs,All years,Number,0
Vehicle Population,2022,Petrol,Co. Wexford,Exempt vehicles,All years,Number,133
Vehicle Population,2022,Petrol,Co. Wexford,Other vehicles,All years,Number,1152
Vehicle Population,2022,Petrol,Co. Wicklow,Private cars,All years,Number,28748
Vehicle Population,2022,Petrol,Co. Wicklow,Goods vehicles,All years,Number,48
Vehicle Population,2022,Petrol,Co. Wicklow,Motor cycles,All years,Number,1884
Vehicle Population,2022,Petrol,Co. Wicklow,Tractors & Machinery,All years,Number,9
Vehicle Population,2022,Petrol,Co. Wicklow,Small PSVs,All years,Number,8
Vehicle Population,2022,Petrol,Co. Wicklow,Large PSVs,All years,Number,0
Vehicle Population,2022,Petrol,Co. Wicklow,Exempt vehicles,All years,Number,153
Vehicle Population,2022,Petrol,Co. Wicklow,Other vehicles,All years,Number,1445
Vehicle Population,2022,Petrol,Co. Clare,Private cars,All years,Number,19854
Vehicle Population,2022,Petrol,Co. Clare,Goods vehicles,All years,Number,15
Vehicle Population,2022,Petrol,Co. Clare,Motor cycles,All years,Number,1112
Vehicle Population,2022,Petrol,Co. Clare,Tractors & Machinery,All years,Number,3
Vehicle Population,2022,Petrol,Co. Clare,Small PSVs,All years,Number,7
Vehicle Population,2022,Petrol,Co. Clare,Large PSVs,All years,Number,0
Vehicle Population,2022,Petrol,Co. Clare,Exempt vehicles,All years,Number,190
Vehicle Population,2022,Petrol,Co. Clare,Other vehicles,All years,Number,791
Vehicle Population,2022,Petrol,Co. Cork,Private cars,All years,Number,106027
Vehicle Population,2022,Petrol,Co. Cork,Goods vehicles,All years,Number,106
Vehicle Population,2022,Petrol,Co. Cork,Motor cycles,All years,Number,6306
Vehicle Population,2022,Petrol,Co. Cork,Tractors & Machinery,All years,Number,39
Vehicle Population,2022,Petrol,Co. Cork,Small PSVs,All years,Number,60
Vehicle Population,2022,Petrol,Co. Cork,Large PSVs,All years,Number,0
Vehicle Population,2022,Petrol,Co. Cork,Exempt vehicles,All years,Number,802
Vehicle Population,2022,Petrol,Co. Cork,Other vehicles,All years,Number,4003
Vehicle Population,2022,Petrol,Co. Kerry,Private cars,All years,Number,25753
Vehicle Population,2022,Petrol,Co. Kerry,Goods vehicles,All years,Number,26
Vehicle Population,2022,Petrol,Co. Kerry,Motor cycles,All years,Number,1313
Vehicle Population,2022,Petrol,Co. Kerry,Tractors & Machinery,All years,Number,15
Vehicle Population,2022,Petrol,Co. Kerry,Small PSVs,All years,Number,8
Vehicle Population,2022,Petrol,Co. Kerry,Large PSVs,All years,Number,0
Vehicle Population,2022,Petrol,Co. Kerry,Exempt vehicles,All years,Number,145
Vehicle Population,2022,Petrol,Co. Kerry,Other vehicles,All years,Number,1184
Vehicle Population,2022,Petrol,Co. Limerick,Private cars,All years,Number,32960
Vehicle Population,2022,Petrol,Co. Limerick,Goods vehicles,All years,Number,13
Vehicle Population,2022,Petrol,Co. Limerick,Motor cycles,All years,Number,1872
Vehicle Population,2022,Petrol,Co. Limerick,Tractors & Machinery,All years,Number,36
Vehicle Population,2022,Petrol,Co. Limerick,Small PSVs,All years,Number,37
Vehicle Population,2022,Petrol,Co. Limerick,Large PSVs,All years,Number,0
Vehicle Population,2022,Petrol,Co. Limerick,Exempt vehicles,All years,Number,275
Vehicle Population,2022,Petrol,Co. Limerick,Other vehicles,All years,Number,1209
Vehicle Population,2022,Petrol,Co. Tipperary,Private cars,All years,Number,24299
Vehicle Population,2022,Petrol,Co. Tipperary,Goods vehicles,All years,Number,27
Vehicle Population,2022,Petrol,Co. Tipperary,Motor cycles,All years,Number,1786
Vehicle Population,2022,Petrol,Co. Tipperary,Tractors & Machinery,All years,Number,12
Vehicle Population,2022,Petrol,Co. Tipperary,Small PSVs,All years,Number,2
Vehicle Population,2022,Petrol,Co. Tipperary,Large PSVs,All years,Number,0
Vehicle Population,2022,Petrol,Co. Tipperary,Exempt vehicles,All years,Number,168
Vehicle Population,2022,Petrol,Co. Tipperary,Other vehicles,All years,Number,1254
Vehicle Population,2022,Petrol,Co. Waterford,Private cars,All years,Number,23865
Vehicle Population,2022,Petrol,Co. Waterford,Goods vehicles,All years,Number,22
Vehicle Population,2022,Petrol,Co. Waterford,Motor cycles,All years,Number,1696
Vehicle Population,2022,Petrol,Co. Waterford,Tractors & Machinery,All years,Number,10
Vehicle Population,2022,Petrol,Co. Waterford,Small PSVs,All years,Number,15
Vehicle Population,2022,Petrol,Co. Waterford,Large PSVs,All years,Number,1
Vehicle Population,2022,Petrol,Co. Waterford,Exempt vehicles,All years,Number,104
Vehicle Population,2022,Petrol,Co. Waterford,Other vehicles,All years,Number,817
Vehicle Population,2022,Petrol,Co. Galway,Private cars,All years,Number,38047
Vehicle Population,2022,Petrol,Co. Galway,Goods vehicles,All years,Number,39
Vehicle Population,2022,Petrol,Co. Galway,Motor cycles,All years,Number,1799
Vehicle Population,2022,Petrol,Co. Galway,Tractors & Machinery,All years,Number,46
Vehicle Population,2022,Petrol,Co. Galway,Small PSVs,All years,Number,42
Vehicle Population,2022,Petrol,Co. Galway,Large PSVs,All years,Number,1
Vehicle Population,2022,Petrol,Co. Galway,Exempt vehicles,All years,Number,309
Vehicle Population,2022,Petrol,Co. Galway,Other vehicles,All years,Number,1320
Vehicle Population,2022,Petrol,Co. Leitrim,Private cars,All years,Number,4159
Vehicle Population,2022,Petrol,Co. Leitrim,Goods vehicles,All years,Number,5
Vehicle Population,2022,Petrol,Co. Leitrim,Motor cycles,All years,Number,209
Vehicle Population,2022,Petrol,Co. Leitrim,Tractors & Machinery,All years,Number,3
Vehicle Population,2022,Petrol,Co. Leitrim,Small PSVs,All years,Number,0
Vehicle Population,2022,Petrol,Co. Leitrim,Large PSVs,All years,Number,0
Vehicle Population,2022,Petrol,Co. Leitrim,Exempt vehicles,All years,Number,51
Vehicle Population,2022,Petrol,Co. Leitrim,Other vehicles,All years,Number,237
Vehicle Population,2022,Petrol,Co. Mayo,Private cars,All years,Number,17718
Vehicle Population,2022,Petrol,Co. Mayo,Goods vehicles,All years,Number,19
Vehicle Population,2022,Petrol,Co. Mayo,Motor cycles,All years,Number,852
Vehicle Population,2022,Petrol,Co. Mayo,Tractors & Machinery,All years,Number,15
Vehicle Population,2022,Petrol,Co. Mayo,Small PSVs,All years,Number,6
Vehicle Population,2022,Petrol,Co. Mayo,Large PSVs,All years,Number,0
Vehicle Population,2022,Petrol,Co. Mayo,Exempt vehicles,All years,Number,188
Vehicle Population,2022,Petrol,Co. Mayo,Other vehicles,All years,Number,652
Vehicle Population,2022,Petrol,Co. Roscommon,Private cars,All years,Number,10089
Vehicle Population,2022,Petrol,Co. Roscommon,Goods vehicles,All years,Number,11
Vehicle Population,2022,Petrol,Co. Roscommon,Motor cycles,All years,Number,398
Vehicle Population,2022,Petrol,Co. Roscommon,Tractors & Machinery,All years,Number,8
Vehicle Population,2022,Petrol,Co. Roscommon,Small PSVs,All years,Number,2
Vehicle Population,2022,Petrol,Co. Roscommon,Large PSVs,All years,Number,0
Vehicle Population,2022,Petrol,Co. Roscommon,Exempt vehicles,All years,Number,65
Vehicle Population,2022,Petrol,Co. Roscommon,Other vehicles,All years,Number,373
Vehicle Population,2022,Petrol,Co. Sligo,Private cars,All years,Number,9854
Vehicle Population,2022,Petrol,Co. Sligo,Goods vehicles,All years,Number,4
Vehicle Population,2022,Petrol,Co. Sligo,Motor cycles,All years,Number,502
Vehicle Population,2022,Petrol,Co. Sligo,Tractors & Machinery,All years,Number,24
Vehicle Population,2022,Petrol,Co. Sligo,Small PSVs,All years,Number,8
Vehicle Population,2022,Petrol,Co. Sligo,Large PSVs,All years,Number,0
Vehicle Population,2022,Petrol,Co. Sligo,Exempt vehicles,All years,Number,110
Vehicle Population,2022,Petrol,Co. Sligo,Other vehicles,All years,Number,411
Vehicle Population,2022,Petrol,Co. Cavan,Private cars,All years,Number,8494
Vehicle Population,2022,Petrol,Co. Cavan,Goods vehicles,All years,Number,8
Vehicle Population,2022,Petrol,Co. Cavan,Motor cycles,All years,Number,599
Vehicle Population,2022,Petrol,Co. Cavan,Tractors & Machinery,All years,Number,40
Vehicle Population,2022,Petrol,Co. Cavan,Small PSVs,All years,Number,3
Vehicle Population,2022,Petrol,Co. Cavan,Large PSVs,All years,Number,0
Vehicle Population,2022,Petrol,Co. Cavan,Exempt vehicles,All years,Number,56
Vehicle Population,2022,Petrol,Co. Cavan,Other vehicles,All years,Number,458
Vehicle Population,2022,Petrol,Co. Donegal,Private cars,All years,Number,19218
Vehicle Population,2022,Petrol,Co. Donegal,Goods vehicles,All years,Number,32
Vehicle Population,2022,Petrol,Co. Donegal,Motor cycles,All years,Number,913
Vehicle Population,2022,Petrol,Co. Donegal,Tractors & Machinery,All years,Number,11
Vehicle Population,2022,Petrol,Co. Donegal,Small PSVs,All years,Number,3
Vehicle Population,2022,Petrol,Co. Donegal,Large PSVs,All years,Number,2
Vehicle Population,2022,Petrol,Co. Donegal,Exempt vehicles,All years,Number,156
Vehicle Population,2022,Petrol,Co. Donegal,Other vehicles,All years,Number,1110
Vehicle Population,2022,Petrol,Co. Monaghan,Private cars,All years,Number,6426
Vehicle Population,2022,Petrol,Co. Monaghan,Goods vehicles,All years,Number,12
Vehicle Population,2022,Petrol,Co. Monaghan,Motor cycles,All years,Number,397
Vehicle Population,2022,Petrol,Co. Monaghan,Tractors & Machinery,All years,Number,4
Vehicle Population,2022,Petrol,Co. Monaghan,Small PSVs,All years,Number,0
Vehicle Population,2022,Petrol,Co. Monaghan,Large PSVs,All years,Number,0
Vehicle Population,2022,Petrol,Co. Monaghan,Exempt vehicles,All years,Number,38
Vehicle Population,2022,Petrol,Co. Monaghan,Other vehicles,All years,Number,346
Vehicle Population,2022,Diesel,Co. Carlow,Private cars,All years,Number,20202
Vehicle Population,2022,Diesel,Co. Carlow,Goods vehicles,All years,Number,6041
Vehicle Population,2022,Diesel,Co. Carlow,Motor cycles,All years,Number,2
Vehicle Population,2022,Diesel,Co. Carlow,Tractors & Machinery,All years,Number,1854
Vehicle Population,2022,Diesel,Co. Carlow,Small PSVs,All years,Number,106
Vehicle Population,2022,Diesel,Co. Carlow,Large PSVs,All years,Number,161
Vehicle Population,2022,Diesel,Co. Carlow,Exempt vehicles,All years,Number,248
Vehicle Population,2022,Diesel,Co. Carlow,Other vehicles,All years,Number,964
Vehicle Population,2022,Diesel,Co. Dublin,Private cars,All years,Number,236450
Vehicle Population,2022,Diesel,Co. Dublin,Goods vehicles,All years,Number,87148
Vehicle Population,2022,Diesel,Co. Dublin,Motor cycles,All years,Number,26
Vehicle Population,2022,Diesel,Co. Dublin,Tractors & Machinery,All years,Number,1760
Vehicle Population,2022,Diesel,Co. Dublin,Small PSVs,All years,Number,6335
Vehicle Population,2022,Diesel,Co. Dublin,Large PSVs,All years,Number,3118
Vehicle Population,2022,Diesel,Co. Dublin,Exempt vehicles,All years,Number,7917
Vehicle Population,2022,Diesel,Co. Dublin,Other vehicles,All years,Number,4686
Vehicle Population,2022,Diesel,Co. Kildare,Private cars,All years,Number,65531
Vehicle Population,2022,Diesel,Co. Kildare,Goods vehicles,All years,Number,17842
Vehicle Population,2022,Diesel,Co. Kildare,Motor cycles,All years,Number,8
Vehicle Population,2022,Diesel,Co. Kildare,Tractors & Machinery,All years,Number,2642
Vehicle Population,2022,Diesel,Co. Kildare,Small PSVs,All years,Number,509
Vehicle Population,2022,Diesel,Co. Kildare,Large PSVs,All years,Number,449
Vehicle Population,2022,Diesel,Co. Kildare,Exempt vehicles,All years,Number,697
Vehicle Population,2022,Diesel,Co. Kildare,Other vehicles,All years,Number,1867
Vehicle Population,2022,Diesel,Co. Kilkenny,Private cars,All years,Number,31055
Vehicle Population,2022,Diesel,Co. Kilkenny,Goods vehicles,All years,Number,8692
Vehicle Population,2022,Diesel,Co. Kilkenny,Motor cycles,All years,Number,1
Vehicle Population,2022,Diesel,Co. Kilkenny,Tractors & Machinery,All years,Number,3864
Vehicle Population,2022,Diesel,Co. Kilkenny,Small PSVs,All years,Number,176
Vehicle Population,2022,Diesel,Co. Kilkenny,Large PSVs,All years,Number,375
Vehicle Population,2022,Diesel,Co. Kilkenny,Exempt vehicles,All years,Number,434
Vehicle Population,2022,Diesel,Co. Kilkenny,Other vehicles,All years,Number,1336
Vehicle Population,2022,Diesel,Co. Laois,Private cars,All years,Number,26359
Vehicle Population,2022,Diesel,Co. Laois,Goods vehicles,All years,Number,6442
Vehicle Population,2022,Diesel,Co. Laois,Motor cycles,All years,Number,3
Vehicle Population,2022,Diesel,Co. Laois,Tractors & Machinery,All years,Number,2995
Vehicle Population,2022,Diesel,Co. Laois,Small PSVs,All years,Number,151
Vehicle Population,2022,Diesel,Co. Laois,Large PSVs,All years,Number,228
Vehicle Population,2022,Diesel,Co. Laois,Exempt vehicles,All years,Number,289
Vehicle Population,2022,Diesel,Co. Laois,Other vehicles,All years,Number,1028
Vehicle Population,2022,Diesel,Co. Longford,Private cars,All years,Number,13194
Vehicle Population,2022,Diesel,Co. Longford,Goods vehicles,All years,Number,4310
Vehicle Population,2022,Diesel,Co. Longford,Motor cycles,All years,Number,1
Vehicle Population,2022,Diesel,Co. Longford,Tractors & Machinery,All years,Number,1293
Vehicle Population,2022,Diesel,Co. Longford,Small PSVs,All years,Number,70
Vehicle Population,2022,Diesel,Co. Longford,Large PSVs,All years,Number,128
Vehicle Population,2022,Diesel,Co. Longford,Exempt vehicles,All years,Number,219
Vehicle Population,2022,Diesel,Co. Longford,Other vehicles,All years,Number,818
Vehicle Population,2022,Diesel,Co. Louth,Private cars,All years,Number,33227
Vehicle Population,2022,Diesel,Co. Louth,Goods vehicles,All years,Number,8498
Vehicle Population,2022,Diesel,Co. Louth,Motor cycles,All years,Number,6
Vehicle Population,2022,Diesel,Co. Louth,Tractors & Machinery,All years,Number,1130
Vehicle Population,2022,Diesel,Co. Louth,Small PSVs,All years,Number,397
Vehicle Population,2022,Diesel,Co. Louth,Large PSVs,All years,Number,225
Vehicle Population,2022,Diesel,Co. Louth,Exempt vehicles,All years,Number,422
Vehicle Population,2022,Diesel,Co. Louth,Other vehicles,All years,Number,841
Vehicle Population,2022,Diesel,Co. Meath,Private cars,All years,Number,60801
Vehicle Population,2022,Diesel,Co. Meath,Goods vehicles,All years,Number,16601
Vehicle Population,2022,Diesel,Co. Meath,Motor cycles,All years,Number,5
Vehicle Population,2022,Diesel,Co. Meath,Tractors & Machinery,All years,Number,3202
Vehicle Population,2022,Diesel,Co. Meath,Small PSVs,All years,Number,674
Vehicle Population,2022,Diesel,Co. Meath,Large PSVs,All years,Number,398
Vehicle Population,2022,Diesel,Co. Meath,Exempt vehicles,All years,Number,545
Vehicle Population,2022,Diesel,Co. Meath,Other vehicles,All years,Number,1746
Vehicle Population,2022,Diesel,Co. Offaly,Private cars,All years,Number,25800
Vehicle Population,2022,Diesel,Co. Offaly,Goods vehicles,All years,Number,6899
Vehicle Population,2022,Diesel,Co. Offaly,Motor cycles,All years,Number,3
Vehicle Population,2022,Diesel,Co. Offaly,Tractors & Machinery,All years,Number,2555
Vehicle Population,2022,Diesel,Co. Offaly,Small PSVs,All years,Number,114
Vehicle Population,2022,Diesel,Co. Offaly,Large PSVs,All years,Number,241
Vehicle Population,2022,Diesel,Co. Offaly,Exempt vehicles,All years,Number,261
Vehicle Population,2022,Diesel,Co. Offaly,Other vehicles,All years,Number,1631
Vehicle Population,2022,Diesel,Co. Westmeath,Private cars,All years,Number,30190
Vehicle Population,2022,Diesel,Co. Westmeath,Goods vehicles,All years,Number,8509
Vehicle Population,2022,Diesel,Co. Westmeath,Motor cycles,All years,Number,2
Vehicle Population,2022,Diesel,Co. Westmeath,Tractors & Machinery,All years,Number,2136
Vehicle Population,2022,Diesel,Co. Westmeath,Small PSVs,All years,Number,202
Vehicle Population,2022,Diesel,Co. Westmeath,Large PSVs,All years,Number,136
Vehicle Population,2022,Diesel,Co. Westmeath,Exempt vehicles,All years,Number,281
Vehicle Population,2022,Diesel,Co. Westmeath,Other vehicles,All years,Number,1274
Vehicle Population,2022,Diesel,Co. Wexford,Private cars,All years,Number,53385
Vehicle Population,2022,Diesel,Co. Wexford,Goods vehicles,All years,Number,14795
Vehicle Population,2022,Diesel,Co. Wexford,Motor cycles,All years,Number,3
Vehicle Population,2022,Diesel,Co. Wexford,Tractors & Machinery,All years,Number,4752
Vehicle Population,2022,Diesel,Co. Wexford,Small PSVs,All years,Number,173
Vehicle Population,2022,Diesel,Co. Wexford,Large PSVs,All years,Number,316
Vehicle Population,2022,Diesel,Co. Wexford,Exempt vehicles,All years,Number,545
Vehicle Population,2022,Diesel,Co. Wexford,Other vehicles,All years,Number,2845
Vehicle Population,2022,Diesel,Co. Wicklow,Private cars,All years,Number,38617
Vehicle Population,2022,Diesel,Co. Wicklow,Goods vehicles,All years,Number,10066
Vehicle Population,2022,Diesel,Co. Wicklow,Motor cycles,All years,Number,3
Vehicle Population,2022,Diesel,Co. Wicklow,Tractors & Machinery,All years,Number,1848
Vehicle Population,2022,Diesel,Co. Wicklow,Small PSVs,All years,Number,223
Vehicle Population,2022,Diesel,Co. Wicklow,Large PSVs,All years,Number,260
Vehicle Population,2022,Diesel,Co. Wicklow,Exempt vehicles,All years,Number,429
Vehicle Population,2022,Diesel,Co. Wicklow,Other vehicles,All years,Number,1593
Vehicle Population,2022,Diesel,Co. Clare,Private cars,All years,Number,38272
Vehicle Population,2022,Diesel,Co. Clare,Goods vehicles,All years,Number,9484
Vehicle Population,2022,Diesel,Co. Clare,Motor cycles,All years,Number,3
Vehicle Population,2022,Diesel,Co. Clare,Tractors & Machinery,All years,Number,2967
Vehicle Population,2022,Diesel,Co. Clare,Small PSVs,All years,Number,297
Vehicle Population,2022,Diesel,Co. Clare,Large PSVs,All years,Number,262
Vehicle Population,2022,Diesel,Co. Clare,Exempt vehicles,All years,Number,494
Vehicle Population,2022,Diesel,Co. Clare,Other vehicles,All years,Number,2153
Vehicle Population,2022,Diesel,Co. Cork,Private cars,All years,Number,151959
Vehicle Population,2022,Diesel,Co. Cork,Goods vehicles,All years,Number,43582
Vehicle Population,2022,Diesel,Co. Cork,Motor cycles,All years,Number,19
Vehicle Population,2022,Diesel,Co. Cork,Tractors & Machinery,All years,Number,11547
Vehicle Population,2022,Diesel,Co. Cork,Small PSVs,All years,Number,1241
Vehicle Population,2022,Diesel,Co. Cork,Large PSVs,All years,Number,843
Vehicle Population,2022,Diesel,Co. Cork,Exempt vehicles,All years,Number,2222
Vehicle Population,2022,Diesel,Co. Cork,Other vehicles,All years,Number,6741
Vehicle Population,2022,Diesel,Co. Kerry,Private cars,All years,Number,47815
Vehicle Population,2022,Diesel,Co. Kerry,Goods vehicles,All years,Number,12604
Vehicle Population,2022,Diesel,Co. Kerry,Motor cycles,All years,Number,2
Vehicle Population,2022,Diesel,Co. Kerry,Tractors & Machinery,All years,Number,4251
Vehicle Population,2022,Diesel,Co. Kerry,Small PSVs,All years,Number,421
Vehicle Population,2022,Diesel,Co. Kerry,Large PSVs,All years,Number,480
Vehicle Population,2022,Diesel,Co. Kerry,Exempt vehicles,All years,Number,577
Vehicle Population,2022,Diesel,Co. Kerry,Other vehicles,All years,Number,3079
Vehicle Population,2022,Diesel,Co. Limerick,Private cars,All years,Number,56021
Vehicle Population,2022,Diesel,Co. Limerick,Goods vehicles,All years,Number,14159
Vehicle Population,2022,Diesel,Co. Limerick,Motor cycles,All years,Number,2
Vehicle Population,2022,Diesel,Co. Limerick,Tractors & Machinery,All years,Number,3789
Vehicle Population,2022,Diesel,Co. Limerick,Small PSVs,All years,Number,430
Vehicle Population,2022,Diesel,Co. Limerick,Large PSVs,All years,Number,306
Vehicle Population,2022,Diesel,Co. Limerick,Exempt vehicles,All years,Number,756
Vehicle Population,2022,Diesel,Co. Limerick,Other vehicles,All years,Number,2445
Vehicle Population,2022,Diesel,Co. Tipperary,Private cars,All years,Number,57058
Vehicle Population,2022,Diesel,Co. Tipperary,Goods vehicles,All years,Number,14999
Vehicle Population,2022,Diesel,Co. Tipperary,Motor cycles,All years,Number,5
Vehicle Population,2022,Diesel,Co. Tipperary,Tractors & Machinery,All years,Number,5837
Vehicle Population,2022,Diesel,Co. Tipperary,Small PSVs,All years,Number,219
Vehicle Population,2022,Diesel,Co. Tipperary,Large PSVs,All years,Number,437
Vehicle Population,2022,Diesel,Co. Tipperary,Exempt vehicles,All years,Number,678
Vehicle Population,2022,Diesel,Co. Tipperary,Other vehicles,All years,Number,2526
Vehicle Population,2022,Diesel,Co. Waterford,Private cars,All years,Number,33992
Vehicle Population,2022,Diesel,Co. Waterford,Goods vehicles,All years,Number,8371
Vehicle Population,2022,Diesel,Co. Waterford,Motor cycles,All years,Number,2
Vehicle Population,2022,Diesel,Co. Waterford,Tractors & Machinery,All years,Number,2317
Vehicle Population,2022,Diesel,Co. Waterford,Small PSVs,All years,Number,222
Vehicle Population,2022,Diesel,Co. Waterford,Large PSVs,All years,Number,196
Vehicle Population,2022,Diesel,Co. Waterford,Exempt vehicles,All years,Number,426
Vehicle Population,2022,Diesel,Co. Waterford,Other vehicles,All years,Number,1454
Vehicle Population,2022,Diesel,Co. Galway,Private cars,All years,Number,77626
Vehicle Population,2022,Diesel,Co. Galway,Goods vehicles,All years,Number,20868
Vehicle Population,2022,Diesel,Co. Galway,Motor cycles,All years,Number,4
Vehicle Population,2022,Diesel,Co. Galway,Tractors & Machinery,All years,Number,5210
Vehicle Population,2022,Diesel,Co. Galway,Small PSVs,All years,Number,689
Vehicle Population,2022,Diesel,Co. Galway,Large PSVs,All years,Number,701
Vehicle Population,2022,Diesel,Co. Galway,Exempt vehicles,All years,Number,1548
Vehicle Population,2022,Diesel,Co. Galway,Other vehicles,All years,Number,4403
Vehicle Population,2022,Diesel,Co. Leitrim,Private cars,All years,Number,11176
Vehicle Population,2022,Diesel,Co. Leitrim,Goods vehicles,All years,Number,3777
Vehicle Population,2022,Diesel,Co. Leitrim,Motor cycles,All years,Number,0
Vehicle Population,2022,Diesel,Co. Leitrim,Tractors & Machinery,All years,Number,972
Vehicle Population,2022,Diesel,Co. Leitrim,Small PSVs,All years,Number,50
Vehicle Population,2022,Diesel,Co. Leitrim,Large PSVs,All years,Number,123
Vehicle Population,2022,Diesel,Co. Leitrim,Exempt vehicles,All years,Number,169
Vehicle Population,2022,Diesel,Co. Leitrim,Other vehicles,All years,Number,741
Vehicle Population,2022,Diesel,Co. Mayo,Private cars,All years,Number,44474
Vehicle Population,2022,Diesel,Co. Mayo,Goods vehicles,All years,Number,13642
Vehicle Population,2022,Diesel,Co. Mayo,Motor cycles,All years,Number,0
Vehicle Population,2022,Diesel,Co. Mayo,Tractors & Machinery,All years,Number,4731
Vehicle Population,2022,Diesel,Co. Mayo,Small PSVs,All years,Number,205
Vehicle Population,2022,Diesel,Co. Mayo,Large PSVs,All years,Number,372
Vehicle Population,2022,Diesel,Co. Mayo,Exempt vehicles,All years,Number,842
Vehicle Population,2022,Diesel,Co. Mayo,Other vehicles,All years,Number,2158
Vehicle Population,2022,Diesel,Co. Roscommon,Private cars,All years,Number,22820
Vehicle Population,2022,Diesel,Co. Roscommon,Goods vehicles,All years,Number,6534
Vehicle Population,2022,Diesel,Co. Roscommon,Motor cycles,All years,Number,2
Vehicle Population,2022,Diesel,Co. Roscommon,Tractors & Machinery,All years,Number,2384
Vehicle Population,2022,Diesel,Co. Roscommon,Small PSVs,All years,Number,97
Vehicle Population,2022,Diesel,Co. Roscommon,Large PSVs,All years,Number,137
Vehicle Population,2022,Diesel,Co. Roscommon,Exempt vehicles,All years,Number,348
Vehicle Population,2022,Diesel,Co. Roscommon,Other vehicles,All years,Number,1582
Vehicle Population,2022,Diesel,Co. Sligo,Private cars,All years,Number,19528
Vehicle Population,2022,Diesel,Co. Sligo,Goods vehicles,All years,Number,6535
Vehicle Population,2022,Diesel,Co. Sligo,Motor cycles,All years,Number,2
Vehicle Population,2022,Diesel,Co. Sligo,Tractors & Machinery,All years,Number,1542
Vehicle Population,2022,Diesel,Co. Sligo,Small PSVs,All years,Number,129
Vehicle Population,2022,Diesel,Co. Sligo,Large PSVs,All years,Number,126
Vehicle Population,2022,Diesel,Co. Sligo,Exempt vehicles,All years,Number,306
Vehicle Population,2022,Diesel,Co. Sligo,Other vehicles,All years,Number,1332
Vehicle Population,2022,Diesel,Co. Cavan,Private cars,All years,Number,24879
Vehicle Population,2022,Diesel,Co. Cavan,Goods vehicles,All years,Number,8837
Vehicle Population,2022,Diesel,Co. Cavan,Motor cycles,All years,Number,2
Vehicle Population,2022,Diesel,Co. Cavan,Tractors & Machinery,All years,Number,2764
Vehicle Population,2022,Diesel,Co. Cavan,Small PSVs,All years,Number,124
Vehicle Population,2022,Diesel,Co. Cavan,Large PSVs,All years,Number,182
Vehicle Population,2022,Diesel,Co. Cavan,Exempt vehicles,All years,Number,291
Vehicle Population,2022,Diesel,Co. Cavan,Other vehicles,All years,Number,1122
Vehicle Population,2022,Diesel,Co. Donegal,Private cars,All years,Number,47639
Vehicle Population,2022,Diesel,Co. Donegal,Goods vehicles,All years,Number,16341
Vehicle Population,2022,Diesel,Co. Donegal,Motor cycles,All years,Number,1
Vehicle Population,2022,Diesel,Co. Donegal,Tractors & Machinery,All years,Number,3227
Vehicle Population,2022,Diesel,Co. Donegal,Small PSVs,All years,Number,270
Vehicle Population,2022,Diesel,Co. Donegal,Large PSVs,All years,Number,640
Vehicle Population,2022,Diesel,Co. Donegal,Exempt vehicles,All years,Number,694
Vehicle Population,2022,Diesel,Co. Donegal,Other vehicles,All years,Number,3219
Vehicle Population,2022,Diesel,Co. Monaghan,Private cars,All years,Number,20531
Vehicle Population,2022,Diesel,Co. Monaghan,Goods vehicles,All years,Number,8734
Vehicle Population,2022,Diesel,Co. Monaghan,Motor cycles,All years,Number,1
Vehicle Population,2022,Diesel,Co. Monaghan,Tractors & Machinery,All years,Number,1759
Vehicle Population,2022,Diesel,Co. Monaghan,Small PSVs,All years,Number,62
Vehicle Population,2022,Diesel,Co. Monaghan,Large PSVs,All years,Number,258
Vehicle Population,2022,Diesel,Co. Monaghan,Exempt vehicles,All years,Number,208
Vehicle Population,2022,Diesel,Co. Monaghan,Other vehicles,All years,Number,878
Vehicle Population,2022,Other fuel types,Co. Carlow,Private cars,All years,Number,1465
Vehicle Population,2022,Other fuel types,Co. Carlow,Goods vehicles,All years,Number,13
Vehicle Population,2022,Other fuel types,Co. Carlow,Motor cycles,All years,Number,0
Vehicle Population,2022,Other fuel types,Co. Carlow,Tractors & Machinery,All years,Number,0
Vehicle Population,2022,Other fuel types,Co. Carlow,Small PSVs,All years,Number,11
Vehicle Population,2022,Other fuel types,Co. Carlow,Large PSVs,All years,Number,0
Vehicle Population,2022,Other fuel types,Co. Carlow,Exempt vehicles,All years,Number,17
Vehicle Population,2022,Other fuel types,Co. Carlow,Other vehicles,All years,Number,4
Vehicle Population,2022,Other fuel types,Co. Dublin,Private cars,All years,Number,67602
Vehicle Population,2022,Other fuel types,Co. Dublin,Goods vehicles,All years,Number,1898
Vehicle Population,2022,Other fuel types,Co. Dublin,Motor cycles,All years,Number,92
Vehicle Population,2022,Other fuel types,Co. Dublin,Tractors & Machinery,All years,Number,6
Vehicle Population,2022,Other fuel types,Co. Dublin,Small PSVs,All years,Number,2592
Vehicle Population,2022,Other fuel types,Co. Dublin,Large PSVs,All years,Number,241
Vehicle Population,2022,Other fuel types,Co. Dublin,Exempt vehicles,All years,Number,867
Vehicle Population,2022,Other fuel types,Co. Dublin,Other vehicles,All years,Number,19
Vehicle Population,2022,Other fuel types,Co. Kildare,Private cars,All years,Number,9268
Vehicle Population,2022,Other fuel types,Co. Kildare,Goods vehicles,All years,Number,95
Vehicle Population,2022,Other fuel types,Co. Kildare,Motor cycles,All years,Number,10
Vehicle Population,2022,Other fuel types,Co. Kildare,Tractors & Machinery,All years,Number,4
Vehicle Population,2022,Other fuel types,Co. Kildare,Small PSVs,All years,Number,136
Vehicle Population,2022,Other fuel types,Co. Kildare,Large PSVs,All years,Number,0
Vehicle Population,2022,Other fuel types,Co. Kildare,Exempt vehicles,All years,Number,73
Vehicle Population,2022,Other fuel types,Co. Kildare,Other vehicles,All years,Number,13
Vehicle Population,2022,Other fuel types,Co. Kilkenny,Private cars,All years,Number,2405
Vehicle Population,2022,Other fuel types,Co. Kilkenny,Goods vehicles,All years,Number,13
Vehicle Population,2022,Other fuel types,Co. Kilkenny,Motor cycles,All years,Number,2
Vehicle Population,2022,Other fuel types,Co. Kilkenny,Tractors & Machinery,All years,Number,3
Vehicle Population,2022,Other fuel types,Co. Kilkenny,Small PSVs,All years,Number,11
Vehicle Population,2022,Other fuel types,Co. Kilkenny,Large PSVs,All years,Number,0
Vehicle Population,2022,Other fuel types,Co. Kilkenny,Exempt vehicles,All years,Number,36
Vehicle Population,2022,Other fuel types,Co. Kilkenny,Other vehicles,All years,Number,7
Vehicle Population,2022,Other fuel types,Co. Laois,Private cars,All years,Number,1870
Vehicle Population,2022,Other fuel types,Co. Laois,Goods vehicles,All years,Number,9
Vehicle Population,2022,Other fuel types,Co. Laois,Motor cycles,All years,Number,1
Vehicle Population,2022,Other fuel types,Co. Laois,Tractors & Machinery,All years,Number,0
Vehicle Population,2022,Other fuel types,Co. Laois,Small PSVs,All years,Number,35
Vehicle Population,2022,Other fuel types,Co. Laois,Large PSVs,All years,Number,0
Vehicle Population,2022,Other fuel types,Co. Laois,Exempt vehicles,All years,Number,28
Vehicle Population,2022,Other fuel types,Co. Laois,Other vehicles,All years,Number,7
Vehicle Population,2022,Other fuel types,Co. Longford,Private cars,All years,Number,858
Vehicle Population,2022,Other fuel types,Co. Longford,Goods vehicles,All years,Number,1
Vehicle Population,2022,Other fuel types,Co. Longford,Motor cycles,All years,Number,0
Vehicle Population,2022,Other fuel types,Co. Longford,Tractors & Machinery,All years,Number,0
Vehicle Population,2022,Other fuel types,Co. Longford,Small PSVs,All years,Number,3
Vehicle Population,2022,Other fuel types,Co. Longford,Large PSVs,All years,Number,0
Vehicle Population,2022,Other fuel types,Co. Longford,Exempt vehicles,All years,Number,11
Vehicle Population,2022,Other fuel types,Co. Longford,Other vehicles,All years,Number,2
Vehicle Population,2022,Other fuel types,Co. Louth,Private cars,All years,Number,3657
Vehicle Population,2022,Other fuel types,Co. Louth,Goods vehicles,All years,Number,19
Vehicle Population,2022,Other fuel types,Co. Louth,Motor cycles,All years,Number,5
Vehicle Population,2022,Other fuel types,Co. Louth,Tractors & Machinery,All years,Number,0
Vehicle Population,2022,Other fuel types,Co. Louth,Small PSVs,All years,Number,108
Vehicle Population,2022,Other fuel types,Co. Louth,Large PSVs,All years,Number,0
Vehicle Population,2022,Other fuel types,Co. Louth,Exempt vehicles,All years,Number,86
Vehicle Population,2022,Other fuel types,Co. Louth,Other vehicles,All years,Number,0
Vehicle Population,2022,Other fuel types,Co. Meath,Private cars,All years,Number,7426
Vehicle Population,2022,Other fuel types,Co. Meath,Goods vehicles,All years,Number,46
Vehicle Population,2022,Other fuel types,Co. Meath,Motor cycles,All years,Number,7
Vehicle Population,2022,Other fuel types,Co. Meath,Tractors & Machinery,All years,Number,0
Vehicle Population,2022,Other fuel types,Co. Meath,Small PSVs,All years,Number,149
Vehicle Population,2022,Other fuel types,Co. Meath,Large PSVs,All years,Number,0
Vehicle Population,2022,Other fuel types,Co. Meath,Exempt vehicles,All years,Number,95
Vehicle Population,2022,Other fuel types,Co. Meath,Other vehicles,All years,Number,7
Vehicle Population,2022,Other fuel types,Co. Offaly,Private cars,All years,Number,1780
Vehicle Population,2022,Other fuel types,Co. Offaly,Goods vehicles,All years,Number,5
Vehicle Population,2022,Other fuel types,Co. Offaly,Motor cycles,All years,Number,0
Vehicle Population,2022,Other fuel types,Co. Offaly,Tractors & Machinery,All years,Number,0
Vehicle Population,2022,Other fuel types,Co. Offaly,Small PSVs,All years,Number,12
Vehicle Population,2022,Other fuel types,Co. Offaly,Large PSVs,All years,Number,0
Vehicle Population,2022,Other fuel types,Co. Offaly,Exempt vehicles,All years,Number,31
Vehicle Population,2022,Other fuel types,Co. Offaly,Other vehicles,All years,Number,1
Vehicle Population,2022,Other fuel types,Co. Westmeath,Private cars,All years,Number,2521
Vehicle Population,2022,Other fuel types,Co. Westmeath,Goods vehicles,All years,Number,31
Vehicle Population,2022,Other fuel types,Co. Westmeath,Motor cycles,All years,Number,3
Vehicle Population,2022,Other fuel types,Co. Westmeath,Tractors & Machinery,All years,Number,0
Vehicle Population,2022,Other fuel types,Co. Westmeath,Small PSVs,All years,Number,20
Vehicle Population,2022,Other fuel types,Co. Westmeath,Large PSVs,All years,Number,0
Vehicle Population,2022,Other fuel types,Co. Westmeath,Exempt vehicles,All years,Number,38
Vehicle Population,2022,Other fuel types,Co. Westmeath,Other vehicles,All years,Number,2
Vehicle Population,2022,Other fuel types,Co. Wexford,Private cars,All years,Number,3958
Vehicle Population,2022,Other fuel types,Co. Wexford,Goods vehicles,All years,Number,47
Vehicle Population,2022,Other fuel types,Co. Wexford,Motor cycles,All years,Number,6
Vehicle Population,2022,Other fuel types,Co. Wexford,Tractors & Machinery,All years,Number,2
Vehicle Population,2022,Other fuel types,Co. Wexford,Small PSVs,All years,Number,14
Vehicle Population,2022,Other fuel types,Co. Wexford,Large PSVs,All years,Number,0
Vehicle Population,2022,Other fuel types,Co. Wexford,Exempt vehicles,All years,Number,68
Vehicle Population,2022,Other fuel types,Co. Wexford,Other vehicles,All years,Number,12
Vehicle Population,2022,Other fuel types,Co. Wicklow,Private cars,All years,Number,5827
Vehicle Population,2022,Other fuel types,Co. Wicklow,Goods vehicles,All years,Number,40
Vehicle Population,2022,Other fuel types,Co. Wicklow,Motor cycles,All years,Number,10
Vehicle Population,2022,Other fuel types,Co. Wicklow,Tractors & Machinery,All years,Number,0
Vehicle Population,2022,Other fuel types,Co. Wicklow,Small PSVs,All years,Number,43
Vehicle Population,2022,Other fuel types,Co. Wicklow,Large PSVs,All years,Number,1
Vehicle Population,2022,Other fuel types,Co. Wicklow,Exempt vehicles,All years,Number,68
Vehicle Population,2022,Other fuel types,Co. Wicklow,Other vehicles,All years,Number,6
Vehicle Population,2022,Other fuel types,Co. Clare,Private cars,All years,Number,3220
Vehicle Population,2022,Other fuel types,Co. Clare,Goods vehicles,All years,Number,20
Vehicle Population,2022,Other fuel types,Co. Clare,Motor cycles,All years,Number,2
Vehicle Population,2022,Other fuel types,Co. Clare,Tractors & Machinery,All years,Number,3
Vehicle Population,2022,Other fuel types,Co. Clare,Small PSVs,All years,Number,19
Vehicle Population,2022,Other fuel types,Co. Clare,Large PSVs,All years,Number,0
Vehicle Population,2022,Other fuel types,Co. Clare,Exempt vehicles,All years,Number,106
Vehicle Population,2022,Other fuel types,Co. Clare,Other vehicles,All years,Number,2
Vehicle Population,2022,Other fuel types,Co. Cork,Private cars,All years,Number,18465
Vehicle Population,2022,Other fuel types,Co. Cork,Goods vehicles,All years,Number,156
Vehicle Population,2022,Other fuel types,Co. Cork,Motor cycles,All years,Number,17
Vehicle Population,2022,Other fuel types,Co. Cork,Tractors & Machinery,All years,Number,2
Vehicle Population,2022,Other fuel types,Co. Cork,Small PSVs,All years,Number,136
Vehicle Population,2022,Other fuel types,Co. Cork,Large PSVs,All years,Number,0
Vehicle Population,2022,Other fuel types,Co. Cork,Exempt vehicles,All years,Number,472
Vehicle Population,2022,Other fuel types,Co. Cork,Other vehicles,All years,Number,12
Vehicle Population,2022,Other fuel types,Co. Kerry,Private cars,All years,Number,3413
Vehicle Population,2022,Other fuel types,Co. Kerry,Goods vehicles,All years,Number,15
Vehicle Population,2022,Other fuel types,Co. Kerry,Motor cycles,All years,Number,4
Vehicle Population,2022,Other fuel types,Co. Kerry,Tractors & Machinery,All years,Number,5
Vehicle Population,2022,Other fuel types,Co. Kerry,Small PSVs,All years,Number,11
Vehicle Population,2022,Other fuel types,Co. Kerry,Large PSVs,All years,Number,0
Vehicle Population,2022,Other fuel types,Co. Kerry,Exempt vehicles,All years,Number,87
Vehicle Population,2022,Other fuel types,Co. Kerry,Other vehicles,All years,Number,20
Vehicle Population,2022,Other fuel types,Co. Limerick,Private cars,All years,Number,5002
Vehicle Population,2022,Other fuel types,Co. Limerick,Goods vehicles,All years,Number,37
Vehicle Population,2022,Other fuel types,Co. Limerick,Motor cycles,All years,Number,4
Vehicle Population,2022,Other fuel types,Co. Limerick,Tractors & Machinery,All years,Number,2
Vehicle Population,2022,Other fuel types,Co. Limerick,Small PSVs,All years,Number,116
Vehicle Population,2022,Other fuel types,Co. Limerick,Large PSVs,All years,Number,2
Vehicle Population,2022,Other fuel types,Co. Limerick,Exempt vehicles,All years,Number,171
Vehicle Population,2022,Other fuel types,Co. Limerick,Other vehicles,All years,Number,7
Vehicle Population,2022,Other fuel types,Co. Tipperary,Private cars,All years,Number,3809
Vehicle Population,2022,Other fuel types,Co. Tipperary,Goods vehicles,All years,Number,25
Vehicle Population,2022,Other fuel types,Co. Tipperary,Motor cycles,All years,Number,4
Vehicle Population,2022,Other fuel types,Co. Tipperary,Tractors & Machinery,All years,Number,0
Vehicle Population,2022,Other fuel types,Co. Tipperary,Small PSVs,All years,Number,7
Vehicle Population,2022,Other fuel types,Co. Tipperary,Large PSVs,All years,Number,0
Vehicle Population,2022,Other fuel types,Co. Tipperary,Exempt vehicles,All years,Number,90
Vehicle Population,2022,Other fuel types,Co. Tipperary,Other vehicles,All years,Number,6
Vehicle Population,2022,Other fuel types,Co. Waterford,Private cars,All years,Number,3097
Vehicle Population,2022,Other fuel types,Co. Waterford,Goods vehicles,All years,Number,20
Vehicle Population,2022,Other fuel types,Co. Waterford,Motor cycles,All years,Number,4
Vehicle Population,2022,Other fuel types,Co. Waterford,Tractors & Machinery,All years,Number,2
Vehicle Population,2022,Other fuel types,Co. Waterford,Small PSVs,All years,Number,10
Vehicle Population,2022,Other fuel types,Co. Waterford,Large PSVs,All years,Number,0
Vehicle Population,2022,Other fuel types,Co. Waterford,Exempt vehicles,All years,Number,58
Vehicle Population,2022,Other fuel types,Co. Waterford,Other vehicles,All years,Number,4
Vehicle Population,2022,Other fuel types,Co. Galway,Private cars,All years,Number,8019
Vehicle Population,2022,Other fuel types,Co. Galway,Goods vehicles,All years,Number,49
Vehicle Population,2022,Other fuel types,Co. Galway,Motor cycles,All years,Number,4
Vehicle Population,2022,Other fuel types,Co. Galway,Tractors & Machinery,All years,Number,0
Vehicle Population,2022,Other fuel types,Co. Galway,Small PSVs,All years,Number,85
Vehicle Population,2022,Other fuel types,Co. Galway,Large PSVs,All years,Number,34
Vehicle Population,2022,Other fuel types,Co. Galway,Exempt vehicles,All years,Number,208
Vehicle Population,2022,Other fuel types,Co. Galway,Other vehicles,All years,Number,10
Vehicle Population,2022,Other fuel types,Co. Leitrim,Private cars,All years,Number,577
Vehicle Population,2022,Other fuel types,Co. Leitrim,Goods vehicles,All years,Number,3
Vehicle Population,2022,Other fuel types,Co. Leitrim,Motor cycles,All years,Number,0
Vehicle Population,2022,Other fuel types,Co. Leitrim,Tractors & Machinery,All years,Number,0
Vehicle Population,2022,Other fuel types,Co. Leitrim,Small PSVs,All years,Number,2
Vehicle Population,2022,Other fuel types,Co. Leitrim,Large PSVs,All years,Number,0
Vehicle Population,2022,Other fuel types,Co. Leitrim,Exempt vehicles,All years,Number,18
Vehicle Population,2022,Other fuel types,Co. Leitrim,Other vehicles,All years,Number,1
Vehicle Population,2022,Other fuel types,Co. Mayo,Private cars,All years,Number,2628
Vehicle Population,2022,Other fuel types,Co. Mayo,Goods vehicles,All years,Number,39
Vehicle Population,2022,Other fuel types,Co. Mayo,Motor cycles,All years,Number,2
Vehicle Population,2022,Other fuel types,Co. Mayo,Tractors & Machinery,All years,Number,0
Vehicle Population,2022,Other fuel types,Co. Mayo,Small PSVs,All years,Number,4
Vehicle Population,2022,Other fuel types,Co. Mayo,Large PSVs,All years,Number,0
Vehicle Population,2022,Other fuel types,Co. Mayo,Exempt vehicles,All years,Number,118
Vehicle Population,2022,Other fuel types,Co. Mayo,Other vehicles,All years,Number,11
Vehicle Population,2022,Other fuel types,Co. Roscommon,Private cars,All years,Number,1546
Vehicle Population,2022,Other fuel types,Co. Roscommon,Goods vehicles,All years,Number,7
Vehicle Population,2022,Other fuel types,Co. Roscommon,Motor cycles,All years,Number,0
Vehicle Population,2022,Other fuel types,Co. Roscommon,Tractors & Machinery,All years,Number,0
Vehicle Population,2022,Other fuel types,Co. Roscommon,Small PSVs,All years,Number,6
Vehicle Population,2022,Other fuel types,Co. Roscommon,Large PSVs,All years,Number,0
Vehicle Population,2022,Other fuel types,Co. Roscommon,Exempt vehicles,All years,Number,57
Vehicle Population,2022,Other fuel types,Co. Roscommon,Other vehicles,All years,Number,1
Vehicle Population,2022,Other fuel types,Co. Sligo,Private cars,All years,Number,1567
Vehicle Population,2022,Other fuel types,Co. Sligo,Goods vehicles,All years,Number,8
Vehicle Population,2022,Other fuel types,Co. Sligo,Motor cycles,All years,Number,1
Vehicle Population,2022,Other fuel types,Co. Sligo,Tractors & Machinery,All years,Number,0
Vehicle Population,2022,Other fuel types,Co. Sligo,Small PSVs,All years,Number,8
Vehicle Population,2022,Other fuel types,Co. Sligo,Large PSVs,All years,Number,0
Vehicle Population,2022,Other fuel types,Co. Sligo,Exempt vehicles,All years,Number,54
Vehicle Population,2022,Other fuel types,Co. Sligo,Other vehicles,All years,Number,5
Vehicle Population,2022,Other fuel types,Co. Cavan,Private cars,All years,Number,1699
Vehicle Population,2022,Other fuel types,Co. Cavan,Goods vehicles,All years,Number,38
Vehicle Population,2022,Other fuel types,Co. Cavan,Motor cycles,All years,Number,3
Vehicle Population,2022,Other fuel types,Co. Cavan,Tractors & Machinery,All years,Number,1
Vehicle Population,2022,Other fuel types,Co. Cavan,Small PSVs,All years,Number,11
Vehicle Population,2022,Other fuel types,Co. Cavan,Large PSVs,All years,Number,0
Vehicle Population,2022,Other fuel types,Co. Cavan,Exempt vehicles,All years,Number,34
Vehicle Population,2022,Other fuel types,Co. Cavan,Other vehicles,All years,Number,1
Vehicle Population,2022,Other fuel types,Co. Donegal,Private cars,All years,Number,3262
Vehicle Population,2022,Other fuel types,Co. Donegal,Goods vehicles,All years,Number,17
Vehicle Population,2022,Other fuel types,Co. Donegal,Motor cycles,All years,Number,5
Vehicle Population,2022,Other fuel types,Co. Donegal,Tractors & Machinery,All years,Number,1
Vehicle Population,2022,Other fuel types,Co. Donegal,Small PSVs,All years,Number,9
Vehicle Population,2022,Other fuel types,Co. Donegal,Large PSVs,All years,Number,0
Vehicle Population,2022,Other fuel types,Co. Donegal,Exempt vehicles,All years,Number,109
Vehicle Population,2022,Other fuel types,Co. Donegal,Other vehicles,All years,Number,9
Vehicle Population,2022,Other fuel types,Co. Monaghan,Private cars,All years,Number,985
Vehicle Population,2022,Other fuel types,Co. Monaghan,Goods vehicles,All years,Number,14
Vehicle Population,2022,Other fuel types,Co. Monaghan,Motor cycles,All years,Number,1
Vehicle Population,2022,Other fuel types,Co. Monaghan,Tractors & Machinery,All years,Number,0
Vehicle Population,2022,Other fuel types,Co. Monaghan,Small PSVs,All years,Number,1
Vehicle Population,2022,Other fuel types,Co. Monaghan,Large PSVs,All years,Number,0
Vehicle Population,2022,Other fuel types,Co. Monaghan,Exempt vehicles,All years,Number,18
Vehicle Population,2022,Other fuel types,Co. Monaghan,Other vehicles,All years,Number,1
Vehicle Population,2023,Petrol,Co. Carlow,Private cars,All years,Number,8824
Vehicle Population,2023,Petrol,Co. Carlow,Goods vehicles,All years,Number,7
Vehicle Population,2023,Petrol,Co. Carlow,Motor cycles,All years,Number,725
Vehicle Population,2023,Petrol,Co. Carlow,Tractors & Machinery,All years,Number,9
Vehicle Population,2023,Petrol,Co. Carlow,Small PSVs,All years,Number,1
Vehicle Population,2023,Petrol,Co. Carlow,Large PSVs,All years,Number,0
Vehicle Population,2023,Petrol,Co. Carlow,Exempt vehicles,All years,Number,40
Vehicle Population,2023,Petrol,Co. Carlow,Other vehicles,All years,Number,603
Vehicle Population,2023,Petrol,Co. Dublin,Private cars,All years,Number,261664
Vehicle Population,2023,Petrol,Co. Dublin,Goods vehicles,All years,Number,280
Vehicle Population,2023,Petrol,Co. Dublin,Motor cycles,All years,Number,12969
Vehicle Population,2023,Petrol,Co. Dublin,Tractors & Machinery,All years,Number,45
Vehicle Population,2023,Petrol,Co. Dublin,Small PSVs,All years,Number,326
Vehicle Population,2023,Petrol,Co. Dublin,Large PSVs,All years,Number,1
Vehicle Population,2023,Petrol,Co. Dublin,Exempt vehicles,All years,Number,1787
Vehicle Population,2023,Petrol,Co. Dublin,Other vehicles,All years,Number,5557
Vehicle Population,2023,Petrol,Co. Kildare,Private cars,All years,Number,41062
Vehicle Population,2023,Petrol,Co. Kildare,Goods vehicles,All years,Number,45
Vehicle Population,2023,Petrol,Co. Kildare,Motor cycles,All years,Number,2820
Vehicle Population,2023,Petrol,Co. Kildare,Tractors & Machinery,All years,Number,6
Vehicle Population,2023,Petrol,Co. Kildare,Small PSVs,All years,Number,11
Vehicle Population,2023,Petrol,Co. Kildare,Large PSVs,All years,Number,1
Vehicle Population,2023,Petrol,Co. Kildare,Exempt vehicles,All years,Number,137
Vehicle Population,2023,Petrol,Co. Kildare,Other vehicles,All years,Number,1700
Vehicle Population,2023,Petrol,Co. Kilkenny,Private cars,All years,Number,14529
Vehicle Population,2023,Petrol,Co. Kilkenny,Goods vehicles,All years,Number,18
Vehicle Population,2023,Petrol,Co. Kilkenny,Motor cycles,All years,Number,1141
Vehicle Population,2023,Petrol,Co. Kilkenny,Tractors & Machinery,All years,Number,15
Vehicle Population,2023,Petrol,Co. Kilkenny,Small PSVs,All years,Number,2
Vehicle Population,2023,Petrol,Co. Kilkenny,Large PSVs,All years,Number,0
Vehicle Population,2023,Petrol,Co. Kilkenny,Exempt vehicles,All years,Number,73
Vehicle Population,2023,Petrol,Co. Kilkenny,Other vehicles,All years,Number,760
Vehicle Population,2023,Petrol,Co. Laois,Private cars,All years,Number,10290
Vehicle Population,2023,Petrol,Co. Laois,Goods vehicles,All years,Number,12
Vehicle Population,2023,Petrol,Co. Laois,Motor cycles,All years,Number,706
Vehicle Population,2023,Petrol,Co. Laois,Tractors & Machinery,All years,Number,2
Vehicle Population,2023,Petrol,Co. Laois,Small PSVs,All years,Number,4
Vehicle Population,2023,Petrol,Co. Laois,Large PSVs,All years,Number,0
Vehicle Population,2023,Petrol,Co. Laois,Exempt vehicles,All years,Number,47
Vehicle Population,2023,Petrol,Co. Laois,Other vehicles,All years,Number,538
Vehicle Population,2023,Petrol,Co. Longford,Private cars,All years,Number,4592
Vehicle Population,2023,Petrol,Co. Longford,Goods vehicles,All years,Number,5
Vehicle Population,2023,Petrol,Co. Longford,Motor cycles,All years,Number,322
Vehicle Population,2023,Petrol,Co. Longford,Tractors & Machinery,All years,Number,6
Vehicle Population,2023,Petrol,Co. Longford,Small PSVs,All years,Number,2
Vehicle Population,2023,Petrol,Co. Longford,Large PSVs,All years,Number,0
Vehicle Population,2023,Petrol,Co. Longford,Exempt vehicles,All years,Number,24
Vehicle Population,2023,Petrol,Co. Longford,Other vehicles,All years,Number,249
Vehicle Population,2023,Petrol,Co. Louth,Private cars,All years,Number,20047
Vehicle Population,2023,Petrol,Co. Louth,Goods vehicles,All years,Number,20
Vehicle Population,2023,Petrol,Co. Louth,Motor cycles,All years,Number,1109
Vehicle Population,2023,Petrol,Co. Louth,Tractors & Machinery,All years,Number,26
Vehicle Population,2023,Petrol,Co. Louth,Small PSVs,All years,Number,12
Vehicle Population,2023,Petrol,Co. Louth,Large PSVs,All years,Number,0
Vehicle Population,2023,Petrol,Co. Louth,Exempt vehicles,All years,Number,156
Vehicle Population,2023,Petrol,Co. Louth,Other vehicles,All years,Number,638
Vehicle Population,2023,Petrol,Co. Meath,Private cars,All years,Number,31355
Vehicle Population,2023,Petrol,Co. Meath,Goods vehicles,All years,Number,34
Vehicle Population,2023,Petrol,Co. Meath,Motor cycles,All years,Number,2227
Vehicle Population,2023,Petrol,Co. Meath,Tractors & Machinery,All years,Number,13
Vehicle Population,2023,Petrol,Co. Meath,Small PSVs,All years,Number,18
Vehicle Population,2023,Petrol,Co. Meath,Large PSVs,All years,Number,0
Vehicle Population,2023,Petrol,Co. Meath,Exempt vehicles,All years,Number,139
Vehicle Population,2023,Petrol,Co. Meath,Other vehicles,All years,Number,1353
Vehicle Population,2023,Petrol,Co. Offaly,Private cars,All years,Number,9672
Vehicle Population,2023,Petrol,Co. Offaly,Goods vehicles,All years,Number,6
Vehicle Population,2023,Petrol,Co. Offaly,Motor cycles,All years,Number,850
Vehicle Population,2023,Petrol,Co. Offaly,Tractors & Machinery,All years,Number,11
Vehicle Population,2023,Petrol,Co. Offaly,Small PSVs,All years,Number,6
Vehicle Population,2023,Petrol,Co. Offaly,Large PSVs,All years,Number,0
Vehicle Population,2023,Petrol,Co. Offaly,Exempt vehicles,All years,Number,35
Vehicle Population,2023,Petrol,Co. Offaly,Other vehicles,All years,Number,497
Vehicle Population,2023,Petrol,Co. Westmeath,Private cars,All years,Number,11576
Vehicle Population,2023,Petrol,Co. Westmeath,Goods vehicles,All years,Number,19
Vehicle Population,2023,Petrol,Co. Westmeath,Motor cycles,All years,Number,724
Vehicle Population,2023,Petrol,Co. Westmeath,Tractors & Machinery,All years,Number,9
Vehicle Population,2023,Petrol,Co. Westmeath,Small PSVs,All years,Number,3
Vehicle Population,2023,Petrol,Co. Westmeath,Large PSVs,All years,Number,0
Vehicle Population,2023,Petrol,Co. Westmeath,Exempt vehicles,All years,Number,57
Vehicle Population,2023,Petrol,Co. Westmeath,Other vehicles,All years,Number,462
Vehicle Population,2023,Petrol,Co. Wexford,Private cars,All years,Number,24467
Vehicle Population,2023,Petrol,Co. Wexford,Goods vehicles,All years,Number,31
Vehicle Population,2023,Petrol,Co. Wexford,Motor cycles,All years,Number,1926
Vehicle Population,2023,Petrol,Co. Wexford,Tractors & Machinery,All years,Number,15
Vehicle Population,2023,Petrol,Co. Wexford,Small PSVs,All years,Number,6
Vehicle Population,2023,Petrol,Co. Wexford,Large PSVs,All years,Number,0
Vehicle Population,2023,Petrol,Co. Wexford,Exempt vehicles,All years,Number,135
Vehicle Population,2023,Petrol,Co. Wexford,Other vehicles,All years,Number,1269
Vehicle Population,2023,Petrol,Co. Wicklow,Private cars,All years,Number,28527
Vehicle Population,2023,Petrol,Co. Wicklow,Goods vehicles,All years,Number,47
Vehicle Population,2023,Petrol,Co. Wicklow,Motor cycles,All years,Number,1890
Vehicle Population,2023,Petrol,Co. Wicklow,Tractors & Machinery,All years,Number,9
Vehicle Population,2023,Petrol,Co. Wicklow,Small PSVs,All years,Number,9
Vehicle Population,2023,Petrol,Co. Wicklow,Large PSVs,All years,Number,0
Vehicle Population,2023,Petrol,Co. Wicklow,Exempt vehicles,All years,Number,142
Vehicle Population,2023,Petrol,Co. Wicklow,Other vehicles,All years,Number,1494
Vehicle Population,2023,Petrol,Co. Clare,Private cars,All years,Number,19862
Vehicle Population,2023,Petrol,Co. Clare,Goods vehicles,All years,Number,16
Vehicle Population,2023,Petrol,Co. Clare,Motor cycles,All years,Number,1107
Vehicle Population,2023,Petrol,Co. Clare,Tractors & Machinery,All years,Number,2
Vehicle Population,2023,Petrol,Co. Clare,Small PSVs,All years,Number,9
Vehicle Population,2023,Petrol,Co. Clare,Large PSVs,All years,Number,0
Vehicle Population,2023,Petrol,Co. Clare,Exempt vehicles,All years,Number,179
Vehicle Population,2023,Petrol,Co. Clare,Other vehicles,All years,Number,814
Vehicle Population,2023,Petrol,Co. Cork,Private cars,All years,Number,106119
Vehicle Population,2023,Petrol,Co. Cork,Goods vehicles,All years,Number,128
Vehicle Population,2023,Petrol,Co. Cork,Motor cycles,All years,Number,6560
Vehicle Population,2023,Petrol,Co. Cork,Tractors & Machinery,All years,Number,42
Vehicle Population,2023,Petrol,Co. Cork,Small PSVs,All years,Number,59
Vehicle Population,2023,Petrol,Co. Cork,Large PSVs,All years,Number,0
Vehicle Population,2023,Petrol,Co. Cork,Exempt vehicles,All years,Number,778
Vehicle Population,2023,Petrol,Co. Cork,Other vehicles,All years,Number,4185
Vehicle Population,2023,Petrol,Co. Kerry,Private cars,All years,Number,25590
Vehicle Population,2023,Petrol,Co. Kerry,Goods vehicles,All years,Number,31
Vehicle Population,2023,Petrol,Co. Kerry,Motor cycles,All years,Number,1416
Vehicle Population,2023,Petrol,Co. Kerry,Tractors & Machinery,All years,Number,20
Vehicle Population,2023,Petrol,Co. Kerry,Small PSVs,All years,Number,7
Vehicle Population,2023,Petrol,Co. Kerry,Large PSVs,All years,Number,0
Vehicle Population,2023,Petrol,Co. Kerry,Exempt vehicles,All years,Number,141
Vehicle Population,2023,Petrol,Co. Kerry,Other vehicles,All years,Number,1262
Vehicle Population,2023,Petrol,Co. Limerick,Private cars,All years,Number,32770
Vehicle Population,2023,Petrol,Co. Limerick,Goods vehicles,All years,Number,19
Vehicle Population,2023,Petrol,Co. Limerick,Motor cycles,All years,Number,1867
Vehicle Population,2023,Petrol,Co. Limerick,Tractors & Machinery,All years,Number,35
Vehicle Population,2023,Petrol,Co. Limerick,Small PSVs,All years,Number,36
Vehicle Population,2023,Petrol,Co. Limerick,Large PSVs,All years,Number,0
Vehicle Population,2023,Petrol,Co. Limerick,Exempt vehicles,All years,Number,282
Vehicle Population,2023,Petrol,Co. Limerick,Other vehicles,All years,Number,1282
Vehicle Population,2023,Petrol,Co. Tipperary,Private cars,All years,Number,24295
Vehicle Population,2023,Petrol,Co. Tipperary,Goods vehicles,All years,Number,27
Vehicle Population,2023,Petrol,Co. Tipperary,Motor cycles,All years,Number,1767
Vehicle Population,2023,Petrol,Co. Tipperary,Tractors & Machinery,All years,Number,16
Vehicle Population,2023,Petrol,Co. Tipperary,Small PSVs,All years,Number,2
Vehicle Population,2023,Petrol,Co. Tipperary,Large PSVs,All years,Number,0
Vehicle Population,2023,Petrol,Co. Tipperary,Exempt vehicles,All years,Number,162
Vehicle Population,2023,Petrol,Co. Tipperary,Other vehicles,All years,Number,1331
Vehicle Population,2023,Petrol,Co. Waterford,Private cars,All years,Number,24556
Vehicle Population,2023,Petrol,Co. Waterford,Goods vehicles,All years,Number,26
Vehicle Population,2023,Petrol,Co. Waterford,Motor cycles,All years,Number,1706
Vehicle Population,2023,Petrol,Co. Waterford,Tractors & Machinery,All years,Number,10
Vehicle Population,2023,Petrol,Co. Waterford,Small PSVs,All years,Number,12
Vehicle Population,2023,Petrol,Co. Waterford,Large PSVs,All years,Number,1
Vehicle Population,2023,Petrol,Co. Waterford,Exempt vehicles,All years,Number,103
Vehicle Population,2023,Petrol,Co. Waterford,Other vehicles,All years,Number,855
Vehicle Population,2023,Petrol,Co. Galway,Private cars,All years,Number,38392
Vehicle Population,2023,Petrol,Co. Galway,Goods vehicles,All years,Number,46
Vehicle Population,2023,Petrol,Co. Galway,Motor cycles,All years,Number,1801
Vehicle Population,2023,Petrol,Co. Galway,Tractors & Machinery,All years,Number,49
Vehicle Population,2023,Petrol,Co. Galway,Small PSVs,All years,Number,35
Vehicle Population,2023,Petrol,Co. Galway,Large PSVs,All years,Number,0
Vehicle Population,2023,Petrol,Co. Galway,Exempt vehicles,All years,Number,317
Vehicle Population,2023,Petrol,Co. Galway,Other vehicles,All years,Number,1418
Vehicle Population,2023,Petrol,Co. Leitrim,Private cars,All years,Number,4133
Vehicle Population,2023,Petrol,Co. Leitrim,Goods vehicles,All years,Number,5
Vehicle Population,2023,Petrol,Co. Leitrim,Motor cycles,All years,Number,202
Vehicle Population,2023,Petrol,Co. Leitrim,Tractors & Machinery,All years,Number,3
Vehicle Population,2023,Petrol,Co. Leitrim,Small PSVs,All years,Number,0
Vehicle Population,2023,Petrol,Co. Leitrim,Large PSVs,All years,Number,0
Vehicle Population,2023,Petrol,Co. Leitrim,Exempt vehicles,All years,Number,46
Vehicle Population,2023,Petrol,Co. Leitrim,Other vehicles,All years,Number,260
Vehicle Population,2023,Petrol,Co. Mayo,Private cars,All years,Number,17554
Vehicle Population,2023,Petrol,Co. Mayo,Goods vehicles,All years,Number,20
Vehicle Population,2023,Petrol,Co. Mayo,Motor cycles,All years,Number,878
Vehicle Population,2023,Petrol,Co. Mayo,Tractors & Machinery,All years,Number,11
Vehicle Population,2023,Petrol,Co. Mayo,Small PSVs,All years,Number,6
Vehicle Population,2023,Petrol,Co. Mayo,Large PSVs,All years,Number,0
Vehicle Population,2023,Petrol,Co. Mayo,Exempt vehicles,All years,Number,189
Vehicle Population,2023,Petrol,Co. Mayo,Other vehicles,All years,Number,721
Vehicle Population,2023,Petrol,Co. Roscommon,Private cars,All years,Number,11001
Vehicle Population,2023,Petrol,Co. Roscommon,Goods vehicles,All years,Number,10
Vehicle Population,2023,Petrol,Co. Roscommon,Motor cycles,All years,Number,434
Vehicle Population,2023,Petrol,Co. Roscommon,Tractors & Machinery,All years,Number,6
Vehicle Population,2023,Petrol,Co. Roscommon,Small PSVs,All years,Number,3
Vehicle Population,2023,Petrol,Co. Roscommon,Large PSVs,All years,Number,0
Vehicle Population,2023,Petrol,Co. Roscommon,Exempt vehicles,All years,Number,73
Vehicle Population,2023,Petrol,Co. Roscommon,Other vehicles,All years,Number,400
Vehicle Population,2023,Petrol,Co. Sligo,Private cars,All years,Number,9907
Vehicle Population,2023,Petrol,Co. Sligo,Goods vehicles,All years,Number,6
Vehicle Population,2023,Petrol,Co. Sligo,Motor cycles,All years,Number,527
Vehicle Population,2023,Petrol,Co. Sligo,Tractors & Machinery,All years,Number,23
Vehicle Population,2023,Petrol,Co. Sligo,Small PSVs,All years,Number,7
Vehicle Population,2023,Petrol,Co. Sligo,Large PSVs,All years,Number,1
Vehicle Population,2023,Petrol,Co. Sligo,Exempt vehicles,All years,Number,104
Vehicle Population,2023,Petrol,Co. Sligo,Other vehicles,All years,Number,453
Vehicle Population,2023,Petrol,Co. Cavan,Private cars,All years,Number,8600
Vehicle Population,2023,Petrol,Co. Cavan,Goods vehicles,All years,Number,11
Vehicle Population,2023,Petrol,Co. Cavan,Motor cycles,All years,Number,626
Vehicle Population,2023,Petrol,Co. Cavan,Tractors & Machinery,All years,Number,41
Vehicle Population,2023,Petrol,Co. Cavan,Small PSVs,All years,Number,3
Vehicle Population,2023,Petrol,Co. Cavan,Large PSVs,All years,Number,0
Vehicle Population,2023,Petrol,Co. Cavan,Exempt vehicles,All years,Number,55
Vehicle Population,2023,Petrol,Co. Cavan,Other vehicles,All years,Number,502
Vehicle Population,2023,Petrol,Co. Donegal,Private cars,All years,Number,19367
Vehicle Population,2023,Petrol,Co. Donegal,Goods vehicles,All years,Number,32
Vehicle Population,2023,Petrol,Co. Donegal,Motor cycles,All years,Number,900
Vehicle Population,2023,Petrol,Co. Donegal,Tractors & Machinery,All years,Number,14
Vehicle Population,2023,Petrol,Co. Donegal,Small PSVs,All years,Number,1
Vehicle Population,2023,Petrol,Co. Donegal,Large PSVs,All years,Number,1
Vehicle Population,2023,Petrol,Co. Donegal,Exempt vehicles,All years,Number,158
Vehicle Population,2023,Petrol,Co. Donegal,Other vehicles,All years,Number,1171
Vehicle Population,2023,Petrol,Co. Monaghan,Private cars,All years,Number,6548
Vehicle Population,2023,Petrol,Co. Monaghan,Goods vehicles,All years,Number,17
Vehicle Population,2023,Petrol,Co. Monaghan,Motor cycles,All years,Number,396
Vehicle Population,2023,Petrol,Co. Monaghan,Tractors & Machinery,All years,Number,5
Vehicle Population,2023,Petrol,Co. Monaghan,Small PSVs,All years,Number,0
Vehicle Population,2023,Petrol,Co. Monaghan,Large PSVs,All years,Number,0
Vehicle Population,2023,Petrol,Co. Monaghan,Exempt vehicles,All years,Number,38
Vehicle Population,2023,Petrol,Co. Monaghan,Other vehicles,All years,Number,382
Vehicle Population,2023,Diesel,Co. Carlow,Private cars,All years,Number,20303
Vehicle Population,2023,Diesel,Co. Carlow,Goods vehicles,All years,Number,6123
Vehicle Population,2023,Diesel,Co. Carlow,Motor cycles,All years,Number,2
Vehicle Population,2023,Diesel,Co. Carlow,Tractors & Machinery,All years,Number,1831
Vehicle Population,2023,Diesel,Co. Carlow,Small PSVs,All years,Number,96
Vehicle Population,2023,Diesel,Co. Carlow,Large PSVs,All years,Number,155
Vehicle Population,2023,Diesel,Co. Carlow,Exempt vehicles,All years,Number,247
Vehicle Population,2023,Diesel,Co. Carlow,Other vehicles,All years,Number,991
Vehicle Population,2023,Diesel,Co. Dublin,Private cars,All years,Number,226726
Vehicle Population,2023,Diesel,Co. Dublin,Goods vehicles,All years,Number,90571
Vehicle Population,2023,Diesel,Co. Dublin,Motor cycles,All years,Number,26
Vehicle Population,2023,Diesel,Co. Dublin,Tractors & Machinery,All years,Number,1796
Vehicle Population,2023,Diesel,Co. Dublin,Small PSVs,All years,Number,5828
Vehicle Population,2023,Diesel,Co. Dublin,Large PSVs,All years,Number,3203
Vehicle Population,2023,Diesel,Co. Dublin,Exempt vehicles,All years,Number,8045
Vehicle Population,2023,Diesel,Co. Dublin,Other vehicles,All years,Number,4973
Vehicle Population,2023,Diesel,Co. Kildare,Private cars,All years,Number,64744
Vehicle Population,2023,Diesel,Co. Kildare,Goods vehicles,All years,Number,18363
Vehicle Population,2023,Diesel,Co. Kildare,Motor cycles,All years,Number,6
Vehicle Population,2023,Diesel,Co. Kildare,Tractors & Machinery,All years,Number,2644
Vehicle Population,2023,Diesel,Co. Kildare,Small PSVs,All years,Number,491
Vehicle Population,2023,Diesel,Co. Kildare,Large PSVs,All years,Number,477
Vehicle Population,2023,Diesel,Co. Kildare,Exempt vehicles,All years,Number,702
Vehicle Population,2023,Diesel,Co. Kildare,Other vehicles,All years,Number,2008
Vehicle Population,2023,Diesel,Co. Kilkenny,Private cars,All years,Number,31137
Vehicle Population,2023,Diesel,Co. Kilkenny,Goods vehicles,All years,Number,8883
Vehicle Population,2023,Diesel,Co. Kilkenny,Motor cycles,All years,Number,2
Vehicle Population,2023,Diesel,Co. Kilkenny,Tractors & Machinery,All years,Number,3790
Vehicle Population,2023,Diesel,Co. Kilkenny,Small PSVs,All years,Number,166
Vehicle Population,2023,Diesel,Co. Kilkenny,Large PSVs,All years,Number,406
Vehicle Population,2023,Diesel,Co. Kilkenny,Exempt vehicles,All years,Number,410
Vehicle Population,2023,Diesel,Co. Kilkenny,Other vehicles,All years,Number,1365
Vehicle Population,2023,Diesel,Co. Laois,Private cars,All years,Number,26741
Vehicle Population,2023,Diesel,Co. Laois,Goods vehicles,All years,Number,6514
Vehicle Population,2023,Diesel,Co. Laois,Motor cycles,All years,Number,3
Vehicle Population,2023,Diesel,Co. Laois,Tractors & Machinery,All years,Number,2948
Vehicle Population,2023,Diesel,Co. Laois,Small PSVs,All years,Number,136
Vehicle Population,2023,Diesel,Co. Laois,Large PSVs,All years,Number,249
Vehicle Population,2023,Diesel,Co. Laois,Exempt vehicles,All years,Number,290
Vehicle Population,2023,Diesel,Co. Laois,Other vehicles,All years,Number,1057
Vehicle Population,2023,Diesel,Co. Longford,Private cars,All years,Number,13258
Vehicle Population,2023,Diesel,Co. Longford,Goods vehicles,All years,Number,4312
Vehicle Population,2023,Diesel,Co. Longford,Motor cycles,All years,Number,0
Vehicle Population,2023,Diesel,Co. Longford,Tractors & Machinery,All years,Number,1226
Vehicle Population,2023,Diesel,Co. Longford,Small PSVs,All years,Number,66
Vehicle Population,2023,Diesel,Co. Longford,Large PSVs,All years,Number,138
Vehicle Population,2023,Diesel,Co. Longford,Exempt vehicles,All years,Number,217
Vehicle Population,2023,Diesel,Co. Longford,Other vehicles,All years,Number,831
Vehicle Population,2023,Diesel,Co. Louth,Private cars,All years,Number,32554
Vehicle Population,2023,Diesel,Co. Louth,Goods vehicles,All years,Number,8585
Vehicle Population,2023,Diesel,Co. Louth,Motor cycles,All years,Number,6
Vehicle Population,2023,Diesel,Co. Louth,Tractors & Machinery,All years,Number,1107
Vehicle Population,2023,Diesel,Co. Louth,Small PSVs,All years,Number,360
Vehicle Population,2023,Diesel,Co. Louth,Large PSVs,All years,Number,249
Vehicle Population,2023,Diesel,Co. Louth,Exempt vehicles,All years,Number,403
Vehicle Population,2023,Diesel,Co. Louth,Other vehicles,All years,Number,903
Vehicle Population,2023,Diesel,Co. Meath,Private cars,All years,Number,59855
Vehicle Population,2023,Diesel,Co. Meath,Goods vehicles,All years,Number,16996
Vehicle Population,2023,Diesel,Co. Meath,Motor cycles,All years,Number,5
Vehicle Population,2023,Diesel,Co. Meath,Tractors & Machinery,All years,Number,3085
Vehicle Population,2023,Diesel,Co. Meath,Small PSVs,All years,Number,628
Vehicle Population,2023,Diesel,Co. Meath,Large PSVs,All years,Number,412
Vehicle Population,2023,Diesel,Co. Meath,Exempt vehicles,All years,Number,557
Vehicle Population,2023,Diesel,Co. Meath,Other vehicles,All years,Number,1885
Vehicle Population,2023,Diesel,Co. Offaly,Private cars,All years,Number,26004
Vehicle Population,2023,Diesel,Co. Offaly,Goods vehicles,All years,Number,6961
Vehicle Population,2023,Diesel,Co. Offaly,Motor cycles,All years,Number,3
Vehicle Population,2023,Diesel,Co. Offaly,Tractors & Machinery,All years,Number,2492
Vehicle Population,2023,Diesel,Co. Offaly,Small PSVs,All years,Number,110
Vehicle Population,2023,Diesel,Co. Offaly,Large PSVs,All years,Number,242
Vehicle Population,2023,Diesel,Co. Offaly,Exempt vehicles,All years,Number,277
Vehicle Population,2023,Diesel,Co. Offaly,Other vehicles,All years,Number,1646
Vehicle Population,2023,Diesel,Co. Westmeath,Private cars,All years,Number,30362
Vehicle Population,2023,Diesel,Co. Westmeath,Goods vehicles,All years,Number,8575
Vehicle Population,2023,Diesel,Co. Westmeath,Motor cycles,All years,Number,3
Vehicle Population,2023,Diesel,Co. Westmeath,Tractors & Machinery,All years,Number,2038
Vehicle Population,2023,Diesel,Co. Westmeath,Small PSVs,All years,Number,196
Vehicle Population,2023,Diesel,Co. Westmeath,Large PSVs,All years,Number,148
Vehicle Population,2023,Diesel,Co. Westmeath,Exempt vehicles,All years,Number,275
Vehicle Population,2023,Diesel,Co. Westmeath,Other vehicles,All years,Number,1308
Vehicle Population,2023,Diesel,Co. Wexford,Private cars,All years,Number,53876
Vehicle Population,2023,Diesel,Co. Wexford,Goods vehicles,All years,Number,14891
Vehicle Population,2023,Diesel,Co. Wexford,Motor cycles,All years,Number,1
Vehicle Population,2023,Diesel,Co. Wexford,Tractors & Machinery,All years,Number,4798
Vehicle Population,2023,Diesel,Co. Wexford,Small PSVs,All years,Number,153
Vehicle Population,2023,Diesel,Co. Wexford,Large PSVs,All years,Number,330
Vehicle Population,2023,Diesel,Co. Wexford,Exempt vehicles,All years,Number,510
Vehicle Population,2023,Diesel,Co. Wexford,Other vehicles,All years,Number,2945
Vehicle Population,2023,Diesel,Co. Wicklow,Private cars,All years,Number,37836
Vehicle Population,2023,Diesel,Co. Wicklow,Goods vehicles,All years,Number,10047
Vehicle Population,2023,Diesel,Co. Wicklow,Motor cycles,All years,Number,3
Vehicle Population,2023,Diesel,Co. Wicklow,Tractors & Machinery,All years,Number,1791
Vehicle Population,2023,Diesel,Co. Wicklow,Small PSVs,All years,Number,230
Vehicle Population,2023,Diesel,Co. Wicklow,Large PSVs,All years,Number,261
Vehicle Population,2023,Diesel,Co. Wicklow,Exempt vehicles,All years,Number,399
Vehicle Population,2023,Diesel,Co. Wicklow,Other vehicles,All years,Number,1658
Vehicle Population,2023,Diesel,Co. Clare,Private cars,All years,Number,38203
Vehicle Population,2023,Diesel,Co. Clare,Goods vehicles,All years,Number,9604
Vehicle Population,2023,Diesel,Co. Clare,Motor cycles,All years,Number,2
Vehicle Population,2023,Diesel,Co. Clare,Tractors & Machinery,All years,Number,2840
Vehicle Population,2023,Diesel,Co. Clare,Small PSVs,All years,Number,303
Vehicle Population,2023,Diesel,Co. Clare,Large PSVs,All years,Number,269
Vehicle Population,2023,Diesel,Co. Clare,Exempt vehicles,All years,Number,498
Vehicle Population,2023,Diesel,Co. Clare,Other vehicles,All years,Number,2190
Vehicle Population,2023,Diesel,Co. Cork,Private cars,All years,Number,150180
Vehicle Population,2023,Diesel,Co. Cork,Goods vehicles,All years,Number,43950
Vehicle Population,2023,Diesel,Co. Cork,Motor cycles,All years,Number,15
Vehicle Population,2023,Diesel,Co. Cork,Tractors & Machinery,All years,Number,11202
Vehicle Population,2023,Diesel,Co. Cork,Small PSVs,All years,Number,1173
Vehicle Population,2023,Diesel,Co. Cork,Large PSVs,All years,Number,916
Vehicle Population,2023,Diesel,Co. Cork,Exempt vehicles,All years,Number,2153
Vehicle Population,2023,Diesel,Co. Cork,Other vehicles,All years,Number,7038
Vehicle Population,2023,Diesel,Co. Kerry,Private cars,All years,Number,48457
Vehicle Population,2023,Diesel,Co. Kerry,Goods vehicles,All years,Number,12901
Vehicle Population,2023,Diesel,Co. Kerry,Motor cycles,All years,Number,1
Vehicle Population,2023,Diesel,Co. Kerry,Tractors & Machinery,All years,Number,4218
Vehicle Population,2023,Diesel,Co. Kerry,Small PSVs,All years,Number,428
Vehicle Population,2023,Diesel,Co. Kerry,Large PSVs,All years,Number,546
Vehicle Population,2023,Diesel,Co. Kerry,Exempt vehicles,All years,Number,559
Vehicle Population,2023,Diesel,Co. Kerry,Other vehicles,All years,Number,3126
Vehicle Population,2023,Diesel,Co. Limerick,Private cars,All years,Number,55785
Vehicle Population,2023,Diesel,Co. Limerick,Goods vehicles,All years,Number,14147
Vehicle Population,2023,Diesel,Co. Limerick,Motor cycles,All years,Number,1
Vehicle Population,2023,Diesel,Co. Limerick,Tractors & Machinery,All years,Number,3695
Vehicle Population,2023,Diesel,Co. Limerick,Small PSVs,All years,Number,411
Vehicle Population,2023,Diesel,Co. Limerick,Large PSVs,All years,Number,310
Vehicle Population,2023,Diesel,Co. Limerick,Exempt vehicles,All years,Number,734
Vehicle Population,2023,Diesel,Co. Limerick,Other vehicles,All years,Number,2472
Vehicle Population,2023,Diesel,Co. Tipperary,Private cars,All years,Number,57132
Vehicle Population,2023,Diesel,Co. Tipperary,Goods vehicles,All years,Number,15111
Vehicle Population,2023,Diesel,Co. Tipperary,Motor cycles,All years,Number,5
Vehicle Population,2023,Diesel,Co. Tipperary,Tractors & Machinery,All years,Number,5691
Vehicle Population,2023,Diesel,Co. Tipperary,Small PSVs,All years,Number,210
Vehicle Population,2023,Diesel,Co. Tipperary,Large PSVs,All years,Number,454
Vehicle Population,2023,Diesel,Co. Tipperary,Exempt vehicles,All years,Number,678
Vehicle Population,2023,Diesel,Co. Tipperary,Other vehicles,All years,Number,2633
Vehicle Population,2023,Diesel,Co. Waterford,Private cars,All years,Number,33997
Vehicle Population,2023,Diesel,Co. Waterford,Goods vehicles,All years,Number,8459
Vehicle Population,2023,Diesel,Co. Waterford,Motor cycles,All years,Number,2
Vehicle Population,2023,Diesel,Co. Waterford,Tractors & Machinery,All years,Number,2283
Vehicle Population,2023,Diesel,Co. Waterford,Small PSVs,All years,Number,219
Vehicle Population,2023,Diesel,Co. Waterford,Large PSVs,All years,Number,196
Vehicle Population,2023,Diesel,Co. Waterford,Exempt vehicles,All years,Number,416
Vehicle Population,2023,Diesel,Co. Waterford,Other vehicles,All years,Number,1498
Vehicle Population,2023,Diesel,Co. Galway,Private cars,All years,Number,78028
Vehicle Population,2023,Diesel,Co. Galway,Goods vehicles,All years,Number,21213
Vehicle Population,2023,Diesel,Co. Galway,Motor cycles,All years,Number,4
Vehicle Population,2023,Diesel,Co. Galway,Tractors & Machinery,All years,Number,5032
Vehicle Population,2023,Diesel,Co. Galway,Small PSVs,All years,Number,669
Vehicle Population,2023,Diesel,Co. Galway,Large PSVs,All years,Number,744
Vehicle Population,2023,Diesel,Co. Galway,Exempt vehicles,All years,Number,1485
Vehicle Population,2023,Diesel,Co. Galway,Other vehicles,All years,Number,4421
Vehicle Population,2023,Diesel,Co. Leitrim,Private cars,All years,Number,11349
Vehicle Population,2023,Diesel,Co. Leitrim,Goods vehicles,All years,Number,3817
Vehicle Population,2023,Diesel,Co. Leitrim,Motor cycles,All years,Number,1
Vehicle Population,2023,Diesel,Co. Leitrim,Tractors & Machinery,All years,Number,919
Vehicle Population,2023,Diesel,Co. Leitrim,Small PSVs,All years,Number,45
Vehicle Population,2023,Diesel,Co. Leitrim,Large PSVs,All years,Number,133
Vehicle Population,2023,Diesel,Co. Leitrim,Exempt vehicles,All years,Number,182
Vehicle Population,2023,Diesel,Co. Leitrim,Other vehicles,All years,Number,722
Vehicle Population,2023,Diesel,Co. Mayo,Private cars,All years,Number,44926
Vehicle Population,2023,Diesel,Co. Mayo,Goods vehicles,All years,Number,13642
Vehicle Population,2023,Diesel,Co. Mayo,Motor cycles,All years,Number,0
Vehicle Population,2023,Diesel,Co. Mayo,Tractors & Machinery,All years,Number,4574
Vehicle Population,2023,Diesel,Co. Mayo,Small PSVs,All years,Number,216
Vehicle Population,2023,Diesel,Co. Mayo,Large PSVs,All years,Number,399
Vehicle Population,2023,Diesel,Co. Mayo,Exempt vehicles,All years,Number,820
Vehicle Population,2023,Diesel,Co. Mayo,Other vehicles,All years,Number,2154
Vehicle Population,2023,Diesel,Co. Roscommon,Private cars,All years,Number,23214
Vehicle Population,2023,Diesel,Co. Roscommon,Goods vehicles,All years,Number,6514
Vehicle Population,2023,Diesel,Co. Roscommon,Motor cycles,All years,Number,3
Vehicle Population,2023,Diesel,Co. Roscommon,Tractors & Machinery,All years,Number,2277
Vehicle Population,2023,Diesel,Co. Roscommon,Small PSVs,All years,Number,90
Vehicle Population,2023,Diesel,Co. Roscommon,Large PSVs,All years,Number,138
Vehicle Population,2023,Diesel,Co. Roscommon,Exempt vehicles,All years,Number,332
Vehicle Population,2023,Diesel,Co. Roscommon,Other vehicles,All years,Number,1624
Vehicle Population,2023,Diesel,Co. Sligo,Private cars,All years,Number,19595
Vehicle Population,2023,Diesel,Co. Sligo,Goods vehicles,All years,Number,6532
Vehicle Population,2023,Diesel,Co. Sligo,Motor cycles,All years,Number,2
Vehicle Population,2023,Diesel,Co. Sligo,Tractors & Machinery,All years,Number,1461
Vehicle Population,2023,Diesel,Co. Sligo,Small PSVs,All years,Number,122
Vehicle Population,2023,Diesel,Co. Sligo,Large PSVs,All years,Number,133
Vehicle Population,2023,Diesel,Co. Sligo,Exempt vehicles,All years,Number,291
Vehicle Population,2023,Diesel,Co. Sligo,Other vehicles,All years,Number,1321
Vehicle Population,2023,Diesel,Co. Cavan,Private cars,All years,Number,24852
Vehicle Population,2023,Diesel,Co. Cavan,Goods vehicles,All years,Number,8841
Vehicle Population,2023,Diesel,Co. Cavan,Motor cycles,All years,Number,3
Vehicle Population,2023,Diesel,Co. Cavan,Tractors & Machinery,All years,Number,2641
Vehicle Population,2023,Diesel,Co. Cavan,Small PSVs,All years,Number,129
Vehicle Population,2023,Diesel,Co. Cavan,Large PSVs,All years,Number,177
Vehicle Population,2023,Diesel,Co. Cavan,Exempt vehicles,All years,Number,269
Vehicle Population,2023,Diesel,Co. Cavan,Other vehicles,All years,Number,1115
Vehicle Population,2023,Diesel,Co. Donegal,Private cars,All years,Number,47651
Vehicle Population,2023,Diesel,Co. Donegal,Goods vehicles,All years,Number,16429
Vehicle Population,2023,Diesel,Co. Donegal,Motor cycles,All years,Number,2
Vehicle Population,2023,Diesel,Co. Donegal,Tractors & Machinery,All years,Number,3031
Vehicle Population,2023,Diesel,Co. Donegal,Small PSVs,All years,Number,263
Vehicle Population,2023,Diesel,Co. Donegal,Large PSVs,All years,Number,679
Vehicle Population,2023,Diesel,Co. Donegal,Exempt vehicles,All years,Number,687
Vehicle Population,2023,Diesel,Co. Donegal,Other vehicles,All years,Number,3132
Vehicle Population,2023,Diesel,Co. Monaghan,Private cars,All years,Number,20586
Vehicle Population,2023,Diesel,Co. Monaghan,Goods vehicles,All years,Number,8715
Vehicle Population,2023,Diesel,Co. Monaghan,Motor cycles,All years,Number,0
Vehicle Population,2023,Diesel,Co. Monaghan,Tractors & Machinery,All years,Number,1669
Vehicle Population,2023,Diesel,Co. Monaghan,Small PSVs,All years,Number,65
Vehicle Population,2023,Diesel,Co. Monaghan,Large PSVs,All years,Number,260
Vehicle Population,2023,Diesel,Co. Monaghan,Exempt vehicles,All years,Number,208
Vehicle Population,2023,Diesel,Co. Monaghan,Other vehicles,All years,Number,874
Vehicle Population,2023,Other fuel types,Co. Carlow,Private cars,All years,Number,1965
Vehicle Population,2023,Other fuel types,Co. Carlow,Goods vehicles,All years,Number,20
Vehicle Population,2023,Other fuel types,Co. Carlow,Motor cycles,All years,Number,1
Vehicle Population,2023,Other fuel types,Co. Carlow,Tractors & Machinery,All years,Number,0
Vehicle Population,2023,Other fuel types,Co. Carlow,Small PSVs,All years,Number,19
Vehicle Population,2023,Other fuel types,Co. Carlow,Large PSVs,All years,Number,0
Vehicle Population,2023,Other fuel types,Co. Carlow,Exempt vehicles,All years,Number,23
Vehicle Population,2023,Other fuel types,Co. Carlow,Other vehicles,All years,Number,5
Vehicle Population,2023,Other fuel types,Co. Dublin,Private cars,All years,Number,87144
Vehicle Population,2023,Other fuel types,Co. Dublin,Goods vehicles,All years,Number,2404
Vehicle Population,2023,Other fuel types,Co. Dublin,Motor cycles,All years,Number,103
Vehicle Population,2023,Other fuel types,Co. Dublin,Tractors & Machinery,All years,Number,11
Vehicle Population,2023,Other fuel types,Co. Dublin,Small PSVs,All years,Number,3230
Vehicle Population,2023,Other fuel types,Co. Dublin,Large PSVs,All years,Number,266
Vehicle Population,2023,Other fuel types,Co. Dublin,Exempt vehicles,All years,Number,1224
Vehicle Population,2023,Other fuel types,Co. Dublin,Other vehicles,All years,Number,28
Vehicle Population,2023,Other fuel types,Co. Kildare,Private cars,All years,Number,12487
Vehicle Population,2023,Other fuel types,Co. Kildare,Goods vehicles,All years,Number,142
Vehicle Population,2023,Other fuel types,Co. Kildare,Motor cycles,All years,Number,13
Vehicle Population,2023,Other fuel types,Co. Kildare,Tractors & Machinery,All years,Number,4
Vehicle Population,2023,Other fuel types,Co. Kildare,Small PSVs,All years,Number,169
Vehicle Population,2023,Other fuel types,Co. Kildare,Large PSVs,All years,Number,0
Vehicle Population,2023,Other fuel types,Co. Kildare,Exempt vehicles,All years,Number,108
Vehicle Population,2023,Other fuel types,Co. Kildare,Other vehicles,All years,Number,40
Vehicle Population,2023,Other fuel types,Co. Kilkenny,Private cars,All years,Number,3279
Vehicle Population,2023,Other fuel types,Co. Kilkenny,Goods vehicles,All years,Number,22
Vehicle Population,2023,Other fuel types,Co. Kilkenny,Motor cycles,All years,Number,2
Vehicle Population,2023,Other fuel types,Co. Kilkenny,Tractors & Machinery,All years,Number,4
Vehicle Population,2023,Other fuel types,Co. Kilkenny,Small PSVs,All years,Number,15
Vehicle Population,2023,Other fuel types,Co. Kilkenny,Large PSVs,All years,Number,0
Vehicle Population,2023,Other fuel types,Co. Kilkenny,Exempt vehicles,All years,Number,51
Vehicle Population,2023,Other fuel types,Co. Kilkenny,Other vehicles,All years,Number,6
Vehicle Population,2023,Other fuel types,Co. Laois,Private cars,All years,Number,2450
Vehicle Population,2023,Other fuel types,Co. Laois,Goods vehicles,All years,Number,25
Vehicle Population,2023,Other fuel types,Co. Laois,Motor cycles,All years,Number,0
Vehicle Population,2023,Other fuel types,Co. Laois,Tractors & Machinery,All years,Number,0
Vehicle Population,2023,Other fuel types,Co. Laois,Small PSVs,All years,Number,52
Vehicle Population,2023,Other fuel types,Co. Laois,Large PSVs,All years,Number,0
Vehicle Population,2023,Other fuel types,Co. Laois,Exempt vehicles,All years,Number,32
Vehicle Population,2023,Other fuel types,Co. Laois,Other vehicles,All years,Number,9
Vehicle Population,2023,Other fuel types,Co. Longford,Private cars,All years,Number,1136
Vehicle Population,2023,Other fuel types,Co. Longford,Goods vehicles,All years,Number,4
Vehicle Population,2023,Other fuel types,Co. Longford,Motor cycles,All years,Number,1
Vehicle Population,2023,Other fuel types,Co. Longford,Tractors & Machinery,All years,Number,0
Vehicle Population,2023,Other fuel types,Co. Longford,Small PSVs,All years,Number,6
Vehicle Population,2023,Other fuel types,Co. Longford,Large PSVs,All years,Number,0
Vehicle Population,2023,Other fuel types,Co. Longford,Exempt vehicles,All years,Number,15
Vehicle Population,2023,Other fuel types,Co. Longford,Other vehicles,All years,Number,1
Vehicle Population,2023,Other fuel types,Co. Louth,Private cars,All years,Number,4972
Vehicle Population,2023,Other fuel types,Co. Louth,Goods vehicles,All years,Number,33
Vehicle Population,2023,Other fuel types,Co. Louth,Motor cycles,All years,Number,7
Vehicle Population,2023,Other fuel types,Co. Louth,Tractors & Machinery,All years,Number,0
Vehicle Population,2023,Other fuel types,Co. Louth,Small PSVs,All years,Number,129
Vehicle Population,2023,Other fuel types,Co. Louth,Large PSVs,All years,Number,0
Vehicle Population,2023,Other fuel types,Co. Louth,Exempt vehicles,All years,Number,104
Vehicle Population,2023,Other fuel types,Co. Louth,Other vehicles,All years,Number,0
Vehicle Population,2023,Other fuel types,Co. Meath,Private cars,All years,Number,9991
Vehicle Population,2023,Other fuel types,Co. Meath,Goods vehicles,All years,Number,60
Vehicle Population,2023,Other fuel types,Co. Meath,Motor cycles,All years,Number,11
Vehicle Population,2023,Other fuel types,Co. Meath,Tractors & Machinery,All years,Number,0
Vehicle Population,2023,Other fuel types,Co. Meath,Small PSVs,All years,Number,186
Vehicle Population,2023,Other fuel types,Co. Meath,Large PSVs,All years,Number,0
Vehicle Population,2023,Other fuel types,Co. Meath,Exempt vehicles,All years,Number,98
Vehicle Population,2023,Other fuel types,Co. Meath,Other vehicles,All years,Number,8
Vehicle Population,2023,Other fuel types,Co. Offaly,Private cars,All years,Number,2321
Vehicle Population,2023,Other fuel types,Co. Offaly,Goods vehicles,All years,Number,9
Vehicle Population,2023,Other fuel types,Co. Offaly,Motor cycles,All years,Number,1
Vehicle Population,2023,Other fuel types,Co. Offaly,Tractors & Machinery,All years,Number,0
Vehicle Population,2023,Other fuel types,Co. Offaly,Small PSVs,All years,Number,18
Vehicle Population,2023,Other fuel types,Co. Offaly,Large PSVs,All years,Number,0
Vehicle Population,2023,Other fuel types,Co. Offaly,Exempt vehicles,All years,Number,41
Vehicle Population,2023,Other fuel types,Co. Offaly,Other vehicles,All years,Number,1
Vehicle Population,2023,Other fuel types,Co. Westmeath,Private cars,All years,Number,3318
Vehicle Population,2023,Other fuel types,Co. Westmeath,Goods vehicles,All years,Number,35
Vehicle Population,2023,Other fuel types,Co. Westmeath,Motor cycles,All years,Number,5
Vehicle Population,2023,Other fuel types,Co. Westmeath,Tractors & Machinery,All years,Number,0
Vehicle Population,2023,Other fuel types,Co. Westmeath,Small PSVs,All years,Number,24
Vehicle Population,2023,Other fuel types,Co. Westmeath,Large PSVs,All years,Number,1
Vehicle Population,2023,Other fuel types,Co. Westmeath,Exempt vehicles,All years,Number,47
Vehicle Population,2023,Other fuel types,Co. Westmeath,Other vehicles,All years,Number,2
Vehicle Population,2023,Other fuel types,Co. Wexford,Private cars,All years,Number,5439
Vehicle Population,2023,Other fuel types,Co. Wexford,Goods vehicles,All years,Number,58
Vehicle Population,2023,Other fuel types,Co. Wexford,Motor cycles,All years,Number,8
Vehicle Population,2023,Other fuel types,Co. Wexford,Tractors & Machinery,All years,Number,2
Vehicle Population,2023,Other fuel types,Co. Wexford,Small PSVs,All years,Number,21
Vehicle Population,2023,Other fuel types,Co. Wexford,Large PSVs,All years,Number,0
Vehicle Population,2023,Other fuel types,Co. Wexford,Exempt vehicles,All years,Number,90
Vehicle Population,2023,Other fuel types,Co. Wexford,Other vehicles,All years,Number,16
Vehicle Population,2023,Other fuel types,Co. Wicklow,Private cars,All years,Number,7566
Vehicle Population,2023,Other fuel types,Co. Wicklow,Goods vehicles,All years,Number,55
Vehicle Population,2023,Other fuel types,Co. Wicklow,Motor cycles,All years,Number,9
Vehicle Population,2023,Other fuel types,Co. Wicklow,Tractors & Machinery,All years,Number,1
Vehicle Population,2023,Other fuel types,Co. Wicklow,Small PSVs,All years,Number,51
Vehicle Population,2023,Other fuel types,Co. Wicklow,Large PSVs,All years,Number,1
Vehicle Population,2023,Other fuel types,Co. Wicklow,Exempt vehicles,All years,Number,86
Vehicle Population,2023,Other fuel types,Co. Wicklow,Other vehicles,All years,Number,6
Vehicle Population,2023,Other fuel types,Co. Clare,Private cars,All years,Number,4409
Vehicle Population,2023,Other fuel types,Co. Clare,Goods vehicles,All years,Number,25
Vehicle Population,2023,Other fuel types,Co. Clare,Motor cycles,All years,Number,3
Vehicle Population,2023,Other fuel types,Co. Clare,Tractors & Machinery,All years,Number,3
Vehicle Population,2023,Other fuel types,Co. Clare,Small PSVs,All years,Number,33
Vehicle Population,2023,Other fuel types,Co. Clare,Large PSVs,All years,Number,0
Vehicle Population,2023,Other fuel types,Co. Clare,Exempt vehicles,All years,Number,139
Vehicle Population,2023,Other fuel types,Co. Clare,Other vehicles,All years,Number,3
Vehicle Population,2023,Other fuel types,Co. Cork,Private cars,All years,Number,24520
Vehicle Population,2023,Other fuel types,Co. Cork,Goods vehicles,All years,Number,223
Vehicle Population,2023,Other fuel types,Co. Cork,Motor cycles,All years,Number,26
Vehicle Population,2023,Other fuel types,Co. Cork,Tractors & Machinery,All years,Number,1
Vehicle Population,2023,Other fuel types,Co. Cork,Small PSVs,All years,Number,205
Vehicle Population,2023,Other fuel types,Co. Cork,Large PSVs,All years,Number,0
Vehicle Population,2023,Other fuel types,Co. Cork,Exempt vehicles,All years,Number,575
Vehicle Population,2023,Other fuel types,Co. Cork,Other vehicles,All years,Number,15
Vehicle Population,2023,Other fuel types,Co. Kerry,Private cars,All years,Number,4562
Vehicle Population,2023,Other fuel types,Co. Kerry,Goods vehicles,All years,Number,26
Vehicle Population,2023,Other fuel types,Co. Kerry,Motor cycles,All years,Number,4
Vehicle Population,2023,Other fuel types,Co. Kerry,Tractors & Machinery,All years,Number,4
Vehicle Population,2023,Other fuel types,Co. Kerry,Small PSVs,All years,Number,21
Vehicle Population,2023,Other fuel types,Co. Kerry,Large PSVs,All years,Number,0
Vehicle Population,2023,Other fuel types,Co. Kerry,Exempt vehicles,All years,Number,100
Vehicle Population,2023,Other fuel types,Co. Kerry,Other vehicles,All years,Number,20
Vehicle Population,2023,Other fuel types,Co. Limerick,Private cars,All years,Number,6894
Vehicle Population,2023,Other fuel types,Co. Limerick,Goods vehicles,All years,Number,48
Vehicle Population,2023,Other fuel types,Co. Limerick,Motor cycles,All years,Number,3
Vehicle Population,2023,Other fuel types,Co. Limerick,Tractors & Machinery,All years,Number,1
Vehicle Population,2023,Other fuel types,Co. Limerick,Small PSVs,All years,Number,131
Vehicle Population,2023,Other fuel types,Co. Limerick,Large PSVs,All years,Number,2
Vehicle Population,2023,Other fuel types,Co. Limerick,Exempt vehicles,All years,Number,223
Vehicle Population,2023,Other fuel types,Co. Limerick,Other vehicles,All years,Number,9
Vehicle Population,2023,Other fuel types,Co. Tipperary,Private cars,All years,Number,5064
Vehicle Population,2023,Other fuel types,Co. Tipperary,Goods vehicles,All years,Number,35
Vehicle Population,2023,Other fuel types,Co. Tipperary,Motor cycles,All years,Number,6
Vehicle Population,2023,Other fuel types,Co. Tipperary,Tractors & Machinery,All years,Number,2
Vehicle Population,2023,Other fuel types,Co. Tipperary,Small PSVs,All years,Number,14
Vehicle Population,2023,Other fuel types,Co. Tipperary,Large PSVs,All years,Number,0
Vehicle Population,2023,Other fuel types,Co. Tipperary,Exempt vehicles,All years,Number,126
Vehicle Population,2023,Other fuel types,Co. Tipperary,Other vehicles,All years,Number,8
Vehicle Population,2023,Other fuel types,Co. Waterford,Private cars,All years,Number,4243
Vehicle Population,2023,Other fuel types,Co. Waterford,Goods vehicles,All years,Number,33
Vehicle Population,2023,Other fuel types,Co. Waterford,Motor cycles,All years,Number,9
Vehicle Population,2023,Other fuel types,Co. Waterford,Tractors & Machinery,All years,Number,1
Vehicle Population,2023,Other fuel types,Co. Waterford,Small PSVs,All years,Number,12
Vehicle Population,2023,Other fuel types,Co. Waterford,Large PSVs,All years,Number,0
Vehicle Population,2023,Other fuel types,Co. Waterford,Exempt vehicles,All years,Number,69
Vehicle Population,2023,Other fuel types,Co. Waterford,Other vehicles,All years,Number,9
Vehicle Population,2023,Other fuel types,Co. Galway,Private cars,All years,Number,10484
Vehicle Population,2023,Other fuel types,Co. Galway,Goods vehicles,All years,Number,77
Vehicle Population,2023,Other fuel types,Co. Galway,Motor cycles,All years,Number,10
Vehicle Population,2023,Other fuel types,Co. Galway,Tractors & Machinery,All years,Number,1
Vehicle Population,2023,Other fuel types,Co. Galway,Small PSVs,All years,Number,119
Vehicle Population,2023,Other fuel types,Co. Galway,Large PSVs,All years,Number,35
Vehicle Population,2023,Other fuel types,Co. Galway,Exempt vehicles,All years,Number,277
Vehicle Population,2023,Other fuel types,Co. Galway,Other vehicles,All years,Number,11
Vehicle Population,2023,Other fuel types,Co. Leitrim,Private cars,All years,Number,773
Vehicle Population,2023,Other fuel types,Co. Leitrim,Goods vehicles,All years,Number,6
Vehicle Population,2023,Other fuel types,Co. Leitrim,Motor cycles,All years,Number,0
Vehicle Population,2023,Other fuel types,Co. Leitrim,Tractors & Machinery,All years,Number,0
Vehicle Population,2023,Other fuel types,Co. Leitrim,Small PSVs,All years,Number,2
Vehicle Population,2023,Other fuel types,Co. Leitrim,Large PSVs,All years,Number,0
Vehicle Population,2023,Other fuel types,Co. Leitrim,Exempt vehicles,All years,Number,23
Vehicle Population,2023,Other fuel types,Co. Leitrim,Other vehicles,All years,Number,1
Vehicle Population,2023,Other fuel types,Co. Mayo,Private cars,All years,Number,3478
Vehicle Population,2023,Other fuel types,Co. Mayo,Goods vehicles,All years,Number,58
Vehicle Population,2023,Other fuel types,Co. Mayo,Motor cycles,All years,Number,5
Vehicle Population,2023,Other fuel types,Co. Mayo,Tractors & Machinery,All years,Number,0
Vehicle Population,2023,Other fuel types,Co. Mayo,Small PSVs,All years,Number,7
Vehicle Population,2023,Other fuel types,Co. Mayo,Large PSVs,All years,Number,0
Vehicle Population,2023,Other fuel types,Co. Mayo,Exempt vehicles,All years,Number,141
Vehicle Population,2023,Other fuel types,Co. Mayo,Other vehicles,All years,Number,11
Vehicle Population,2023,Other fuel types,Co. Roscommon,Private cars,All years,Number,2268
Vehicle Population,2023,Other fuel types,Co. Roscommon,Goods vehicles,All years,Number,12
Vehicle Population,2023,Other fuel types,Co. Roscommon,Motor cycles,All years,Number,0
Vehicle Population,2023,Other fuel types,Co. Roscommon,Tractors & Machinery,All years,Number,0
Vehicle Population,2023,Other fuel types,Co. Roscommon,Small PSVs,All years,Number,11
Vehicle Population,2023,Other fuel types,Co. Roscommon,Large PSVs,All years,Number,0
Vehicle Population,2023,Other fuel types,Co. Roscommon,Exempt vehicles,All years,Number,65
Vehicle Population,2023,Other fuel types,Co. Roscommon,Other vehicles,All years,Number,0
Vehicle Population,2023,Other fuel types,Co. Sligo,Private cars,All years,Number,2095
Vehicle Population,2023,Other fuel types,Co. Sligo,Goods vehicles,All years,Number,14
Vehicle Population,2023,Other fuel types,Co. Sligo,Motor cycles,All years,Number,3
Vehicle Population,2023,Other fuel types,Co. Sligo,Tractors & Machinery,All years,Number,0
Vehicle Population,2023,Other fuel types,Co. Sligo,Small PSVs,All years,Number,12
Vehicle Population,2023,Other fuel types,Co. Sligo,Large PSVs,All years,Number,0
Vehicle Population,2023,Other fuel types,Co. Sligo,Exempt vehicles,All years,Number,68
Vehicle Population,2023,Other fuel types,Co. Sligo,Other vehicles,All years,Number,5
Vehicle Population,2023,Other fuel types,Co. Cavan,Private cars,All years,Number,2328
Vehicle Population,2023,Other fuel types,Co. Cavan,Goods vehicles,All years,Number,44
Vehicle Population,2023,Other fuel types,Co. Cavan,Motor cycles,All years,Number,0
Vehicle Population,2023,Other fuel types,Co. Cavan,Tractors & Machinery,All years,Number,1
Vehicle Population,2023,Other fuel types,Co. Cavan,Small PSVs,All years,Number,14
Vehicle Population,2023,Other fuel types,Co. Cavan,Large PSVs,All years,Number,0
Vehicle Population,2023,Other fuel types,Co. Cavan,Exempt vehicles,All years,Number,38
Vehicle Population,2023,Other fuel types,Co. Cavan,Other vehicles,All years,Number,3
Vehicle Population,2023,Other fuel types,Co. Donegal,Private cars,All years,Number,4367
Vehicle Population,2023,Other fuel types,Co. Donegal,Goods vehicles,All years,Number,27
Vehicle Population,2023,Other fuel types,Co. Donegal,Motor cycles,All years,Number,6
Vehicle Population,2023,Other fuel types,Co. Donegal,Tractors & Machinery,All years,Number,1
Vehicle Population,2023,Other fuel types,Co. Donegal,Small PSVs,All years,Number,9
Vehicle Population,2023,Other fuel types,Co. Donegal,Large PSVs,All years,Number,0
Vehicle Population,2023,Other fuel types,Co. Donegal,Exempt vehicles,All years,Number,150
Vehicle Population,2023,Other fuel types,Co. Donegal,Other vehicles,All years,Number,9
Vehicle Population,2023,Other fuel types,Co. Monaghan,Private cars,All years,Number,1302
Vehicle Population,2023,Other fuel types,Co. Monaghan,Goods vehicles,All years,Number,19
Vehicle Population,2023,Other fuel types,Co. Monaghan,Motor cycles,All years,Number,1
Vehicle Population,2023,Other fuel types,Co. Monaghan,Tractors & Machinery,All years,Number,0
Vehicle Population,2023,Other fuel types,Co. Monaghan,Small PSVs,All years,Number,2
Vehicle Population,2023,Other fuel types,Co. Monaghan,Large PSVs,All years,Number,1
Vehicle Population,2023,Other fuel types,Co. Monaghan,Exempt vehicles,All years,Number,24
Vehicle Population,2023,Other fuel types,Co. Monaghan,Other vehicles,All years,Number,1
Kilometres Travelled,2018,Petrol,Co. Carlow,Private cars,All years,Million,146
Kilometres Travelled,2018,Petrol,Co. Carlow,Goods vehicles,All years,Million,0
Kilometres Travelled,2018,Petrol,Co. Carlow,Motor cycles,All years,Million,1
Kilometres Travelled,2018,Petrol,Co. Carlow,Tractors & Machinery,All years,Million,0
Kilometres Travelled,2018,Petrol,Co. Carlow,Small PSVs,All years,Million,0
Kilometres Travelled,2018,Petrol,Co. Carlow,Large PSVs,All years,Million,0
Kilometres Travelled,2018,Petrol,Co. Carlow,Exempt vehicles,All years,Million,1
Kilometres Travelled,2018,Petrol,Co. Carlow,Other vehicles,All years,Million,2
Kilometres Travelled,2018,Petrol,Co. Dublin,Private cars,All years,Million,3300
Kilometres Travelled,2018,Petrol,Co. Dublin,Goods vehicles,All years,Million,3
Kilometres Travelled,2018,Petrol,Co. Dublin,Motor cycles,All years,Million,35
Kilometres Travelled,2018,Petrol,Co. Dublin,Tractors & Machinery,All years,Million,0
Kilometres Travelled,2018,Petrol,Co. Dublin,Small PSVs,All years,Million,56
Kilometres Travelled,2018,Petrol,Co. Dublin,Large PSVs,All years,Million,0
Kilometres Travelled,2018,Petrol,Co. Dublin,Exempt vehicles,All years,Million,29
Kilometres Travelled,2018,Petrol,Co. Dublin,Other vehicles,All years,Million,17
Kilometres Travelled,2018,Petrol,Co. Kildare,Private cars,All years,Million,602
Kilometres Travelled,2018,Petrol,Co. Kildare,Goods vehicles,All years,Million,1
Kilometres Travelled,2018,Petrol,Co. Kildare,Motor cycles,All years,Million,6
Kilometres Travelled,2018,Petrol,Co. Kildare,Tractors & Machinery,All years,Million,0
Kilometres Travelled,2018,Petrol,Co. Kildare,Small PSVs,All years,Million,3
Kilometres Travelled,2018,Petrol,Co. Kildare,Large PSVs,All years,Million,0
Kilometres Travelled,2018,Petrol,Co. Kildare,Exempt vehicles,All years,Million,2
Kilometres Travelled,2018,Petrol,Co. Kildare,Other vehicles,All years,Million,5
Kilometres Travelled,2018,Petrol,Co. Kilkenny,Private cars,All years,Million,239
Kilometres Travelled,2018,Petrol,Co. Kilkenny,Goods vehicles,All years,Million,0
Kilometres Travelled,2018,Petrol,Co. Kilkenny,Motor cycles,All years,Million,2
Kilometres Travelled,2018,Petrol,Co. Kilkenny,Tractors & Machinery,All years,Million,0
Kilometres Travelled,2018,Petrol,Co. Kilkenny,Small PSVs,All years,Million,0
Kilometres Travelled,2018,Petrol,Co. Kilkenny,Large PSVs,All years,Million,0
Kilometres Travelled,2018,Petrol,Co. Kilkenny,Exempt vehicles,All years,Million,1
Kilometres Travelled,2018,Petrol,Co. Kilkenny,Other vehicles,All years,Million,2
Kilometres Travelled,2018,Petrol,Co. Laois,Private cars,All years,Million,175
Kilometres Travelled,2018,Petrol,Co. Laois,Goods vehicles,All years,Million,0
Kilometres Travelled,2018,Petrol,Co. Laois,Motor cycles,All years,Million,1
Kilometres Travelled,2018,Petrol,Co. Laois,Tractors & Machinery,All years,Million,0
Kilometres Travelled,2018,Petrol,Co. Laois,Small PSVs,All years,Million,0
Kilometres Travelled,2018,Petrol,Co. Laois,Large PSVs,All years,Million,0
Kilometres Travelled,2018,Petrol,Co. Laois,Exempt vehicles,All years,Million,1
Kilometres Travelled,2018,Petrol,Co. Laois,Other vehicles,All years,Million,2
Kilometres Travelled,2018,Petrol,Co. Longford,Private cars,All years,Million,81
Kilometres Travelled,2018,Petrol,Co. Longford,Goods vehicles,All years,Million,0
Kilometres Travelled,2018,Petrol,Co. Longford,Motor cycles,All years,Million,1
Kilometres Travelled,2018,Petrol,Co. Longford,Tractors & Machinery,All years,Million,0
Kilometres Travelled,2018,Petrol,Co. Longford,Small PSVs,All years,Million,0
Kilometres Travelled,2018,Petrol,Co. Longford,Large PSVs,All years,Million,0
Kilometres Travelled,2018,Petrol,Co. Longford,Exempt vehicles,All years,Million,0
Kilometres Travelled,2018,Petrol,Co. Longford,Other vehicles,All years,Million,1
Kilometres Travelled,2018,Petrol,Co. Louth,Private cars,All years,Million,273
Kilometres Travelled,2018,Petrol,Co. Louth,Goods vehicles,All years,Million,0
Kilometres Travelled,2018,Petrol,Co. Louth,Motor cycles,All years,Million,2
Kilometres Travelled,2018,Petrol,Co. Louth,Tractors & Machinery,All years,Million,0
Kilometres Travelled,2018,Petrol,Co. Louth,Small PSVs,All years,Million,2
Kilometres Travelled,2018,Petrol,Co. Louth,Large PSVs,All years,Million,0
Kilometres Travelled,2018,Petrol,Co. Louth,Exempt vehicles,All years,Million,2
Kilometres Travelled,2018,Petrol,Co. Louth,Other vehicles,All years,Million,2
Kilometres Travelled,2018,Petrol,Co. Meath,Private cars,All years,Million,477
Kilometres Travelled,2018,Petrol,Co. Meath,Goods vehicles,All years,Million,0
Kilometres Travelled,2018,Petrol,Co. Meath,Motor cycles,All years,Million,5
Kilometres Travelled,2018,Petrol,Co. Meath,Tractors & Machinery,All years,Million,0
Kilometres Travelled,2018,Petrol,Co. Meath,Small PSVs,All years,Million,4
Kilometres Travelled,2018,Petrol,Co. Meath,Large PSVs,All years,Million,0
Kilometres Travelled,2018,Petrol,Co. Meath,Exempt vehicles,All years,Million,3
Kilometres Travelled,2018,Petrol,Co. Meath,Other vehicles,All years,Million,4
Kilometres Travelled,2018,Petrol,Co. Offaly,Private cars,All years,Million,173
Kilometres Travelled,2018,Petrol,Co. Offaly,Goods vehicles,All years,Million,0
Kilometres Travelled,2018,Petrol,Co. Offaly,Motor cycles,All years,Million,2
Kilometres Travelled,2018,Petrol,Co. Offaly,Tractors & Machinery,All years,Million,0
Kilometres Travelled,2018,Petrol,Co. Offaly,Small PSVs,All years,Million,0
Kilometres Travelled,2018,Petrol,Co. Offaly,Large PSVs,All years,Million,0
Kilometres Travelled,2018,Petrol,Co. Offaly,Exempt vehicles,All years,Million,1
Kilometres Travelled,2018,Petrol,Co. Offaly,Other vehicles,All years,Million,1
Kilometres Travelled,2018,Petrol,Co. Westmeath,Private cars,All years,Million,200
Kilometres Travelled,2018,Petrol,Co. Westmeath,Goods vehicles,All years,Million,0
Kilometres Travelled,2018,Petrol,Co. Westmeath,Motor cycles,All years,Million,2
Kilometres Travelled,2018,Petrol,Co. Westmeath,Tractors & Machinery,All years,Million,0
Kilometres Travelled,2018,Petrol,Co. Westmeath,Small PSVs,All years,Million,1
Kilometres Travelled,2018,Petrol,Co. Westmeath,Large PSVs,All years,Million,0
Kilometres Travelled,2018,Petrol,Co. Westmeath,Exempt vehicles,All years,Million,1
Kilometres Travelled,2018,Petrol,Co. Westmeath,Other vehicles,All years,Million,1
Kilometres Travelled,2018,Petrol,Co. Wexford,Private cars,All years,Million,408
Kilometres Travelled,2018,Petrol,Co. Wexford,Goods vehicles,All years,Million,0
Kilometres Travelled,2018,Petrol,Co. Wexford,Motor cycles,All years,Million,4
Kilometres Travelled,2018,Petrol,Co. Wexford,Tractors & Machinery,All years,Million,0
Kilometres Travelled,2018,Petrol,Co. Wexford,Small PSVs,All years,Million,1
Kilometres Travelled,2018,Petrol,Co. Wexford,Large PSVs,All years,Million,0
Kilometres Travelled,2018,Petrol,Co. Wexford,Exempt vehicles,All years,Million,2
Kilometres Travelled,2018,Petrol,Co. Wexford,Other vehicles,All years,Million,3
Kilometres Travelled,2018,Petrol,Co. Wicklow,Private cars,All years,Million,441
Kilometres Travelled,2018,Petrol,Co. Wicklow,Goods vehicles,All years,Million,1
Kilometres Travelled,2018,Petrol,Co. Wicklow,Motor cycles,All years,Million,4
Kilometres Travelled,2018,Petrol,Co. Wicklow,Tractors & Machinery,All years,Million,0
Kilometres Travelled,2018,Petrol,Co. Wicklow,Small PSVs,All years,Million,1
Kilometres Travelled,2018,Petrol,Co. Wicklow,Large PSVs,All years,Million,0
Kilometres Travelled,2018,Petrol,Co. Wicklow,Exempt vehicles,All years,Million,2
Kilometres Travelled,2018,Petrol,Co. Wicklow,Other vehicles,All years,Million,4
Kilometres Travelled,2018,Petrol,Co. Clare,Private cars,All years,Million,342
Kilometres Travelled,2018,Petrol,Co. Clare,Goods vehicles,All years,Million,0
Kilometres Travelled,2018,Petrol,Co. Clare,Motor cycles,All years,Million,3
Kilometres Travelled,2018,Petrol,Co. Clare,Tractors & Machinery,All years,Million,0
Kilometres Travelled,2018,Petrol,Co. Clare,Small PSVs,All years,Million,2
Kilometres Travelled,2018,Petrol,Co. Clare,Large PSVs,All years,Million,0
Kilometres Travelled,2018,Petrol,Co. Clare,Exempt vehicles,All years,Million,3
Kilometres Travelled,2018,Petrol,Co. Clare,Other vehicles,All years,Million,3
Kilometres Travelled,2018,Petrol,Co. Cork,Private cars,All years,Million,1584
Kilometres Travelled,2018,Petrol,Co. Cork,Goods vehicles,All years,Million,2
Kilometres Travelled,2018,Petrol,Co. Cork,Motor cycles,All years,Million,15
Kilometres Travelled,2018,Petrol,Co. Cork,Tractors & Machinery,All years,Million,1
Kilometres Travelled,2018,Petrol,Co. Cork,Small PSVs,All years,Million,6
Kilometres Travelled,2018,Petrol,Co. Cork,Large PSVs,All years,Million,0
Kilometres Travelled,2018,Petrol,Co. Cork,Exempt vehicles,All years,Million,12
Kilometres Travelled,2018,Petrol,Co. Cork,Other vehicles,All years,Million,13
Kilometres Travelled,2018,Petrol,Co. Kerry,Private cars,All years,Million,441
Kilometres Travelled,2018,Petrol,Co. Kerry,Goods vehicles,All years,Million,0
Kilometres Travelled,2018,Petrol,Co. Kerry,Motor cycles,All years,Million,3
Kilometres Travelled,2018,Petrol,Co. Kerry,Tractors & Machinery,All years,Million,0
Kilometres Travelled,2018,Petrol,Co. Kerry,Small PSVs,All years,Million,1
Kilometres Travelled,2018,Petrol,Co. Kerry,Large PSVs,All years,Million,0
Kilometres Travelled,2018,Petrol,Co. Kerry,Exempt vehicles,All years,Million,2
Kilometres Travelled,2018,Petrol,Co. Kerry,Other vehicles,All years,Million,4
Kilometres Travelled,2018,Petrol,Co. Limerick,Private cars,All years,Million,541
Kilometres Travelled,2018,Petrol,Co. Limerick,Goods vehicles,All years,Million,0
Kilometres Travelled,2018,Petrol,Co. Limerick,Motor cycles,All years,Million,4
Kilometres Travelled,2018,Petrol,Co. Limerick,Tractors & Machinery,All years,Million,0
Kilometres Travelled,2018,Petrol,Co. Limerick,Small PSVs,All years,Million,5
Kilometres Travelled,2018,Petrol,Co. Limerick,Large PSVs,All years,Million,0
Kilometres Travelled,2018,Petrol,Co. Limerick,Exempt vehicles,All years,Million,4
Kilometres Travelled,2018,Petrol,Co. Limerick,Other vehicles,All years,Million,4
Kilometres Travelled,2018,Petrol,Co. Tipperary,Private cars,All years,Million,439
Kilometres Travelled,2018,Petrol,Co. Tipperary,Goods vehicles,All years,Million,0
Kilometres Travelled,2018,Petrol,Co. Tipperary,Motor cycles,All years,Million,4
Kilometres Travelled,2018,Petrol,Co. Tipperary,Tractors & Machinery,All years,Million,0
Kilometres Travelled,2018,Petrol,Co. Tipperary,Small PSVs,All years,Million,0
Kilometres Travelled,2018,Petrol,Co. Tipperary,Large PSVs,All years,Million,0
Kilometres Travelled,2018,Petrol,Co. Tipperary,Exempt vehicles,All years,Million,3
Kilometres Travelled,2018,Petrol,Co. Tipperary,Other vehicles,All years,Million,3
Kilometres Travelled,2018,Petrol,Co. Waterford,Private cars,All years,Million,357
Kilometres Travelled,2018,Petrol,Co. Waterford,Goods vehicles,All years,Million,0
Kilometres Travelled,2018,Petrol,Co. Waterford,Motor cycles,All years,Million,3
Kilometres Travelled,2018,Petrol,Co. Waterford,Tractors & Machinery,All years,Million,0
Kilometres Travelled,2018,Petrol,Co. Waterford,Small PSVs,All years,Million,1
Kilometres Travelled,2018,Petrol,Co. Waterford,Large PSVs,All years,Million,0
Kilometres Travelled,2018,Petrol,Co. Waterford,Exempt vehicles,All years,Million,2
Kilometres Travelled,2018,Petrol,Co. Waterford,Other vehicles,All years,Million,2
Kilometres Travelled,2018,Petrol,Co. Galway,Private cars,All years,Million,621
Kilometres Travelled,2018,Petrol,Co. Galway,Goods vehicles,All years,Million,1
Kilometres Travelled,2018,Petrol,Co. Galway,Motor cycles,All years,Million,4
Kilometres Travelled,2018,Petrol,Co. Galway,Tractors & Machinery,All years,Million,0
Kilometres Travelled,2018,Petrol,Co. Galway,Small PSVs,All years,Million,4
Kilometres Travelled,2018,Petrol,Co. Galway,Large PSVs,All years,Million,0
Kilometres Travelled,2018,Petrol,Co. Galway,Exempt vehicles,All years,Million,6
Kilometres Travelled,2018,Petrol,Co. Galway,Other vehicles,All years,Million,5
Kilometres Travelled,2018,Petrol,Co. Leitrim,Private cars,All years,Million,72
Kilometres Travelled,2018,Petrol,Co. Leitrim,Goods vehicles,All years,Million,0
Kilometres Travelled,2018,Petrol,Co. Leitrim,Motor cycles,All years,Million,0
Kilometres Travelled,2018,Petrol,Co. Leitrim,Tractors & Machinery,All years,Million,0
Kilometres Travelled,2018,Petrol,Co. Leitrim,Small PSVs,All years,Million,0
Kilometres Travelled,2018,Petrol,Co. Leitrim,Large PSVs,All years,Million,0
Kilometres Travelled,2018,Petrol,Co. Leitrim,Exempt vehicles,All years,Million,1
Kilometres Travelled,2018,Petrol,Co. Leitrim,Other vehicles,All years,Million,1
Kilometres Travelled,2018,Petrol,Co. Mayo,Private cars,All years,Million,313
Kilometres Travelled,2018,Petrol,Co. Mayo,Goods vehicles,All years,Million,0
Kilometres Travelled,2018,Petrol,Co. Mayo,Motor cycles,All years,Million,2
Kilometres Travelled,2018,Petrol,Co. Mayo,Tractors & Machinery,All years,Million,0
Kilometres Travelled,2018,Petrol,Co. Mayo,Small PSVs,All years,Million,1
Kilometres Travelled,2018,Petrol,Co. Mayo,Large PSVs,All years,Million,0
Kilometres Travelled,2018,Petrol,Co. Mayo,Exempt vehicles,All years,Million,3
Kilometres Travelled,2018,Petrol,Co. Mayo,Other vehicles,All years,Million,2
Kilometres Travelled,2018,Petrol,Co. Roscommon,Private cars,All years,Million,184
Kilometres Travelled,2018,Petrol,Co. Roscommon,Goods vehicles,All years,Million,0
Kilometres Travelled,2018,Petrol,Co. Roscommon,Motor cycles,All years,Million,1
Kilometres Travelled,2018,Petrol,Co. Roscommon,Tractors & Machinery,All years,Million,0
Kilometres Travelled,2018,Petrol,Co. Roscommon,Small PSVs,All years,Million,0
Kilometres Travelled,2018,Petrol,Co. Roscommon,Large PSVs,All years,Million,0
Kilometres Travelled,2018,Petrol,Co. Roscommon,Exempt vehicles,All years,Million,1
Kilometres Travelled,2018,Petrol,Co. Roscommon,Other vehicles,All years,Million,1
Kilometres Travelled,2018,Petrol,Co. Sligo,Private cars,All years,Million,158
Kilometres Travelled,2018,Petrol,Co. Sligo,Goods vehicles,All years,Million,0
Kilometres Travelled,2018,Petrol,Co. Sligo,Motor cycles,All years,Million,1
Kilometres Travelled,2018,Petrol,Co. Sligo,Tractors & Machinery,All years,Million,0
Kilometres Travelled,2018,Petrol,Co. Sligo,Small PSVs,All years,Million,0
Kilometres Travelled,2018,Petrol,Co. Sligo,Large PSVs,All years,Million,0
Kilometres Travelled,2018,Petrol,Co. Sligo,Exempt vehicles,All years,Million,2
Kilometres Travelled,2018,Petrol,Co. Sligo,Other vehicles,All years,Million,1
Kilometres Travelled,2018,Petrol,Co. Cavan,Private cars,All years,Million,150
Kilometres Travelled,2018,Petrol,Co. Cavan,Goods vehicles,All years,Million,0
Kilometres Travelled,2018,Petrol,Co. Cavan,Motor cycles,All years,Million,1
Kilometres Travelled,2018,Petrol,Co. Cavan,Tractors & Machinery,All years,Million,0
Kilometres Travelled,2018,Petrol,Co. Cavan,Small PSVs,All years,Million,0
Kilometres Travelled,2018,Petrol,Co. Cavan,Large PSVs,All years,Million,0
Kilometres Travelled,2018,Petrol,Co. Cavan,Exempt vehicles,All years,Million,1
Kilometres Travelled,2018,Petrol,Co. Cavan,Other vehicles,All years,Million,1
Kilometres Travelled,2018,Petrol,Co. Donegal,Private cars,All years,Million,311
Kilometres Travelled,2018,Petrol,Co. Donegal,Goods vehicles,All years,Million,0
Kilometres Travelled,2018,Petrol,Co. Donegal,Motor cycles,All years,Million,2
Kilometres Travelled,2018,Petrol,Co. Donegal,Tractors & Machinery,All years,Million,0
Kilometres Travelled,2018,Petrol,Co. Donegal,Small PSVs,All years,Million,1
Kilometres Travelled,2018,Petrol,Co. Donegal,Large PSVs,All years,Million,0
Kilometres Travelled,2018,Petrol,Co. Donegal,Exempt vehicles,All years,Million,3
Kilometres Travelled,2018,Petrol,Co. Donegal,Other vehicles,All years,Million,4
Kilometres Travelled,2018,Petrol,Co. Monaghan,Private cars,All years,Million,108
Kilometres Travelled,2018,Petrol,Co. Monaghan,Goods vehicles,All years,Million,0
Kilometres Travelled,2018,Petrol,Co. Monaghan,Motor cycles,All years,Million,1
Kilometres Travelled,2018,Petrol,Co. Monaghan,Tractors & Machinery,All years,Million,0
Kilometres Travelled,2018,Petrol,Co. Monaghan,Small PSVs,All years,Million,0
Kilometres Travelled,2018,Petrol,Co. Monaghan,Large PSVs,All years,Million,0
Kilometres Travelled,2018,Petrol,Co. Monaghan,Exempt vehicles,All years,Million,1
Kilometres Travelled,2018,Petrol,Co. Monaghan,Other vehicles,All years,Million,1
Kilometres Travelled,2018,Diesel,Co. Carlow,Private cars,All years,Million,378
Kilometres Travelled,2018,Diesel,Co. Carlow,Goods vehicles,All years,Million,129
Kilometres Travelled,2018,Diesel,Co. Carlow,Motor cycles,All years,Million,0
Kilometres Travelled,2018,Diesel,Co. Carlow,Tractors & Machinery,All years,Million,31
Kilometres Travelled,2018,Diesel,Co. Carlow,Small PSVs,All years,Million,5
Kilometres Travelled,2018,Diesel,Co. Carlow,Large PSVs,All years,Million,4
Kilometres Travelled,2018,Diesel,Co. Carlow,Exempt vehicles,All years,Million,3
Kilometres Travelled,2018,Diesel,Co. Carlow,Other vehicles,All years,Million,6
Kilometres Travelled,2018,Diesel,Co. Dublin,Private cars,All years,Million,4087
Kilometres Travelled,2018,Diesel,Co. Dublin,Goods vehicles,All years,Million,1765
Kilometres Travelled,2018,Diesel,Co. Dublin,Motor cycles,All years,Million,0
Kilometres Travelled,2018,Diesel,Co. Dublin,Tractors & Machinery,All years,Million,30
Kilometres Travelled,2018,Diesel,Co. Dublin,Small PSVs,All years,Million,331
Kilometres Travelled,2018,Diesel,Co. Dublin,Large PSVs,All years,Million,130
Kilometres Travelled,2018,Diesel,Co. Dublin,Exempt vehicles,All years,Million,108
Kilometres Travelled,2018,Diesel,Co. Dublin,Other vehicles,All years,Million,40
Kilometres Travelled,2018,Diesel,Co. Kildare,Private cars,All years,Million,1188
Kilometres Travelled,2018,Diesel,Co. Kildare,Goods vehicles,All years,Million,377
Kilometres Travelled,2018,Diesel,Co. Kildare,Motor cycles,All years,Million,0
Kilometres Travelled,2018,Diesel,Co. Kildare,Tractors & Machinery,All years,Million,43
Kilometres Travelled,2018,Diesel,Co. Kildare,Small PSVs,All years,Million,30
Kilometres Travelled,2018,Diesel,Co. Kildare,Large PSVs,All years,Million,17
Kilometres Travelled,2018,Diesel,Co. Kildare,Exempt vehicles,All years,Million,12
Kilometres Travelled,2018,Diesel,Co. Kildare,Other vehicles,All years,Million,13
Kilometres Travelled,2018,Diesel,Co. Kilkenny,Private cars,All years,Million,580
Kilometres Travelled,2018,Diesel,Co. Kilkenny,Goods vehicles,All years,Million,189
Kilometres Travelled,2018,Diesel,Co. Kilkenny,Motor cycles,All years,Million,0
Kilometres Travelled,2018,Diesel,Co. Kilkenny,Tractors & Machinery,All years,Million,66
Kilometres Travelled,2018,Diesel,Co. Kilkenny,Small PSVs,All years,Million,9
Kilometres Travelled,2018,Diesel,Co. Kilkenny,Large PSVs,All years,Million,11
Kilometres Travelled,2018,Diesel,Co. Kilkenny,Exempt vehicles,All years,Million,11
Kilometres Travelled,2018,Diesel,Co. Kilkenny,Other vehicles,All years,Million,7
Kilometres Travelled,2018,Diesel,Co. Laois,Private cars,All years,Million,492
Kilometres Travelled,2018,Diesel,Co. Laois,Goods vehicles,All years,Million,140
Kilometres Travelled,2018,Diesel,Co. Laois,Motor cycles,All years,Million,0
Kilometres Travelled,2018,Diesel,Co. Laois,Tractors & Machinery,All years,Million,49
Kilometres Travelled,2018,Diesel,Co. Laois,Small PSVs,All years,Million,8
Kilometres Travelled,2018,Diesel,Co. Laois,Large PSVs,All years,Million,5
Kilometres Travelled,2018,Diesel,Co. Laois,Exempt vehicles,All years,Million,4
Kilometres Travelled,2018,Diesel,Co. Laois,Other vehicles,All years,Million,5
Kilometres Travelled,2018,Diesel,Co. Longford,Private cars,All years,Million,256
Kilometres Travelled,2018,Diesel,Co. Longford,Goods vehicles,All years,Million,88
Kilometres Travelled,2018,Diesel,Co. Longford,Motor cycles,All years,Million,0
Kilometres Travelled,2018,Diesel,Co. Longford,Tractors & Machinery,All years,Million,23
Kilometres Travelled,2018,Diesel,Co. Longford,Small PSVs,All years,Million,4
Kilometres Travelled,2018,Diesel,Co. Longford,Large PSVs,All years,Million,3
Kilometres Travelled,2018,Diesel,Co. Longford,Exempt vehicles,All years,Million,4
Kilometres Travelled,2018,Diesel,Co. Longford,Other vehicles,All years,Million,4
Kilometres Travelled,2018,Diesel,Co. Louth,Private cars,All years,Million,617
Kilometres Travelled,2018,Diesel,Co. Louth,Goods vehicles,All years,Million,188
Kilometres Travelled,2018,Diesel,Co. Louth,Motor cycles,All years,Million,0
Kilometres Travelled,2018,Diesel,Co. Louth,Tractors & Machinery,All years,Million,20
Kilometres Travelled,2018,Diesel,Co. Louth,Small PSVs,All years,Million,22
Kilometres Travelled,2018,Diesel,Co. Louth,Large PSVs,All years,Million,8
Kilometres Travelled,2018,Diesel,Co. Louth,Exempt vehicles,All years,Million,8
Kilometres Travelled,2018,Diesel,Co. Louth,Other vehicles,All years,Million,5
Kilometres Travelled,2018,Diesel,Co. Meath,Private cars,All years,Million,1111
Kilometres Travelled,2018,Diesel,Co. Meath,Goods vehicles,All years,Million,357
Kilometres Travelled,2018,Diesel,Co. Meath,Motor cycles,All years,Million,0
Kilometres Travelled,2018,Diesel,Co. Meath,Tractors & Machinery,All years,Million,53
Kilometres Travelled,2018,Diesel,Co. Meath,Small PSVs,All years,Million,36
Kilometres Travelled,2018,Diesel,Co. Meath,Large PSVs,All years,Million,11
Kilometres Travelled,2018,Diesel,Co. Meath,Exempt vehicles,All years,Million,10
Kilometres Travelled,2018,Diesel,Co. Meath,Other vehicles,All years,Million,10
Kilometres Travelled,2018,Diesel,Co. Offaly,Private cars,All years,Million,480
Kilometres Travelled,2018,Diesel,Co. Offaly,Goods vehicles,All years,Million,139
Kilometres Travelled,2018,Diesel,Co. Offaly,Motor cycles,All years,Million,0
Kilometres Travelled,2018,Diesel,Co. Offaly,Tractors & Machinery,All years,Million,47
Kilometres Travelled,2018,Diesel,Co. Offaly,Small PSVs,All years,Million,6
Kilometres Travelled,2018,Diesel,Co. Offaly,Large PSVs,All years,Million,7
Kilometres Travelled,2018,Diesel,Co. Offaly,Exempt vehicles,All years,Million,5
Kilometres Travelled,2018,Diesel,Co. Offaly,Other vehicles,All years,Million,9
Kilometres Travelled,2018,Diesel,Co. Westmeath,Private cars,All years,Million,575
Kilometres Travelled,2018,Diesel,Co. Westmeath,Goods vehicles,All years,Million,174
Kilometres Travelled,2018,Diesel,Co. Westmeath,Motor cycles,All years,Million,0
Kilometres Travelled,2018,Diesel,Co. Westmeath,Tractors & Machinery,All years,Million,41
Kilometres Travelled,2018,Diesel,Co. Westmeath,Small PSVs,All years,Million,11
Kilometres Travelled,2018,Diesel,Co. Westmeath,Large PSVs,All years,Million,5
Kilometres Travelled,2018,Diesel,Co. Westmeath,Exempt vehicles,All years,Million,5
Kilometres Travelled,2018,Diesel,Co. Westmeath,Other vehicles,All years,Million,7
Kilometres Travelled,2018,Diesel,Co. Wexford,Private cars,All years,Million,963
Kilometres Travelled,2018,Diesel,Co. Wexford,Goods vehicles,All years,Million,334
Kilometres Travelled,2018,Diesel,Co. Wexford,Motor cycles,All years,Million,0
Kilometres Travelled,2018,Diesel,Co. Wexford,Tractors & Machinery,All years,Million,78
Kilometres Travelled,2018,Diesel,Co. Wexford,Small PSVs,All years,Million,10
Kilometres Travelled,2018,Diesel,Co. Wexford,Large PSVs,All years,Million,10
Kilometres Travelled,2018,Diesel,Co. Wexford,Exempt vehicles,All years,Million,8
Kilometres Travelled,2018,Diesel,Co. Wexford,Other vehicles,All years,Million,16
Kilometres Travelled,2018,Diesel,Co. Wicklow,Private cars,All years,Million,698
Kilometres Travelled,2018,Diesel,Co. Wicklow,Goods vehicles,All years,Million,199
Kilometres Travelled,2018,Diesel,Co. Wicklow,Motor cycles,All years,Million,0
Kilometres Travelled,2018,Diesel,Co. Wicklow,Tractors & Machinery,All years,Million,32
Kilometres Travelled,2018,Diesel,Co. Wicklow,Small PSVs,All years,Million,12
Kilometres Travelled,2018,Diesel,Co. Wicklow,Large PSVs,All years,Million,9
Kilometres Travelled,2018,Diesel,Co. Wicklow,Exempt vehicles,All years,Million,6
Kilometres Travelled,2018,Diesel,Co. Wicklow,Other vehicles,All years,Million,9
Kilometres Travelled,2018,Diesel,Co. Clare,Private cars,All years,Million,718
Kilometres Travelled,2018,Diesel,Co. Clare,Goods vehicles,All years,Million,198
Kilometres Travelled,2018,Diesel,Co. Clare,Motor cycles,All years,Million,0
Kilometres Travelled,2018,Diesel,Co. Clare,Tractors & Machinery,All years,Million,60
Kilometres Travelled,2018,Diesel,Co. Clare,Small PSVs,All years,Million,12
Kilometres Travelled,2018,Diesel,Co. Clare,Large PSVs,All years,Million,7
Kilometres Travelled,2018,Diesel,Co. Clare,Exempt vehicles,All years,Million,8
Kilometres Travelled,2018,Diesel,Co. Clare,Other vehicles,All years,Million,10
Kilometres Travelled,2018,Diesel,Co. Cork,Private cars,All years,Million,2655
Kilometres Travelled,2018,Diesel,Co. Cork,Goods vehicles,All years,Million,877
Kilometres Travelled,2018,Diesel,Co. Cork,Motor cycles,All years,Million,0
Kilometres Travelled,2018,Diesel,Co. Cork,Tractors & Machinery,All years,Million,200
Kilometres Travelled,2018,Diesel,Co. Cork,Small PSVs,All years,Million,62
Kilometres Travelled,2018,Diesel,Co. Cork,Large PSVs,All years,Million,29
Kilometres Travelled,2018,Diesel,Co. Cork,Exempt vehicles,All years,Million,39
Kilometres Travelled,2018,Diesel,Co. Cork,Other vehicles,All years,Million,36
Kilometres Travelled,2018,Diesel,Co. Kerry,Private cars,All years,Million,824
Kilometres Travelled,2018,Diesel,Co. Kerry,Goods vehicles,All years,Million,244
Kilometres Travelled,2018,Diesel,Co. Kerry,Motor cycles,All years,Million,0
Kilometres Travelled,2018,Diesel,Co. Kerry,Tractors & Machinery,All years,Million,75
Kilometres Travelled,2018,Diesel,Co. Kerry,Small PSVs,All years,Million,17
Kilometres Travelled,2018,Diesel,Co. Kerry,Large PSVs,All years,Million,18
Kilometres Travelled,2018,Diesel,Co. Kerry,Exempt vehicles,All years,Million,9
Kilometres Travelled,2018,Diesel,Co. Kerry,Other vehicles,All years,Million,15
Kilometres Travelled,2018,Diesel,Co. Limerick,Private cars,All years,Million,1023
Kilometres Travelled,2018,Diesel,Co. Limerick,Goods vehicles,All years,Million,322
Kilometres Travelled,2018,Diesel,Co. Limerick,Motor cycles,All years,Million,0
Kilometres Travelled,2018,Diesel,Co. Limerick,Tractors & Machinery,All years,Million,67
Kilometres Travelled,2018,Diesel,Co. Limerick,Small PSVs,All years,Million,20
Kilometres Travelled,2018,Diesel,Co. Limerick,Large PSVs,All years,Million,11
Kilometres Travelled,2018,Diesel,Co. Limerick,Exempt vehicles,All years,Million,11
Kilometres Travelled,2018,Diesel,Co. Limerick,Other vehicles,All years,Million,14
Kilometres Travelled,2018,Diesel,Co. Tipperary,Private cars,All years,Million,1063
Kilometres Travelled,2018,Diesel,Co. Tipperary,Goods vehicles,All years,Million,302
Kilometres Travelled,2018,Diesel,Co. Tipperary,Motor cycles,All years,Million,0
Kilometres Travelled,2018,Diesel,Co. Tipperary,Tractors & Machinery,All years,Million,100
Kilometres Travelled,2018,Diesel,Co. Tipperary,Small PSVs,All years,Million,10
Kilometres Travelled,2018,Diesel,Co. Tipperary,Large PSVs,All years,Million,13
Kilometres Travelled,2018,Diesel,Co. Tipperary,Exempt vehicles,All years,Million,11
Kilometres Travelled,2018,Diesel,Co. Tipperary,Other vehicles,All years,Million,13
Kilometres Travelled,2018,Diesel,Co. Waterford,Private cars,All years,Million,616
Kilometres Travelled,2018,Diesel,Co. Waterford,Goods vehicles,All years,Million,162
Kilometres Travelled,2018,Diesel,Co. Waterford,Motor cycles,All years,Million,0
Kilometres Travelled,2018,Diesel,Co. Waterford,Tractors & Machinery,All years,Million,42
Kilometres Travelled,2018,Diesel,Co. Waterford,Small PSVs,All years,Million,10
Kilometres Travelled,2018,Diesel,Co. Waterford,Large PSVs,All years,Million,6
Kilometres Travelled,2018,Diesel,Co. Waterford,Exempt vehicles,All years,Million,7
Kilometres Travelled,2018,Diesel,Co. Waterford,Other vehicles,All years,Million,8
Kilometres Travelled,2018,Diesel,Co. Galway,Private cars,All years,Million,1419
Kilometres Travelled,2018,Diesel,Co. Galway,Goods vehicles,All years,Million,428
Kilometres Travelled,2018,Diesel,Co. Galway,Motor cycles,All years,Million,0
Kilometres Travelled,2018,Diesel,Co. Galway,Tractors & Machinery,All years,Million,98
Kilometres Travelled,2018,Diesel,Co. Galway,Small PSVs,All years,Million,33
Kilometres Travelled,2018,Diesel,Co. Galway,Large PSVs,All years,Million,21
Kilometres Travelled,2018,Diesel,Co. Galway,Exempt vehicles,All years,Million,32
Kilometres Travelled,2018,Diesel,Co. Galway,Other vehicles,All years,Million,27
Kilometres Travelled,2018,Diesel,Co. Leitrim,Private cars,All years,Million,211
Kilometres Travelled,2018,Diesel,Co. Leitrim,Goods vehicles,All years,Million,70
Kilometres Travelled,2018,Diesel,Co. Leitrim,Motor cycles,All years,Million,0
Kilometres Travelled,2018,Diesel,Co. Leitrim,Tractors & Machinery,All years,Million,18
Kilometres Travelled,2018,Diesel,Co. Leitrim,Small PSVs,All years,Million,3
Kilometres Travelled,2018,Diesel,Co. Leitrim,Large PSVs,All years,Million,2
Kilometres Travelled,2018,Diesel,Co. Leitrim,Exempt vehicles,All years,Million,3
Kilometres Travelled,2018,Diesel,Co. Leitrim,Other vehicles,All years,Million,3
Kilometres Travelled,2018,Diesel,Co. Mayo,Private cars,All years,Million,815
Kilometres Travelled,2018,Diesel,Co. Mayo,Goods vehicles,All years,Million,270
Kilometres Travelled,2018,Diesel,Co. Mayo,Motor cycles,All years,Million,0
Kilometres Travelled,2018,Diesel,Co. Mayo,Tractors & Machinery,All years,Million,87
Kilometres Travelled,2018,Diesel,Co. Mayo,Small PSVs,All years,Million,10
Kilometres Travelled,2018,Diesel,Co. Mayo,Large PSVs,All years,Million,13
Kilometres Travelled,2018,Diesel,Co. Mayo,Exempt vehicles,All years,Million,15
Kilometres Travelled,2018,Diesel,Co. Mayo,Other vehicles,All years,Million,16
Kilometres Travelled,2018,Diesel,Co. Roscommon,Private cars,All years,Million,472
Kilometres Travelled,2018,Diesel,Co. Roscommon,Goods vehicles,All years,Million,137
Kilometres Travelled,2018,Diesel,Co. Roscommon,Motor cycles,All years,Million,0
Kilometres Travelled,2018,Diesel,Co. Roscommon,Tractors & Machinery,All years,Million,45
Kilometres Travelled,2018,Diesel,Co. Roscommon,Small PSVs,All years,Million,5
Kilometres Travelled,2018,Diesel,Co. Roscommon,Large PSVs,All years,Million,4
Kilometres Travelled,2018,Diesel,Co. Roscommon,Exempt vehicles,All years,Million,6
Kilometres Travelled,2018,Diesel,Co. Roscommon,Other vehicles,All years,Million,8
Kilometres Travelled,2018,Diesel,Co. Sligo,Private cars,All years,Million,362
Kilometres Travelled,2018,Diesel,Co. Sligo,Goods vehicles,All years,Million,121
Kilometres Travelled,2018,Diesel,Co. Sligo,Motor cycles,All years,Million,0
Kilometres Travelled,2018,Diesel,Co. Sligo,Tractors & Machinery,All years,Million,30
Kilometres Travelled,2018,Diesel,Co. Sligo,Small PSVs,All years,Million,6
Kilometres Travelled,2018,Diesel,Co. Sligo,Large PSVs,All years,Million,4
Kilometres Travelled,2018,Diesel,Co. Sligo,Exempt vehicles,All years,Million,6
Kilometres Travelled,2018,Diesel,Co. Sligo,Other vehicles,All years,Million,7
Kilometres Travelled,2018,Diesel,Co. Cavan,Private cars,All years,Million,457
Kilometres Travelled,2018,Diesel,Co. Cavan,Goods vehicles,All years,Million,178
Kilometres Travelled,2018,Diesel,Co. Cavan,Motor cycles,All years,Million,0
Kilometres Travelled,2018,Diesel,Co. Cavan,Tractors & Machinery,All years,Million,47
Kilometres Travelled,2018,Diesel,Co. Cavan,Small PSVs,All years,Million,7
Kilometres Travelled,2018,Diesel,Co. Cavan,Large PSVs,All years,Million,8
Kilometres Travelled,2018,Diesel,Co. Cavan,Exempt vehicles,All years,Million,5
Kilometres Travelled,2018,Diesel,Co. Cavan,Other vehicles,All years,Million,8
Kilometres Travelled,2018,Diesel,Co. Donegal,Private cars,All years,Million,845
Kilometres Travelled,2018,Diesel,Co. Donegal,Goods vehicles,All years,Million,289
Kilometres Travelled,2018,Diesel,Co. Donegal,Motor cycles,All years,Million,0
Kilometres Travelled,2018,Diesel,Co. Donegal,Tractors & Machinery,All years,Million,63
Kilometres Travelled,2018,Diesel,Co. Donegal,Small PSVs,All years,Million,14
Kilometres Travelled,2018,Diesel,Co. Donegal,Large PSVs,All years,Million,20
Kilometres Travelled,2018,Diesel,Co. Donegal,Exempt vehicles,All years,Million,12
Kilometres Travelled,2018,Diesel,Co. Donegal,Other vehicles,All years,Million,18
Kilometres Travelled,2018,Diesel,Co. Monaghan,Private cars,All years,Million,381
Kilometres Travelled,2018,Diesel,Co. Monaghan,Goods vehicles,All years,Million,199
Kilometres Travelled,2018,Diesel,Co. Monaghan,Motor cycles,All years,Million,0
Kilometres Travelled,2018,Diesel,Co. Monaghan,Tractors & Machinery,All years,Million,34
Kilometres Travelled,2018,Diesel,Co. Monaghan,Small PSVs,All years,Million,3
Kilometres Travelled,2018,Diesel,Co. Monaghan,Large PSVs,All years,Million,10
Kilometres Travelled,2018,Diesel,Co. Monaghan,Exempt vehicles,All years,Million,4
Kilometres Travelled,2018,Diesel,Co. Monaghan,Other vehicles,All years,Million,5
Kilometres Travelled,2018,Other fuel types,Co. Carlow,Private cars,All years,Million,5
Kilometres Travelled,2018,Other fuel types,Co. Carlow,Goods vehicles,All years,Million,0
Kilometres Travelled,2018,Other fuel types,Co. Carlow,Motor cycles,All years,Million,0
Kilometres Travelled,2018,Other fuel types,Co. Carlow,Tractors & Machinery,All years,Million,0
Kilometres Travelled,2018,Other fuel types,Co. Carlow,Small PSVs,All years,Million,0
Kilometres Travelled,2018,Other fuel types,Co. Carlow,Large PSVs,All years,Million,0
Kilometres Travelled,2018,Other fuel types,Co. Carlow,Exempt vehicles,All years,Million,0
Kilometres Travelled,2018,Other fuel types,Co. Carlow,Other vehicles,All years,Million,0
Kilometres Travelled,2018,Other fuel types,Co. Dublin,Private cars,All years,Million,224
Kilometres Travelled,2018,Other fuel types,Co. Dublin,Goods vehicles,All years,Million,1
Kilometres Travelled,2018,Other fuel types,Co. Dublin,Motor cycles,All years,Million,0
Kilometres Travelled,2018,Other fuel types,Co. Dublin,Tractors & Machinery,All years,Million,0
Kilometres Travelled,2018,Other fuel types,Co. Dublin,Small PSVs,All years,Million,43
Kilometres Travelled,2018,Other fuel types,Co. Dublin,Large PSVs,All years,Million,0
Kilometres Travelled,2018,Other fuel types,Co. Dublin,Exempt vehicles,All years,Million,2
Kilometres Travelled,2018,Other fuel types,Co. Dublin,Other vehicles,All years,Million,0
Kilometres Travelled,2018,Other fuel types,Co. Kildare,Private cars,All years,Million,30
Kilometres Travelled,2018,Other fuel types,Co. Kildare,Goods vehicles,All years,Million,0
Kilometres Travelled,2018,Other fuel types,Co. Kildare,Motor cycles,All years,Million,0
Kilometres Travelled,2018,Other fuel types,Co. Kildare,Tractors & Machinery,All years,Million,0
Kilometres Travelled,2018,Other fuel types,Co. Kildare,Small PSVs,All years,Million,2
Kilometres Travelled,2018,Other fuel types,Co. Kildare,Large PSVs,All years,Million,0
Kilometres Travelled,2018,Other fuel types,Co. Kildare,Exempt vehicles,All years,Million,0
Kilometres Travelled,2018,Other fuel types,Co. Kildare,Other vehicles,All years,Million,0
Kilometres Travelled,2018,Other fuel types,Co. Kilkenny,Private cars,All years,Million,8
Kilometres Travelled,2018,Other fuel types,Co. Kilkenny,Goods vehicles,All years,Million,0
Kilometres Travelled,2018,Other fuel types,Co. Kilkenny,Motor cycles,All years,Million,0
Kilometres Travelled,2018,Other fuel types,Co. Kilkenny,Tractors & Machinery,All years,Million,0
Kilometres Travelled,2018,Other fuel types,Co. Kilkenny,Small PSVs,All years,Million,0
Kilometres Travelled,2018,Other fuel types,Co. Kilkenny,Large PSVs,All years,Million,0
Kilometres Travelled,2018,Other fuel types,Co. Kilkenny,Exempt vehicles,All years,Million,0
Kilometres Travelled,2018,Other fuel types,Co. Kilkenny,Other vehicles,All years,Million,0
Kilometres Travelled,2018,Other fuel types,Co. Laois,Private cars,All years,Million,6
Kilometres Travelled,2018,Other fuel types,Co. Laois,Goods vehicles,All years,Million,0
Kilometres Travelled,2018,Other fuel types,Co. Laois,Motor cycles,All years,Million,0
Kilometres Travelled,2018,Other fuel types,Co. Laois,Tractors & Machinery,All years,Million,0
Kilometres Travelled,2018,Other fuel types,Co. Laois,Small PSVs,All years,Million,1
Kilometres Travelled,2018,Other fuel types,Co. Laois,Large PSVs,All years,Million,0
Kilometres Travelled,2018,Other fuel types,Co. Laois,Exempt vehicles,All years,Million,0
Kilometres Travelled,2018,Other fuel types,Co. Laois,Other vehicles,All years,Million,0
Kilometres Travelled,2018,Other fuel types,Co. Longford,Private cars,All years,Million,3
Kilometres Travelled,2018,Other fuel types,Co. Longford,Goods vehicles,All years,Million,0
Kilometres Travelled,2018,Other fuel types,Co. Longford,Motor cycles,All years,Million,0
Kilometres Travelled,2018,Other fuel types,Co. Longford,Tractors & Machinery,All years,Million,0
Kilometres Travelled,2018,Other fuel types,Co. Longford,Small PSVs,All years,Million,0
Kilometres Travelled,2018,Other fuel types,Co. Longford,Large PSVs,All years,Million,0
Kilometres Travelled,2018,Other fuel types,Co. Longford,Exempt vehicles,All years,Million,0
Kilometres Travelled,2018,Other fuel types,Co. Longford,Other vehicles,All years,Million,0
Kilometres Travelled,2018,Other fuel types,Co. Louth,Private cars,All years,Million,12
Kilometres Travelled,2018,Other fuel types,Co. Louth,Goods vehicles,All years,Million,0
Kilometres Travelled,2018,Other fuel types,Co. Louth,Motor cycles,All years,Million,0
Kilometres Travelled,2018,Other fuel types,Co. Louth,Tractors & Machinery,All years,Million,0
Kilometres Travelled,2018,Other fuel types,Co. Louth,Small PSVs,All years,Million,1
Kilometres Travelled,2018,Other fuel types,Co. Louth,Large PSVs,All years,Million,0
Kilometres Travelled,2018,Other fuel types,Co. Louth,Exempt vehicles,All years,Million,0
Kilometres Travelled,2018,Other fuel types,Co. Louth,Other vehicles,All years,Million,0
Kilometres Travelled,2018,Other fuel types,Co. Meath,Private cars,All years,Million,24
Kilometres Travelled,2018,Other fuel types,Co. Meath,Goods vehicles,All years,Million,0
Kilometres Travelled,2018,Other fuel types,Co. Meath,Motor cycles,All years,Million,0
Kilometres Travelled,2018,Other fuel types,Co. Meath,Tractors & Machinery,All years,Million,0
Kilometres Travelled,2018,Other fuel types,Co. Meath,Small PSVs,All years,Million,2
Kilometres Travelled,2018,Other fuel types,Co. Meath,Large PSVs,All years,Million,0
Kilometres Travelled,2018,Other fuel types,Co. Meath,Exempt vehicles,All years,Million,0
Kilometres Travelled,2018,Other fuel types,Co. Meath,Other vehicles,All years,Million,0
Kilometres Travelled,2018,Other fuel types,Co. Offaly,Private cars,All years,Million,6
Kilometres Travelled,2018,Other fuel types,Co. Offaly,Goods vehicles,All years,Million,0
Kilometres Travelled,2018,Other fuel types,Co. Offaly,Motor cycles,All years,Million,0
Kilometres Travelled,2018,Other fuel types,Co. Offaly,Tractors & Machinery,All years,Million,0
Kilometres Travelled,2018,Other fuel types,Co. Offaly,Small PSVs,All years,Million,0
Kilometres Travelled,2018,Other fuel types,Co. Offaly,Large PSVs,All years,Million,0
Kilometres Travelled,2018,Other fuel types,Co. Offaly,Exempt vehicles,All years,Million,0
Kilometres Travelled,2018,Other fuel types,Co. Offaly,Other vehicles,All years,Million,0
Kilometres Travelled,2018,Other fuel types,Co. Westmeath,Private cars,All years,Million,10
Kilometres Travelled,2018,Other fuel types,Co. Westmeath,Goods vehicles,All years,Million,0
Kilometres Travelled,2018,Other fuel types,Co. Westmeath,Motor cycles,All years,Million,0
Kilometres Travelled,2018,Other fuel types,Co. Westmeath,Tractors & Machinery,All years,Million,0
Kilometres Travelled,2018,Other fuel types,Co. Westmeath,Small PSVs,All years,Million,0
Kilometres Travelled,2018,Other fuel types,Co. Westmeath,Large PSVs,All years,Million,0
Kilometres Travelled,2018,Other fuel types,Co. Westmeath,Exempt vehicles,All years,Million,0
Kilometres Travelled,2018,Other fuel types,Co. Westmeath,Other vehicles,All years,Million,0
Kilometres Travelled,2018,Other fuel types,Co. Wexford,Private cars,All years,Million,14
Kilometres Travelled,2018,Other fuel types,Co. Wexford,Goods vehicles,All years,Million,0
Kilometres Travelled,2018,Other fuel types,Co. Wexford,Motor cycles,All years,Million,0
Kilometres Travelled,2018,Other fuel types,Co. Wexford,Tractors & Machinery,All years,Million,0
Kilometres Travelled,2018,Other fuel types,Co. Wexford,Small PSVs,All years,Million,0
Kilometres Travelled,2018,Other fuel types,Co. Wexford,Large PSVs,All years,Million,0
Kilometres Travelled,2018,Other fuel types,Co. Wexford,Exempt vehicles,All years,Million,0
Kilometres Travelled,2018,Other fuel types,Co. Wexford,Other vehicles,All years,Million,0
Kilometres Travelled,2018,Other fuel types,Co. Wicklow,Private cars,All years,Million,22
Kilometres Travelled,2018,Other fuel types,Co. Wicklow,Goods vehicles,All years,Million,0
Kilometres Travelled,2018,Other fuel types,Co. Wicklow,Motor cycles,All years,Million,0
Kilometres Travelled,2018,Other fuel types,Co. Wicklow,Tractors & Machinery,All years,Million,0
Kilometres Travelled,2018,Other fuel types,Co. Wicklow,Small PSVs,All years,Million,1
Kilometres Travelled,2018,Other fuel types,Co. Wicklow,Large PSVs,All years,Million,0
Kilometres Travelled,2018,Other fuel types,Co. Wicklow,Exempt vehicles,All years,Million,0
Kilometres Travelled,2018,Other fuel types,Co. Wicklow,Other vehicles,All years,Million,0
Kilometres Travelled,2018,Other fuel types,Co. Clare,Private cars,All years,Million,11
Kilometres Travelled,2018,Other fuel types,Co. Clare,Goods vehicles,All years,Million,0
Kilometres Travelled,2018,Other fuel types,Co. Clare,Motor cycles,All years,Million,0
Kilometres Travelled,2018,Other fuel types,Co. Clare,Tractors & Machinery,All years,Million,0
Kilometres Travelled,2018,Other fuel types,Co. Clare,Small PSVs,All years,Million,0
Kilometres Travelled,2018,Other fuel types,Co. Clare,Large PSVs,All years,Million,0
Kilometres Travelled,2018,Other fuel types,Co. Clare,Exempt vehicles,All years,Million,0
Kilometres Travelled,2018,Other fuel types,Co. Clare,Other vehicles,All years,Million,0
Kilometres Travelled,2018,Other fuel types,Co. Cork,Private cars,All years,Million,59
Kilometres Travelled,2018,Other fuel types,Co. Cork,Goods vehicles,All years,Million,0
Kilometres Travelled,2018,Other fuel types,Co. Cork,Motor cycles,All years,Million,0
Kilometres Travelled,2018,Other fuel types,Co. Cork,Tractors & Machinery,All years,Million,0
Kilometres Travelled,2018,Other fuel types,Co. Cork,Small PSVs,All years,Million,2
Kilometres Travelled,2018,Other fuel types,Co. Cork,Large PSVs,All years,Million,0
Kilometres Travelled,2018,Other fuel types,Co. Cork,Exempt vehicles,All years,Million,1
Kilometres Travelled,2018,Other fuel types,Co. Cork,Other vehicles,All years,Million,0
Kilometres Travelled,2018,Other fuel types,Co. Kerry,Private cars,All years,Million,13
Kilometres Travelled,2018,Other fuel types,Co. Kerry,Goods vehicles,All years,Million,0
Kilometres Travelled,2018,Other fuel types,Co. Kerry,Motor cycles,All years,Million,0
Kilometres Travelled,2018,Other fuel types,Co. Kerry,Tractors & Machinery,All years,Million,0
Kilometres Travelled,2018,Other fuel types,Co. Kerry,Small PSVs,All years,Million,0
Kilometres Travelled,2018,Other fuel types,Co. Kerry,Large PSVs,All years,Million,0
Kilometres Travelled,2018,Other fuel types,Co. Kerry,Exempt vehicles,All years,Million,0
Kilometres Travelled,2018,Other fuel types,Co. Kerry,Other vehicles,All years,Million,0
Kilometres Travelled,2018,Other fuel types,Co. Limerick,Private cars,All years,Million,16
Kilometres Travelled,2018,Other fuel types,Co. Limerick,Goods vehicles,All years,Million,0
Kilometres Travelled,2018,Other fuel types,Co. Limerick,Motor cycles,All years,Million,0
Kilometres Travelled,2018,Other fuel types,Co. Limerick,Tractors & Machinery,All years,Million,0
Kilometres Travelled,2018,Other fuel types,Co. Limerick,Small PSVs,All years,Million,2
Kilometres Travelled,2018,Other fuel types,Co. Limerick,Large PSVs,All years,Million,0
Kilometres Travelled,2018,Other fuel types,Co. Limerick,Exempt vehicles,All years,Million,1
Kilometres Travelled,2018,Other fuel types,Co. Limerick,Other vehicles,All years,Million,0
Kilometres Travelled,2018,Other fuel types,Co. Tipperary,Private cars,All years,Million,11
Kilometres Travelled,2018,Other fuel types,Co. Tipperary,Goods vehicles,All years,Million,0
Kilometres Travelled,2018,Other fuel types,Co. Tipperary,Motor cycles,All years,Million,0
Kilometres Travelled,2018,Other fuel types,Co. Tipperary,Tractors & Machinery,All years,Million,0
Kilometres Travelled,2018,Other fuel types,Co. Tipperary,Small PSVs,All years,Million,0
Kilometres Travelled,2018,Other fuel types,Co. Tipperary,Large PSVs,All years,Million,0
Kilometres Travelled,2018,Other fuel types,Co. Tipperary,Exempt vehicles,All years,Million,0
Kilometres Travelled,2018,Other fuel types,Co. Tipperary,Other vehicles,All years,Million,0
Kilometres Travelled,2018,Other fuel types,Co. Waterford,Private cars,All years,Million,11
Kilometres Travelled,2018,Other fuel types,Co. Waterford,Goods vehicles,All years,Million,0
Kilometres Travelled,2018,Other fuel types,Co. Waterford,Motor cycles,All years,Million,0
Kilometres Travelled,2018,Other fuel types,Co. Waterford,Tractors & Machinery,All years,Million,0
Kilometres Travelled,2018,Other fuel types,Co. Waterford,Small PSVs,All years,Million,0
Kilometres Travelled,2018,Other fuel types,Co. Waterford,Large PSVs,All years,Million,0
Kilometres Travelled,2018,Other fuel types,Co. Waterford,Exempt vehicles,All years,Million,0
Kilometres Travelled,2018,Other fuel types,Co. Waterford,Other vehicles,All years,Million,0
Kilometres Travelled,2018,Other fuel types,Co. Galway,Private cars,All years,Million,30
Kilometres Travelled,2018,Other fuel types,Co. Galway,Goods vehicles,All years,Million,0
Kilometres Travelled,2018,Other fuel types,Co. Galway,Motor cycles,All years,Million,0
Kilometres Travelled,2018,Other fuel types,Co. Galway,Tractors & Machinery,All years,Million,0
Kilometres Travelled,2018,Other fuel types,Co. Galway,Small PSVs,All years,Million,1
Kilometres Travelled,2018,Other fuel types,Co. Galway,Large PSVs,All years,Million,0
Kilometres Travelled,2018,Other fuel types,Co. Galway,Exempt vehicles,All years,Million,1
Kilometres Travelled,2018,Other fuel types,Co. Galway,Other vehicles,All years,Million,0
Kilometres Travelled,2018,Other fuel types,Co. Leitrim,Private cars,All years,Million,2
Kilometres Travelled,2018,Other fuel types,Co. Leitrim,Goods vehicles,All years,Million,0
Kilometres Travelled,2018,Other fuel types,Co. Leitrim,Motor cycles,All years,Million,0
Kilometres Travelled,2018,Other fuel types,Co. Leitrim,Tractors & Machinery,All years,Million,0
Kilometres Travelled,2018,Other fuel types,Co. Leitrim,Small PSVs,All years,Million,0
Kilometres Travelled,2018,Other fuel types,Co. Leitrim,Large PSVs,All years,Million,0
Kilometres Travelled,2018,Other fuel types,Co. Leitrim,Exempt vehicles,All years,Million,0
Kilometres Travelled,2018,Other fuel types,Co. Leitrim,Other vehicles,All years,Million,0
Kilometres Travelled,2018,Other fuel types,Co. Mayo,Private cars,All years,Million,8
Kilometres Travelled,2018,Other fuel types,Co. Mayo,Goods vehicles,All years,Million,0
Kilometres Travelled,2018,Other fuel types,Co. Mayo,Motor cycles,All years,Million,0
Kilometres Travelled,2018,Other fuel types,Co. Mayo,Tractors & Machinery,All years,Million,0
Kilometres Travelled,2018,Other fuel types,Co. Mayo,Small PSVs,All years,Million,0
Kilometres Travelled,2018,Other fuel types,Co. Mayo,Large PSVs,All years,Million,0
Kilometres Travelled,2018,Other fuel types,Co. Mayo,Exempt vehicles,All years,Million,0
Kilometres Travelled,2018,Other fuel types,Co. Mayo,Other vehicles,All years,Million,0
Kilometres Travelled,2018,Other fuel types,Co. Roscommon,Private cars,All years,Million,5
Kilometres Travelled,2018,Other fuel types,Co. Roscommon,Goods vehicles,All years,Million,0
Kilometres Travelled,2018,Other fuel types,Co. Roscommon,Motor cycles,All years,Million,0
Kilometres Travelled,2018,Other fuel types,Co. Roscommon,Tractors & Machinery,All years,Million,0
Kilometres Travelled,2018,Other fuel types,Co. Roscommon,Small PSVs,All years,Million,0
Kilometres Travelled,2018,Other fuel types,Co. Roscommon,Large PSVs,All years,Million,0
Kilometres Travelled,2018,Other fuel types,Co. Roscommon,Exempt vehicles,All years,Million,0
Kilometres Travelled,2018,Other fuel types,Co. Roscommon,Other vehicles,All years,Million,0
Kilometres Travelled,2018,Other fuel types,Co. Sligo,Private cars,All years,Million,5
Kilometres Travelled,2018,Other fuel types,Co. Sligo,Goods vehicles,All years,Million,0
Kilometres Travelled,2018,Other fuel types,Co. Sligo,Motor cycles,All years,Million,0
Kilometres Travelled,2018,Other fuel types,Co. Sligo,Tractors & Machinery,All years,Million,0
Kilometres Travelled,2018,Other fuel types,Co. Sligo,Small PSVs,All years,Million,0
Kilometres Travelled,2018,Other fuel types,Co. Sligo,Large PSVs,All years,Million,0
Kilometres Travelled,2018,Other fuel types,Co. Sligo,Exempt vehicles,All years,Million,0
Kilometres Travelled,2018,Other fuel types,Co. Sligo,Other vehicles,All years,Million,0
Kilometres Travelled,2018,Other fuel types,Co. Cavan,Private cars,All years,Million,6
Kilometres Travelled,2018,Other fuel types,Co. Cavan,Goods vehicles,All years,Million,0
Kilometres Travelled,2018,Other fuel types,Co. Cavan,Motor cycles,All years,Million,0
Kilometres Travelled,2018,Other fuel types,Co. Cavan,Tractors & Machinery,All years,Million,0
Kilometres Travelled,2018,Other fuel types,Co. Cavan,Small PSVs,All years,Million,0
Kilometres Travelled,2018,Other fuel types,Co. Cavan,Large PSVs,All years,Million,0
Kilometres Travelled,2018,Other fuel types,Co. Cavan,Exempt vehicles,All years,Million,0
Kilometres Travelled,2018,Other fuel types,Co. Cavan,Other vehicles,All years,Million,0
Kilometres Travelled,2018,Other fuel types,Co. Donegal,Private cars,All years,Million,11
Kilometres Travelled,2018,Other fuel types,Co. Donegal,Goods vehicles,All years,Million,0
Kilometres Travelled,2018,Other fuel types,Co. Donegal,Motor cycles,All years,Million,0
Kilometres Travelled,2018,Other fuel types,Co. Donegal,Tractors & Machinery,All years,Million,0
Kilometres Travelled,2018,Other fuel types,Co. Donegal,Small PSVs,All years,Million,0
Kilometres Travelled,2018,Other fuel types,Co. Donegal,Large PSVs,All years,Million,0
Kilometres Travelled,2018,Other fuel types,Co. Donegal,Exempt vehicles,All years,Million,0
Kilometres Travelled,2018,Other fuel types,Co. Donegal,Other vehicles,All years,Million,0
Kilometres Travelled,2018,Other fuel types,Co. Monaghan,Private cars,All years,Million,3
Kilometres Travelled,2018,Other fuel types,Co. Monaghan,Goods vehicles,All years,Million,0
Kilometres Travelled,2018,Other fuel types,Co. Monaghan,Motor cycles,All years,Million,0
Kilometres Travelled,2018,Other fuel types,Co. Monaghan,Tractors & Machinery,All years,Million,0
Kilometres Travelled,2018,Other fuel types,Co. Monaghan,Small PSVs,All years,Million,0
Kilometres Travelled,2018,Other fuel types,Co. Monaghan,Large PSVs,All years,Million,0
Kilometres Travelled,2018,Other fuel types,Co. Monaghan,Exempt vehicles,All years,Million,0
Kilometres Travelled,2018,Other fuel types,Co. Monaghan,Other vehicles,All years,Million,0
Kilometres Travelled,2019,Petrol,Co. Carlow,Private cars,All years,Million,132
Kilometres Travelled,2019,Petrol,Co. Carlow,Goods vehicles,All years,Million,0
Kilometres Travelled,2019,Petrol,Co. Carlow,Motor cycles,All years,Million,2
Kilometres Travelled,2019,Petrol,Co. Carlow,Tractors & Machinery,All years,Million,0
Kilometres Travelled,2019,Petrol,Co. Carlow,Small PSVs,All years,Million,0
Kilometres Travelled,2019,Petrol,Co. Carlow,Large PSVs,All years,Million,0
Kilometres Travelled,2019,Petrol,Co. Carlow,Exempt vehicles,All years,Million,1
Kilometres Travelled,2019,Petrol,Co. Carlow,Other vehicles,All years,Million,2
Kilometres Travelled,2019,Petrol,Co. Dublin,Private cars,All years,Million,2962
Kilometres Travelled,2019,Petrol,Co. Dublin,Goods vehicles,All years,Million,3
Kilometres Travelled,2019,Petrol,Co. Dublin,Motor cycles,All years,Million,36
Kilometres Travelled,2019,Petrol,Co. Dublin,Tractors & Machinery,All years,Million,0
Kilometres Travelled,2019,Petrol,Co. Dublin,Small PSVs,All years,Million,36
Kilometres Travelled,2019,Petrol,Co. Dublin,Large PSVs,All years,Million,0
Kilometres Travelled,2019,Petrol,Co. Dublin,Exempt vehicles,All years,Million,26
Kilometres Travelled,2019,Petrol,Co. Dublin,Other vehicles,All years,Million,17
Kilometres Travelled,2019,Petrol,Co. Kildare,Private cars,All years,Million,542
Kilometres Travelled,2019,Petrol,Co. Kildare,Goods vehicles,All years,Million,1
Kilometres Travelled,2019,Petrol,Co. Kildare,Motor cycles,All years,Million,6
Kilometres Travelled,2019,Petrol,Co. Kildare,Tractors & Machinery,All years,Million,0
Kilometres Travelled,2019,Petrol,Co. Kildare,Small PSVs,All years,Million,2
Kilometres Travelled,2019,Petrol,Co. Kildare,Large PSVs,All years,Million,0
Kilometres Travelled,2019,Petrol,Co. Kildare,Exempt vehicles,All years,Million,2
Kilometres Travelled,2019,Petrol,Co. Kildare,Other vehicles,All years,Million,5
Kilometres Travelled,2019,Petrol,Co. Kilkenny,Private cars,All years,Million,214
Kilometres Travelled,2019,Petrol,Co. Kilkenny,Goods vehicles,All years,Million,0
Kilometres Travelled,2019,Petrol,Co. Kilkenny,Motor cycles,All years,Million,2
Kilometres Travelled,2019,Petrol,Co. Kilkenny,Tractors & Machinery,All years,Million,0
Kilometres Travelled,2019,Petrol,Co. Kilkenny,Small PSVs,All years,Million,0
Kilometres Travelled,2019,Petrol,Co. Kilkenny,Large PSVs,All years,Million,0
Kilometres Travelled,2019,Petrol,Co. Kilkenny,Exempt vehicles,All years,Million,1
Kilometres Travelled,2019,Petrol,Co. Kilkenny,Other vehicles,All years,Million,2
Kilometres Travelled,2019,Petrol,Co. Laois,Private cars,All years,Million,157
Kilometres Travelled,2019,Petrol,Co. Laois,Goods vehicles,All years,Million,0
Kilometres Travelled,2019,Petrol,Co. Laois,Motor cycles,All years,Million,1
Kilometres Travelled,2019,Petrol,Co. Laois,Tractors & Machinery,All years,Million,0
Kilometres Travelled,2019,Petrol,Co. Laois,Small PSVs,All years,Million,0
Kilometres Travelled,2019,Petrol,Co. Laois,Large PSVs,All years,Million,0
Kilometres Travelled,2019,Petrol,Co. Laois,Exempt vehicles,All years,Million,1
Kilometres Travelled,2019,Petrol,Co. Laois,Other vehicles,All years,Million,1
Kilometres Travelled,2019,Petrol,Co. Longford,Private cars,All years,Million,71
Kilometres Travelled,2019,Petrol,Co. Longford,Goods vehicles,All years,Million,0
Kilometres Travelled,2019,Petrol,Co. Longford,Motor cycles,All years,Million,1
Kilometres Travelled,2019,Petrol,Co. Longford,Tractors & Machinery,All years,Million,0
Kilometres Travelled,2019,Petrol,Co. Longford,Small PSVs,All years,Million,0
Kilometres Travelled,2019,Petrol,Co. Longford,Large PSVs,All years,Million,0
Kilometres Travelled,2019,Petrol,Co. Longford,Exempt vehicles,All years,Million,0
Kilometres Travelled,2019,Petrol,Co. Longford,Other vehicles,All years,Million,1
Kilometres Travelled,2019,Petrol,Co. Louth,Private cars,All years,Million,247
Kilometres Travelled,2019,Petrol,Co. Louth,Goods vehicles,All years,Million,0
Kilometres Travelled,2019,Petrol,Co. Louth,Motor cycles,All years,Million,2
Kilometres Travelled,2019,Petrol,Co. Louth,Tractors & Machinery,All years,Million,0
Kilometres Travelled,2019,Petrol,Co. Louth,Small PSVs,All years,Million,1
Kilometres Travelled,2019,Petrol,Co. Louth,Large PSVs,All years,Million,0
Kilometres Travelled,2019,Petrol,Co. Louth,Exempt vehicles,All years,Million,2
Kilometres Travelled,2019,Petrol,Co. Louth,Other vehicles,All years,Million,2
Kilometres Travelled,2019,Petrol,Co. Meath,Private cars,All years,Million,434
Kilometres Travelled,2019,Petrol,Co. Meath,Goods vehicles,All years,Million,0
Kilometres Travelled,2019,Petrol,Co. Meath,Motor cycles,All years,Million,5
Kilometres Travelled,2019,Petrol,Co. Meath,Tractors & Machinery,All years,Million,0
Kilometres Travelled,2019,Petrol,Co. Meath,Small PSVs,All years,Million,2
Kilometres Travelled,2019,Petrol,Co. Meath,Large PSVs,All years,Million,0
Kilometres Travelled,2019,Petrol,Co. Meath,Exempt vehicles,All years,Million,3
Kilometres Travelled,2019,Petrol,Co. Meath,Other vehicles,All years,Million,4
Kilometres Travelled,2019,Petrol,Co. Offaly,Private cars,All years,Million,150
Kilometres Travelled,2019,Petrol,Co. Offaly,Goods vehicles,All years,Million,0
Kilometres Travelled,2019,Petrol,Co. Offaly,Motor cycles,All years,Million,2
Kilometres Travelled,2019,Petrol,Co. Offaly,Tractors & Machinery,All years,Million,0
Kilometres Travelled,2019,Petrol,Co. Offaly,Small PSVs,All years,Million,0
Kilometres Travelled,2019,Petrol,Co. Offaly,Large PSVs,All years,Million,0
Kilometres Travelled,2019,Petrol,Co. Offaly,Exempt vehicles,All years,Million,1
Kilometres Travelled,2019,Petrol,Co. Offaly,Other vehicles,All years,Million,1
Kilometres Travelled,2019,Petrol,Co. Westmeath,Private cars,All years,Million,176
Kilometres Travelled,2019,Petrol,Co. Westmeath,Goods vehicles,All years,Million,0
Kilometres Travelled,2019,Petrol,Co. Westmeath,Motor cycles,All years,Million,2
Kilometres Travelled,2019,Petrol,Co. Westmeath,Tractors & Machinery,All years,Million,0
Kilometres Travelled,2019,Petrol,Co. Westmeath,Small PSVs,All years,Million,0
Kilometres Travelled,2019,Petrol,Co. Westmeath,Large PSVs,All years,Million,0
Kilometres Travelled,2019,Petrol,Co. Westmeath,Exempt vehicles,All years,Million,1
Kilometres Travelled,2019,Petrol,Co. Westmeath,Other vehicles,All years,Million,1
Kilometres Travelled,2019,Petrol,Co. Wexford,Private cars,All years,Million,364
Kilometres Travelled,2019,Petrol,Co. Wexford,Goods vehicles,All years,Million,0
Kilometres Travelled,2019,Petrol,Co. Wexford,Motor cycles,All years,Million,4
Kilometres Travelled,2019,Petrol,Co. Wexford,Tractors & Machinery,All years,Million,0
Kilometres Travelled,2019,Petrol,Co. Wexford,Small PSVs,All years,Million,0
Kilometres Travelled,2019,Petrol,Co. Wexford,Large PSVs,All years,Million,0
Kilometres Travelled,2019,Petrol,Co. Wexford,Exempt vehicles,All years,Million,2
Kilometres Travelled,2019,Petrol,Co. Wexford,Other vehicles,All years,Million,4
Kilometres Travelled,2019,Petrol,Co. Wicklow,Private cars,All years,Million,400
Kilometres Travelled,2019,Petrol,Co. Wicklow,Goods vehicles,All years,Million,0
Kilometres Travelled,2019,Petrol,Co. Wicklow,Motor cycles,All years,Million,4
Kilometres Travelled,2019,Petrol,Co. Wicklow,Tractors & Machinery,All years,Million,0
Kilometres Travelled,2019,Petrol,Co. Wicklow,Small PSVs,All years,Million,1
Kilometres Travelled,2019,Petrol,Co. Wicklow,Large PSVs,All years,Million,0
Kilometres Travelled,2019,Petrol,Co. Wicklow,Exempt vehicles,All years,Million,2
Kilometres Travelled,2019,Petrol,Co. Wicklow,Other vehicles,All years,Million,4
Kilometres Travelled,2019,Petrol,Co. Clare,Private cars,All years,Million,303
Kilometres Travelled,2019,Petrol,Co. Clare,Goods vehicles,All years,Million,0
Kilometres Travelled,2019,Petrol,Co. Clare,Motor cycles,All years,Million,3
Kilometres Travelled,2019,Petrol,Co. Clare,Tractors & Machinery,All years,Million,0
Kilometres Travelled,2019,Petrol,Co. Clare,Small PSVs,All years,Million,1
Kilometres Travelled,2019,Petrol,Co. Clare,Large PSVs,All years,Million,0
Kilometres Travelled,2019,Petrol,Co. Clare,Exempt vehicles,All years,Million,3
Kilometres Travelled,2019,Petrol,Co. Clare,Other vehicles,All years,Million,2
Kilometres Travelled,2019,Petrol,Co. Cork,Private cars,All years,Million,1438
Kilometres Travelled,2019,Petrol,Co. Cork,Goods vehicles,All years,Million,2
Kilometres Travelled,2019,Petrol,Co. Cork,Motor cycles,All years,Million,15
Kilometres Travelled,2019,Petrol,Co. Cork,Tractors & Machinery,All years,Million,0
Kilometres Travelled,2019,Petrol,Co. Cork,Small PSVs,All years,Million,4
Kilometres Travelled,2019,Petrol,Co. Cork,Large PSVs,All years,Million,0
Kilometres Travelled,2019,Petrol,Co. Cork,Exempt vehicles,All years,Million,13
Kilometres Travelled,2019,Petrol,Co. Cork,Other vehicles,All years,Million,13
Kilometres Travelled,2019,Petrol,Co. Kerry,Private cars,All years,Million,392
Kilometres Travelled,2019,Petrol,Co. Kerry,Goods vehicles,All years,Million,0
Kilometres Travelled,2019,Petrol,Co. Kerry,Motor cycles,All years,Million,3
Kilometres Travelled,2019,Petrol,Co. Kerry,Tractors & Machinery,All years,Million,0
Kilometres Travelled,2019,Petrol,Co. Kerry,Small PSVs,All years,Million,1
Kilometres Travelled,2019,Petrol,Co. Kerry,Large PSVs,All years,Million,0
Kilometres Travelled,2019,Petrol,Co. Kerry,Exempt vehicles,All years,Million,2
Kilometres Travelled,2019,Petrol,Co. Kerry,Other vehicles,All years,Million,4
Kilometres Travelled,2019,Petrol,Co. Limerick,Private cars,All years,Million,481
Kilometres Travelled,2019,Petrol,Co. Limerick,Goods vehicles,All years,Million,0
Kilometres Travelled,2019,Petrol,Co. Limerick,Motor cycles,All years,Million,4
Kilometres Travelled,2019,Petrol,Co. Limerick,Tractors & Machinery,All years,Million,0
Kilometres Travelled,2019,Petrol,Co. Limerick,Small PSVs,All years,Million,3
Kilometres Travelled,2019,Petrol,Co. Limerick,Large PSVs,All years,Million,0
Kilometres Travelled,2019,Petrol,Co. Limerick,Exempt vehicles,All years,Million,4
Kilometres Travelled,2019,Petrol,Co. Limerick,Other vehicles,All years,Million,4
Kilometres Travelled,2019,Petrol,Co. Tipperary,Private cars,All years,Million,389
Kilometres Travelled,2019,Petrol,Co. Tipperary,Goods vehicles,All years,Million,0
Kilometres Travelled,2019,Petrol,Co. Tipperary,Motor cycles,All years,Million,4
Kilometres Travelled,2019,Petrol,Co. Tipperary,Tractors & Machinery,All years,Million,0
Kilometres Travelled,2019,Petrol,Co. Tipperary,Small PSVs,All years,Million,0
Kilometres Travelled,2019,Petrol,Co. Tipperary,Large PSVs,All years,Million,0
Kilometres Travelled,2019,Petrol,Co. Tipperary,Exempt vehicles,All years,Million,3
Kilometres Travelled,2019,Petrol,Co. Tipperary,Other vehicles,All years,Million,4
Kilometres Travelled,2019,Petrol,Co. Waterford,Private cars,All years,Million,327
Kilometres Travelled,2019,Petrol,Co. Waterford,Goods vehicles,All years,Million,0
Kilometres Travelled,2019,Petrol,Co. Waterford,Motor cycles,All years,Million,4
Kilometres Travelled,2019,Petrol,Co. Waterford,Tractors & Machinery,All years,Million,0
Kilometres Travelled,2019,Petrol,Co. Waterford,Small PSVs,All years,Million,1
Kilometres Travelled,2019,Petrol,Co. Waterford,Large PSVs,All years,Million,0
Kilometres Travelled,2019,Petrol,Co. Waterford,Exempt vehicles,All years,Million,2
Kilometres Travelled,2019,Petrol,Co. Waterford,Other vehicles,All years,Million,2
Kilometres Travelled,2019,Petrol,Co. Galway,Private cars,All years,Million,559
Kilometres Travelled,2019,Petrol,Co. Galway,Goods vehicles,All years,Million,1
Kilometres Travelled,2019,Petrol,Co. Galway,Motor cycles,All years,Million,4
Kilometres Travelled,2019,Petrol,Co. Galway,Tractors & Machinery,All years,Million,0
Kilometres Travelled,2019,Petrol,Co. Galway,Small PSVs,All years,Million,3
Kilometres Travelled,2019,Petrol,Co. Galway,Large PSVs,All years,Million,0
Kilometres Travelled,2019,Petrol,Co. Galway,Exempt vehicles,All years,Million,6
Kilometres Travelled,2019,Petrol,Co. Galway,Other vehicles,All years,Million,5
Kilometres Travelled,2019,Petrol,Co. Leitrim,Private cars,All years,Million,65
Kilometres Travelled,2019,Petrol,Co. Leitrim,Goods vehicles,All years,Million,0
Kilometres Travelled,2019,Petrol,Co. Leitrim,Motor cycles,All years,Million,0
Kilometres Travelled,2019,Petrol,Co. Leitrim,Tractors & Machinery,All years,Million,0
Kilometres Travelled,2019,Petrol,Co. Leitrim,Small PSVs,All years,Million,0
Kilometres Travelled,2019,Petrol,Co. Leitrim,Large PSVs,All years,Million,0
Kilometres Travelled,2019,Petrol,Co. Leitrim,Exempt vehicles,All years,Million,1
Kilometres Travelled,2019,Petrol,Co. Leitrim,Other vehicles,All years,Million,1
Kilometres Travelled,2019,Petrol,Co. Mayo,Private cars,All years,Million,278
Kilometres Travelled,2019,Petrol,Co. Mayo,Goods vehicles,All years,Million,0
Kilometres Travelled,2019,Petrol,Co. Mayo,Motor cycles,All years,Million,2
Kilometres Travelled,2019,Petrol,Co. Mayo,Tractors & Machinery,All years,Million,0
Kilometres Travelled,2019,Petrol,Co. Mayo,Small PSVs,All years,Million,0
Kilometres Travelled,2019,Petrol,Co. Mayo,Large PSVs,All years,Million,0
Kilometres Travelled,2019,Petrol,Co. Mayo,Exempt vehicles,All years,Million,3
Kilometres Travelled,2019,Petrol,Co. Mayo,Other vehicles,All years,Million,2
Kilometres Travelled,2019,Petrol,Co. Roscommon,Private cars,All years,Million,180
Kilometres Travelled,2019,Petrol,Co. Roscommon,Goods vehicles,All years,Million,0
Kilometres Travelled,2019,Petrol,Co. Roscommon,Motor cycles,All years,Million,1
Kilometres Travelled,2019,Petrol,Co. Roscommon,Tractors & Machinery,All years,Million,0
Kilometres Travelled,2019,Petrol,Co. Roscommon,Small PSVs,All years,Million,0
Kilometres Travelled,2019,Petrol,Co. Roscommon,Large PSVs,All years,Million,0
Kilometres Travelled,2019,Petrol,Co. Roscommon,Exempt vehicles,All years,Million,1
Kilometres Travelled,2019,Petrol,Co. Roscommon,Other vehicles,All years,Million,1
Kilometres Travelled,2019,Petrol,Co. Sligo,Private cars,All years,Million,142
Kilometres Travelled,2019,Petrol,Co. Sligo,Goods vehicles,All years,Million,0
Kilometres Travelled,2019,Petrol,Co. Sligo,Motor cycles,All years,Million,1
Kilometres Travelled,2019,Petrol,Co. Sligo,Tractors & Machinery,All years,Million,0
Kilometres Travelled,2019,Petrol,Co. Sligo,Small PSVs,All years,Million,0
Kilometres Travelled,2019,Petrol,Co. Sligo,Large PSVs,All years,Million,0
Kilometres Travelled,2019,Petrol,Co. Sligo,Exempt vehicles,All years,Million,2
Kilometres Travelled,2019,Petrol,Co. Sligo,Other vehicles,All years,Million,1
Kilometres Travelled,2019,Petrol,Co. Cavan,Private cars,All years,Million,134
Kilometres Travelled,2019,Petrol,Co. Cavan,Goods vehicles,All years,Million,0
Kilometres Travelled,2019,Petrol,Co. Cavan,Motor cycles,All years,Million,1
Kilometres Travelled,2019,Petrol,Co. Cavan,Tractors & Machinery,All years,Million,0
Kilometres Travelled,2019,Petrol,Co. Cavan,Small PSVs,All years,Million,0
Kilometres Travelled,2019,Petrol,Co. Cavan,Large PSVs,All years,Million,0
Kilometres Travelled,2019,Petrol,Co. Cavan,Exempt vehicles,All years,Million,1
Kilometres Travelled,2019,Petrol,Co. Cavan,Other vehicles,All years,Million,1
Kilometres Travelled,2019,Petrol,Co. Donegal,Private cars,All years,Million,277
Kilometres Travelled,2019,Petrol,Co. Donegal,Goods vehicles,All years,Million,0
Kilometres Travelled,2019,Petrol,Co. Donegal,Motor cycles,All years,Million,2
Kilometres Travelled,2019,Petrol,Co. Donegal,Tractors & Machinery,All years,Million,0
Kilometres Travelled,2019,Petrol,Co. Donegal,Small PSVs,All years,Million,0
Kilometres Travelled,2019,Petrol,Co. Donegal,Large PSVs,All years,Million,0
Kilometres Travelled,2019,Petrol,Co. Donegal,Exempt vehicles,All years,Million,3
Kilometres Travelled,2019,Petrol,Co. Donegal,Other vehicles,All years,Million,4
Kilometres Travelled,2019,Petrol,Co. Monaghan,Private cars,All years,Million,96
Kilometres Travelled,2019,Petrol,Co. Monaghan,Goods vehicles,All years,Million,0
Kilometres Travelled,2019,Petrol,Co. Monaghan,Motor cycles,All years,Million,1
Kilometres Travelled,2019,Petrol,Co. Monaghan,Tractors & Machinery,All years,Million,0
Kilometres Travelled,2019,Petrol,Co. Monaghan,Small PSVs,All years,Million,0
Kilometres Travelled,2019,Petrol,Co. Monaghan,Large PSVs,All years,Million,0
Kilometres Travelled,2019,Petrol,Co. Monaghan,Exempt vehicles,All years,Million,1
Kilometres Travelled,2019,Petrol,Co. Monaghan,Other vehicles,All years,Million,1
Kilometres Travelled,2019,Diesel,Co. Carlow,Private cars,All years,Million,386
Kilometres Travelled,2019,Diesel,Co. Carlow,Goods vehicles,All years,Million,130
Kilometres Travelled,2019,Diesel,Co. Carlow,Motor cycles,All years,Million,0
Kilometres Travelled,2019,Diesel,Co. Carlow,Tractors & Machinery,All years,Million,30
Kilometres Travelled,2019,Diesel,Co. Carlow,Small PSVs,All years,Million,6
Kilometres Travelled,2019,Diesel,Co. Carlow,Large PSVs,All years,Million,4
Kilometres Travelled,2019,Diesel,Co. Carlow,Exempt vehicles,All years,Million,3
Kilometres Travelled,2019,Diesel,Co. Carlow,Other vehicles,All years,Million,6
Kilometres Travelled,2019,Diesel,Co. Dublin,Private cars,All years,Million,4090
Kilometres Travelled,2019,Diesel,Co. Dublin,Goods vehicles,All years,Million,1841
Kilometres Travelled,2019,Diesel,Co. Dublin,Motor cycles,All years,Million,0
Kilometres Travelled,2019,Diesel,Co. Dublin,Tractors & Machinery,All years,Million,29
Kilometres Travelled,2019,Diesel,Co. Dublin,Small PSVs,All years,Million,333
Kilometres Travelled,2019,Diesel,Co. Dublin,Large PSVs,All years,Million,129
Kilometres Travelled,2019,Diesel,Co. Dublin,Exempt vehicles,All years,Million,106
Kilometres Travelled,2019,Diesel,Co. Dublin,Other vehicles,All years,Million,39
Kilometres Travelled,2019,Diesel,Co. Kildare,Private cars,All years,Million,1197
Kilometres Travelled,2019,Diesel,Co. Kildare,Goods vehicles,All years,Million,383
Kilometres Travelled,2019,Diesel,Co. Kildare,Motor cycles,All years,Million,0
Kilometres Travelled,2019,Diesel,Co. Kildare,Tractors & Machinery,All years,Million,42
Kilometres Travelled,2019,Diesel,Co. Kildare,Small PSVs,All years,Million,30
Kilometres Travelled,2019,Diesel,Co. Kildare,Large PSVs,All years,Million,17
Kilometres Travelled,2019,Diesel,Co. Kildare,Exempt vehicles,All years,Million,10
Kilometres Travelled,2019,Diesel,Co. Kildare,Other vehicles,All years,Million,11
Kilometres Travelled,2019,Diesel,Co. Kilkenny,Private cars,All years,Million,590
Kilometres Travelled,2019,Diesel,Co. Kilkenny,Goods vehicles,All years,Million,190
Kilometres Travelled,2019,Diesel,Co. Kilkenny,Motor cycles,All years,Million,0
Kilometres Travelled,2019,Diesel,Co. Kilkenny,Tractors & Machinery,All years,Million,62
Kilometres Travelled,2019,Diesel,Co. Kilkenny,Small PSVs,All years,Million,8
Kilometres Travelled,2019,Diesel,Co. Kilkenny,Large PSVs,All years,Million,11
Kilometres Travelled,2019,Diesel,Co. Kilkenny,Exempt vehicles,All years,Million,9
Kilometres Travelled,2019,Diesel,Co. Kilkenny,Other vehicles,All years,Million,8
Kilometres Travelled,2019,Diesel,Co. Laois,Private cars,All years,Million,505
Kilometres Travelled,2019,Diesel,Co. Laois,Goods vehicles,All years,Million,141
Kilometres Travelled,2019,Diesel,Co. Laois,Motor cycles,All years,Million,0
Kilometres Travelled,2019,Diesel,Co. Laois,Tractors & Machinery,All years,Million,47
Kilometres Travelled,2019,Diesel,Co. Laois,Small PSVs,All years,Million,8
Kilometres Travelled,2019,Diesel,Co. Laois,Large PSVs,All years,Million,6
Kilometres Travelled,2019,Diesel,Co. Laois,Exempt vehicles,All years,Million,4
Kilometres Travelled,2019,Diesel,Co. Laois,Other vehicles,All years,Million,6
Kilometres Travelled,2019,Diesel,Co. Longford,Private cars,All years,Million,261
Kilometres Travelled,2019,Diesel,Co. Longford,Goods vehicles,All years,Million,94
Kilometres Travelled,2019,Diesel,Co. Longford,Motor cycles,All years,Million,0
Kilometres Travelled,2019,Diesel,Co. Longford,Tractors & Machinery,All years,Million,21
Kilometres Travelled,2019,Diesel,Co. Longford,Small PSVs,All years,Million,4
Kilometres Travelled,2019,Diesel,Co. Longford,Large PSVs,All years,Million,3
Kilometres Travelled,2019,Diesel,Co. Longford,Exempt vehicles,All years,Million,3
Kilometres Travelled,2019,Diesel,Co. Longford,Other vehicles,All years,Million,4
Kilometres Travelled,2019,Diesel,Co. Louth,Private cars,All years,Million,625
Kilometres Travelled,2019,Diesel,Co. Louth,Goods vehicles,All years,Million,186
Kilometres Travelled,2019,Diesel,Co. Louth,Motor cycles,All years,Million,0
Kilometres Travelled,2019,Diesel,Co. Louth,Tractors & Machinery,All years,Million,19
Kilometres Travelled,2019,Diesel,Co. Louth,Small PSVs,All years,Million,21
Kilometres Travelled,2019,Diesel,Co. Louth,Large PSVs,All years,Million,9
Kilometres Travelled,2019,Diesel,Co. Louth,Exempt vehicles,All years,Million,8
Kilometres Travelled,2019,Diesel,Co. Louth,Other vehicles,All years,Million,5
Kilometres Travelled,2019,Diesel,Co. Meath,Private cars,All years,Million,1144
Kilometres Travelled,2019,Diesel,Co. Meath,Goods vehicles,All years,Million,364
Kilometres Travelled,2019,Diesel,Co. Meath,Motor cycles,All years,Million,0
Kilometres Travelled,2019,Diesel,Co. Meath,Tractors & Machinery,All years,Million,51
Kilometres Travelled,2019,Diesel,Co. Meath,Small PSVs,All years,Million,38
Kilometres Travelled,2019,Diesel,Co. Meath,Large PSVs,All years,Million,12
Kilometres Travelled,2019,Diesel,Co. Meath,Exempt vehicles,All years,Million,9
Kilometres Travelled,2019,Diesel,Co. Meath,Other vehicles,All years,Million,11
Kilometres Travelled,2019,Diesel,Co. Offaly,Private cars,All years,Million,497
Kilometres Travelled,2019,Diesel,Co. Offaly,Goods vehicles,All years,Million,141
Kilometres Travelled,2019,Diesel,Co. Offaly,Motor cycles,All years,Million,0
Kilometres Travelled,2019,Diesel,Co. Offaly,Tractors & Machinery,All years,Million,44
Kilometres Travelled,2019,Diesel,Co. Offaly,Small PSVs,All years,Million,6
Kilometres Travelled,2019,Diesel,Co. Offaly,Large PSVs,All years,Million,7
Kilometres Travelled,2019,Diesel,Co. Offaly,Exempt vehicles,All years,Million,4
Kilometres Travelled,2019,Diesel,Co. Offaly,Other vehicles,All years,Million,9
Kilometres Travelled,2019,Diesel,Co. Westmeath,Private cars,All years,Million,591
Kilometres Travelled,2019,Diesel,Co. Westmeath,Goods vehicles,All years,Million,176
Kilometres Travelled,2019,Diesel,Co. Westmeath,Motor cycles,All years,Million,0
Kilometres Travelled,2019,Diesel,Co. Westmeath,Tractors & Machinery,All years,Million,38
Kilometres Travelled,2019,Diesel,Co. Westmeath,Small PSVs,All years,Million,11
Kilometres Travelled,2019,Diesel,Co. Westmeath,Large PSVs,All years,Million,4
Kilometres Travelled,2019,Diesel,Co. Westmeath,Exempt vehicles,All years,Million,4
Kilometres Travelled,2019,Diesel,Co. Westmeath,Other vehicles,All years,Million,7
Kilometres Travelled,2019,Diesel,Co. Wexford,Private cars,All years,Million,996
Kilometres Travelled,2019,Diesel,Co. Wexford,Goods vehicles,All years,Million,328
Kilometres Travelled,2019,Diesel,Co. Wexford,Motor cycles,All years,Million,0
Kilometres Travelled,2019,Diesel,Co. Wexford,Tractors & Machinery,All years,Million,75
Kilometres Travelled,2019,Diesel,Co. Wexford,Small PSVs,All years,Million,9
Kilometres Travelled,2019,Diesel,Co. Wexford,Large PSVs,All years,Million,10
Kilometres Travelled,2019,Diesel,Co. Wexford,Exempt vehicles,All years,Million,8
Kilometres Travelled,2019,Diesel,Co. Wexford,Other vehicles,All years,Million,15
Kilometres Travelled,2019,Diesel,Co. Wicklow,Private cars,All years,Million,713
Kilometres Travelled,2019,Diesel,Co. Wicklow,Goods vehicles,All years,Million,201
Kilometres Travelled,2019,Diesel,Co. Wicklow,Motor cycles,All years,Million,0
Kilometres Travelled,2019,Diesel,Co. Wicklow,Tractors & Machinery,All years,Million,29
Kilometres Travelled,2019,Diesel,Co. Wicklow,Small PSVs,All years,Million,12
Kilometres Travelled,2019,Diesel,Co. Wicklow,Large PSVs,All years,Million,8
Kilometres Travelled,2019,Diesel,Co. Wicklow,Exempt vehicles,All years,Million,7
Kilometres Travelled,2019,Diesel,Co. Wicklow,Other vehicles,All years,Million,10
Kilometres Travelled,2019,Diesel,Co. Clare,Private cars,All years,Million,734
Kilometres Travelled,2019,Diesel,Co. Clare,Goods vehicles,All years,Million,195
Kilometres Travelled,2019,Diesel,Co. Clare,Motor cycles,All years,Million,0
Kilometres Travelled,2019,Diesel,Co. Clare,Tractors & Machinery,All years,Million,55
Kilometres Travelled,2019,Diesel,Co. Clare,Small PSVs,All years,Million,12
Kilometres Travelled,2019,Diesel,Co. Clare,Large PSVs,All years,Million,8
Kilometres Travelled,2019,Diesel,Co. Clare,Exempt vehicles,All years,Million,8
Kilometres Travelled,2019,Diesel,Co. Clare,Other vehicles,All years,Million,10
Kilometres Travelled,2019,Diesel,Co. Cork,Private cars,All years,Million,2710
Kilometres Travelled,2019,Diesel,Co. Cork,Goods vehicles,All years,Million,889
Kilometres Travelled,2019,Diesel,Co. Cork,Motor cycles,All years,Million,0
Kilometres Travelled,2019,Diesel,Co. Cork,Tractors & Machinery,All years,Million,190
Kilometres Travelled,2019,Diesel,Co. Cork,Small PSVs,All years,Million,62
Kilometres Travelled,2019,Diesel,Co. Cork,Large PSVs,All years,Million,31
Kilometres Travelled,2019,Diesel,Co. Cork,Exempt vehicles,All years,Million,39
Kilometres Travelled,2019,Diesel,Co. Cork,Other vehicles,All years,Million,36
Kilometres Travelled,2019,Diesel,Co. Kerry,Private cars,All years,Million,850
Kilometres Travelled,2019,Diesel,Co. Kerry,Goods vehicles,All years,Million,240
Kilometres Travelled,2019,Diesel,Co. Kerry,Motor cycles,All years,Million,0
Kilometres Travelled,2019,Diesel,Co. Kerry,Tractors & Machinery,All years,Million,71
Kilometres Travelled,2019,Diesel,Co. Kerry,Small PSVs,All years,Million,19
Kilometres Travelled,2019,Diesel,Co. Kerry,Large PSVs,All years,Million,19
Kilometres Travelled,2019,Diesel,Co. Kerry,Exempt vehicles,All years,Million,9
Kilometres Travelled,2019,Diesel,Co. Kerry,Other vehicles,All years,Million,15
Kilometres Travelled,2019,Diesel,Co. Limerick,Private cars,All years,Million,1045
Kilometres Travelled,2019,Diesel,Co. Limerick,Goods vehicles,All years,Million,321
Kilometres Travelled,2019,Diesel,Co. Limerick,Motor cycles,All years,Million,0
Kilometres Travelled,2019,Diesel,Co. Limerick,Tractors & Machinery,All years,Million,63
Kilometres Travelled,2019,Diesel,Co. Limerick,Small PSVs,All years,Million,19
Kilometres Travelled,2019,Diesel,Co. Limerick,Large PSVs,All years,Million,11
Kilometres Travelled,2019,Diesel,Co. Limerick,Exempt vehicles,All years,Million,11
Kilometres Travelled,2019,Diesel,Co. Limerick,Other vehicles,All years,Million,13
Kilometres Travelled,2019,Diesel,Co. Tipperary,Private cars,All years,Million,1091
Kilometres Travelled,2019,Diesel,Co. Tipperary,Goods vehicles,All years,Million,311
Kilometres Travelled,2019,Diesel,Co. Tipperary,Motor cycles,All years,Million,0
Kilometres Travelled,2019,Diesel,Co. Tipperary,Tractors & Machinery,All years,Million,95
Kilometres Travelled,2019,Diesel,Co. Tipperary,Small PSVs,All years,Million,10
Kilometres Travelled,2019,Diesel,Co. Tipperary,Large PSVs,All years,Million,12
Kilometres Travelled,2019,Diesel,Co. Tipperary,Exempt vehicles,All years,Million,11
Kilometres Travelled,2019,Diesel,Co. Tipperary,Other vehicles,All years,Million,13
Kilometres Travelled,2019,Diesel,Co. Waterford,Private cars,All years,Million,637
Kilometres Travelled,2019,Diesel,Co. Waterford,Goods vehicles,All years,Million,163
Kilometres Travelled,2019,Diesel,Co. Waterford,Motor cycles,All years,Million,0
Kilometres Travelled,2019,Diesel,Co. Waterford,Tractors & Machinery,All years,Million,39
Kilometres Travelled,2019,Diesel,Co. Waterford,Small PSVs,All years,Million,11
Kilometres Travelled,2019,Diesel,Co. Waterford,Large PSVs,All years,Million,6
Kilometres Travelled,2019,Diesel,Co. Waterford,Exempt vehicles,All years,Million,6
Kilometres Travelled,2019,Diesel,Co. Waterford,Other vehicles,All years,Million,8
Kilometres Travelled,2019,Diesel,Co. Galway,Private cars,All years,Million,1468
Kilometres Travelled,2019,Diesel,Co. Galway,Goods vehicles,All years,Million,435
Kilometres Travelled,2019,Diesel,Co. Galway,Motor cycles,All years,Million,0
Kilometres Travelled,2019,Diesel,Co. Galway,Tractors & Machinery,All years,Million,92
Kilometres Travelled,2019,Diesel,Co. Galway,Small PSVs,All years,Million,35
Kilometres Travelled,2019,Diesel,Co. Galway,Large PSVs,All years,Million,22
Kilometres Travelled,2019,Diesel,Co. Galway,Exempt vehicles,All years,Million,32
Kilometres Travelled,2019,Diesel,Co. Galway,Other vehicles,All years,Million,26
Kilometres Travelled,2019,Diesel,Co. Leitrim,Private cars,All years,Million,219
Kilometres Travelled,2019,Diesel,Co. Leitrim,Goods vehicles,All years,Million,72
Kilometres Travelled,2019,Diesel,Co. Leitrim,Motor cycles,All years,Million,0
Kilometres Travelled,2019,Diesel,Co. Leitrim,Tractors & Machinery,All years,Million,17
Kilometres Travelled,2019,Diesel,Co. Leitrim,Small PSVs,All years,Million,3
Kilometres Travelled,2019,Diesel,Co. Leitrim,Large PSVs,All years,Million,3
Kilometres Travelled,2019,Diesel,Co. Leitrim,Exempt vehicles,All years,Million,3
Kilometres Travelled,2019,Diesel,Co. Leitrim,Other vehicles,All years,Million,3
Kilometres Travelled,2019,Diesel,Co. Mayo,Private cars,All years,Million,832
Kilometres Travelled,2019,Diesel,Co. Mayo,Goods vehicles,All years,Million,267
Kilometres Travelled,2019,Diesel,Co. Mayo,Motor cycles,All years,Million,0
Kilometres Travelled,2019,Diesel,Co. Mayo,Tractors & Machinery,All years,Million,82
Kilometres Travelled,2019,Diesel,Co. Mayo,Small PSVs,All years,Million,10
Kilometres Travelled,2019,Diesel,Co. Mayo,Large PSVs,All years,Million,13
Kilometres Travelled,2019,Diesel,Co. Mayo,Exempt vehicles,All years,Million,14
Kilometres Travelled,2019,Diesel,Co. Mayo,Other vehicles,All years,Million,15
Kilometres Travelled,2019,Diesel,Co. Roscommon,Private cars,All years,Million,481
Kilometres Travelled,2019,Diesel,Co. Roscommon,Goods vehicles,All years,Million,138
Kilometres Travelled,2019,Diesel,Co. Roscommon,Motor cycles,All years,Million,0
Kilometres Travelled,2019,Diesel,Co. Roscommon,Tractors & Machinery,All years,Million,42
Kilometres Travelled,2019,Diesel,Co. Roscommon,Small PSVs,All years,Million,5
Kilometres Travelled,2019,Diesel,Co. Roscommon,Large PSVs,All years,Million,4
Kilometres Travelled,2019,Diesel,Co. Roscommon,Exempt vehicles,All years,Million,7
Kilometres Travelled,2019,Diesel,Co. Roscommon,Other vehicles,All years,Million,8
Kilometres Travelled,2019,Diesel,Co. Sligo,Private cars,All years,Million,367
Kilometres Travelled,2019,Diesel,Co. Sligo,Goods vehicles,All years,Million,123
Kilometres Travelled,2019,Diesel,Co. Sligo,Motor cycles,All years,Million,0
Kilometres Travelled,2019,Diesel,Co. Sligo,Tractors & Machinery,All years,Million,28
Kilometres Travelled,2019,Diesel,Co. Sligo,Small PSVs,All years,Million,7
Kilometres Travelled,2019,Diesel,Co. Sligo,Large PSVs,All years,Million,4
Kilometres Travelled,2019,Diesel,Co. Sligo,Exempt vehicles,All years,Million,5
Kilometres Travelled,2019,Diesel,Co. Sligo,Other vehicles,All years,Million,7
Kilometres Travelled,2019,Diesel,Co. Cavan,Private cars,All years,Million,475
Kilometres Travelled,2019,Diesel,Co. Cavan,Goods vehicles,All years,Million,181
Kilometres Travelled,2019,Diesel,Co. Cavan,Motor cycles,All years,Million,0
Kilometres Travelled,2019,Diesel,Co. Cavan,Tractors & Machinery,All years,Million,45
Kilometres Travelled,2019,Diesel,Co. Cavan,Small PSVs,All years,Million,7
Kilometres Travelled,2019,Diesel,Co. Cavan,Large PSVs,All years,Million,7
Kilometres Travelled,2019,Diesel,Co. Cavan,Exempt vehicles,All years,Million,5
Kilometres Travelled,2019,Diesel,Co. Cavan,Other vehicles,All years,Million,7
Kilometres Travelled,2019,Diesel,Co. Donegal,Private cars,All years,Million,871
Kilometres Travelled,2019,Diesel,Co. Donegal,Goods vehicles,All years,Million,300
Kilometres Travelled,2019,Diesel,Co. Donegal,Motor cycles,All years,Million,0
Kilometres Travelled,2019,Diesel,Co. Donegal,Tractors & Machinery,All years,Million,59
Kilometres Travelled,2019,Diesel,Co. Donegal,Small PSVs,All years,Million,14
Kilometres Travelled,2019,Diesel,Co. Donegal,Large PSVs,All years,Million,21
Kilometres Travelled,2019,Diesel,Co. Donegal,Exempt vehicles,All years,Million,12
Kilometres Travelled,2019,Diesel,Co. Donegal,Other vehicles,All years,Million,17
Kilometres Travelled,2019,Diesel,Co. Monaghan,Private cars,All years,Million,392
Kilometres Travelled,2019,Diesel,Co. Monaghan,Goods vehicles,All years,Million,198
Kilometres Travelled,2019,Diesel,Co. Monaghan,Motor cycles,All years,Million,0
Kilometres Travelled,2019,Diesel,Co. Monaghan,Tractors & Machinery,All years,Million,32
Kilometres Travelled,2019,Diesel,Co. Monaghan,Small PSVs,All years,Million,3
Kilometres Travelled,2019,Diesel,Co. Monaghan,Large PSVs,All years,Million,11
Kilometres Travelled,2019,Diesel,Co. Monaghan,Exempt vehicles,All years,Million,3
Kilometres Travelled,2019,Diesel,Co. Monaghan,Other vehicles,All years,Million,5
Kilometres Travelled,2019,Other fuel types,Co. Carlow,Private cars,All years,Million,6
Kilometres Travelled,2019,Other fuel types,Co. Carlow,Goods vehicles,All years,Million,0
Kilometres Travelled,2019,Other fuel types,Co. Carlow,Motor cycles,All years,Million,0
Kilometres Travelled,2019,Other fuel types,Co. Carlow,Tractors & Machinery,All years,Million,0
Kilometres Travelled,2019,Other fuel types,Co. Carlow,Small PSVs,All years,Million,0
Kilometres Travelled,2019,Other fuel types,Co. Carlow,Large PSVs,All years,Million,0
Kilometres Travelled,2019,Other fuel types,Co. Carlow,Exempt vehicles,All years,Million,0
Kilometres Travelled,2019,Other fuel types,Co. Carlow,Other vehicles,All years,Million,0
Kilometres Travelled,2019,Other fuel types,Co. Dublin,Private cars,All years,Million,318
Kilometres Travelled,2019,Other fuel types,Co. Dublin,Goods vehicles,All years,Million,4
Kilometres Travelled,2019,Other fuel types,Co. Dublin,Motor cycles,All years,Million,0
Kilometres Travelled,2019,Other fuel types,Co. Dublin,Tractors & Machinery,All years,Million,0
Kilometres Travelled,2019,Other fuel types,Co. Dublin,Small PSVs,All years,Million,68
Kilometres Travelled,2019,Other fuel types,Co. Dublin,Large PSVs,All years,Million,0
Kilometres Travelled,2019,Other fuel types,Co. Dublin,Exempt vehicles,All years,Million,3
Kilometres Travelled,2019,Other fuel types,Co. Dublin,Other vehicles,All years,Million,0
Kilometres Travelled,2019,Other fuel types,Co. Kildare,Private cars,All years,Million,42
Kilometres Travelled,2019,Other fuel types,Co. Kildare,Goods vehicles,All years,Million,1
Kilometres Travelled,2019,Other fuel types,Co. Kildare,Motor cycles,All years,Million,0
Kilometres Travelled,2019,Other fuel types,Co. Kildare,Tractors & Machinery,All years,Million,0
Kilometres Travelled,2019,Other fuel types,Co. Kildare,Small PSVs,All years,Million,3
Kilometres Travelled,2019,Other fuel types,Co. Kildare,Large PSVs,All years,Million,0
Kilometres Travelled,2019,Other fuel types,Co. Kildare,Exempt vehicles,All years,Million,0
Kilometres Travelled,2019,Other fuel types,Co. Kildare,Other vehicles,All years,Million,0
Kilometres Travelled,2019,Other fuel types,Co. Kilkenny,Private cars,All years,Million,11
Kilometres Travelled,2019,Other fuel types,Co. Kilkenny,Goods vehicles,All years,Million,0
Kilometres Travelled,2019,Other fuel types,Co. Kilkenny,Motor cycles,All years,Million,0
Kilometres Travelled,2019,Other fuel types,Co. Kilkenny,Tractors & Machinery,All years,Million,0
Kilometres Travelled,2019,Other fuel types,Co. Kilkenny,Small PSVs,All years,Million,0
Kilometres Travelled,2019,Other fuel types,Co. Kilkenny,Large PSVs,All years,Million,0
Kilometres Travelled,2019,Other fuel types,Co. Kilkenny,Exempt vehicles,All years,Million,0
Kilometres Travelled,2019,Other fuel types,Co. Kilkenny,Other vehicles,All years,Million,0
Kilometres Travelled,2019,Other fuel types,Co. Laois,Private cars,All years,Million,9
Kilometres Travelled,2019,Other fuel types,Co. Laois,Goods vehicles,All years,Million,0
Kilometres Travelled,2019,Other fuel types,Co. Laois,Motor cycles,All years,Million,0
Kilometres Travelled,2019,Other fuel types,Co. Laois,Tractors & Machinery,All years,Million,0
Kilometres Travelled,2019,Other fuel types,Co. Laois,Small PSVs,All years,Million,1
Kilometres Travelled,2019,Other fuel types,Co. Laois,Large PSVs,All years,Million,0
Kilometres Travelled,2019,Other fuel types,Co. Laois,Exempt vehicles,All years,Million,0
Kilometres Travelled,2019,Other fuel types,Co. Laois,Other vehicles,All years,Million,0
Kilometres Travelled,2019,Other fuel types,Co. Longford,Private cars,All years,Million,5
Kilometres Travelled,2019,Other fuel types,Co. Longford,Goods vehicles,All years,Million,0
Kilometres Travelled,2019,Other fuel types,Co. Longford,Motor cycles,All years,Million,0
Kilometres Travelled,2019,Other fuel types,Co. Longford,Tractors & Machinery,All years,Million,0
Kilometres Travelled,2019,Other fuel types,Co. Longford,Small PSVs,All years,Million,0
Kilometres Travelled,2019,Other fuel types,Co. Longford,Large PSVs,All years,Million,0
Kilometres Travelled,2019,Other fuel types,Co. Longford,Exempt vehicles,All years,Million,0
Kilometres Travelled,2019,Other fuel types,Co. Longford,Other vehicles,All years,Million,0
Kilometres Travelled,2019,Other fuel types,Co. Louth,Private cars,All years,Million,17
Kilometres Travelled,2019,Other fuel types,Co. Louth,Goods vehicles,All years,Million,0
Kilometres Travelled,2019,Other fuel types,Co. Louth,Motor cycles,All years,Million,0
Kilometres Travelled,2019,Other fuel types,Co. Louth,Tractors & Machinery,All years,Million,0
Kilometres Travelled,2019,Other fuel types,Co. Louth,Small PSVs,All years,Million,2
Kilometres Travelled,2019,Other fuel types,Co. Louth,Large PSVs,All years,Million,0
Kilometres Travelled,2019,Other fuel types,Co. Louth,Exempt vehicles,All years,Million,0
Kilometres Travelled,2019,Other fuel types,Co. Louth,Other vehicles,All years,Million,0
Kilometres Travelled,2019,Other fuel types,Co. Meath,Private cars,All years,Million,34
Kilometres Travelled,2019,Other fuel types,Co. Meath,Goods vehicles,All years,Million,0
Kilometres Travelled,2019,Other fuel types,Co. Meath,Motor cycles,All years,Million,0
Kilometres Travelled,2019,Other fuel types,Co. Meath,Tractors & Machinery,All years,Million,0
Kilometres Travelled,2019,Other fuel types,Co. Meath,Small PSVs,All years,Million,4
Kilometres Travelled,2019,Other fuel types,Co. Meath,Large PSVs,All years,Million,0
Kilometres Travelled,2019,Other fuel types,Co. Meath,Exempt vehicles,All years,Million,0
Kilometres Travelled,2019,Other fuel types,Co. Meath,Other vehicles,All years,Million,0
Kilometres Travelled,2019,Other fuel types,Co. Offaly,Private cars,All years,Million,9
Kilometres Travelled,2019,Other fuel types,Co. Offaly,Goods vehicles,All years,Million,0
Kilometres Travelled,2019,Other fuel types,Co. Offaly,Motor cycles,All years,Million,0
Kilometres Travelled,2019,Other fuel types,Co. Offaly,Tractors & Machinery,All years,Million,0
Kilometres Travelled,2019,Other fuel types,Co. Offaly,Small PSVs,All years,Million,0
Kilometres Travelled,2019,Other fuel types,Co. Offaly,Large PSVs,All years,Million,0
Kilometres Travelled,2019,Other fuel types,Co. Offaly,Exempt vehicles,All years,Million,0
Kilometres Travelled,2019,Other fuel types,Co. Offaly,Other vehicles,All years,Million,0
Kilometres Travelled,2019,Other fuel types,Co. Westmeath,Private cars,All years,Million,13
Kilometres Travelled,2019,Other fuel types,Co. Westmeath,Goods vehicles,All years,Million,0
Kilometres Travelled,2019,Other fuel types,Co. Westmeath,Motor cycles,All years,Million,0
Kilometres Travelled,2019,Other fuel types,Co. Westmeath,Tractors & Machinery,All years,Million,0
Kilometres Travelled,2019,Other fuel types,Co. Westmeath,Small PSVs,All years,Million,1
Kilometres Travelled,2019,Other fuel types,Co. Westmeath,Large PSVs,All years,Million,0
Kilometres Travelled,2019,Other fuel types,Co. Westmeath,Exempt vehicles,All years,Million,0
Kilometres Travelled,2019,Other fuel types,Co. Westmeath,Other vehicles,All years,Million,0
Kilometres Travelled,2019,Other fuel types,Co. Wexford,Private cars,All years,Million,19
Kilometres Travelled,2019,Other fuel types,Co. Wexford,Goods vehicles,All years,Million,0
Kilometres Travelled,2019,Other fuel types,Co. Wexford,Motor cycles,All years,Million,0
Kilometres Travelled,2019,Other fuel types,Co. Wexford,Tractors & Machinery,All years,Million,0
Kilometres Travelled,2019,Other fuel types,Co. Wexford,Small PSVs,All years,Million,0
Kilometres Travelled,2019,Other fuel types,Co. Wexford,Large PSVs,All years,Million,0
Kilometres Travelled,2019,Other fuel types,Co. Wexford,Exempt vehicles,All years,Million,0
Kilometres Travelled,2019,Other fuel types,Co. Wexford,Other vehicles,All years,Million,0
Kilometres Travelled,2019,Other fuel types,Co. Wicklow,Private cars,All years,Million,30
Kilometres Travelled,2019,Other fuel types,Co. Wicklow,Goods vehicles,All years,Million,0
Kilometres Travelled,2019,Other fuel types,Co. Wicklow,Motor cycles,All years,Million,0
Kilometres Travelled,2019,Other fuel types,Co. Wicklow,Tractors & Machinery,All years,Million,0
Kilometres Travelled,2019,Other fuel types,Co. Wicklow,Small PSVs,All years,Million,1
Kilometres Travelled,2019,Other fuel types,Co. Wicklow,Large PSVs,All years,Million,0
Kilometres Travelled,2019,Other fuel types,Co. Wicklow,Exempt vehicles,All years,Million,0
Kilometres Travelled,2019,Other fuel types,Co. Wicklow,Other vehicles,All years,Million,0
Kilometres Travelled,2019,Other fuel types,Co. Clare,Private cars,All years,Million,15
Kilometres Travelled,2019,Other fuel types,Co. Clare,Goods vehicles,All years,Million,0
Kilometres Travelled,2019,Other fuel types,Co. Clare,Motor cycles,All years,Million,0
Kilometres Travelled,2019,Other fuel types,Co. Clare,Tractors & Machinery,All years,Million,0
Kilometres Travelled,2019,Other fuel types,Co. Clare,Small PSVs,All years,Million,0
Kilometres Travelled,2019,Other fuel types,Co. Clare,Large PSVs,All years,Million,0
Kilometres Travelled,2019,Other fuel types,Co. Clare,Exempt vehicles,All years,Million,0
Kilometres Travelled,2019,Other fuel types,Co. Clare,Other vehicles,All years,Million,0
Kilometres Travelled,2019,Other fuel types,Co. Cork,Private cars,All years,Million,83
Kilometres Travelled,2019,Other fuel types,Co. Cork,Goods vehicles,All years,Million,1
Kilometres Travelled,2019,Other fuel types,Co. Cork,Motor cycles,All years,Million,0
Kilometres Travelled,2019,Other fuel types,Co. Cork,Tractors & Machinery,All years,Million,0
Kilometres Travelled,2019,Other fuel types,Co. Cork,Small PSVs,All years,Million,3
Kilometres Travelled,2019,Other fuel types,Co. Cork,Large PSVs,All years,Million,0
Kilometres Travelled,2019,Other fuel types,Co. Cork,Exempt vehicles,All years,Million,2
Kilometres Travelled,2019,Other fuel types,Co. Cork,Other vehicles,All years,Million,0
Kilometres Travelled,2019,Other fuel types,Co. Kerry,Private cars,All years,Million,17
Kilometres Travelled,2019,Other fuel types,Co. Kerry,Goods vehicles,All years,Million,0
Kilometres Travelled,2019,Other fuel types,Co. Kerry,Motor cycles,All years,Million,0
Kilometres Travelled,2019,Other fuel types,Co. Kerry,Tractors & Machinery,All years,Million,0
Kilometres Travelled,2019,Other fuel types,Co. Kerry,Small PSVs,All years,Million,0
Kilometres Travelled,2019,Other fuel types,Co. Kerry,Large PSVs,All years,Million,0
Kilometres Travelled,2019,Other fuel types,Co. Kerry,Exempt vehicles,All years,Million,0
Kilometres Travelled,2019,Other fuel types,Co. Kerry,Other vehicles,All years,Million,0
Kilometres Travelled,2019,Other fuel types,Co. Limerick,Private cars,All years,Million,22
Kilometres Travelled,2019,Other fuel types,Co. Limerick,Goods vehicles,All years,Million,0
Kilometres Travelled,2019,Other fuel types,Co. Limerick,Motor cycles,All years,Million,0
Kilometres Travelled,2019,Other fuel types,Co. Limerick,Tractors & Machinery,All years,Million,0
Kilometres Travelled,2019,Other fuel types,Co. Limerick,Small PSVs,All years,Million,3
Kilometres Travelled,2019,Other fuel types,Co. Limerick,Large PSVs,All years,Million,0
Kilometres Travelled,2019,Other fuel types,Co. Limerick,Exempt vehicles,All years,Million,1
Kilometres Travelled,2019,Other fuel types,Co. Limerick,Other vehicles,All years,Million,0
Kilometres Travelled,2019,Other fuel types,Co. Tipperary,Private cars,All years,Million,16
Kilometres Travelled,2019,Other fuel types,Co. Tipperary,Goods vehicles,All years,Million,0
Kilometres Travelled,2019,Other fuel types,Co. Tipperary,Motor cycles,All years,Million,0
Kilometres Travelled,2019,Other fuel types,Co. Tipperary,Tractors & Machinery,All years,Million,0
Kilometres Travelled,2019,Other fuel types,Co. Tipperary,Small PSVs,All years,Million,0
Kilometres Travelled,2019,Other fuel types,Co. Tipperary,Large PSVs,All years,Million,0
Kilometres Travelled,2019,Other fuel types,Co. Tipperary,Exempt vehicles,All years,Million,0
Kilometres Travelled,2019,Other fuel types,Co. Tipperary,Other vehicles,All years,Million,0
Kilometres Travelled,2019,Other fuel types,Co. Waterford,Private cars,All years,Million,14
Kilometres Travelled,2019,Other fuel types,Co. Waterford,Goods vehicles,All years,Million,0
Kilometres Travelled,2019,Other fuel types,Co. Waterford,Motor cycles,All years,Million,0
Kilometres Travelled,2019,Other fuel types,Co. Waterford,Tractors & Machinery,All years,Million,0
Kilometres Travelled,2019,Other fuel types,Co. Waterford,Small PSVs,All years,Million,0
Kilometres Travelled,2019,Other fuel types,Co. Waterford,Large PSVs,All years,Million,0
Kilometres Travelled,2019,Other fuel types,Co. Waterford,Exempt vehicles,All years,Million,0
Kilometres Travelled,2019,Other fuel types,Co. Waterford,Other vehicles,All years,Million,0
Kilometres Travelled,2019,Other fuel types,Co. Galway,Private cars,All years,Million,42
Kilometres Travelled,2019,Other fuel types,Co. Galway,Goods vehicles,All years,Million,0
Kilometres Travelled,2019,Other fuel types,Co. Galway,Motor cycles,All years,Million,0
Kilometres Travelled,2019,Other fuel types,Co. Galway,Tractors & Machinery,All years,Million,0
Kilometres Travelled,2019,Other fuel types,Co. Galway,Small PSVs,All years,Million,1
Kilometres Travelled,2019,Other fuel types,Co. Galway,Large PSVs,All years,Million,0
Kilometres Travelled,2019,Other fuel types,Co. Galway,Exempt vehicles,All years,Million,2
Kilometres Travelled,2019,Other fuel types,Co. Galway,Other vehicles,All years,Million,0
Kilometres Travelled,2019,Other fuel types,Co. Leitrim,Private cars,All years,Million,3
Kilometres Travelled,2019,Other fuel types,Co. Leitrim,Goods vehicles,All years,Million,0
Kilometres Travelled,2019,Other fuel types,Co. Leitrim,Motor cycles,All years,Million,0
Kilometres Travelled,2019,Other fuel types,Co. Leitrim,Tractors & Machinery,All years,Million,0
Kilometres Travelled,2019,Other fuel types,Co. Leitrim,Small PSVs,All years,Million,0
Kilometres Travelled,2019,Other fuel types,Co. Leitrim,Large PSVs,All years,Million,0
Kilometres Travelled,2019,Other fuel types,Co. Leitrim,Exempt vehicles,All years,Million,0
Kilometres Travelled,2019,Other fuel types,Co. Leitrim,Other vehicles,All years,Million,0
Kilometres Travelled,2019,Other fuel types,Co. Mayo,Private cars,All years,Million,11
Kilometres Travelled,2019,Other fuel types,Co. Mayo,Goods vehicles,All years,Million,0
Kilometres Travelled,2019,Other fuel types,Co. Mayo,Motor cycles,All years,Million,0
Kilometres Travelled,2019,Other fuel types,Co. Mayo,Tractors & Machinery,All years,Million,0
Kilometres Travelled,2019,Other fuel types,Co. Mayo,Small PSVs,All years,Million,0
Kilometres Travelled,2019,Other fuel types,Co. Mayo,Large PSVs,All years,Million,0
Kilometres Travelled,2019,Other fuel types,Co. Mayo,Exempt vehicles,All years,Million,1
Kilometres Travelled,2019,Other fuel types,Co. Mayo,Other vehicles,All years,Million,0
Kilometres Travelled,2019,Other fuel types,Co. Roscommon,Private cars,All years,Million,7
Kilometres Travelled,2019,Other fuel types,Co. Roscommon,Goods vehicles,All years,Million,0
Kilometres Travelled,2019,Other fuel types,Co. Roscommon,Motor cycles,All years,Million,0
Kilometres Travelled,2019,Other fuel types,Co. Roscommon,Tractors & Machinery,All years,Million,0
Kilometres Travelled,2019,Other fuel types,Co. Roscommon,Small PSVs,All years,Million,0
Kilometres Travelled,2019,Other fuel types,Co. Roscommon,Large PSVs,All years,Million,0
Kilometres Travelled,2019,Other fuel types,Co. Roscommon,Exempt vehicles,All years,Million,0
Kilometres Travelled,2019,Other fuel types,Co. Roscommon,Other vehicles,All years,Million,0
Kilometres Travelled,2019,Other fuel types,Co. Sligo,Private cars,All years,Million,7
Kilometres Travelled,2019,Other fuel types,Co. Sligo,Goods vehicles,All years,Million,0
Kilometres Travelled,2019,Other fuel types,Co. Sligo,Motor cycles,All years,Million,0
Kilometres Travelled,2019,Other fuel types,Co. Sligo,Tractors & Machinery,All years,Million,0
Kilometres Travelled,2019,Other fuel types,Co. Sligo,Small PSVs,All years,Million,0
Kilometres Travelled,2019,Other fuel types,Co. Sligo,Large PSVs,All years,Million,0
Kilometres Travelled,2019,Other fuel types,Co. Sligo,Exempt vehicles,All years,Million,0
Kilometres Travelled,2019,Other fuel types,Co. Sligo,Other vehicles,All years,Million,0
Kilometres Travelled,2019,Other fuel types,Co. Cavan,Private cars,All years,Million,8
Kilometres Travelled,2019,Other fuel types,Co. Cavan,Goods vehicles,All years,Million,0
Kilometres Travelled,2019,Other fuel types,Co. Cavan,Motor cycles,All years,Million,0
Kilometres Travelled,2019,Other fuel types,Co. Cavan,Tractors & Machinery,All years,Million,0
Kilometres Travelled,2019,Other fuel types,Co. Cavan,Small PSVs,All years,Million,0
Kilometres Travelled,2019,Other fuel types,Co. Cavan,Large PSVs,All years,Million,0
Kilometres Travelled,2019,Other fuel types,Co. Cavan,Exempt vehicles,All years,Million,0
Kilometres Travelled,2019,Other fuel types,Co. Cavan,Other vehicles,All years,Million,0
Kilometres Travelled,2019,Other fuel types,Co. Donegal,Private cars,All years,Million,15
Kilometres Travelled,2019,Other fuel types,Co. Donegal,Goods vehicles,All years,Million,0
Kilometres Travelled,2019,Other fuel types,Co. Donegal,Motor cycles,All years,Million,0
Kilometres Travelled,2019,Other fuel types,Co. Donegal,Tractors & Machinery,All years,Million,0
Kilometres Travelled,2019,Other fuel types,Co. Donegal,Small PSVs,All years,Million,0
Kilometres Travelled,2019,Other fuel types,Co. Donegal,Large PSVs,All years,Million,0
Kilometres Travelled,2019,Other fuel types,Co. Donegal,Exempt vehicles,All years,Million,1
Kilometres Travelled,2019,Other fuel types,Co. Donegal,Other vehicles,All years,Million,0
Kilometres Travelled,2019,Other fuel types,Co. Monaghan,Private cars,All years,Million,5
Kilometres Travelled,2019,Other fuel types,Co. Monaghan,Goods vehicles,All years,Million,0
Kilometres Travelled,2019,Other fuel types,Co. Monaghan,Motor cycles,All years,Million,0
Kilometres Travelled,2019,Other fuel types,Co. Monaghan,Tractors & Machinery,All years,Million,0
Kilometres Travelled,2019,Other fuel types,Co. Monaghan,Small PSVs,All years,Million,0
Kilometres Travelled,2019,Other fuel types,Co. Monaghan,Large PSVs,All years,Million,0
Kilometres Travelled,2019,Other fuel types,Co. Monaghan,Exempt vehicles,All years,Million,0
Kilometres Travelled,2019,Other fuel types,Co. Monaghan,Other vehicles,All years,Million,0
Kilometres Travelled,2020,Petrol,Co. Carlow,Private cars,All years,Million,88
Kilometres Travelled,2020,Petrol,Co. Carlow,Goods vehicles,All years,Million,0
Kilometres Travelled,2020,Petrol,Co. Carlow,Motor cycles,All years,Million,1
Kilometres Travelled,2020,Petrol,Co. Carlow,Tractors & Machinery,All years,Million,0
Kilometres Travelled,2020,Petrol,Co. Carlow,Small PSVs,All years,Million,0
Kilometres Travelled,2020,Petrol,Co. Carlow,Large PSVs,All years,Million,0
Kilometres Travelled,2020,Petrol,Co. Carlow,Exempt vehicles,All years,Million,0
Kilometres Travelled,2020,Petrol,Co. Carlow,Other vehicles,All years,Million,1
Kilometres Travelled,2020,Petrol,Co. Dublin,Private cars,All years,Million,2035
Kilometres Travelled,2020,Petrol,Co. Dublin,Goods vehicles,All years,Million,2
Kilometres Travelled,2020,Petrol,Co. Dublin,Motor cycles,All years,Million,31
Kilometres Travelled,2020,Petrol,Co. Dublin,Tractors & Machinery,All years,Million,0
Kilometres Travelled,2020,Petrol,Co. Dublin,Small PSVs,All years,Million,16
Kilometres Travelled,2020,Petrol,Co. Dublin,Large PSVs,All years,Million,0
Kilometres Travelled,2020,Petrol,Co. Dublin,Exempt vehicles,All years,Million,18
Kilometres Travelled,2020,Petrol,Co. Dublin,Other vehicles,All years,Million,13
Kilometres Travelled,2020,Petrol,Co. Kildare,Private cars,All years,Million,376
Kilometres Travelled,2020,Petrol,Co. Kildare,Goods vehicles,All years,Million,1
Kilometres Travelled,2020,Petrol,Co. Kildare,Motor cycles,All years,Million,6
Kilometres Travelled,2020,Petrol,Co. Kildare,Tractors & Machinery,All years,Million,0
Kilometres Travelled,2020,Petrol,Co. Kildare,Small PSVs,All years,Million,1
Kilometres Travelled,2020,Petrol,Co. Kildare,Large PSVs,All years,Million,0
Kilometres Travelled,2020,Petrol,Co. Kildare,Exempt vehicles,All years,Million,2
Kilometres Travelled,2020,Petrol,Co. Kildare,Other vehicles,All years,Million,4
Kilometres Travelled,2020,Petrol,Co. Kilkenny,Private cars,All years,Million,146
Kilometres Travelled,2020,Petrol,Co. Kilkenny,Goods vehicles,All years,Million,0
Kilometres Travelled,2020,Petrol,Co. Kilkenny,Motor cycles,All years,Million,2
Kilometres Travelled,2020,Petrol,Co. Kilkenny,Tractors & Machinery,All years,Million,0
Kilometres Travelled,2020,Petrol,Co. Kilkenny,Small PSVs,All years,Million,0
Kilometres Travelled,2020,Petrol,Co. Kilkenny,Large PSVs,All years,Million,0
Kilometres Travelled,2020,Petrol,Co. Kilkenny,Exempt vehicles,All years,Million,1
Kilometres Travelled,2020,Petrol,Co. Kilkenny,Other vehicles,All years,Million,2
Kilometres Travelled,2020,Petrol,Co. Laois,Private cars,All years,Million,104
Kilometres Travelled,2020,Petrol,Co. Laois,Goods vehicles,All years,Million,0
Kilometres Travelled,2020,Petrol,Co. Laois,Motor cycles,All years,Million,1
Kilometres Travelled,2020,Petrol,Co. Laois,Tractors & Machinery,All years,Million,0
Kilometres Travelled,2020,Petrol,Co. Laois,Small PSVs,All years,Million,0
Kilometres Travelled,2020,Petrol,Co. Laois,Large PSVs,All years,Million,0
Kilometres Travelled,2020,Petrol,Co. Laois,Exempt vehicles,All years,Million,1
Kilometres Travelled,2020,Petrol,Co. Laois,Other vehicles,All years,Million,1
Kilometres Travelled,2020,Petrol,Co. Longford,Private cars,All years,Million,49
Kilometres Travelled,2020,Petrol,Co. Longford,Goods vehicles,All years,Million,0
Kilometres Travelled,2020,Petrol,Co. Longford,Motor cycles,All years,Million,1
Kilometres Travelled,2020,Petrol,Co. Longford,Tractors & Machinery,All years,Million,0
Kilometres Travelled,2020,Petrol,Co. Longford,Small PSVs,All years,Million,0
Kilometres Travelled,2020,Petrol,Co. Longford,Large PSVs,All years,Million,0
Kilometres Travelled,2020,Petrol,Co. Longford,Exempt vehicles,All years,Million,0
Kilometres Travelled,2020,Petrol,Co. Longford,Other vehicles,All years,Million,0
Kilometres Travelled,2020,Petrol,Co. Louth,Private cars,All years,Million,174
Kilometres Travelled,2020,Petrol,Co. Louth,Goods vehicles,All years,Million,0
Kilometres Travelled,2020,Petrol,Co. Louth,Motor cycles,All years,Million,2
Kilometres Travelled,2020,Petrol,Co. Louth,Tractors & Machinery,All years,Million,0
Kilometres Travelled,2020,Petrol,Co. Louth,Small PSVs,All years,Million,1
Kilometres Travelled,2020,Petrol,Co. Louth,Large PSVs,All years,Million,0
Kilometres Travelled,2020,Petrol,Co. Louth,Exempt vehicles,All years,Million,2
Kilometres Travelled,2020,Petrol,Co. Louth,Other vehicles,All years,Million,1
Kilometres Travelled,2020,Petrol,Co. Meath,Private cars,All years,Million,301
Kilometres Travelled,2020,Petrol,Co. Meath,Goods vehicles,All years,Million,0
Kilometres Travelled,2020,Petrol,Co. Meath,Motor cycles,All years,Million,5
Kilometres Travelled,2020,Petrol,Co. Meath,Tractors & Machinery,All years,Million,0
Kilometres Travelled,2020,Petrol,Co. Meath,Small PSVs,All years,Million,1
Kilometres Travelled,2020,Petrol,Co. Meath,Large PSVs,All years,Million,0
Kilometres Travelled,2020,Petrol,Co. Meath,Exempt vehicles,All years,Million,2
Kilometres Travelled,2020,Petrol,Co. Meath,Other vehicles,All years,Million,3
Kilometres Travelled,2020,Petrol,Co. Offaly,Private cars,All years,Million,100
Kilometres Travelled,2020,Petrol,Co. Offaly,Goods vehicles,All years,Million,0
Kilometres Travelled,2020,Petrol,Co. Offaly,Motor cycles,All years,Million,2
Kilometres Travelled,2020,Petrol,Co. Offaly,Tractors & Machinery,All years,Million,0
Kilometres Travelled,2020,Petrol,Co. Offaly,Small PSVs,All years,Million,0
Kilometres Travelled,2020,Petrol,Co. Offaly,Large PSVs,All years,Million,0
Kilometres Travelled,2020,Petrol,Co. Offaly,Exempt vehicles,All years,Million,0
Kilometres Travelled,2020,Petrol,Co. Offaly,Other vehicles,All years,Million,1
Kilometres Travelled,2020,Petrol,Co. Westmeath,Private cars,All years,Million,119
Kilometres Travelled,2020,Petrol,Co. Westmeath,Goods vehicles,All years,Million,0
Kilometres Travelled,2020,Petrol,Co. Westmeath,Motor cycles,All years,Million,2
Kilometres Travelled,2020,Petrol,Co. Westmeath,Tractors & Machinery,All years,Million,0
Kilometres Travelled,2020,Petrol,Co. Westmeath,Small PSVs,All years,Million,0
Kilometres Travelled,2020,Petrol,Co. Westmeath,Large PSVs,All years,Million,0
Kilometres Travelled,2020,Petrol,Co. Westmeath,Exempt vehicles,All years,Million,1
Kilometres Travelled,2020,Petrol,Co. Westmeath,Other vehicles,All years,Million,1
Kilometres Travelled,2020,Petrol,Co. Wexford,Private cars,All years,Million,245
Kilometres Travelled,2020,Petrol,Co. Wexford,Goods vehicles,All years,Million,0
Kilometres Travelled,2020,Petrol,Co. Wexford,Motor cycles,All years,Million,4
Kilometres Travelled,2020,Petrol,Co. Wexford,Tractors & Machinery,All years,Million,0
Kilometres Travelled,2020,Petrol,Co. Wexford,Small PSVs,All years,Million,0
Kilometres Travelled,2020,Petrol,Co. Wexford,Large PSVs,All years,Million,0
Kilometres Travelled,2020,Petrol,Co. Wexford,Exempt vehicles,All years,Million,1
Kilometres Travelled,2020,Petrol,Co. Wexford,Other vehicles,All years,Million,3
Kilometres Travelled,2020,Petrol,Co. Wicklow,Private cars,All years,Million,279
Kilometres Travelled,2020,Petrol,Co. Wicklow,Goods vehicles,All years,Million,0
Kilometres Travelled,2020,Petrol,Co. Wicklow,Motor cycles,All years,Million,4
Kilometres Travelled,2020,Petrol,Co. Wicklow,Tractors & Machinery,All years,Million,0
Kilometres Travelled,2020,Petrol,Co. Wicklow,Small PSVs,All years,Million,0
Kilometres Travelled,2020,Petrol,Co. Wicklow,Large PSVs,All years,Million,0
Kilometres Travelled,2020,Petrol,Co. Wicklow,Exempt vehicles,All years,Million,1
Kilometres Travelled,2020,Petrol,Co. Wicklow,Other vehicles,All years,Million,4
Kilometres Travelled,2020,Petrol,Co. Clare,Private cars,All years,Million,205
Kilometres Travelled,2020,Petrol,Co. Clare,Goods vehicles,All years,Million,0
Kilometres Travelled,2020,Petrol,Co. Clare,Motor cycles,All years,Million,2
Kilometres Travelled,2020,Petrol,Co. Clare,Tractors & Machinery,All years,Million,0
Kilometres Travelled,2020,Petrol,Co. Clare,Small PSVs,All years,Million,0
Kilometres Travelled,2020,Petrol,Co. Clare,Large PSVs,All years,Million,0
Kilometres Travelled,2020,Petrol,Co. Clare,Exempt vehicles,All years,Million,2
Kilometres Travelled,2020,Petrol,Co. Clare,Other vehicles,All years,Million,2
Kilometres Travelled,2020,Petrol,Co. Cork,Private cars,All years,Million,998
Kilometres Travelled,2020,Petrol,Co. Cork,Goods vehicles,All years,Million,1
Kilometres Travelled,2020,Petrol,Co. Cork,Motor cycles,All years,Million,13
Kilometres Travelled,2020,Petrol,Co. Cork,Tractors & Machinery,All years,Million,0
Kilometres Travelled,2020,Petrol,Co. Cork,Small PSVs,All years,Million,2
Kilometres Travelled,2020,Petrol,Co. Cork,Large PSVs,All years,Million,0
Kilometres Travelled,2020,Petrol,Co. Cork,Exempt vehicles,All years,Million,9
Kilometres Travelled,2020,Petrol,Co. Cork,Other vehicles,All years,Million,10
Kilometres Travelled,2020,Petrol,Co. Kerry,Private cars,All years,Million,265
Kilometres Travelled,2020,Petrol,Co. Kerry,Goods vehicles,All years,Million,0
Kilometres Travelled,2020,Petrol,Co. Kerry,Motor cycles,All years,Million,3
Kilometres Travelled,2020,Petrol,Co. Kerry,Tractors & Machinery,All years,Million,0
Kilometres Travelled,2020,Petrol,Co. Kerry,Small PSVs,All years,Million,0
Kilometres Travelled,2020,Petrol,Co. Kerry,Large PSVs,All years,Million,0
Kilometres Travelled,2020,Petrol,Co. Kerry,Exempt vehicles,All years,Million,2
Kilometres Travelled,2020,Petrol,Co. Kerry,Other vehicles,All years,Million,3
Kilometres Travelled,2020,Petrol,Co. Limerick,Private cars,All years,Million,326
Kilometres Travelled,2020,Petrol,Co. Limerick,Goods vehicles,All years,Million,0
Kilometres Travelled,2020,Petrol,Co. Limerick,Motor cycles,All years,Million,4
Kilometres Travelled,2020,Petrol,Co. Limerick,Tractors & Machinery,All years,Million,0
Kilometres Travelled,2020,Petrol,Co. Limerick,Small PSVs,All years,Million,1
Kilometres Travelled,2020,Petrol,Co. Limerick,Large PSVs,All years,Million,0
Kilometres Travelled,2020,Petrol,Co. Limerick,Exempt vehicles,All years,Million,3
Kilometres Travelled,2020,Petrol,Co. Limerick,Other vehicles,All years,Million,3
Kilometres Travelled,2020,Petrol,Co. Tipperary,Private cars,All years,Million,260
Kilometres Travelled,2020,Petrol,Co. Tipperary,Goods vehicles,All years,Million,0
Kilometres Travelled,2020,Petrol,Co. Tipperary,Motor cycles,All years,Million,4
Kilometres Travelled,2020,Petrol,Co. Tipperary,Tractors & Machinery,All years,Million,0
Kilometres Travelled,2020,Petrol,Co. Tipperary,Small PSVs,All years,Million,0
Kilometres Travelled,2020,Petrol,Co. Tipperary,Large PSVs,All years,Million,0
Kilometres Travelled,2020,Petrol,Co. Tipperary,Exempt vehicles,All years,Million,2
Kilometres Travelled,2020,Petrol,Co. Tipperary,Other vehicles,All years,Million,3
Kilometres Travelled,2020,Petrol,Co. Waterford,Private cars,All years,Million,223
Kilometres Travelled,2020,Petrol,Co. Waterford,Goods vehicles,All years,Million,0
Kilometres Travelled,2020,Petrol,Co. Waterford,Motor cycles,All years,Million,3
Kilometres Travelled,2020,Petrol,Co. Waterford,Tractors & Machinery,All years,Million,0
Kilometres Travelled,2020,Petrol,Co. Waterford,Small PSVs,All years,Million,0
Kilometres Travelled,2020,Petrol,Co. Waterford,Large PSVs,All years,Million,0
Kilometres Travelled,2020,Petrol,Co. Waterford,Exempt vehicles,All years,Million,1
Kilometres Travelled,2020,Petrol,Co. Waterford,Other vehicles,All years,Million,2
Kilometres Travelled,2020,Petrol,Co. Galway,Private cars,All years,Million,382
Kilometres Travelled,2020,Petrol,Co. Galway,Goods vehicles,All years,Million,0
Kilometres Travelled,2020,Petrol,Co. Galway,Motor cycles,All years,Million,4
Kilometres Travelled,2020,Petrol,Co. Galway,Tractors & Machinery,All years,Million,0
Kilometres Travelled,2020,Petrol,Co. Galway,Small PSVs,All years,Million,1
Kilometres Travelled,2020,Petrol,Co. Galway,Large PSVs,All years,Million,0
Kilometres Travelled,2020,Petrol,Co. Galway,Exempt vehicles,All years,Million,5
Kilometres Travelled,2020,Petrol,Co. Galway,Other vehicles,All years,Million,4
Kilometres Travelled,2020,Petrol,Co. Leitrim,Private cars,All years,Million,45
Kilometres Travelled,2020,Petrol,Co. Leitrim,Goods vehicles,All years,Million,0
Kilometres Travelled,2020,Petrol,Co. Leitrim,Motor cycles,All years,Million,0
Kilometres Travelled,2020,Petrol,Co. Leitrim,Tractors & Machinery,All years,Million,0
Kilometres Travelled,2020,Petrol,Co. Leitrim,Small PSVs,All years,Million,0
Kilometres Travelled,2020,Petrol,Co. Leitrim,Large PSVs,All years,Million,0
Kilometres Travelled,2020,Petrol,Co. Leitrim,Exempt vehicles,All years,Million,0
Kilometres Travelled,2020,Petrol,Co. Leitrim,Other vehicles,All years,Million,1
Kilometres Travelled,2020,Petrol,Co. Mayo,Private cars,All years,Million,187
Kilometres Travelled,2020,Petrol,Co. Mayo,Goods vehicles,All years,Million,0
Kilometres Travelled,2020,Petrol,Co. Mayo,Motor cycles,All years,Million,2
Kilometres Travelled,2020,Petrol,Co. Mayo,Tractors & Machinery,All years,Million,0
Kilometres Travelled,2020,Petrol,Co. Mayo,Small PSVs,All years,Million,0
Kilometres Travelled,2020,Petrol,Co. Mayo,Large PSVs,All years,Million,0
Kilometres Travelled,2020,Petrol,Co. Mayo,Exempt vehicles,All years,Million,2
Kilometres Travelled,2020,Petrol,Co. Mayo,Other vehicles,All years,Million,2
Kilometres Travelled,2020,Petrol,Co. Roscommon,Private cars,All years,Million,110
Kilometres Travelled,2020,Petrol,Co. Roscommon,Goods vehicles,All years,Million,0
Kilometres Travelled,2020,Petrol,Co. Roscommon,Motor cycles,All years,Million,1
Kilometres Travelled,2020,Petrol,Co. Roscommon,Tractors & Machinery,All years,Million,0
Kilometres Travelled,2020,Petrol,Co. Roscommon,Small PSVs,All years,Million,0
Kilometres Travelled,2020,Petrol,Co. Roscommon,Large PSVs,All years,Million,0
Kilometres Travelled,2020,Petrol,Co. Roscommon,Exempt vehicles,All years,Million,1
Kilometres Travelled,2020,Petrol,Co. Roscommon,Other vehicles,All years,Million,1
Kilometres Travelled,2020,Petrol,Co. Sligo,Private cars,All years,Million,98
Kilometres Travelled,2020,Petrol,Co. Sligo,Goods vehicles,All years,Million,0
Kilometres Travelled,2020,Petrol,Co. Sligo,Motor cycles,All years,Million,1
Kilometres Travelled,2020,Petrol,Co. Sligo,Tractors & Machinery,All years,Million,0
Kilometres Travelled,2020,Petrol,Co. Sligo,Small PSVs,All years,Million,0
Kilometres Travelled,2020,Petrol,Co. Sligo,Large PSVs,All years,Million,0
Kilometres Travelled,2020,Petrol,Co. Sligo,Exempt vehicles,All years,Million,1
Kilometres Travelled,2020,Petrol,Co. Sligo,Other vehicles,All years,Million,1
Kilometres Travelled,2020,Petrol,Co. Cavan,Private cars,All years,Million,90
Kilometres Travelled,2020,Petrol,Co. Cavan,Goods vehicles,All years,Million,0
Kilometres Travelled,2020,Petrol,Co. Cavan,Motor cycles,All years,Million,1
Kilometres Travelled,2020,Petrol,Co. Cavan,Tractors & Machinery,All years,Million,0
Kilometres Travelled,2020,Petrol,Co. Cavan,Small PSVs,All years,Million,0
Kilometres Travelled,2020,Petrol,Co. Cavan,Large PSVs,All years,Million,0
Kilometres Travelled,2020,Petrol,Co. Cavan,Exempt vehicles,All years,Million,1
Kilometres Travelled,2020,Petrol,Co. Cavan,Other vehicles,All years,Million,1
Kilometres Travelled,2020,Petrol,Co. Donegal,Private cars,All years,Million,191
Kilometres Travelled,2020,Petrol,Co. Donegal,Goods vehicles,All years,Million,0
Kilometres Travelled,2020,Petrol,Co. Donegal,Motor cycles,All years,Million,2
Kilometres Travelled,2020,Petrol,Co. Donegal,Tractors & Machinery,All years,Million,0
Kilometres Travelled,2020,Petrol,Co. Donegal,Small PSVs,All years,Million,0
Kilometres Travelled,2020,Petrol,Co. Donegal,Large PSVs,All years,Million,0
Kilometres Travelled,2020,Petrol,Co. Donegal,Exempt vehicles,All years,Million,2
Kilometres Travelled,2020,Petrol,Co. Donegal,Other vehicles,All years,Million,3
Kilometres Travelled,2020,Petrol,Co. Monaghan,Private cars,All years,Million,65
Kilometres Travelled,2020,Petrol,Co. Monaghan,Goods vehicles,All years,Million,0
Kilometres Travelled,2020,Petrol,Co. Monaghan,Motor cycles,All years,Million,1
Kilometres Travelled,2020,Petrol,Co. Monaghan,Tractors & Machinery,All years,Million,0
Kilometres Travelled,2020,Petrol,Co. Monaghan,Small PSVs,All years,Million,0
Kilometres Travelled,2020,Petrol,Co. Monaghan,Large PSVs,All years,Million,0
Kilometres Travelled,2020,Petrol,Co. Monaghan,Exempt vehicles,All years,Million,0
Kilometres Travelled,2020,Petrol,Co. Monaghan,Other vehicles,All years,Million,1
Kilometres Travelled,2020,Diesel,Co. Carlow,Private cars,All years,Million,292
Kilometres Travelled,2020,Diesel,Co. Carlow,Goods vehicles,All years,Million,116
Kilometres Travelled,2020,Diesel,Co. Carlow,Motor cycles,All years,Million,0
Kilometres Travelled,2020,Diesel,Co. Carlow,Tractors & Machinery,All years,Million,28
Kilometres Travelled,2020,Diesel,Co. Carlow,Small PSVs,All years,Million,4
Kilometres Travelled,2020,Diesel,Co. Carlow,Large PSVs,All years,Million,3
Kilometres Travelled,2020,Diesel,Co. Carlow,Exempt vehicles,All years,Million,2
Kilometres Travelled,2020,Diesel,Co. Carlow,Other vehicles,All years,Million,5
Kilometres Travelled,2020,Diesel,Co. Dublin,Private cars,All years,Million,2980
Kilometres Travelled,2020,Diesel,Co. Dublin,Goods vehicles,All years,Million,1696
Kilometres Travelled,2020,Diesel,Co. Dublin,Motor cycles,All years,Million,0
Kilometres Travelled,2020,Diesel,Co. Dublin,Tractors & Machinery,All years,Million,26
Kilometres Travelled,2020,Diesel,Co. Dublin,Small PSVs,All years,Million,207
Kilometres Travelled,2020,Diesel,Co. Dublin,Large PSVs,All years,Million,99
Kilometres Travelled,2020,Diesel,Co. Dublin,Exempt vehicles,All years,Million,83
Kilometres Travelled,2020,Diesel,Co. Dublin,Other vehicles,All years,Million,29
Kilometres Travelled,2020,Diesel,Co. Kildare,Private cars,All years,Million,906
Kilometres Travelled,2020,Diesel,Co. Kildare,Goods vehicles,All years,Million,349
Kilometres Travelled,2020,Diesel,Co. Kildare,Motor cycles,All years,Million,0
Kilometres Travelled,2020,Diesel,Co. Kildare,Tractors & Machinery,All years,Million,38
Kilometres Travelled,2020,Diesel,Co. Kildare,Small PSVs,All years,Million,19
Kilometres Travelled,2020,Diesel,Co. Kildare,Large PSVs,All years,Million,10
Kilometres Travelled,2020,Diesel,Co. Kildare,Exempt vehicles,All years,Million,7
Kilometres Travelled,2020,Diesel,Co. Kildare,Other vehicles,All years,Million,9
Kilometres Travelled,2020,Diesel,Co. Kilkenny,Private cars,All years,Million,449
Kilometres Travelled,2020,Diesel,Co. Kilkenny,Goods vehicles,All years,Million,171
Kilometres Travelled,2020,Diesel,Co. Kilkenny,Motor cycles,All years,Million,0
Kilometres Travelled,2020,Diesel,Co. Kilkenny,Tractors & Machinery,All years,Million,57
Kilometres Travelled,2020,Diesel,Co. Kilkenny,Small PSVs,All years,Million,5
Kilometres Travelled,2020,Diesel,Co. Kilkenny,Large PSVs,All years,Million,9
Kilometres Travelled,2020,Diesel,Co. Kilkenny,Exempt vehicles,All years,Million,6
Kilometres Travelled,2020,Diesel,Co. Kilkenny,Other vehicles,All years,Million,6
Kilometres Travelled,2020,Diesel,Co. Laois,Private cars,All years,Million,386
Kilometres Travelled,2020,Diesel,Co. Laois,Goods vehicles,All years,Million,129
Kilometres Travelled,2020,Diesel,Co. Laois,Motor cycles,All years,Million,0
Kilometres Travelled,2020,Diesel,Co. Laois,Tractors & Machinery,All years,Million,43
Kilometres Travelled,2020,Diesel,Co. Laois,Small PSVs,All years,Million,6
Kilometres Travelled,2020,Diesel,Co. Laois,Large PSVs,All years,Million,4
Kilometres Travelled,2020,Diesel,Co. Laois,Exempt vehicles,All years,Million,3
Kilometres Travelled,2020,Diesel,Co. Laois,Other vehicles,All years,Million,5
Kilometres Travelled,2020,Diesel,Co. Longford,Private cars,All years,Million,198
Kilometres Travelled,2020,Diesel,Co. Longford,Goods vehicles,All years,Million,84
Kilometres Travelled,2020,Diesel,Co. Longford,Motor cycles,All years,Million,0
Kilometres Travelled,2020,Diesel,Co. Longford,Tractors & Machinery,All years,Million,20
Kilometres Travelled,2020,Diesel,Co. Longford,Small PSVs,All years,Million,3
Kilometres Travelled,2020,Diesel,Co. Longford,Large PSVs,All years,Million,3
Kilometres Travelled,2020,Diesel,Co. Longford,Exempt vehicles,All years,Million,3
Kilometres Travelled,2020,Diesel,Co. Longford,Other vehicles,All years,Million,3
Kilometres Travelled,2020,Diesel,Co. Louth,Private cars,All years,Million,472
Kilometres Travelled,2020,Diesel,Co. Louth,Goods vehicles,All years,Million,167
Kilometres Travelled,2020,Diesel,Co. Louth,Motor cycles,All years,Million,0
Kilometres Travelled,2020,Diesel,Co. Louth,Tractors & Machinery,All years,Million,18
Kilometres Travelled,2020,Diesel,Co. Louth,Small PSVs,All years,Million,14
Kilometres Travelled,2020,Diesel,Co. Louth,Large PSVs,All years,Million,5
Kilometres Travelled,2020,Diesel,Co. Louth,Exempt vehicles,All years,Million,5
Kilometres Travelled,2020,Diesel,Co. Louth,Other vehicles,All years,Million,4
Kilometres Travelled,2020,Diesel,Co. Meath,Private cars,All years,Million,869
Kilometres Travelled,2020,Diesel,Co. Meath,Goods vehicles,All years,Million,337
Kilometres Travelled,2020,Diesel,Co. Meath,Motor cycles,All years,Million,0
Kilometres Travelled,2020,Diesel,Co. Meath,Tractors & Machinery,All years,Million,48
Kilometres Travelled,2020,Diesel,Co. Meath,Small PSVs,All years,Million,25
Kilometres Travelled,2020,Diesel,Co. Meath,Large PSVs,All years,Million,7
Kilometres Travelled,2020,Diesel,Co. Meath,Exempt vehicles,All years,Million,6
Kilometres Travelled,2020,Diesel,Co. Meath,Other vehicles,All years,Million,9
Kilometres Travelled,2020,Diesel,Co. Offaly,Private cars,All years,Million,375
Kilometres Travelled,2020,Diesel,Co. Offaly,Goods vehicles,All years,Million,126
Kilometres Travelled,2020,Diesel,Co. Offaly,Motor cycles,All years,Million,0
Kilometres Travelled,2020,Diesel,Co. Offaly,Tractors & Machinery,All years,Million,41
Kilometres Travelled,2020,Diesel,Co. Offaly,Small PSVs,All years,Million,4
Kilometres Travelled,2020,Diesel,Co. Offaly,Large PSVs,All years,Million,5
Kilometres Travelled,2020,Diesel,Co. Offaly,Exempt vehicles,All years,Million,3
Kilometres Travelled,2020,Diesel,Co. Offaly,Other vehicles,All years,Million,7
Kilometres Travelled,2020,Diesel,Co. Westmeath,Private cars,All years,Million,448
Kilometres Travelled,2020,Diesel,Co. Westmeath,Goods vehicles,All years,Million,158
Kilometres Travelled,2020,Diesel,Co. Westmeath,Motor cycles,All years,Million,0
Kilometres Travelled,2020,Diesel,Co. Westmeath,Tractors & Machinery,All years,Million,34
Kilometres Travelled,2020,Diesel,Co. Westmeath,Small PSVs,All years,Million,7
Kilometres Travelled,2020,Diesel,Co. Westmeath,Large PSVs,All years,Million,3
Kilometres Travelled,2020,Diesel,Co. Westmeath,Exempt vehicles,All years,Million,3
Kilometres Travelled,2020,Diesel,Co. Westmeath,Other vehicles,All years,Million,5
Kilometres Travelled,2020,Diesel,Co. Wexford,Private cars,All years,Million,757
Kilometres Travelled,2020,Diesel,Co. Wexford,Goods vehicles,All years,Million,298
Kilometres Travelled,2020,Diesel,Co. Wexford,Motor cycles,All years,Million,0
Kilometres Travelled,2020,Diesel,Co. Wexford,Tractors & Machinery,All years,Million,70
Kilometres Travelled,2020,Diesel,Co. Wexford,Small PSVs,All years,Million,6
Kilometres Travelled,2020,Diesel,Co. Wexford,Large PSVs,All years,Million,8
Kilometres Travelled,2020,Diesel,Co. Wexford,Exempt vehicles,All years,Million,6
Kilometres Travelled,2020,Diesel,Co. Wexford,Other vehicles,All years,Million,12
Kilometres Travelled,2020,Diesel,Co. Wicklow,Private cars,All years,Million,535
Kilometres Travelled,2020,Diesel,Co. Wicklow,Goods vehicles,All years,Million,179
Kilometres Travelled,2020,Diesel,Co. Wicklow,Motor cycles,All years,Million,0
Kilometres Travelled,2020,Diesel,Co. Wicklow,Tractors & Machinery,All years,Million,27
Kilometres Travelled,2020,Diesel,Co. Wicklow,Small PSVs,All years,Million,8
Kilometres Travelled,2020,Diesel,Co. Wicklow,Large PSVs,All years,Million,5
Kilometres Travelled,2020,Diesel,Co. Wicklow,Exempt vehicles,All years,Million,5
Kilometres Travelled,2020,Diesel,Co. Wicklow,Other vehicles,All years,Million,7
Kilometres Travelled,2020,Diesel,Co. Clare,Private cars,All years,Million,555
Kilometres Travelled,2020,Diesel,Co. Clare,Goods vehicles,All years,Million,175
Kilometres Travelled,2020,Diesel,Co. Clare,Motor cycles,All years,Million,0
Kilometres Travelled,2020,Diesel,Co. Clare,Tractors & Machinery,All years,Million,50
Kilometres Travelled,2020,Diesel,Co. Clare,Small PSVs,All years,Million,9
Kilometres Travelled,2020,Diesel,Co. Clare,Large PSVs,All years,Million,5
Kilometres Travelled,2020,Diesel,Co. Clare,Exempt vehicles,All years,Million,6
Kilometres Travelled,2020,Diesel,Co. Clare,Other vehicles,All years,Million,8
Kilometres Travelled,2020,Diesel,Co. Cork,Private cars,All years,Million,2034
Kilometres Travelled,2020,Diesel,Co. Cork,Goods vehicles,All years,Million,791
Kilometres Travelled,2020,Diesel,Co. Cork,Motor cycles,All years,Million,0
Kilometres Travelled,2020,Diesel,Co. Cork,Tractors & Machinery,All years,Million,175
Kilometres Travelled,2020,Diesel,Co. Cork,Small PSVs,All years,Million,41
Kilometres Travelled,2020,Diesel,Co. Cork,Large PSVs,All years,Million,18
Kilometres Travelled,2020,Diesel,Co. Cork,Exempt vehicles,All years,Million,28
Kilometres Travelled,2020,Diesel,Co. Cork,Other vehicles,All years,Million,28
Kilometres Travelled,2020,Diesel,Co. Kerry,Private cars,All years,Million,650
Kilometres Travelled,2020,Diesel,Co. Kerry,Goods vehicles,All years,Million,219
Kilometres Travelled,2020,Diesel,Co. Kerry,Motor cycles,All years,Million,0
Kilometres Travelled,2020,Diesel,Co. Kerry,Tractors & Machinery,All years,Million,66
Kilometres Travelled,2020,Diesel,Co. Kerry,Small PSVs,All years,Million,12
Kilometres Travelled,2020,Diesel,Co. Kerry,Large PSVs,All years,Million,10
Kilometres Travelled,2020,Diesel,Co. Kerry,Exempt vehicles,All years,Million,7
Kilometres Travelled,2020,Diesel,Co. Kerry,Other vehicles,All years,Million,11
Kilometres Travelled,2020,Diesel,Co. Limerick,Private cars,All years,Million,793
Kilometres Travelled,2020,Diesel,Co. Limerick,Goods vehicles,All years,Million,284
Kilometres Travelled,2020,Diesel,Co. Limerick,Motor cycles,All years,Million,0
Kilometres Travelled,2020,Diesel,Co. Limerick,Tractors & Machinery,All years,Million,58
Kilometres Travelled,2020,Diesel,Co. Limerick,Small PSVs,All years,Million,13
Kilometres Travelled,2020,Diesel,Co. Limerick,Large PSVs,All years,Million,7
Kilometres Travelled,2020,Diesel,Co. Limerick,Exempt vehicles,All years,Million,8
Kilometres Travelled,2020,Diesel,Co. Limerick,Other vehicles,All years,Million,11
Kilometres Travelled,2020,Diesel,Co. Tipperary,Private cars,All years,Million,837
Kilometres Travelled,2020,Diesel,Co. Tipperary,Goods vehicles,All years,Million,280
Kilometres Travelled,2020,Diesel,Co. Tipperary,Motor cycles,All years,Million,0
Kilometres Travelled,2020,Diesel,Co. Tipperary,Tractors & Machinery,All years,Million,88
Kilometres Travelled,2020,Diesel,Co. Tipperary,Small PSVs,All years,Million,6
Kilometres Travelled,2020,Diesel,Co. Tipperary,Large PSVs,All years,Million,8
Kilometres Travelled,2020,Diesel,Co. Tipperary,Exempt vehicles,All years,Million,8
Kilometres Travelled,2020,Diesel,Co. Tipperary,Other vehicles,All years,Million,10
Kilometres Travelled,2020,Diesel,Co. Waterford,Private cars,All years,Million,473
Kilometres Travelled,2020,Diesel,Co. Waterford,Goods vehicles,All years,Million,146
Kilometres Travelled,2020,Diesel,Co. Waterford,Motor cycles,All years,Million,0
Kilometres Travelled,2020,Diesel,Co. Waterford,Tractors & Machinery,All years,Million,36
Kilometres Travelled,2020,Diesel,Co. Waterford,Small PSVs,All years,Million,7
Kilometres Travelled,2020,Diesel,Co. Waterford,Large PSVs,All years,Million,4
Kilometres Travelled,2020,Diesel,Co. Waterford,Exempt vehicles,All years,Million,5
Kilometres Travelled,2020,Diesel,Co. Waterford,Other vehicles,All years,Million,6
Kilometres Travelled,2020,Diesel,Co. Galway,Private cars,All years,Million,1112
Kilometres Travelled,2020,Diesel,Co. Galway,Goods vehicles,All years,Million,395
Kilometres Travelled,2020,Diesel,Co. Galway,Motor cycles,All years,Million,0
Kilometres Travelled,2020,Diesel,Co. Galway,Tractors & Machinery,All years,Million,84
Kilometres Travelled,2020,Diesel,Co. Galway,Small PSVs,All years,Million,23
Kilometres Travelled,2020,Diesel,Co. Galway,Large PSVs,All years,Million,16
Kilometres Travelled,2020,Diesel,Co. Galway,Exempt vehicles,All years,Million,25
Kilometres Travelled,2020,Diesel,Co. Galway,Other vehicles,All years,Million,19
Kilometres Travelled,2020,Diesel,Co. Leitrim,Private cars,All years,Million,165
Kilometres Travelled,2020,Diesel,Co. Leitrim,Goods vehicles,All years,Million,65
Kilometres Travelled,2020,Diesel,Co. Leitrim,Motor cycles,All years,Million,0
Kilometres Travelled,2020,Diesel,Co. Leitrim,Tractors & Machinery,All years,Million,15
Kilometres Travelled,2020,Diesel,Co. Leitrim,Small PSVs,All years,Million,2
Kilometres Travelled,2020,Diesel,Co. Leitrim,Large PSVs,All years,Million,2
Kilometres Travelled,2020,Diesel,Co. Leitrim,Exempt vehicles,All years,Million,2
Kilometres Travelled,2020,Diesel,Co. Leitrim,Other vehicles,All years,Million,2
Kilometres Travelled,2020,Diesel,Co. Mayo,Private cars,All years,Million,629
Kilometres Travelled,2020,Diesel,Co. Mayo,Goods vehicles,All years,Million,244
Kilometres Travelled,2020,Diesel,Co. Mayo,Motor cycles,All years,Million,0
Kilometres Travelled,2020,Diesel,Co. Mayo,Tractors & Machinery,All years,Million,75
Kilometres Travelled,2020,Diesel,Co. Mayo,Small PSVs,All years,Million,7
Kilometres Travelled,2020,Diesel,Co. Mayo,Large PSVs,All years,Million,9
Kilometres Travelled,2020,Diesel,Co. Mayo,Exempt vehicles,All years,Million,9
Kilometres Travelled,2020,Diesel,Co. Mayo,Other vehicles,All years,Million,11
Kilometres Travelled,2020,Diesel,Co. Roscommon,Private cars,All years,Million,347
Kilometres Travelled,2020,Diesel,Co. Roscommon,Goods vehicles,All years,Million,122
Kilometres Travelled,2020,Diesel,Co. Roscommon,Motor cycles,All years,Million,0
Kilometres Travelled,2020,Diesel,Co. Roscommon,Tractors & Machinery,All years,Million,38
Kilometres Travelled,2020,Diesel,Co. Roscommon,Small PSVs,All years,Million,3
Kilometres Travelled,2020,Diesel,Co. Roscommon,Large PSVs,All years,Million,2
Kilometres Travelled,2020,Diesel,Co. Roscommon,Exempt vehicles,All years,Million,5
Kilometres Travelled,2020,Diesel,Co. Roscommon,Other vehicles,All years,Million,6
Kilometres Travelled,2020,Diesel,Co. Sligo,Private cars,All years,Million,280
Kilometres Travelled,2020,Diesel,Co. Sligo,Goods vehicles,All years,Million,114
Kilometres Travelled,2020,Diesel,Co. Sligo,Motor cycles,All years,Million,0
Kilometres Travelled,2020,Diesel,Co. Sligo,Tractors & Machinery,All years,Million,26
Kilometres Travelled,2020,Diesel,Co. Sligo,Small PSVs,All years,Million,4
Kilometres Travelled,2020,Diesel,Co. Sligo,Large PSVs,All years,Million,3
Kilometres Travelled,2020,Diesel,Co. Sligo,Exempt vehicles,All years,Million,4
Kilometres Travelled,2020,Diesel,Co. Sligo,Other vehicles,All years,Million,6
Kilometres Travelled,2020,Diesel,Co. Cavan,Private cars,All years,Million,364
Kilometres Travelled,2020,Diesel,Co. Cavan,Goods vehicles,All years,Million,164
Kilometres Travelled,2020,Diesel,Co. Cavan,Motor cycles,All years,Million,0
Kilometres Travelled,2020,Diesel,Co. Cavan,Tractors & Machinery,All years,Million,41
Kilometres Travelled,2020,Diesel,Co. Cavan,Small PSVs,All years,Million,4
Kilometres Travelled,2020,Diesel,Co. Cavan,Large PSVs,All years,Million,4
Kilometres Travelled,2020,Diesel,Co. Cavan,Exempt vehicles,All years,Million,4
Kilometres Travelled,2020,Diesel,Co. Cavan,Other vehicles,All years,Million,6
Kilometres Travelled,2020,Diesel,Co. Donegal,Private cars,All years,Million,664
Kilometres Travelled,2020,Diesel,Co. Donegal,Goods vehicles,All years,Million,276
Kilometres Travelled,2020,Diesel,Co. Donegal,Motor cycles,All years,Million,0
Kilometres Travelled,2020,Diesel,Co. Donegal,Tractors & Machinery,All years,Million,54
Kilometres Travelled,2020,Diesel,Co. Donegal,Small PSVs,All years,Million,10
Kilometres Travelled,2020,Diesel,Co. Donegal,Large PSVs,All years,Million,13
Kilometres Travelled,2020,Diesel,Co. Donegal,Exempt vehicles,All years,Million,8
Kilometres Travelled,2020,Diesel,Co. Donegal,Other vehicles,All years,Million,13
Kilometres Travelled,2020,Diesel,Co. Monaghan,Private cars,All years,Million,295
Kilometres Travelled,2020,Diesel,Co. Monaghan,Goods vehicles,All years,Million,181
Kilometres Travelled,2020,Diesel,Co. Monaghan,Motor cycles,All years,Million,0
Kilometres Travelled,2020,Diesel,Co. Monaghan,Tractors & Machinery,All years,Million,29
Kilometres Travelled,2020,Diesel,Co. Monaghan,Small PSVs,All years,Million,2
Kilometres Travelled,2020,Diesel,Co. Monaghan,Large PSVs,All years,Million,7
Kilometres Travelled,2020,Diesel,Co. Monaghan,Exempt vehicles,All years,Million,2
Kilometres Travelled,2020,Diesel,Co. Monaghan,Other vehicles,All years,Million,3
Kilometres Travelled,2020,Other fuel types,Co. Carlow,Private cars,All years,Million,6
Kilometres Travelled,2020,Other fuel types,Co. Carlow,Goods vehicles,All years,Million,0
Kilometres Travelled,2020,Other fuel types,Co. Carlow,Motor cycles,All years,Million,0
Kilometres Travelled,2020,Other fuel types,Co. Carlow,Tractors & Machinery,All years,Million,0
Kilometres Travelled,2020,Other fuel types,Co. Carlow,Small PSVs,All years,Million,0
Kilometres Travelled,2020,Other fuel types,Co. Carlow,Large PSVs,All years,Million,0
Kilometres Travelled,2020,Other fuel types,Co. Carlow,Exempt vehicles,All years,Million,0
Kilometres Travelled,2020,Other fuel types,Co. Carlow,Other vehicles,All years,Million,0
Kilometres Travelled,2020,Other fuel types,Co. Dublin,Private cars,All years,Million,318
Kilometres Travelled,2020,Other fuel types,Co. Dublin,Goods vehicles,All years,Million,7
Kilometres Travelled,2020,Other fuel types,Co. Dublin,Motor cycles,All years,Million,0
Kilometres Travelled,2020,Other fuel types,Co. Dublin,Tractors & Machinery,All years,Million,0
Kilometres Travelled,2020,Other fuel types,Co. Dublin,Small PSVs,All years,Million,57
Kilometres Travelled,2020,Other fuel types,Co. Dublin,Large PSVs,All years,Million,0
Kilometres Travelled,2020,Other fuel types,Co. Dublin,Exempt vehicles,All years,Million,4
Kilometres Travelled,2020,Other fuel types,Co. Dublin,Other vehicles,All years,Million,0
Kilometres Travelled,2020,Other fuel types,Co. Kildare,Private cars,All years,Million,42
Kilometres Travelled,2020,Other fuel types,Co. Kildare,Goods vehicles,All years,Million,1
Kilometres Travelled,2020,Other fuel types,Co. Kildare,Motor cycles,All years,Million,0
Kilometres Travelled,2020,Other fuel types,Co. Kildare,Tractors & Machinery,All years,Million,0
Kilometres Travelled,2020,Other fuel types,Co. Kildare,Small PSVs,All years,Million,3
Kilometres Travelled,2020,Other fuel types,Co. Kildare,Large PSVs,All years,Million,0
Kilometres Travelled,2020,Other fuel types,Co. Kildare,Exempt vehicles,All years,Million,0
Kilometres Travelled,2020,Other fuel types,Co. Kildare,Other vehicles,All years,Million,0
Kilometres Travelled,2020,Other fuel types,Co. Kilkenny,Private cars,All years,Million,11
Kilometres Travelled,2020,Other fuel types,Co. Kilkenny,Goods vehicles,All years,Million,0
Kilometres Travelled,2020,Other fuel types,Co. Kilkenny,Motor cycles,All years,Million,0
Kilometres Travelled,2020,Other fuel types,Co. Kilkenny,Tractors & Machinery,All years,Million,0
Kilometres Travelled,2020,Other fuel types,Co. Kilkenny,Small PSVs,All years,Million,0
Kilometres Travelled,2020,Other fuel types,Co. Kilkenny,Large PSVs,All years,Million,0
Kilometres Travelled,2020,Other fuel types,Co. Kilkenny,Exempt vehicles,All years,Million,0
Kilometres Travelled,2020,Other fuel types,Co. Kilkenny,Other vehicles,All years,Million,0
Kilometres Travelled,2020,Other fuel types,Co. Laois,Private cars,All years,Million,8
Kilometres Travelled,2020,Other fuel types,Co. Laois,Goods vehicles,All years,Million,0
Kilometres Travelled,2020,Other fuel types,Co. Laois,Motor cycles,All years,Million,0
Kilometres Travelled,2020,Other fuel types,Co. Laois,Tractors & Machinery,All years,Million,0
Kilometres Travelled,2020,Other fuel types,Co. Laois,Small PSVs,All years,Million,1
Kilometres Travelled,2020,Other fuel types,Co. Laois,Large PSVs,All years,Million,0
Kilometres Travelled,2020,Other fuel types,Co. Laois,Exempt vehicles,All years,Million,0
Kilometres Travelled,2020,Other fuel types,Co. Laois,Other vehicles,All years,Million,0
Kilometres Travelled,2020,Other fuel types,Co. Longford,Private cars,All years,Million,5
Kilometres Travelled,2020,Other fuel types,Co. Longford,Goods vehicles,All years,Million,0
Kilometres Travelled,2020,Other fuel types,Co. Longford,Motor cycles,All years,Million,0
Kilometres Travelled,2020,Other fuel types,Co. Longford,Tractors & Machinery,All years,Million,0
Kilometres Travelled,2020,Other fuel types,Co. Longford,Small PSVs,All years,Million,0
Kilometres Travelled,2020,Other fuel types,Co. Longford,Large PSVs,All years,Million,0
Kilometres Travelled,2020,Other fuel types,Co. Longford,Exempt vehicles,All years,Million,0
Kilometres Travelled,2020,Other fuel types,Co. Longford,Other vehicles,All years,Million,0
Kilometres Travelled,2020,Other fuel types,Co. Louth,Private cars,All years,Million,17
Kilometres Travelled,2020,Other fuel types,Co. Louth,Goods vehicles,All years,Million,0
Kilometres Travelled,2020,Other fuel types,Co. Louth,Motor cycles,All years,Million,0
Kilometres Travelled,2020,Other fuel types,Co. Louth,Tractors & Machinery,All years,Million,0
Kilometres Travelled,2020,Other fuel types,Co. Louth,Small PSVs,All years,Million,2
Kilometres Travelled,2020,Other fuel types,Co. Louth,Large PSVs,All years,Million,0
Kilometres Travelled,2020,Other fuel types,Co. Louth,Exempt vehicles,All years,Million,0
Kilometres Travelled,2020,Other fuel types,Co. Louth,Other vehicles,All years,Million,0
Kilometres Travelled,2020,Other fuel types,Co. Meath,Private cars,All years,Million,34
Kilometres Travelled,2020,Other fuel types,Co. Meath,Goods vehicles,All years,Million,0
Kilometres Travelled,2020,Other fuel types,Co. Meath,Motor cycles,All years,Million,0
Kilometres Travelled,2020,Other fuel types,Co. Meath,Tractors & Machinery,All years,Million,0
Kilometres Travelled,2020,Other fuel types,Co. Meath,Small PSVs,All years,Million,3
Kilometres Travelled,2020,Other fuel types,Co. Meath,Large PSVs,All years,Million,0
Kilometres Travelled,2020,Other fuel types,Co. Meath,Exempt vehicles,All years,Million,0
Kilometres Travelled,2020,Other fuel types,Co. Meath,Other vehicles,All years,Million,0
Kilometres Travelled,2020,Other fuel types,Co. Offaly,Private cars,All years,Million,9
Kilometres Travelled,2020,Other fuel types,Co. Offaly,Goods vehicles,All years,Million,0
Kilometres Travelled,2020,Other fuel types,Co. Offaly,Motor cycles,All years,Million,0
Kilometres Travelled,2020,Other fuel types,Co. Offaly,Tractors & Machinery,All years,Million,0
Kilometres Travelled,2020,Other fuel types,Co. Offaly,Small PSVs,All years,Million,0
Kilometres Travelled,2020,Other fuel types,Co. Offaly,Large PSVs,All years,Million,0
Kilometres Travelled,2020,Other fuel types,Co. Offaly,Exempt vehicles,All years,Million,0
Kilometres Travelled,2020,Other fuel types,Co. Offaly,Other vehicles,All years,Million,0
Kilometres Travelled,2020,Other fuel types,Co. Westmeath,Private cars,All years,Million,13
Kilometres Travelled,2020,Other fuel types,Co. Westmeath,Goods vehicles,All years,Million,0
Kilometres Travelled,2020,Other fuel types,Co. Westmeath,Motor cycles,All years,Million,0
Kilometres Travelled,2020,Other fuel types,Co. Westmeath,Tractors & Machinery,All years,Million,0
Kilometres Travelled,2020,Other fuel types,Co. Westmeath,Small PSVs,All years,Million,0
Kilometres Travelled,2020,Other fuel types,Co. Westmeath,Large PSVs,All years,Million,0
Kilometres Travelled,2020,Other fuel types,Co. Westmeath,Exempt vehicles,All years,Million,0
Kilometres Travelled,2020,Other fuel types,Co. Westmeath,Other vehicles,All years,Million,0
Kilometres Travelled,2020,Other fuel types,Co. Wexford,Private cars,All years,Million,18
Kilometres Travelled,2020,Other fuel types,Co. Wexford,Goods vehicles,All years,Million,0
Kilometres Travelled,2020,Other fuel types,Co. Wexford,Motor cycles,All years,Million,0
Kilometres Travelled,2020,Other fuel types,Co. Wexford,Tractors & Machinery,All years,Million,0
Kilometres Travelled,2020,Other fuel types,Co. Wexford,Small PSVs,All years,Million,0
Kilometres Travelled,2020,Other fuel types,Co. Wexford,Large PSVs,All years,Million,0
Kilometres Travelled,2020,Other fuel types,Co. Wexford,Exempt vehicles,All years,Million,0
Kilometres Travelled,2020,Other fuel types,Co. Wexford,Other vehicles,All years,Million,0
Kilometres Travelled,2020,Other fuel types,Co. Wicklow,Private cars,All years,Million,29
Kilometres Travelled,2020,Other fuel types,Co. Wicklow,Goods vehicles,All years,Million,0
Kilometres Travelled,2020,Other fuel types,Co. Wicklow,Motor cycles,All years,Million,0
Kilometres Travelled,2020,Other fuel types,Co. Wicklow,Tractors & Machinery,All years,Million,0
Kilometres Travelled,2020,Other fuel types,Co. Wicklow,Small PSVs,All years,Million,1
Kilometres Travelled,2020,Other fuel types,Co. Wicklow,Large PSVs,All years,Million,0
Kilometres Travelled,2020,Other fuel types,Co. Wicklow,Exempt vehicles,All years,Million,0
Kilometres Travelled,2020,Other fuel types,Co. Wicklow,Other vehicles,All years,Million,0
Kilometres Travelled,2020,Other fuel types,Co. Clare,Private cars,All years,Million,14
Kilometres Travelled,2020,Other fuel types,Co. Clare,Goods vehicles,All years,Million,0
Kilometres Travelled,2020,Other fuel types,Co. Clare,Motor cycles,All years,Million,0
Kilometres Travelled,2020,Other fuel types,Co. Clare,Tractors & Machinery,All years,Million,0
Kilometres Travelled,2020,Other fuel types,Co. Clare,Small PSVs,All years,Million,0
Kilometres Travelled,2020,Other fuel types,Co. Clare,Large PSVs,All years,Million,0
Kilometres Travelled,2020,Other fuel types,Co. Clare,Exempt vehicles,All years,Million,0
Kilometres Travelled,2020,Other fuel types,Co. Clare,Other vehicles,All years,Million,0
Kilometres Travelled,2020,Other fuel types,Co. Cork,Private cars,All years,Million,84
Kilometres Travelled,2020,Other fuel types,Co. Cork,Goods vehicles,All years,Million,1
Kilometres Travelled,2020,Other fuel types,Co. Cork,Motor cycles,All years,Million,0
Kilometres Travelled,2020,Other fuel types,Co. Cork,Tractors & Machinery,All years,Million,0
Kilometres Travelled,2020,Other fuel types,Co. Cork,Small PSVs,All years,Million,3
Kilometres Travelled,2020,Other fuel types,Co. Cork,Large PSVs,All years,Million,0
Kilometres Travelled,2020,Other fuel types,Co. Cork,Exempt vehicles,All years,Million,2
Kilometres Travelled,2020,Other fuel types,Co. Cork,Other vehicles,All years,Million,0
Kilometres Travelled,2020,Other fuel types,Co. Kerry,Private cars,All years,Million,17
Kilometres Travelled,2020,Other fuel types,Co. Kerry,Goods vehicles,All years,Million,0
Kilometres Travelled,2020,Other fuel types,Co. Kerry,Motor cycles,All years,Million,0
Kilometres Travelled,2020,Other fuel types,Co. Kerry,Tractors & Machinery,All years,Million,0
Kilometres Travelled,2020,Other fuel types,Co. Kerry,Small PSVs,All years,Million,0
Kilometres Travelled,2020,Other fuel types,Co. Kerry,Large PSVs,All years,Million,0
Kilometres Travelled,2020,Other fuel types,Co. Kerry,Exempt vehicles,All years,Million,0
Kilometres Travelled,2020,Other fuel types,Co. Kerry,Other vehicles,All years,Million,0
Kilometres Travelled,2020,Other fuel types,Co. Limerick,Private cars,All years,Million,22
Kilometres Travelled,2020,Other fuel types,Co. Limerick,Goods vehicles,All years,Million,0
Kilometres Travelled,2020,Other fuel types,Co. Limerick,Motor cycles,All years,Million,0
Kilometres Travelled,2020,Other fuel types,Co. Limerick,Tractors & Machinery,All years,Million,0
Kilometres Travelled,2020,Other fuel types,Co. Limerick,Small PSVs,All years,Million,2
Kilometres Travelled,2020,Other fuel types,Co. Limerick,Large PSVs,All years,Million,0
Kilometres Travelled,2020,Other fuel types,Co. Limerick,Exempt vehicles,All years,Million,1
Kilometres Travelled,2020,Other fuel types,Co. Limerick,Other vehicles,All years,Million,0
Kilometres Travelled,2020,Other fuel types,Co. Tipperary,Private cars,All years,Million,17
Kilometres Travelled,2020,Other fuel types,Co. Tipperary,Goods vehicles,All years,Million,0
Kilometres Travelled,2020,Other fuel types,Co. Tipperary,Motor cycles,All years,Million,0
Kilometres Travelled,2020,Other fuel types,Co. Tipperary,Tractors & Machinery,All years,Million,0
Kilometres Travelled,2020,Other fuel types,Co. Tipperary,Small PSVs,All years,Million,0
Kilometres Travelled,2020,Other fuel types,Co. Tipperary,Large PSVs,All years,Million,0
Kilometres Travelled,2020,Other fuel types,Co. Tipperary,Exempt vehicles,All years,Million,1
Kilometres Travelled,2020,Other fuel types,Co. Tipperary,Other vehicles,All years,Million,0
Kilometres Travelled,2020,Other fuel types,Co. Waterford,Private cars,All years,Million,14
Kilometres Travelled,2020,Other fuel types,Co. Waterford,Goods vehicles,All years,Million,0
Kilometres Travelled,2020,Other fuel types,Co. Waterford,Motor cycles,All years,Million,0
Kilometres Travelled,2020,Other fuel types,Co. Waterford,Tractors & Machinery,All years,Million,0
Kilometres Travelled,2020,Other fuel types,Co. Waterford,Small PSVs,All years,Million,0
Kilometres Travelled,2020,Other fuel types,Co. Waterford,Large PSVs,All years,Million,0
Kilometres Travelled,2020,Other fuel types,Co. Waterford,Exempt vehicles,All years,Million,0
Kilometres Travelled,2020,Other fuel types,Co. Waterford,Other vehicles,All years,Million,0
Kilometres Travelled,2020,Other fuel types,Co. Galway,Private cars,All years,Million,40
Kilometres Travelled,2020,Other fuel types,Co. Galway,Goods vehicles,All years,Million,0
Kilometres Travelled,2020,Other fuel types,Co. Galway,Motor cycles,All years,Million,0
Kilometres Travelled,2020,Other fuel types,Co. Galway,Tractors & Machinery,All years,Million,0
Kilometres Travelled,2020,Other fuel types,Co. Galway,Small PSVs,All years,Million,1
Kilometres Travelled,2020,Other fuel types,Co. Galway,Large PSVs,All years,Million,0
Kilometres Travelled,2020,Other fuel types,Co. Galway,Exempt vehicles,All years,Million,2
Kilometres Travelled,2020,Other fuel types,Co. Galway,Other vehicles,All years,Million,0
Kilometres Travelled,2020,Other fuel types,Co. Leitrim,Private cars,All years,Million,2
Kilometres Travelled,2020,Other fuel types,Co. Leitrim,Goods vehicles,All years,Million,0
Kilometres Travelled,2020,Other fuel types,Co. Leitrim,Motor cycles,All years,Million,0
Kilometres Travelled,2020,Other fuel types,Co. Leitrim,Tractors & Machinery,All years,Million,0
Kilometres Travelled,2020,Other fuel types,Co. Leitrim,Small PSVs,All years,Million,0
Kilometres Travelled,2020,Other fuel types,Co. Leitrim,Large PSVs,All years,Million,0
Kilometres Travelled,2020,Other fuel types,Co. Leitrim,Exempt vehicles,All years,Million,0
Kilometres Travelled,2020,Other fuel types,Co. Leitrim,Other vehicles,All years,Million,0
Kilometres Travelled,2020,Other fuel types,Co. Mayo,Private cars,All years,Million,12
Kilometres Travelled,2020,Other fuel types,Co. Mayo,Goods vehicles,All years,Million,0
Kilometres Travelled,2020,Other fuel types,Co. Mayo,Motor cycles,All years,Million,0
Kilometres Travelled,2020,Other fuel types,Co. Mayo,Tractors & Machinery,All years,Million,0
Kilometres Travelled,2020,Other fuel types,Co. Mayo,Small PSVs,All years,Million,0
Kilometres Travelled,2020,Other fuel types,Co. Mayo,Large PSVs,All years,Million,0
Kilometres Travelled,2020,Other fuel types,Co. Mayo,Exempt vehicles,All years,Million,1
Kilometres Travelled,2020,Other fuel types,Co. Mayo,Other vehicles,All years,Million,0
Kilometres Travelled,2020,Other fuel types,Co. Roscommon,Private cars,All years,Million,7
Kilometres Travelled,2020,Other fuel types,Co. Roscommon,Goods vehicles,All years,Million,0
Kilometres Travelled,2020,Other fuel types,Co. Roscommon,Motor cycles,All years,Million,0
Kilometres Travelled,2020,Other fuel types,Co. Roscommon,Tractors & Machinery,All years,Million,0
Kilometres Travelled,2020,Other fuel types,Co. Roscommon,Small PSVs,All years,Million,0
Kilometres Travelled,2020,Other fuel types,Co. Roscommon,Large PSVs,All years,Million,0
Kilometres Travelled,2020,Other fuel types,Co. Roscommon,Exempt vehicles,All years,Million,0
Kilometres Travelled,2020,Other fuel types,Co. Roscommon,Other vehicles,All years,Million,0
Kilometres Travelled,2020,Other fuel types,Co. Sligo,Private cars,All years,Million,7
Kilometres Travelled,2020,Other fuel types,Co. Sligo,Goods vehicles,All years,Million,0
Kilometres Travelled,2020,Other fuel types,Co. Sligo,Motor cycles,All years,Million,0
Kilometres Travelled,2020,Other fuel types,Co. Sligo,Tractors & Machinery,All years,Million,0
Kilometres Travelled,2020,Other fuel types,Co. Sligo,Small PSVs,All years,Million,0
Kilometres Travelled,2020,Other fuel types,Co. Sligo,Large PSVs,All years,Million,0
Kilometres Travelled,2020,Other fuel types,Co. Sligo,Exempt vehicles,All years,Million,0
Kilometres Travelled,2020,Other fuel types,Co. Sligo,Other vehicles,All years,Million,0
Kilometres Travelled,2020,Other fuel types,Co. Cavan,Private cars,All years,Million,8
Kilometres Travelled,2020,Other fuel types,Co. Cavan,Goods vehicles,All years,Million,0
Kilometres Travelled,2020,Other fuel types,Co. Cavan,Motor cycles,All years,Million,0
Kilometres Travelled,2020,Other fuel types,Co. Cavan,Tractors & Machinery,All years,Million,0
Kilometres Travelled,2020,Other fuel types,Co. Cavan,Small PSVs,All years,Million,0
Kilometres Travelled,2020,Other fuel types,Co. Cavan,Large PSVs,All years,Million,0
Kilometres Travelled,2020,Other fuel types,Co. Cavan,Exempt vehicles,All years,Million,0
Kilometres Travelled,2020,Other fuel types,Co. Cavan,Other vehicles,All years,Million,0
Kilometres Travelled,2020,Other fuel types,Co. Donegal,Private cars,All years,Million,15
Kilometres Travelled,2020,Other fuel types,Co. Donegal,Goods vehicles,All years,Million,0
Kilometres Travelled,2020,Other fuel types,Co. Donegal,Motor cycles,All years,Million,0
Kilometres Travelled,2020,Other fuel types,Co. Donegal,Tractors & Machinery,All years,Million,0
Kilometres Travelled,2020,Other fuel types,Co. Donegal,Small PSVs,All years,Million,0
Kilometres Travelled,2020,Other fuel types,Co. Donegal,Large PSVs,All years,Million,0
Kilometres Travelled,2020,Other fuel types,Co. Donegal,Exempt vehicles,All years,Million,1
Kilometres Travelled,2020,Other fuel types,Co. Donegal,Other vehicles,All years,Million,0
Kilometres Travelled,2020,Other fuel types,Co. Monaghan,Private cars,All years,Million,5
Kilometres Travelled,2020,Other fuel types,Co. Monaghan,Goods vehicles,All years,Million,0
Kilometres Travelled,2020,Other fuel types,Co. Monaghan,Motor cycles,All years,Million,0
Kilometres Travelled,2020,Other fuel types,Co. Monaghan,Tractors & Machinery,All years,Million,0
Kilometres Travelled,2020,Other fuel types,Co. Monaghan,Small PSVs,All years,Million,0
Kilometres Travelled,2020,Other fuel types,Co. Monaghan,Large PSVs,All years,Million,0
Kilometres Travelled,2020,Other fuel types,Co. Monaghan,Exempt vehicles,All years,Million,0
Kilometres Travelled,2020,Other fuel types,Co. Monaghan,Other vehicles,All years,Million,0
Kilometres Travelled,2021,Petrol,Co. Carlow,Private cars,All years,Million,93
Kilometres Travelled,2021,Petrol,Co. Carlow,Goods vehicles,All years,Million,0
Kilometres Travelled,2021,Petrol,Co. Carlow,Motor cycles,All years,Million,2
Kilometres Travelled,2021,Petrol,Co. Carlow,Tractors & Machinery,All years,Million,0
Kilometres Travelled,2021,Petrol,Co. Carlow,Small PSVs,All years,Million,0
Kilometres Travelled,2021,Petrol,Co. Carlow,Large PSVs,All years,Million,0
Kilometres Travelled,2021,Petrol,Co. Carlow,Exempt vehicles,All years,Million,0
Kilometres Travelled,2021,Petrol,Co. Carlow,Other vehicles,All years,Million,2
Kilometres Travelled,2021,Petrol,Co. Dublin,Private cars,All years,Million,2221
Kilometres Travelled,2021,Petrol,Co. Dublin,Goods vehicles,All years,Million,3
Kilometres Travelled,2021,Petrol,Co. Dublin,Motor cycles,All years,Million,32
Kilometres Travelled,2021,Petrol,Co. Dublin,Tractors & Machinery,All years,Million,0
Kilometres Travelled,2021,Petrol,Co. Dublin,Small PSVs,All years,Million,10
Kilometres Travelled,2021,Petrol,Co. Dublin,Large PSVs,All years,Million,0
Kilometres Travelled,2021,Petrol,Co. Dublin,Exempt vehicles,All years,Million,19
Kilometres Travelled,2021,Petrol,Co. Dublin,Other vehicles,All years,Million,16
Kilometres Travelled,2021,Petrol,Co. Kildare,Private cars,All years,Million,415
Kilometres Travelled,2021,Petrol,Co. Kildare,Goods vehicles,All years,Million,1
Kilometres Travelled,2021,Petrol,Co. Kildare,Motor cycles,All years,Million,6
Kilometres Travelled,2021,Petrol,Co. Kildare,Tractors & Machinery,All years,Million,0
Kilometres Travelled,2021,Petrol,Co. Kildare,Small PSVs,All years,Million,0
Kilometres Travelled,2021,Petrol,Co. Kildare,Large PSVs,All years,Million,0
Kilometres Travelled,2021,Petrol,Co. Kildare,Exempt vehicles,All years,Million,2
Kilometres Travelled,2021,Petrol,Co. Kildare,Other vehicles,All years,Million,5
Kilometres Travelled,2021,Petrol,Co. Kilkenny,Private cars,All years,Million,158
Kilometres Travelled,2021,Petrol,Co. Kilkenny,Goods vehicles,All years,Million,0
Kilometres Travelled,2021,Petrol,Co. Kilkenny,Motor cycles,All years,Million,3
Kilometres Travelled,2021,Petrol,Co. Kilkenny,Tractors & Machinery,All years,Million,0
Kilometres Travelled,2021,Petrol,Co. Kilkenny,Small PSVs,All years,Million,0
Kilometres Travelled,2021,Petrol,Co. Kilkenny,Large PSVs,All years,Million,0
Kilometres Travelled,2021,Petrol,Co. Kilkenny,Exempt vehicles,All years,Million,1
Kilometres Travelled,2021,Petrol,Co. Kilkenny,Other vehicles,All years,Million,2
Kilometres Travelled,2021,Petrol,Co. Laois,Private cars,All years,Million,111
Kilometres Travelled,2021,Petrol,Co. Laois,Goods vehicles,All years,Million,0
Kilometres Travelled,2021,Petrol,Co. Laois,Motor cycles,All years,Million,2
Kilometres Travelled,2021,Petrol,Co. Laois,Tractors & Machinery,All years,Million,0
Kilometres Travelled,2021,Petrol,Co. Laois,Small PSVs,All years,Million,0
Kilometres Travelled,2021,Petrol,Co. Laois,Large PSVs,All years,Million,0
Kilometres Travelled,2021,Petrol,Co. Laois,Exempt vehicles,All years,Million,1
Kilometres Travelled,2021,Petrol,Co. Laois,Other vehicles,All years,Million,1
Kilometres Travelled,2021,Petrol,Co. Longford,Private cars,All years,Million,51
Kilometres Travelled,2021,Petrol,Co. Longford,Goods vehicles,All years,Million,0
Kilometres Travelled,2021,Petrol,Co. Longford,Motor cycles,All years,Million,1
Kilometres Travelled,2021,Petrol,Co. Longford,Tractors & Machinery,All years,Million,0
Kilometres Travelled,2021,Petrol,Co. Longford,Small PSVs,All years,Million,0
Kilometres Travelled,2021,Petrol,Co. Longford,Large PSVs,All years,Million,0
Kilometres Travelled,2021,Petrol,Co. Longford,Exempt vehicles,All years,Million,0
Kilometres Travelled,2021,Petrol,Co. Longford,Other vehicles,All years,Million,1
Kilometres Travelled,2021,Petrol,Co. Louth,Private cars,All years,Million,190
Kilometres Travelled,2021,Petrol,Co. Louth,Goods vehicles,All years,Million,0
Kilometres Travelled,2021,Petrol,Co. Louth,Motor cycles,All years,Million,3
Kilometres Travelled,2021,Petrol,Co. Louth,Tractors & Machinery,All years,Million,0
Kilometres Travelled,2021,Petrol,Co. Louth,Small PSVs,All years,Million,0
Kilometres Travelled,2021,Petrol,Co. Louth,Large PSVs,All years,Million,0
Kilometres Travelled,2021,Petrol,Co. Louth,Exempt vehicles,All years,Million,1
Kilometres Travelled,2021,Petrol,Co. Louth,Other vehicles,All years,Million,2
Kilometres Travelled,2021,Petrol,Co. Meath,Private cars,All years,Million,329
Kilometres Travelled,2021,Petrol,Co. Meath,Goods vehicles,All years,Million,0
Kilometres Travelled,2021,Petrol,Co. Meath,Motor cycles,All years,Million,5
Kilometres Travelled,2021,Petrol,Co. Meath,Tractors & Machinery,All years,Million,0
Kilometres Travelled,2021,Petrol,Co. Meath,Small PSVs,All years,Million,0
Kilometres Travelled,2021,Petrol,Co. Meath,Large PSVs,All years,Million,0
Kilometres Travelled,2021,Petrol,Co. Meath,Exempt vehicles,All years,Million,2
Kilometres Travelled,2021,Petrol,Co. Meath,Other vehicles,All years,Million,4
Kilometres Travelled,2021,Petrol,Co. Offaly,Private cars,All years,Million,108
Kilometres Travelled,2021,Petrol,Co. Offaly,Goods vehicles,All years,Million,0
Kilometres Travelled,2021,Petrol,Co. Offaly,Motor cycles,All years,Million,2
Kilometres Travelled,2021,Petrol,Co. Offaly,Tractors & Machinery,All years,Million,0
Kilometres Travelled,2021,Petrol,Co. Offaly,Small PSVs,All years,Million,0
Kilometres Travelled,2021,Petrol,Co. Offaly,Large PSVs,All years,Million,0
Kilometres Travelled,2021,Petrol,Co. Offaly,Exempt vehicles,All years,Million,0
Kilometres Travelled,2021,Petrol,Co. Offaly,Other vehicles,All years,Million,1
Kilometres Travelled,2021,Petrol,Co. Westmeath,Private cars,All years,Million,126
Kilometres Travelled,2021,Petrol,Co. Westmeath,Goods vehicles,All years,Million,0
Kilometres Travelled,2021,Petrol,Co. Westmeath,Motor cycles,All years,Million,2
Kilometres Travelled,2021,Petrol,Co. Westmeath,Tractors & Machinery,All years,Million,0
Kilometres Travelled,2021,Petrol,Co. Westmeath,Small PSVs,All years,Million,0
Kilometres Travelled,2021,Petrol,Co. Westmeath,Large PSVs,All years,Million,0
Kilometres Travelled,2021,Petrol,Co. Westmeath,Exempt vehicles,All years,Million,1
Kilometres Travelled,2021,Petrol,Co. Westmeath,Other vehicles,All years,Million,1
Kilometres Travelled,2021,Petrol,Co. Wexford,Private cars,All years,Million,265
Kilometres Travelled,2021,Petrol,Co. Wexford,Goods vehicles,All years,Million,0
Kilometres Travelled,2021,Petrol,Co. Wexford,Motor cycles,All years,Million,4
Kilometres Travelled,2021,Petrol,Co. Wexford,Tractors & Machinery,All years,Million,0
Kilometres Travelled,2021,Petrol,Co. Wexford,Small PSVs,All years,Million,0
Kilometres Travelled,2021,Petrol,Co. Wexford,Large PSVs,All years,Million,0
Kilometres Travelled,2021,Petrol,Co. Wexford,Exempt vehicles,All years,Million,1
Kilometres Travelled,2021,Petrol,Co. Wexford,Other vehicles,All years,Million,3
Kilometres Travelled,2021,Petrol,Co. Wicklow,Private cars,All years,Million,298
Kilometres Travelled,2021,Petrol,Co. Wicklow,Goods vehicles,All years,Million,1
Kilometres Travelled,2021,Petrol,Co. Wicklow,Motor cycles,All years,Million,4
Kilometres Travelled,2021,Petrol,Co. Wicklow,Tractors & Machinery,All years,Million,0
Kilometres Travelled,2021,Petrol,Co. Wicklow,Small PSVs,All years,Million,0
Kilometres Travelled,2021,Petrol,Co. Wicklow,Large PSVs,All years,Million,0
Kilometres Travelled,2021,Petrol,Co. Wicklow,Exempt vehicles,All years,Million,2
Kilometres Travelled,2021,Petrol,Co. Wicklow,Other vehicles,All years,Million,4
Kilometres Travelled,2021,Petrol,Co. Clare,Private cars,All years,Million,221
Kilometres Travelled,2021,Petrol,Co. Clare,Goods vehicles,All years,Million,0
Kilometres Travelled,2021,Petrol,Co. Clare,Motor cycles,All years,Million,3
Kilometres Travelled,2021,Petrol,Co. Clare,Tractors & Machinery,All years,Million,0
Kilometres Travelled,2021,Petrol,Co. Clare,Small PSVs,All years,Million,0
Kilometres Travelled,2021,Petrol,Co. Clare,Large PSVs,All years,Million,0
Kilometres Travelled,2021,Petrol,Co. Clare,Exempt vehicles,All years,Million,3
Kilometres Travelled,2021,Petrol,Co. Clare,Other vehicles,All years,Million,2
Kilometres Travelled,2021,Petrol,Co. Cork,Private cars,All years,Million,1085
Kilometres Travelled,2021,Petrol,Co. Cork,Goods vehicles,All years,Million,2
Kilometres Travelled,2021,Petrol,Co. Cork,Motor cycles,All years,Million,14
Kilometres Travelled,2021,Petrol,Co. Cork,Tractors & Machinery,All years,Million,0
Kilometres Travelled,2021,Petrol,Co. Cork,Small PSVs,All years,Million,2
Kilometres Travelled,2021,Petrol,Co. Cork,Large PSVs,All years,Million,0
Kilometres Travelled,2021,Petrol,Co. Cork,Exempt vehicles,All years,Million,10
Kilometres Travelled,2021,Petrol,Co. Cork,Other vehicles,All years,Million,12
Kilometres Travelled,2021,Petrol,Co. Kerry,Private cars,All years,Million,283
Kilometres Travelled,2021,Petrol,Co. Kerry,Goods vehicles,All years,Million,0
Kilometres Travelled,2021,Petrol,Co. Kerry,Motor cycles,All years,Million,3
Kilometres Travelled,2021,Petrol,Co. Kerry,Tractors & Machinery,All years,Million,0
Kilometres Travelled,2021,Petrol,Co. Kerry,Small PSVs,All years,Million,0
Kilometres Travelled,2021,Petrol,Co. Kerry,Large PSVs,All years,Million,0
Kilometres Travelled,2021,Petrol,Co. Kerry,Exempt vehicles,All years,Million,2
Kilometres Travelled,2021,Petrol,Co. Kerry,Other vehicles,All years,Million,3
Kilometres Travelled,2021,Petrol,Co. Limerick,Private cars,All years,Million,349
Kilometres Travelled,2021,Petrol,Co. Limerick,Goods vehicles,All years,Million,0
Kilometres Travelled,2021,Petrol,Co. Limerick,Motor cycles,All years,Million,4
Kilometres Travelled,2021,Petrol,Co. Limerick,Tractors & Machinery,All years,Million,0
Kilometres Travelled,2021,Petrol,Co. Limerick,Small PSVs,All years,Million,1
Kilometres Travelled,2021,Petrol,Co. Limerick,Large PSVs,All years,Million,0
Kilometres Travelled,2021,Petrol,Co. Limerick,Exempt vehicles,All years,Million,3
Kilometres Travelled,2021,Petrol,Co. Limerick,Other vehicles,All years,Million,4
Kilometres Travelled,2021,Petrol,Co. Tipperary,Private cars,All years,Million,273
Kilometres Travelled,2021,Petrol,Co. Tipperary,Goods vehicles,All years,Million,0
Kilometres Travelled,2021,Petrol,Co. Tipperary,Motor cycles,All years,Million,4
Kilometres Travelled,2021,Petrol,Co. Tipperary,Tractors & Machinery,All years,Million,0
Kilometres Travelled,2021,Petrol,Co. Tipperary,Small PSVs,All years,Million,0
Kilometres Travelled,2021,Petrol,Co. Tipperary,Large PSVs,All years,Million,0
Kilometres Travelled,2021,Petrol,Co. Tipperary,Exempt vehicles,All years,Million,2
Kilometres Travelled,2021,Petrol,Co. Tipperary,Other vehicles,All years,Million,4
Kilometres Travelled,2021,Petrol,Co. Waterford,Private cars,All years,Million,246
Kilometres Travelled,2021,Petrol,Co. Waterford,Goods vehicles,All years,Million,0
Kilometres Travelled,2021,Petrol,Co. Waterford,Motor cycles,All years,Million,4
Kilometres Travelled,2021,Petrol,Co. Waterford,Tractors & Machinery,All years,Million,0
Kilometres Travelled,2021,Petrol,Co. Waterford,Small PSVs,All years,Million,0
Kilometres Travelled,2021,Petrol,Co. Waterford,Large PSVs,All years,Million,0
Kilometres Travelled,2021,Petrol,Co. Waterford,Exempt vehicles,All years,Million,1
Kilometres Travelled,2021,Petrol,Co. Waterford,Other vehicles,All years,Million,2
Kilometres Travelled,2021,Petrol,Co. Galway,Private cars,All years,Million,410
Kilometres Travelled,2021,Petrol,Co. Galway,Goods vehicles,All years,Million,1
Kilometres Travelled,2021,Petrol,Co. Galway,Motor cycles,All years,Million,4
Kilometres Travelled,2021,Petrol,Co. Galway,Tractors & Machinery,All years,Million,0
Kilometres Travelled,2021,Petrol,Co. Galway,Small PSVs,All years,Million,1
Kilometres Travelled,2021,Petrol,Co. Galway,Large PSVs,All years,Million,0
Kilometres Travelled,2021,Petrol,Co. Galway,Exempt vehicles,All years,Million,5
Kilometres Travelled,2021,Petrol,Co. Galway,Other vehicles,All years,Million,4
Kilometres Travelled,2021,Petrol,Co. Leitrim,Private cars,All years,Million,48
Kilometres Travelled,2021,Petrol,Co. Leitrim,Goods vehicles,All years,Million,0
Kilometres Travelled,2021,Petrol,Co. Leitrim,Motor cycles,All years,Million,0
Kilometres Travelled,2021,Petrol,Co. Leitrim,Tractors & Machinery,All years,Million,0
Kilometres Travelled,2021,Petrol,Co. Leitrim,Small PSVs,All years,Million,0
Kilometres Travelled,2021,Petrol,Co. Leitrim,Large PSVs,All years,Million,0
Kilometres Travelled,2021,Petrol,Co. Leitrim,Exempt vehicles,All years,Million,1
Kilometres Travelled,2021,Petrol,Co. Leitrim,Other vehicles,All years,Million,1
Kilometres Travelled,2021,Petrol,Co. Mayo,Private cars,All years,Million,199
Kilometres Travelled,2021,Petrol,Co. Mayo,Goods vehicles,All years,Million,0
Kilometres Travelled,2021,Petrol,Co. Mayo,Motor cycles,All years,Million,2
Kilometres Travelled,2021,Petrol,Co. Mayo,Tractors & Machinery,All years,Million,0
Kilometres Travelled,2021,Petrol,Co. Mayo,Small PSVs,All years,Million,0
Kilometres Travelled,2021,Petrol,Co. Mayo,Large PSVs,All years,Million,0
Kilometres Travelled,2021,Petrol,Co. Mayo,Exempt vehicles,All years,Million,2
Kilometres Travelled,2021,Petrol,Co. Mayo,Other vehicles,All years,Million,2
Kilometres Travelled,2021,Petrol,Co. Roscommon,Private cars,All years,Million,116
Kilometres Travelled,2021,Petrol,Co. Roscommon,Goods vehicles,All years,Million,0
Kilometres Travelled,2021,Petrol,Co. Roscommon,Motor cycles,All years,Million,1
Kilometres Travelled,2021,Petrol,Co. Roscommon,Tractors & Machinery,All years,Million,0
Kilometres Travelled,2021,Petrol,Co. Roscommon,Small PSVs,All years,Million,0
Kilometres Travelled,2021,Petrol,Co. Roscommon,Large PSVs,All years,Million,0
Kilometres Travelled,2021,Petrol,Co. Roscommon,Exempt vehicles,All years,Million,1
Kilometres Travelled,2021,Petrol,Co. Roscommon,Other vehicles,All years,Million,1
Kilometres Travelled,2021,Petrol,Co. Sligo,Private cars,All years,Million,104
Kilometres Travelled,2021,Petrol,Co. Sligo,Goods vehicles,All years,Million,0
Kilometres Travelled,2021,Petrol,Co. Sligo,Motor cycles,All years,Million,1
Kilometres Travelled,2021,Petrol,Co. Sligo,Tractors & Machinery,All years,Million,0
Kilometres Travelled,2021,Petrol,Co. Sligo,Small PSVs,All years,Million,0
Kilometres Travelled,2021,Petrol,Co. Sligo,Large PSVs,All years,Million,0
Kilometres Travelled,2021,Petrol,Co. Sligo,Exempt vehicles,All years,Million,1
Kilometres Travelled,2021,Petrol,Co. Sligo,Other vehicles,All years,Million,1
Kilometres Travelled,2021,Petrol,Co. Cavan,Private cars,All years,Million,97
Kilometres Travelled,2021,Petrol,Co. Cavan,Goods vehicles,All years,Million,0
Kilometres Travelled,2021,Petrol,Co. Cavan,Motor cycles,All years,Million,1
Kilometres Travelled,2021,Petrol,Co. Cavan,Tractors & Machinery,All years,Million,0
Kilometres Travelled,2021,Petrol,Co. Cavan,Small PSVs,All years,Million,0
Kilometres Travelled,2021,Petrol,Co. Cavan,Large PSVs,All years,Million,0
Kilometres Travelled,2021,Petrol,Co. Cavan,Exempt vehicles,All years,Million,1
Kilometres Travelled,2021,Petrol,Co. Cavan,Other vehicles,All years,Million,1
Kilometres Travelled,2021,Petrol,Co. Donegal,Private cars,All years,Million,211
Kilometres Travelled,2021,Petrol,Co. Donegal,Goods vehicles,All years,Million,0
Kilometres Travelled,2021,Petrol,Co. Donegal,Motor cycles,All years,Million,2
Kilometres Travelled,2021,Petrol,Co. Donegal,Tractors & Machinery,All years,Million,0
Kilometres Travelled,2021,Petrol,Co. Donegal,Small PSVs,All years,Million,0
Kilometres Travelled,2021,Petrol,Co. Donegal,Large PSVs,All years,Million,0
Kilometres Travelled,2021,Petrol,Co. Donegal,Exempt vehicles,All years,Million,2
Kilometres Travelled,2021,Petrol,Co. Donegal,Other vehicles,All years,Million,3
Kilometres Travelled,2021,Petrol,Co. Monaghan,Private cars,All years,Million,70
Kilometres Travelled,2021,Petrol,Co. Monaghan,Goods vehicles,All years,Million,0
Kilometres Travelled,2021,Petrol,Co. Monaghan,Motor cycles,All years,Million,1
Kilometres Travelled,2021,Petrol,Co. Monaghan,Tractors & Machinery,All years,Million,0
Kilometres Travelled,2021,Petrol,Co. Monaghan,Small PSVs,All years,Million,0
Kilometres Travelled,2021,Petrol,Co. Monaghan,Large PSVs,All years,Million,0
Kilometres Travelled,2021,Petrol,Co. Monaghan,Exempt vehicles,All years,Million,0
Kilometres Travelled,2021,Petrol,Co. Monaghan,Other vehicles,All years,Million,1
Kilometres Travelled,2021,Diesel,Co. Carlow,Private cars,All years,Million,344
Kilometres Travelled,2021,Diesel,Co. Carlow,Goods vehicles,All years,Million,139
Kilometres Travelled,2021,Diesel,Co. Carlow,Motor cycles,All years,Million,0
Kilometres Travelled,2021,Diesel,Co. Carlow,Tractors & Machinery,All years,Million,27
Kilometres Travelled,2021,Diesel,Co. Carlow,Small PSVs,All years,Million,3
Kilometres Travelled,2021,Diesel,Co. Carlow,Large PSVs,All years,Million,2
Kilometres Travelled,2021,Diesel,Co. Carlow,Exempt vehicles,All years,Million,3
Kilometres Travelled,2021,Diesel,Co. Carlow,Other vehicles,All years,Million,6
Kilometres Travelled,2021,Diesel,Co. Dublin,Private cars,All years,Million,3356
Kilometres Travelled,2021,Diesel,Co. Dublin,Goods vehicles,All years,Million,2024
Kilometres Travelled,2021,Diesel,Co. Dublin,Motor cycles,All years,Million,0
Kilometres Travelled,2021,Diesel,Co. Dublin,Tractors & Machinery,All years,Million,25
Kilometres Travelled,2021,Diesel,Co. Dublin,Small PSVs,All years,Million,161
Kilometres Travelled,2021,Diesel,Co. Dublin,Large PSVs,All years,Million,108
Kilometres Travelled,2021,Diesel,Co. Dublin,Exempt vehicles,All years,Million,102
Kilometres Travelled,2021,Diesel,Co. Dublin,Other vehicles,All years,Million,38
Kilometres Travelled,2021,Diesel,Co. Kildare,Private cars,All years,Million,1047
Kilometres Travelled,2021,Diesel,Co. Kildare,Goods vehicles,All years,Million,422
Kilometres Travelled,2021,Diesel,Co. Kildare,Motor cycles,All years,Million,0
Kilometres Travelled,2021,Diesel,Co. Kildare,Tractors & Machinery,All years,Million,37
Kilometres Travelled,2021,Diesel,Co. Kildare,Small PSVs,All years,Million,14
Kilometres Travelled,2021,Diesel,Co. Kildare,Large PSVs,All years,Million,7
Kilometres Travelled,2021,Diesel,Co. Kildare,Exempt vehicles,All years,Million,9
Kilometres Travelled,2021,Diesel,Co. Kildare,Other vehicles,All years,Million,11
Kilometres Travelled,2021,Diesel,Co. Kilkenny,Private cars,All years,Million,528
Kilometres Travelled,2021,Diesel,Co. Kilkenny,Goods vehicles,All years,Million,200
Kilometres Travelled,2021,Diesel,Co. Kilkenny,Motor cycles,All years,Million,0
Kilometres Travelled,2021,Diesel,Co. Kilkenny,Tractors & Machinery,All years,Million,56
Kilometres Travelled,2021,Diesel,Co. Kilkenny,Small PSVs,All years,Million,5
Kilometres Travelled,2021,Diesel,Co. Kilkenny,Large PSVs,All years,Million,8
Kilometres Travelled,2021,Diesel,Co. Kilkenny,Exempt vehicles,All years,Million,7
Kilometres Travelled,2021,Diesel,Co. Kilkenny,Other vehicles,All years,Million,7
Kilometres Travelled,2021,Diesel,Co. Laois,Private cars,All years,Million,457
Kilometres Travelled,2021,Diesel,Co. Laois,Goods vehicles,All years,Million,155
Kilometres Travelled,2021,Diesel,Co. Laois,Motor cycles,All years,Million,0
Kilometres Travelled,2021,Diesel,Co. Laois,Tractors & Machinery,All years,Million,43
Kilometres Travelled,2021,Diesel,Co. Laois,Small PSVs,All years,Million,5
Kilometres Travelled,2021,Diesel,Co. Laois,Large PSVs,All years,Million,4
Kilometres Travelled,2021,Diesel,Co. Laois,Exempt vehicles,All years,Million,3
Kilometres Travelled,2021,Diesel,Co. Laois,Other vehicles,All years,Million,6
Kilometres Travelled,2021,Diesel,Co. Longford,Private cars,All years,Million,234
Kilometres Travelled,2021,Diesel,Co. Longford,Goods vehicles,All years,Million,103
Kilometres Travelled,2021,Diesel,Co. Longford,Motor cycles,All years,Million,0
Kilometres Travelled,2021,Diesel,Co. Longford,Tractors & Machinery,All years,Million,20
Kilometres Travelled,2021,Diesel,Co. Longford,Small PSVs,All years,Million,2
Kilometres Travelled,2021,Diesel,Co. Longford,Large PSVs,All years,Million,2
Kilometres Travelled,2021,Diesel,Co. Longford,Exempt vehicles,All years,Million,3
Kilometres Travelled,2021,Diesel,Co. Longford,Other vehicles,All years,Million,4
Kilometres Travelled,2021,Diesel,Co. Louth,Private cars,All years,Million,543
Kilometres Travelled,2021,Diesel,Co. Louth,Goods vehicles,All years,Million,199
Kilometres Travelled,2021,Diesel,Co. Louth,Motor cycles,All years,Million,0
Kilometres Travelled,2021,Diesel,Co. Louth,Tractors & Machinery,All years,Million,17
Kilometres Travelled,2021,Diesel,Co. Louth,Small PSVs,All years,Million,12
Kilometres Travelled,2021,Diesel,Co. Louth,Large PSVs,All years,Million,4
Kilometres Travelled,2021,Diesel,Co. Louth,Exempt vehicles,All years,Million,5
Kilometres Travelled,2021,Diesel,Co. Louth,Other vehicles,All years,Million,5
Kilometres Travelled,2021,Diesel,Co. Meath,Private cars,All years,Million,1007
Kilometres Travelled,2021,Diesel,Co. Meath,Goods vehicles,All years,Million,406
Kilometres Travelled,2021,Diesel,Co. Meath,Motor cycles,All years,Million,0
Kilometres Travelled,2021,Diesel,Co. Meath,Tractors & Machinery,All years,Million,48
Kilometres Travelled,2021,Diesel,Co. Meath,Small PSVs,All years,Million,20
Kilometres Travelled,2021,Diesel,Co. Meath,Large PSVs,All years,Million,8
Kilometres Travelled,2021,Diesel,Co. Meath,Exempt vehicles,All years,Million,7
Kilometres Travelled,2021,Diesel,Co. Meath,Other vehicles,All years,Million,12
Kilometres Travelled,2021,Diesel,Co. Offaly,Private cars,All years,Million,447
Kilometres Travelled,2021,Diesel,Co. Offaly,Goods vehicles,All years,Million,157
Kilometres Travelled,2021,Diesel,Co. Offaly,Motor cycles,All years,Million,0
Kilometres Travelled,2021,Diesel,Co. Offaly,Tractors & Machinery,All years,Million,39
Kilometres Travelled,2021,Diesel,Co. Offaly,Small PSVs,All years,Million,4
Kilometres Travelled,2021,Diesel,Co. Offaly,Large PSVs,All years,Million,4
Kilometres Travelled,2021,Diesel,Co. Offaly,Exempt vehicles,All years,Million,3
Kilometres Travelled,2021,Diesel,Co. Offaly,Other vehicles,All years,Million,8
Kilometres Travelled,2021,Diesel,Co. Westmeath,Private cars,All years,Million,521
Kilometres Travelled,2021,Diesel,Co. Westmeath,Goods vehicles,All years,Million,192
Kilometres Travelled,2021,Diesel,Co. Westmeath,Motor cycles,All years,Million,0
Kilometres Travelled,2021,Diesel,Co. Westmeath,Tractors & Machinery,All years,Million,33
Kilometres Travelled,2021,Diesel,Co. Westmeath,Small PSVs,All years,Million,6
Kilometres Travelled,2021,Diesel,Co. Westmeath,Large PSVs,All years,Million,3
Kilometres Travelled,2021,Diesel,Co. Westmeath,Exempt vehicles,All years,Million,4
Kilometres Travelled,2021,Diesel,Co. Westmeath,Other vehicles,All years,Million,7
Kilometres Travelled,2021,Diesel,Co. Wexford,Private cars,All years,Million,893
Kilometres Travelled,2021,Diesel,Co. Wexford,Goods vehicles,All years,Million,357
Kilometres Travelled,2021,Diesel,Co. Wexford,Motor cycles,All years,Million,0
Kilometres Travelled,2021,Diesel,Co. Wexford,Tractors & Machinery,All years,Million,69
Kilometres Travelled,2021,Diesel,Co. Wexford,Small PSVs,All years,Million,5
Kilometres Travelled,2021,Diesel,Co. Wexford,Large PSVs,All years,Million,7
Kilometres Travelled,2021,Diesel,Co. Wexford,Exempt vehicles,All years,Million,7
Kilometres Travelled,2021,Diesel,Co. Wexford,Other vehicles,All years,Million,16
Kilometres Travelled,2021,Diesel,Co. Wicklow,Private cars,All years,Million,616
Kilometres Travelled,2021,Diesel,Co. Wicklow,Goods vehicles,All years,Million,218
Kilometres Travelled,2021,Diesel,Co. Wicklow,Motor cycles,All years,Million,0
Kilometres Travelled,2021,Diesel,Co. Wicklow,Tractors & Machinery,All years,Million,26
Kilometres Travelled,2021,Diesel,Co. Wicklow,Small PSVs,All years,Million,7
Kilometres Travelled,2021,Diesel,Co. Wicklow,Large PSVs,All years,Million,4
Kilometres Travelled,2021,Diesel,Co. Wicklow,Exempt vehicles,All years,Million,5
Kilometres Travelled,2021,Diesel,Co. Wicklow,Other vehicles,All years,Million,9
Kilometres Travelled,2021,Diesel,Co. Clare,Private cars,All years,Million,654
Kilometres Travelled,2021,Diesel,Co. Clare,Goods vehicles,All years,Million,212
Kilometres Travelled,2021,Diesel,Co. Clare,Motor cycles,All years,Million,0
Kilometres Travelled,2021,Diesel,Co. Clare,Tractors & Machinery,All years,Million,48
Kilometres Travelled,2021,Diesel,Co. Clare,Small PSVs,All years,Million,7
Kilometres Travelled,2021,Diesel,Co. Clare,Large PSVs,All years,Million,5
Kilometres Travelled,2021,Diesel,Co. Clare,Exempt vehicles,All years,Million,7
Kilometres Travelled,2021,Diesel,Co. Clare,Other vehicles,All years,Million,10
Kilometres Travelled,2021,Diesel,Co. Cork,Private cars,All years,Million,2374
Kilometres Travelled,2021,Diesel,Co. Cork,Goods vehicles,All years,Million,963
Kilometres Travelled,2021,Diesel,Co. Cork,Motor cycles,All years,Million,0
Kilometres Travelled,2021,Diesel,Co. Cork,Tractors & Machinery,All years,Million,170
Kilometres Travelled,2021,Diesel,Co. Cork,Small PSVs,All years,Million,37
Kilometres Travelled,2021,Diesel,Co. Cork,Large PSVs,All years,Million,14
Kilometres Travelled,2021,Diesel,Co. Cork,Exempt vehicles,All years,Million,30
Kilometres Travelled,2021,Diesel,Co. Cork,Other vehicles,All years,Million,35
Kilometres Travelled,2021,Diesel,Co. Kerry,Private cars,All years,Million,775
Kilometres Travelled,2021,Diesel,Co. Kerry,Goods vehicles,All years,Million,270
Kilometres Travelled,2021,Diesel,Co. Kerry,Motor cycles,All years,Million,0
Kilometres Travelled,2021,Diesel,Co. Kerry,Tractors & Machinery,All years,Million,64
Kilometres Travelled,2021,Diesel,Co. Kerry,Small PSVs,All years,Million,9
Kilometres Travelled,2021,Diesel,Co. Kerry,Large PSVs,All years,Million,7
Kilometres Travelled,2021,Diesel,Co. Kerry,Exempt vehicles,All years,Million,7
Kilometres Travelled,2021,Diesel,Co. Kerry,Other vehicles,All years,Million,13
Kilometres Travelled,2021,Diesel,Co. Limerick,Private cars,All years,Million,931
Kilometres Travelled,2021,Diesel,Co. Limerick,Goods vehicles,All years,Million,340
Kilometres Travelled,2021,Diesel,Co. Limerick,Motor cycles,All years,Million,0
Kilometres Travelled,2021,Diesel,Co. Limerick,Tractors & Machinery,All years,Million,57
Kilometres Travelled,2021,Diesel,Co. Limerick,Small PSVs,All years,Million,11
Kilometres Travelled,2021,Diesel,Co. Limerick,Large PSVs,All years,Million,6
Kilometres Travelled,2021,Diesel,Co. Limerick,Exempt vehicles,All years,Million,9
Kilometres Travelled,2021,Diesel,Co. Limerick,Other vehicles,All years,Million,12
Kilometres Travelled,2021,Diesel,Co. Tipperary,Private cars,All years,Million,996
Kilometres Travelled,2021,Diesel,Co. Tipperary,Goods vehicles,All years,Million,340
Kilometres Travelled,2021,Diesel,Co. Tipperary,Motor cycles,All years,Million,0
Kilometres Travelled,2021,Diesel,Co. Tipperary,Tractors & Machinery,All years,Million,87
Kilometres Travelled,2021,Diesel,Co. Tipperary,Small PSVs,All years,Million,6
Kilometres Travelled,2021,Diesel,Co. Tipperary,Large PSVs,All years,Million,8
Kilometres Travelled,2021,Diesel,Co. Tipperary,Exempt vehicles,All years,Million,9
Kilometres Travelled,2021,Diesel,Co. Tipperary,Other vehicles,All years,Million,13
Kilometres Travelled,2021,Diesel,Co. Waterford,Private cars,All years,Million,543
Kilometres Travelled,2021,Diesel,Co. Waterford,Goods vehicles,All years,Million,173
Kilometres Travelled,2021,Diesel,Co. Waterford,Motor cycles,All years,Million,0
Kilometres Travelled,2021,Diesel,Co. Waterford,Tractors & Machinery,All years,Million,34
Kilometres Travelled,2021,Diesel,Co. Waterford,Small PSVs,All years,Million,6
Kilometres Travelled,2021,Diesel,Co. Waterford,Large PSVs,All years,Million,3
Kilometres Travelled,2021,Diesel,Co. Waterford,Exempt vehicles,All years,Million,5
Kilometres Travelled,2021,Diesel,Co. Waterford,Other vehicles,All years,Million,8
Kilometres Travelled,2021,Diesel,Co. Galway,Private cars,All years,Million,1307
Kilometres Travelled,2021,Diesel,Co. Galway,Goods vehicles,All years,Million,474
Kilometres Travelled,2021,Diesel,Co. Galway,Motor cycles,All years,Million,0
Kilometres Travelled,2021,Diesel,Co. Galway,Tractors & Machinery,All years,Million,80
Kilometres Travelled,2021,Diesel,Co. Galway,Small PSVs,All years,Million,19
Kilometres Travelled,2021,Diesel,Co. Galway,Large PSVs,All years,Million,14
Kilometres Travelled,2021,Diesel,Co. Galway,Exempt vehicles,All years,Million,26
Kilometres Travelled,2021,Diesel,Co. Galway,Other vehicles,All years,Million,24
Kilometres Travelled,2021,Diesel,Co. Leitrim,Private cars,All years,Million,196
Kilometres Travelled,2021,Diesel,Co. Leitrim,Goods vehicles,All years,Million,78
Kilometres Travelled,2021,Diesel,Co. Leitrim,Motor cycles,All years,Million,0
Kilometres Travelled,2021,Diesel,Co. Leitrim,Tractors & Machinery,All years,Million,15
Kilometres Travelled,2021,Diesel,Co. Leitrim,Small PSVs,All years,Million,2
Kilometres Travelled,2021,Diesel,Co. Leitrim,Large PSVs,All years,Million,2
Kilometres Travelled,2021,Diesel,Co. Leitrim,Exempt vehicles,All years,Million,2
Kilometres Travelled,2021,Diesel,Co. Leitrim,Other vehicles,All years,Million,3
Kilometres Travelled,2021,Diesel,Co. Mayo,Private cars,All years,Million,753
Kilometres Travelled,2021,Diesel,Co. Mayo,Goods vehicles,All years,Million,297
Kilometres Travelled,2021,Diesel,Co. Mayo,Motor cycles,All years,Million,0
Kilometres Travelled,2021,Diesel,Co. Mayo,Tractors & Machinery,All years,Million,72
Kilometres Travelled,2021,Diesel,Co. Mayo,Small PSVs,All years,Million,5
Kilometres Travelled,2021,Diesel,Co. Mayo,Large PSVs,All years,Million,8
Kilometres Travelled,2021,Diesel,Co. Mayo,Exempt vehicles,All years,Million,11
Kilometres Travelled,2021,Diesel,Co. Mayo,Other vehicles,All years,Million,12
Kilometres Travelled,2021,Diesel,Co. Roscommon,Private cars,All years,Million,408
Kilometres Travelled,2021,Diesel,Co. Roscommon,Goods vehicles,All years,Million,149
Kilometres Travelled,2021,Diesel,Co. Roscommon,Motor cycles,All years,Million,0
Kilometres Travelled,2021,Diesel,Co. Roscommon,Tractors & Machinery,All years,Million,37
Kilometres Travelled,2021,Diesel,Co. Roscommon,Small PSVs,All years,Million,3
Kilometres Travelled,2021,Diesel,Co. Roscommon,Large PSVs,All years,Million,2
Kilometres Travelled,2021,Diesel,Co. Roscommon,Exempt vehicles,All years,Million,5
Kilometres Travelled,2021,Diesel,Co. Roscommon,Other vehicles,All years,Million,7
Kilometres Travelled,2021,Diesel,Co. Sligo,Private cars,All years,Million,326
Kilometres Travelled,2021,Diesel,Co. Sligo,Goods vehicles,All years,Million,138
Kilometres Travelled,2021,Diesel,Co. Sligo,Motor cycles,All years,Million,0
Kilometres Travelled,2021,Diesel,Co. Sligo,Tractors & Machinery,All years,Million,25
Kilometres Travelled,2021,Diesel,Co. Sligo,Small PSVs,All years,Million,3
Kilometres Travelled,2021,Diesel,Co. Sligo,Large PSVs,All years,Million,2
Kilometres Travelled,2021,Diesel,Co. Sligo,Exempt vehicles,All years,Million,5
Kilometres Travelled,2021,Diesel,Co. Sligo,Other vehicles,All years,Million,7
Kilometres Travelled,2021,Diesel,Co. Cavan,Private cars,All years,Million,432
Kilometres Travelled,2021,Diesel,Co. Cavan,Goods vehicles,All years,Million,197
Kilometres Travelled,2021,Diesel,Co. Cavan,Motor cycles,All years,Million,0
Kilometres Travelled,2021,Diesel,Co. Cavan,Tractors & Machinery,All years,Million,41
Kilometres Travelled,2021,Diesel,Co. Cavan,Small PSVs,All years,Million,4
Kilometres Travelled,2021,Diesel,Co. Cavan,Large PSVs,All years,Million,4
Kilometres Travelled,2021,Diesel,Co. Cavan,Exempt vehicles,All years,Million,4
Kilometres Travelled,2021,Diesel,Co. Cavan,Other vehicles,All years,Million,6
Kilometres Travelled,2021,Diesel,Co. Donegal,Private cars,All years,Million,779
Kilometres Travelled,2021,Diesel,Co. Donegal,Goods vehicles,All years,Million,345
Kilometres Travelled,2021,Diesel,Co. Donegal,Motor cycles,All years,Million,0
Kilometres Travelled,2021,Diesel,Co. Donegal,Tractors & Machinery,All years,Million,53
Kilometres Travelled,2021,Diesel,Co. Donegal,Small PSVs,All years,Million,8
Kilometres Travelled,2021,Diesel,Co. Donegal,Large PSVs,All years,Million,12
Kilometres Travelled,2021,Diesel,Co. Donegal,Exempt vehicles,All years,Million,9
Kilometres Travelled,2021,Diesel,Co. Donegal,Other vehicles,All years,Million,15
Kilometres Travelled,2021,Diesel,Co. Monaghan,Private cars,All years,Million,349
Kilometres Travelled,2021,Diesel,Co. Monaghan,Goods vehicles,All years,Million,222
Kilometres Travelled,2021,Diesel,Co. Monaghan,Motor cycles,All years,Million,0
Kilometres Travelled,2021,Diesel,Co. Monaghan,Tractors & Machinery,All years,Million,27
Kilometres Travelled,2021,Diesel,Co. Monaghan,Small PSVs,All years,Million,2
Kilometres Travelled,2021,Diesel,Co. Monaghan,Large PSVs,All years,Million,6
Kilometres Travelled,2021,Diesel,Co. Monaghan,Exempt vehicles,All years,Million,2
Kilometres Travelled,2021,Diesel,Co. Monaghan,Other vehicles,All years,Million,4
Kilometres Travelled,2021,Other fuel types,Co. Carlow,Private cars,All years,Million,12
Kilometres Travelled,2021,Other fuel types,Co. Carlow,Goods vehicles,All years,Million,0
Kilometres Travelled,2021,Other fuel types,Co. Carlow,Motor cycles,All years,Million,0
Kilometres Travelled,2021,Other fuel types,Co. Carlow,Tractors & Machinery,All years,Million,0
Kilometres Travelled,2021,Other fuel types,Co. Carlow,Small PSVs,All years,Million,0
Kilometres Travelled,2021,Other fuel types,Co. Carlow,Large PSVs,All years,Million,0
Kilometres Travelled,2021,Other fuel types,Co. Carlow,Exempt vehicles,All years,Million,0
Kilometres Travelled,2021,Other fuel types,Co. Carlow,Other vehicles,All years,Million,0
Kilometres Travelled,2021,Other fuel types,Co. Dublin,Private cars,All years,Million,535
Kilometres Travelled,2021,Other fuel types,Co. Dublin,Goods vehicles,All years,Million,21
Kilometres Travelled,2021,Other fuel types,Co. Dublin,Motor cycles,All years,Million,0
Kilometres Travelled,2021,Other fuel types,Co. Dublin,Tractors & Machinery,All years,Million,0
Kilometres Travelled,2021,Other fuel types,Co. Dublin,Small PSVs,All years,Million,57
Kilometres Travelled,2021,Other fuel types,Co. Dublin,Large PSVs,All years,Million,4
Kilometres Travelled,2021,Other fuel types,Co. Dublin,Exempt vehicles,All years,Million,6
Kilometres Travelled,2021,Other fuel types,Co. Dublin,Other vehicles,All years,Million,0
Kilometres Travelled,2021,Other fuel types,Co. Kildare,Private cars,All years,Million,73
Kilometres Travelled,2021,Other fuel types,Co. Kildare,Goods vehicles,All years,Million,2
Kilometres Travelled,2021,Other fuel types,Co. Kildare,Motor cycles,All years,Million,0
Kilometres Travelled,2021,Other fuel types,Co. Kildare,Tractors & Machinery,All years,Million,0
Kilometres Travelled,2021,Other fuel types,Co. Kildare,Small PSVs,All years,Million,3
Kilometres Travelled,2021,Other fuel types,Co. Kildare,Large PSVs,All years,Million,0
Kilometres Travelled,2021,Other fuel types,Co. Kildare,Exempt vehicles,All years,Million,0
Kilometres Travelled,2021,Other fuel types,Co. Kildare,Other vehicles,All years,Million,0
Kilometres Travelled,2021,Other fuel types,Co. Kilkenny,Private cars,All years,Million,19
Kilometres Travelled,2021,Other fuel types,Co. Kilkenny,Goods vehicles,All years,Million,0
Kilometres Travelled,2021,Other fuel types,Co. Kilkenny,Motor cycles,All years,Million,0
Kilometres Travelled,2021,Other fuel types,Co. Kilkenny,Tractors & Machinery,All years,Million,0
Kilometres Travelled,2021,Other fuel types,Co. Kilkenny,Small PSVs,All years,Million,0
Kilometres Travelled,2021,Other fuel types,Co. Kilkenny,Large PSVs,All years,Million,0
Kilometres Travelled,2021,Other fuel types,Co. Kilkenny,Exempt vehicles,All years,Million,0
Kilometres Travelled,2021,Other fuel types,Co. Kilkenny,Other vehicles,All years,Million,0
Kilometres Travelled,2021,Other fuel types,Co. Laois,Private cars,All years,Million,15
Kilometres Travelled,2021,Other fuel types,Co. Laois,Goods vehicles,All years,Million,0
Kilometres Travelled,2021,Other fuel types,Co. Laois,Motor cycles,All years,Million,0
Kilometres Travelled,2021,Other fuel types,Co. Laois,Tractors & Machinery,All years,Million,0
Kilometres Travelled,2021,Other fuel types,Co. Laois,Small PSVs,All years,Million,1
Kilometres Travelled,2021,Other fuel types,Co. Laois,Large PSVs,All years,Million,0
Kilometres Travelled,2021,Other fuel types,Co. Laois,Exempt vehicles,All years,Million,0
Kilometres Travelled,2021,Other fuel types,Co. Laois,Other vehicles,All years,Million,0
Kilometres Travelled,2021,Other fuel types,Co. Longford,Private cars,All years,Million,7
Kilometres Travelled,2021,Other fuel types,Co. Longford,Goods vehicles,All years,Million,0
Kilometres Travelled,2021,Other fuel types,Co. Longford,Motor cycles,All years,Million,0
Kilometres Travelled,2021,Other fuel types,Co. Longford,Tractors & Machinery,All years,Million,0
Kilometres Travelled,2021,Other fuel types,Co. Longford,Small PSVs,All years,Million,0
Kilometres Travelled,2021,Other fuel types,Co. Longford,Large PSVs,All years,Million,0
Kilometres Travelled,2021,Other fuel types,Co. Longford,Exempt vehicles,All years,Million,0
Kilometres Travelled,2021,Other fuel types,Co. Longford,Other vehicles,All years,Million,0
Kilometres Travelled,2021,Other fuel types,Co. Louth,Private cars,All years,Million,30
Kilometres Travelled,2021,Other fuel types,Co. Louth,Goods vehicles,All years,Million,0
Kilometres Travelled,2021,Other fuel types,Co. Louth,Motor cycles,All years,Million,0
Kilometres Travelled,2021,Other fuel types,Co. Louth,Tractors & Machinery,All years,Million,0
Kilometres Travelled,2021,Other fuel types,Co. Louth,Small PSVs,All years,Million,2
Kilometres Travelled,2021,Other fuel types,Co. Louth,Large PSVs,All years,Million,0
Kilometres Travelled,2021,Other fuel types,Co. Louth,Exempt vehicles,All years,Million,1
Kilometres Travelled,2021,Other fuel types,Co. Louth,Other vehicles,All years,Million,0
Kilometres Travelled,2021,Other fuel types,Co. Meath,Private cars,All years,Million,60
Kilometres Travelled,2021,Other fuel types,Co. Meath,Goods vehicles,All years,Million,1
Kilometres Travelled,2021,Other fuel types,Co. Meath,Motor cycles,All years,Million,0
Kilometres Travelled,2021,Other fuel types,Co. Meath,Tractors & Machinery,All years,Million,0
Kilometres Travelled,2021,Other fuel types,Co. Meath,Small PSVs,All years,Million,3
Kilometres Travelled,2021,Other fuel types,Co. Meath,Large PSVs,All years,Million,0
Kilometres Travelled,2021,Other fuel types,Co. Meath,Exempt vehicles,All years,Million,1
Kilometres Travelled,2021,Other fuel types,Co. Meath,Other vehicles,All years,Million,0
Kilometres Travelled,2021,Other fuel types,Co. Offaly,Private cars,All years,Million,15
Kilometres Travelled,2021,Other fuel types,Co. Offaly,Goods vehicles,All years,Million,0
Kilometres Travelled,2021,Other fuel types,Co. Offaly,Motor cycles,All years,Million,0
Kilometres Travelled,2021,Other fuel types,Co. Offaly,Tractors & Machinery,All years,Million,0
Kilometres Travelled,2021,Other fuel types,Co. Offaly,Small PSVs,All years,Million,0
Kilometres Travelled,2021,Other fuel types,Co. Offaly,Large PSVs,All years,Million,0
Kilometres Travelled,2021,Other fuel types,Co. Offaly,Exempt vehicles,All years,Million,0
Kilometres Travelled,2021,Other fuel types,Co. Offaly,Other vehicles,All years,Million,0
Kilometres Travelled,2021,Other fuel types,Co. Westmeath,Private cars,All years,Million,21
Kilometres Travelled,2021,Other fuel types,Co. Westmeath,Goods vehicles,All years,Million,1
Kilometres Travelled,2021,Other fuel types,Co. Westmeath,Motor cycles,All years,Million,0
Kilometres Travelled,2021,Other fuel types,Co. Westmeath,Tractors & Machinery,All years,Million,0
Kilometres Travelled,2021,Other fuel types,Co. Westmeath,Small PSVs,All years,Million,1
Kilometres Travelled,2021,Other fuel types,Co. Westmeath,Large PSVs,All years,Million,0
Kilometres Travelled,2021,Other fuel types,Co. Westmeath,Exempt vehicles,All years,Million,0
Kilometres Travelled,2021,Other fuel types,Co. Westmeath,Other vehicles,All years,Million,0
Kilometres Travelled,2021,Other fuel types,Co. Wexford,Private cars,All years,Million,31
Kilometres Travelled,2021,Other fuel types,Co. Wexford,Goods vehicles,All years,Million,0
Kilometres Travelled,2021,Other fuel types,Co. Wexford,Motor cycles,All years,Million,0
Kilometres Travelled,2021,Other fuel types,Co. Wexford,Tractors & Machinery,All years,Million,0
Kilometres Travelled,2021,Other fuel types,Co. Wexford,Small PSVs,All years,Million,0
Kilometres Travelled,2021,Other fuel types,Co. Wexford,Large PSVs,All years,Million,0
Kilometres Travelled,2021,Other fuel types,Co. Wexford,Exempt vehicles,All years,Million,1
Kilometres Travelled,2021,Other fuel types,Co. Wexford,Other vehicles,All years,Million,0
Kilometres Travelled,2021,Other fuel types,Co. Wicklow,Private cars,All years,Million,49
Kilometres Travelled,2021,Other fuel types,Co. Wicklow,Goods vehicles,All years,Million,1
Kilometres Travelled,2021,Other fuel types,Co. Wicklow,Motor cycles,All years,Million,0
Kilometres Travelled,2021,Other fuel types,Co. Wicklow,Tractors & Machinery,All years,Million,0
Kilometres Travelled,2021,Other fuel types,Co. Wicklow,Small PSVs,All years,Million,1
Kilometres Travelled,2021,Other fuel types,Co. Wicklow,Large PSVs,All years,Million,0
Kilometres Travelled,2021,Other fuel types,Co. Wicklow,Exempt vehicles,All years,Million,1
Kilometres Travelled,2021,Other fuel types,Co. Wicklow,Other vehicles,All years,Million,0
Kilometres Travelled,2021,Other fuel types,Co. Clare,Private cars,All years,Million,26
Kilometres Travelled,2021,Other fuel types,Co. Clare,Goods vehicles,All years,Million,0
Kilometres Travelled,2021,Other fuel types,Co. Clare,Motor cycles,All years,Million,0
Kilometres Travelled,2021,Other fuel types,Co. Clare,Tractors & Machinery,All years,Million,0
Kilometres Travelled,2021,Other fuel types,Co. Clare,Small PSVs,All years,Million,0
Kilometres Travelled,2021,Other fuel types,Co. Clare,Large PSVs,All years,Million,0
Kilometres Travelled,2021,Other fuel types,Co. Clare,Exempt vehicles,All years,Million,1
Kilometres Travelled,2021,Other fuel types,Co. Clare,Other vehicles,All years,Million,0
Kilometres Travelled,2021,Other fuel types,Co. Cork,Private cars,All years,Million,144
Kilometres Travelled,2021,Other fuel types,Co. Cork,Goods vehicles,All years,Million,2
Kilometres Travelled,2021,Other fuel types,Co. Cork,Motor cycles,All years,Million,0
Kilometres Travelled,2021,Other fuel types,Co. Cork,Tractors & Machinery,All years,Million,0
Kilometres Travelled,2021,Other fuel types,Co. Cork,Small PSVs,All years,Million,3
Kilometres Travelled,2021,Other fuel types,Co. Cork,Large PSVs,All years,Million,0
Kilometres Travelled,2021,Other fuel types,Co. Cork,Exempt vehicles,All years,Million,4
Kilometres Travelled,2021,Other fuel types,Co. Cork,Other vehicles,All years,Million,0
Kilometres Travelled,2021,Other fuel types,Co. Kerry,Private cars,All years,Million,28
Kilometres Travelled,2021,Other fuel types,Co. Kerry,Goods vehicles,All years,Million,0
Kilometres Travelled,2021,Other fuel types,Co. Kerry,Motor cycles,All years,Million,0
Kilometres Travelled,2021,Other fuel types,Co. Kerry,Tractors & Machinery,All years,Million,0
Kilometres Travelled,2021,Other fuel types,Co. Kerry,Small PSVs,All years,Million,0
Kilometres Travelled,2021,Other fuel types,Co. Kerry,Large PSVs,All years,Million,0
Kilometres Travelled,2021,Other fuel types,Co. Kerry,Exempt vehicles,All years,Million,1
Kilometres Travelled,2021,Other fuel types,Co. Kerry,Other vehicles,All years,Million,0
Kilometres Travelled,2021,Other fuel types,Co. Limerick,Private cars,All years,Million,40
Kilometres Travelled,2021,Other fuel types,Co. Limerick,Goods vehicles,All years,Million,0
Kilometres Travelled,2021,Other fuel types,Co. Limerick,Motor cycles,All years,Million,0
Kilometres Travelled,2021,Other fuel types,Co. Limerick,Tractors & Machinery,All years,Million,0
Kilometres Travelled,2021,Other fuel types,Co. Limerick,Small PSVs,All years,Million,3
Kilometres Travelled,2021,Other fuel types,Co. Limerick,Large PSVs,All years,Million,0
Kilometres Travelled,2021,Other fuel types,Co. Limerick,Exempt vehicles,All years,Million,2
Kilometres Travelled,2021,Other fuel types,Co. Limerick,Other vehicles,All years,Million,0
Kilometres Travelled,2021,Other fuel types,Co. Tipperary,Private cars,All years,Million,30
Kilometres Travelled,2021,Other fuel types,Co. Tipperary,Goods vehicles,All years,Million,0
Kilometres Travelled,2021,Other fuel types,Co. Tipperary,Motor cycles,All years,Million,0
Kilometres Travelled,2021,Other fuel types,Co. Tipperary,Tractors & Machinery,All years,Million,0
Kilometres Travelled,2021,Other fuel types,Co. Tipperary,Small PSVs,All years,Million,0
Kilometres Travelled,2021,Other fuel types,Co. Tipperary,Large PSVs,All years,Million,0
Kilometres Travelled,2021,Other fuel types,Co. Tipperary,Exempt vehicles,All years,Million,1
Kilometres Travelled,2021,Other fuel types,Co. Tipperary,Other vehicles,All years,Million,0
Kilometres Travelled,2021,Other fuel types,Co. Waterford,Private cars,All years,Million,24
Kilometres Travelled,2021,Other fuel types,Co. Waterford,Goods vehicles,All years,Million,0
Kilometres Travelled,2021,Other fuel types,Co. Waterford,Motor cycles,All years,Million,0
Kilometres Travelled,2021,Other fuel types,Co. Waterford,Tractors & Machinery,All years,Million,0
Kilometres Travelled,2021,Other fuel types,Co. Waterford,Small PSVs,All years,Million,0
Kilometres Travelled,2021,Other fuel types,Co. Waterford,Large PSVs,All years,Million,0
Kilometres Travelled,2021,Other fuel types,Co. Waterford,Exempt vehicles,All years,Million,0
Kilometres Travelled,2021,Other fuel types,Co. Waterford,Other vehicles,All years,Million,0
Kilometres Travelled,2021,Other fuel types,Co. Galway,Private cars,All years,Million,67
Kilometres Travelled,2021,Other fuel types,Co. Galway,Goods vehicles,All years,Million,0
Kilometres Travelled,2021,Other fuel types,Co. Galway,Motor cycles,All years,Million,0
Kilometres Travelled,2021,Other fuel types,Co. Galway,Tractors & Machinery,All years,Million,0
Kilometres Travelled,2021,Other fuel types,Co. Galway,Small PSVs,All years,Million,1
Kilometres Travelled,2021,Other fuel types,Co. Galway,Large PSVs,All years,Million,1
Kilometres Travelled,2021,Other fuel types,Co. Galway,Exempt vehicles,All years,Million,3
Kilometres Travelled,2021,Other fuel types,Co. Galway,Other vehicles,All years,Million,0
Kilometres Travelled,2021,Other fuel types,Co. Leitrim,Private cars,All years,Million,4
Kilometres Travelled,2021,Other fuel types,Co. Leitrim,Goods vehicles,All years,Million,0
Kilometres Travelled,2021,Other fuel types,Co. Leitrim,Motor cycles,All years,Million,0
Kilometres Travelled,2021,Other fuel types,Co. Leitrim,Tractors & Machinery,All years,Million,0
Kilometres Travelled,2021,Other fuel types,Co. Leitrim,Small PSVs,All years,Million,0
Kilometres Travelled,2021,Other fuel types,Co. Leitrim,Large PSVs,All years,Million,0
Kilometres Travelled,2021,Other fuel types,Co. Leitrim,Exempt vehicles,All years,Million,0
Kilometres Travelled,2021,Other fuel types,Co. Leitrim,Other vehicles,All years,Million,0
Kilometres Travelled,2021,Other fuel types,Co. Mayo,Private cars,All years,Million,21
Kilometres Travelled,2021,Other fuel types,Co. Mayo,Goods vehicles,All years,Million,1
Kilometres Travelled,2021,Other fuel types,Co. Mayo,Motor cycles,All years,Million,0
Kilometres Travelled,2021,Other fuel types,Co. Mayo,Tractors & Machinery,All years,Million,0
Kilometres Travelled,2021,Other fuel types,Co. Mayo,Small PSVs,All years,Million,0
Kilometres Travelled,2021,Other fuel types,Co. Mayo,Large PSVs,All years,Million,0
Kilometres Travelled,2021,Other fuel types,Co. Mayo,Exempt vehicles,All years,Million,1
Kilometres Travelled,2021,Other fuel types,Co. Mayo,Other vehicles,All years,Million,0
Kilometres Travelled,2021,Other fuel types,Co. Roscommon,Private cars,All years,Million,12
Kilometres Travelled,2021,Other fuel types,Co. Roscommon,Goods vehicles,All years,Million,0
Kilometres Travelled,2021,Other fuel types,Co. Roscommon,Motor cycles,All years,Million,0
Kilometres Travelled,2021,Other fuel types,Co. Roscommon,Tractors & Machinery,All years,Million,0
Kilometres Travelled,2021,Other fuel types,Co. Roscommon,Small PSVs,All years,Million,0
Kilometres Travelled,2021,Other fuel types,Co. Roscommon,Large PSVs,All years,Million,0
Kilometres Travelled,2021,Other fuel types,Co. Roscommon,Exempt vehicles,All years,Million,1
Kilometres Travelled,2021,Other fuel types,Co. Roscommon,Other vehicles,All years,Million,0
Kilometres Travelled,2021,Other fuel types,Co. Sligo,Private cars,All years,Million,12
Kilometres Travelled,2021,Other fuel types,Co. Sligo,Goods vehicles,All years,Million,0
Kilometres Travelled,2021,Other fuel types,Co. Sligo,Motor cycles,All years,Million,0
Kilometres Travelled,2021,Other fuel types,Co. Sligo,Tractors & Machinery,All years,Million,0
Kilometres Travelled,2021,Other fuel types,Co. Sligo,Small PSVs,All years,Million,0
Kilometres Travelled,2021,Other fuel types,Co. Sligo,Large PSVs,All years,Million,0
Kilometres Travelled,2021,Other fuel types,Co. Sligo,Exempt vehicles,All years,Million,0
Kilometres Travelled,2021,Other fuel types,Co. Sligo,Other vehicles,All years,Million,0
Kilometres Travelled,2021,Other fuel types,Co. Cavan,Private cars,All years,Million,13
Kilometres Travelled,2021,Other fuel types,Co. Cavan,Goods vehicles,All years,Million,1
Kilometres Travelled,2021,Other fuel types,Co. Cavan,Motor cycles,All years,Million,0
Kilometres Travelled,2021,Other fuel types,Co. Cavan,Tractors & Machinery,All years,Million,0
Kilometres Travelled,2021,Other fuel types,Co. Cavan,Small PSVs,All years,Million,0
Kilometres Travelled,2021,Other fuel types,Co. Cavan,Large PSVs,All years,Million,0
Kilometres Travelled,2021,Other fuel types,Co. Cavan,Exempt vehicles,All years,Million,0
Kilometres Travelled,2021,Other fuel types,Co. Cavan,Other vehicles,All years,Million,0
Kilometres Travelled,2021,Other fuel types,Co. Donegal,Private cars,All years,Million,26
Kilometres Travelled,2021,Other fuel types,Co. Donegal,Goods vehicles,All years,Million,0
Kilometres Travelled,2021,Other fuel types,Co. Donegal,Motor cycles,All years,Million,0
Kilometres Travelled,2021,Other fuel types,Co. Donegal,Tractors & Machinery,All years,Million,0
Kilometres Travelled,2021,Other fuel types,Co. Donegal,Small PSVs,All years,Million,0
Kilometres Travelled,2021,Other fuel types,Co. Donegal,Large PSVs,All years,Million,0
Kilometres Travelled,2021,Other fuel types,Co. Donegal,Exempt vehicles,All years,Million,1
Kilometres Travelled,2021,Other fuel types,Co. Donegal,Other vehicles,All years,Million,0
Kilometres Travelled,2021,Other fuel types,Co. Monaghan,Private cars,All years,Million,8
Kilometres Travelled,2021,Other fuel types,Co. Monaghan,Goods vehicles,All years,Million,0
Kilometres Travelled,2021,Other fuel types,Co. Monaghan,Motor cycles,All years,Million,0
Kilometres Travelled,2021,Other fuel types,Co. Monaghan,Tractors & Machinery,All years,Million,0
Kilometres Travelled,2021,Other fuel types,Co. Monaghan,Small PSVs,All years,Million,0
Kilometres Travelled,2021,Other fuel types,Co. Monaghan,Large PSVs,All years,Million,0
Kilometres Travelled,2021,Other fuel types,Co. Monaghan,Exempt vehicles,All years,Million,0
Kilometres Travelled,2021,Other fuel types,Co. Monaghan,Other vehicles,All years,Million,0
Kilometres Travelled,2022,Petrol,Co. Carlow,Private cars,All years,Million,103
Kilometres Travelled,2022,Petrol,Co. Carlow,Goods vehicles,All years,Million,0
Kilometres Travelled,2022,Petrol,Co. Carlow,Motor cycles,All years,Million,2
Kilometres Travelled,2022,Petrol,Co. Carlow,Tractors & Machinery,All years,Million,0
Kilometres Travelled,2022,Petrol,Co. Carlow,Small PSVs,All years,Million,0
Kilometres Travelled,2022,Petrol,Co. Carlow,Large PSVs,All years,Million,0
Kilometres Travelled,2022,Petrol,Co. Carlow,Exempt vehicles,All years,Million,1
Kilometres Travelled,2022,Petrol,Co. Carlow,Other vehicles,All years,Million,2
Kilometres Travelled,2022,Petrol,Co. Dublin,Private cars,All years,Million,2502
Kilometres Travelled,2022,Petrol,Co. Dublin,Goods vehicles,All years,Million,4
Kilometres Travelled,2022,Petrol,Co. Dublin,Motor cycles,All years,Million,32
Kilometres Travelled,2022,Petrol,Co. Dublin,Tractors & Machinery,All years,Million,0
Kilometres Travelled,2022,Petrol,Co. Dublin,Small PSVs,All years,Million,11
Kilometres Travelled,2022,Petrol,Co. Dublin,Large PSVs,All years,Million,0
Kilometres Travelled,2022,Petrol,Co. Dublin,Exempt vehicles,All years,Million,20
Kilometres Travelled,2022,Petrol,Co. Dublin,Other vehicles,All years,Million,19
Kilometres Travelled,2022,Petrol,Co. Kildare,Private cars,All years,Million,475
Kilometres Travelled,2022,Petrol,Co. Kildare,Goods vehicles,All years,Million,1
Kilometres Travelled,2022,Petrol,Co. Kildare,Motor cycles,All years,Million,7
Kilometres Travelled,2022,Petrol,Co. Kildare,Tractors & Machinery,All years,Million,0
Kilometres Travelled,2022,Petrol,Co. Kildare,Small PSVs,All years,Million,0
Kilometres Travelled,2022,Petrol,Co. Kildare,Large PSVs,All years,Million,0
Kilometres Travelled,2022,Petrol,Co. Kildare,Exempt vehicles,All years,Million,2
Kilometres Travelled,2022,Petrol,Co. Kildare,Other vehicles,All years,Million,6
Kilometres Travelled,2022,Petrol,Co. Kilkenny,Private cars,All years,Million,176
Kilometres Travelled,2022,Petrol,Co. Kilkenny,Goods vehicles,All years,Million,0
Kilometres Travelled,2022,Petrol,Co. Kilkenny,Motor cycles,All years,Million,3
Kilometres Travelled,2022,Petrol,Co. Kilkenny,Tractors & Machinery,All years,Million,0
Kilometres Travelled,2022,Petrol,Co. Kilkenny,Small PSVs,All years,Million,0
Kilometres Travelled,2022,Petrol,Co. Kilkenny,Large PSVs,All years,Million,0
Kilometres Travelled,2022,Petrol,Co. Kilkenny,Exempt vehicles,All years,Million,1
Kilometres Travelled,2022,Petrol,Co. Kilkenny,Other vehicles,All years,Million,3
Kilometres Travelled,2022,Petrol,Co. Laois,Private cars,All years,Million,123
Kilometres Travelled,2022,Petrol,Co. Laois,Goods vehicles,All years,Million,0
Kilometres Travelled,2022,Petrol,Co. Laois,Motor cycles,All years,Million,2
Kilometres Travelled,2022,Petrol,Co. Laois,Tractors & Machinery,All years,Million,0
Kilometres Travelled,2022,Petrol,Co. Laois,Small PSVs,All years,Million,0
Kilometres Travelled,2022,Petrol,Co. Laois,Large PSVs,All years,Million,0
Kilometres Travelled,2022,Petrol,Co. Laois,Exempt vehicles,All years,Million,1
Kilometres Travelled,2022,Petrol,Co. Laois,Other vehicles,All years,Million,2
Kilometres Travelled,2022,Petrol,Co. Longford,Private cars,All years,Million,57
Kilometres Travelled,2022,Petrol,Co. Longford,Goods vehicles,All years,Million,0
Kilometres Travelled,2022,Petrol,Co. Longford,Motor cycles,All years,Million,1
Kilometres Travelled,2022,Petrol,Co. Longford,Tractors & Machinery,All years,Million,0
Kilometres Travelled,2022,Petrol,Co. Longford,Small PSVs,All years,Million,0
Kilometres Travelled,2022,Petrol,Co. Longford,Large PSVs,All years,Million,0
Kilometres Travelled,2022,Petrol,Co. Longford,Exempt vehicles,All years,Million,0
Kilometres Travelled,2022,Petrol,Co. Longford,Other vehicles,All years,Million,1
Kilometres Travelled,2022,Petrol,Co. Louth,Private cars,All years,Million,220
Kilometres Travelled,2022,Petrol,Co. Louth,Goods vehicles,All years,Million,0
Kilometres Travelled,2022,Petrol,Co. Louth,Motor cycles,All years,Million,3
Kilometres Travelled,2022,Petrol,Co. Louth,Tractors & Machinery,All years,Million,0
Kilometres Travelled,2022,Petrol,Co. Louth,Small PSVs,All years,Million,0
Kilometres Travelled,2022,Petrol,Co. Louth,Large PSVs,All years,Million,0
Kilometres Travelled,2022,Petrol,Co. Louth,Exempt vehicles,All years,Million,2
Kilometres Travelled,2022,Petrol,Co. Louth,Other vehicles,All years,Million,2
Kilometres Travelled,2022,Petrol,Co. Meath,Private cars,All years,Million,371
Kilometres Travelled,2022,Petrol,Co. Meath,Goods vehicles,All years,Million,1
Kilometres Travelled,2022,Petrol,Co. Meath,Motor cycles,All years,Million,5
Kilometres Travelled,2022,Petrol,Co. Meath,Tractors & Machinery,All years,Million,0
Kilometres Travelled,2022,Petrol,Co. Meath,Small PSVs,All years,Million,1
Kilometres Travelled,2022,Petrol,Co. Meath,Large PSVs,All years,Million,0
Kilometres Travelled,2022,Petrol,Co. Meath,Exempt vehicles,All years,Million,2
Kilometres Travelled,2022,Petrol,Co. Meath,Other vehicles,All years,Million,5
Kilometres Travelled,2022,Petrol,Co. Offaly,Private cars,All years,Million,116
Kilometres Travelled,2022,Petrol,Co. Offaly,Goods vehicles,All years,Million,0
Kilometres Travelled,2022,Petrol,Co. Offaly,Motor cycles,All years,Million,2
Kilometres Travelled,2022,Petrol,Co. Offaly,Tractors & Machinery,All years,Million,0
Kilometres Travelled,2022,Petrol,Co. Offaly,Small PSVs,All years,Million,0
Kilometres Travelled,2022,Petrol,Co. Offaly,Large PSVs,All years,Million,0
Kilometres Travelled,2022,Petrol,Co. Offaly,Exempt vehicles,All years,Million,1
Kilometres Travelled,2022,Petrol,Co. Offaly,Other vehicles,All years,Million,2
Kilometres Travelled,2022,Petrol,Co. Westmeath,Private cars,All years,Million,140
Kilometres Travelled,2022,Petrol,Co. Westmeath,Goods vehicles,All years,Million,0
Kilometres Travelled,2022,Petrol,Co. Westmeath,Motor cycles,All years,Million,2
Kilometres Travelled,2022,Petrol,Co. Westmeath,Tractors & Machinery,All years,Million,0
Kilometres Travelled,2022,Petrol,Co. Westmeath,Small PSVs,All years,Million,0
Kilometres Travelled,2022,Petrol,Co. Westmeath,Large PSVs,All years,Million,0
Kilometres Travelled,2022,Petrol,Co. Westmeath,Exempt vehicles,All years,Million,1
Kilometres Travelled,2022,Petrol,Co. Westmeath,Other vehicles,All years,Million,2
Kilometres Travelled,2022,Petrol,Co. Wexford,Private cars,All years,Million,297
Kilometres Travelled,2022,Petrol,Co. Wexford,Goods vehicles,All years,Million,0
Kilometres Travelled,2022,Petrol,Co. Wexford,Motor cycles,All years,Million,4
Kilometres Travelled,2022,Petrol,Co. Wexford,Tractors & Machinery,All years,Million,0
Kilometres Travelled,2022,Petrol,Co. Wexford,Small PSVs,All years,Million,0
Kilometres Travelled,2022,Petrol,Co. Wexford,Large PSVs,All years,Million,0
Kilometres Travelled,2022,Petrol,Co. Wexford,Exempt vehicles,All years,Million,2
Kilometres Travelled,2022,Petrol,Co. Wexford,Other vehicles,All years,Million,4
Kilometres Travelled,2022,Petrol,Co. Wicklow,Private cars,All years,Million,329
Kilometres Travelled,2022,Petrol,Co. Wicklow,Goods vehicles,All years,Million,1
Kilometres Travelled,2022,Petrol,Co. Wicklow,Motor cycles,All years,Million,4
Kilometres Travelled,2022,Petrol,Co. Wicklow,Tractors & Machinery,All years,Million,0
Kilometres Travelled,2022,Petrol,Co. Wicklow,Small PSVs,All years,Million,0
Kilometres Travelled,2022,Petrol,Co. Wicklow,Large PSVs,All years,Million,0
Kilometres Travelled,2022,Petrol,Co. Wicklow,Exempt vehicles,All years,Million,2
Kilometres Travelled,2022,Petrol,Co. Wicklow,Other vehicles,All years,Million,5
Kilometres Travelled,2022,Petrol,Co. Clare,Private cars,All years,Million,245
Kilometres Travelled,2022,Petrol,Co. Clare,Goods vehicles,All years,Million,0
Kilometres Travelled,2022,Petrol,Co. Clare,Motor cycles,All years,Million,3
Kilometres Travelled,2022,Petrol,Co. Clare,Tractors & Machinery,All years,Million,0
Kilometres Travelled,2022,Petrol,Co. Clare,Small PSVs,All years,Million,0
Kilometres Travelled,2022,Petrol,Co. Clare,Large PSVs,All years,Million,0
Kilometres Travelled,2022,Petrol,Co. Clare,Exempt vehicles,All years,Million,3
Kilometres Travelled,2022,Petrol,Co. Clare,Other vehicles,All years,Million,3
Kilometres Travelled,2022,Petrol,Co. Cork,Private cars,All years,Million,1205
Kilometres Travelled,2022,Petrol,Co. Cork,Goods vehicles,All years,Million,2
Kilometres Travelled,2022,Petrol,Co. Cork,Motor cycles,All years,Million,15
Kilometres Travelled,2022,Petrol,Co. Cork,Tractors & Machinery,All years,Million,0
Kilometres Travelled,2022,Petrol,Co. Cork,Small PSVs,All years,Million,2
Kilometres Travelled,2022,Petrol,Co. Cork,Large PSVs,All years,Million,0
Kilometres Travelled,2022,Petrol,Co. Cork,Exempt vehicles,All years,Million,10
Kilometres Travelled,2022,Petrol,Co. Cork,Other vehicles,All years,Million,14
Kilometres Travelled,2022,Petrol,Co. Kerry,Private cars,All years,Million,307
Kilometres Travelled,2022,Petrol,Co. Kerry,Goods vehicles,All years,Million,0
Kilometres Travelled,2022,Petrol,Co. Kerry,Motor cycles,All years,Million,3
Kilometres Travelled,2022,Petrol,Co. Kerry,Tractors & Machinery,All years,Million,0
Kilometres Travelled,2022,Petrol,Co. Kerry,Small PSVs,All years,Million,0
Kilometres Travelled,2022,Petrol,Co. Kerry,Large PSVs,All years,Million,0
Kilometres Travelled,2022,Petrol,Co. Kerry,Exempt vehicles,All years,Million,2
Kilometres Travelled,2022,Petrol,Co. Kerry,Other vehicles,All years,Million,4
Kilometres Travelled,2022,Petrol,Co. Limerick,Private cars,All years,Million,384
Kilometres Travelled,2022,Petrol,Co. Limerick,Goods vehicles,All years,Million,0
Kilometres Travelled,2022,Petrol,Co. Limerick,Motor cycles,All years,Million,4
Kilometres Travelled,2022,Petrol,Co. Limerick,Tractors & Machinery,All years,Million,0
Kilometres Travelled,2022,Petrol,Co. Limerick,Small PSVs,All years,Million,1
Kilometres Travelled,2022,Petrol,Co. Limerick,Large PSVs,All years,Million,0
Kilometres Travelled,2022,Petrol,Co. Limerick,Exempt vehicles,All years,Million,3
Kilometres Travelled,2022,Petrol,Co. Limerick,Other vehicles,All years,Million,4
Kilometres Travelled,2022,Petrol,Co. Tipperary,Private cars,All years,Million,296
Kilometres Travelled,2022,Petrol,Co. Tipperary,Goods vehicles,All years,Million,0
Kilometres Travelled,2022,Petrol,Co. Tipperary,Motor cycles,All years,Million,4
Kilometres Travelled,2022,Petrol,Co. Tipperary,Tractors & Machinery,All years,Million,0
Kilometres Travelled,2022,Petrol,Co. Tipperary,Small PSVs,All years,Million,0
Kilometres Travelled,2022,Petrol,Co. Tipperary,Large PSVs,All years,Million,0
Kilometres Travelled,2022,Petrol,Co. Tipperary,Exempt vehicles,All years,Million,2
Kilometres Travelled,2022,Petrol,Co. Tipperary,Other vehicles,All years,Million,4
Kilometres Travelled,2022,Petrol,Co. Waterford,Private cars,All years,Million,276
Kilometres Travelled,2022,Petrol,Co. Waterford,Goods vehicles,All years,Million,0
Kilometres Travelled,2022,Petrol,Co. Waterford,Motor cycles,All years,Million,4
Kilometres Travelled,2022,Petrol,Co. Waterford,Tractors & Machinery,All years,Million,0
Kilometres Travelled,2022,Petrol,Co. Waterford,Small PSVs,All years,Million,0
Kilometres Travelled,2022,Petrol,Co. Waterford,Large PSVs,All years,Million,0
Kilometres Travelled,2022,Petrol,Co. Waterford,Exempt vehicles,All years,Million,1
Kilometres Travelled,2022,Petrol,Co. Waterford,Other vehicles,All years,Million,3
Kilometres Travelled,2022,Petrol,Co. Galway,Private cars,All years,Million,451
Kilometres Travelled,2022,Petrol,Co. Galway,Goods vehicles,All years,Million,1
Kilometres Travelled,2022,Petrol,Co. Galway,Motor cycles,All years,Million,4
Kilometres Travelled,2022,Petrol,Co. Galway,Tractors & Machinery,All years,Million,1
Kilometres Travelled,2022,Petrol,Co. Galway,Small PSVs,All years,Million,1
Kilometres Travelled,2022,Petrol,Co. Galway,Large PSVs,All years,Million,0
Kilometres Travelled,2022,Petrol,Co. Galway,Exempt vehicles,All years,Million,5
Kilometres Travelled,2022,Petrol,Co. Galway,Other vehicles,All years,Million,5
Kilometres Travelled,2022,Petrol,Co. Leitrim,Private cars,All years,Million,53
Kilometres Travelled,2022,Petrol,Co. Leitrim,Goods vehicles,All years,Million,0
Kilometres Travelled,2022,Petrol,Co. Leitrim,Motor cycles,All years,Million,1
Kilometres Travelled,2022,Petrol,Co. Leitrim,Tractors & Machinery,All years,Million,0
Kilometres Travelled,2022,Petrol,Co. Leitrim,Small PSVs,All years,Million,0
Kilometres Travelled,2022,Petrol,Co. Leitrim,Large PSVs,All years,Million,0
Kilometres Travelled,2022,Petrol,Co. Leitrim,Exempt vehicles,All years,Million,1
Kilometres Travelled,2022,Petrol,Co. Leitrim,Other vehicles,All years,Million,1
Kilometres Travelled,2022,Petrol,Co. Mayo,Private cars,All years,Million,214
Kilometres Travelled,2022,Petrol,Co. Mayo,Goods vehicles,All years,Million,0
Kilometres Travelled,2022,Petrol,Co. Mayo,Motor cycles,All years,Million,2
Kilometres Travelled,2022,Petrol,Co. Mayo,Tractors & Machinery,All years,Million,0
Kilometres Travelled,2022,Petrol,Co. Mayo,Small PSVs,All years,Million,0
Kilometres Travelled,2022,Petrol,Co. Mayo,Large PSVs,All years,Million,0
Kilometres Travelled,2022,Petrol,Co. Mayo,Exempt vehicles,All years,Million,2
Kilometres Travelled,2022,Petrol,Co. Mayo,Other vehicles,All years,Million,2
Kilometres Travelled,2022,Petrol,Co. Roscommon,Private cars,All years,Million,157
Kilometres Travelled,2022,Petrol,Co. Roscommon,Goods vehicles,All years,Million,0
Kilometres Travelled,2022,Petrol,Co. Roscommon,Motor cycles,All years,Million,1
Kilometres Travelled,2022,Petrol,Co. Roscommon,Tractors & Machinery,All years,Million,0
Kilometres Travelled,2022,Petrol,Co. Roscommon,Small PSVs,All years,Million,0
Kilometres Travelled,2022,Petrol,Co. Roscommon,Large PSVs,All years,Million,0
Kilometres Travelled,2022,Petrol,Co. Roscommon,Exempt vehicles,All years,Million,1
Kilometres Travelled,2022,Petrol,Co. Roscommon,Other vehicles,All years,Million,1
Kilometres Travelled,2022,Petrol,Co. Sligo,Private cars,All years,Million,115
Kilometres Travelled,2022,Petrol,Co. Sligo,Goods vehicles,All years,Million,0
Kilometres Travelled,2022,Petrol,Co. Sligo,Motor cycles,All years,Million,1
Kilometres Travelled,2022,Petrol,Co. Sligo,Tractors & Machinery,All years,Million,0
Kilometres Travelled,2022,Petrol,Co. Sligo,Small PSVs,All years,Million,0
Kilometres Travelled,2022,Petrol,Co. Sligo,Large PSVs,All years,Million,0
Kilometres Travelled,2022,Petrol,Co. Sligo,Exempt vehicles,All years,Million,1
Kilometres Travelled,2022,Petrol,Co. Sligo,Other vehicles,All years,Million,1
Kilometres Travelled,2022,Petrol,Co. Cavan,Private cars,All years,Million,106
Kilometres Travelled,2022,Petrol,Co. Cavan,Goods vehicles,All years,Million,0
Kilometres Travelled,2022,Petrol,Co. Cavan,Motor cycles,All years,Million,1
Kilometres Travelled,2022,Petrol,Co. Cavan,Tractors & Machinery,All years,Million,0
Kilometres Travelled,2022,Petrol,Co. Cavan,Small PSVs,All years,Million,0
Kilometres Travelled,2022,Petrol,Co. Cavan,Large PSVs,All years,Million,0
Kilometres Travelled,2022,Petrol,Co. Cavan,Exempt vehicles,All years,Million,1
Kilometres Travelled,2022,Petrol,Co. Cavan,Other vehicles,All years,Million,2
Kilometres Travelled,2022,Petrol,Co. Donegal,Private cars,All years,Million,234
Kilometres Travelled,2022,Petrol,Co. Donegal,Goods vehicles,All years,Million,1
Kilometres Travelled,2022,Petrol,Co. Donegal,Motor cycles,All years,Million,2
Kilometres Travelled,2022,Petrol,Co. Donegal,Tractors & Machinery,All years,Million,0
Kilometres Travelled,2022,Petrol,Co. Donegal,Small PSVs,All years,Million,0
Kilometres Travelled,2022,Petrol,Co. Donegal,Large PSVs,All years,Million,0
Kilometres Travelled,2022,Petrol,Co. Donegal,Exempt vehicles,All years,Million,2
Kilometres Travelled,2022,Petrol,Co. Donegal,Other vehicles,All years,Million,4
Kilometres Travelled,2022,Petrol,Co. Monaghan,Private cars,All years,Million,77
Kilometres Travelled,2022,Petrol,Co. Monaghan,Goods vehicles,All years,Million,0
Kilometres Travelled,2022,Petrol,Co. Monaghan,Motor cycles,All years,Million,1
Kilometres Travelled,2022,Petrol,Co. Monaghan,Tractors & Machinery,All years,Million,0
Kilometres Travelled,2022,Petrol,Co. Monaghan,Small PSVs,All years,Million,0
Kilometres Travelled,2022,Petrol,Co. Monaghan,Large PSVs,All years,Million,0
Kilometres Travelled,2022,Petrol,Co. Monaghan,Exempt vehicles,All years,Million,0
Kilometres Travelled,2022,Petrol,Co. Monaghan,Other vehicles,All years,Million,1
Kilometres Travelled,2022,Diesel,Co. Carlow,Private cars,All years,Million,393
Kilometres Travelled,2022,Diesel,Co. Carlow,Goods vehicles,All years,Million,149
Kilometres Travelled,2022,Diesel,Co. Carlow,Motor cycles,All years,Million,0
Kilometres Travelled,2022,Diesel,Co. Carlow,Tractors & Machinery,All years,Million,27
Kilometres Travelled,2022,Diesel,Co. Carlow,Small PSVs,All years,Million,4
Kilometres Travelled,2022,Diesel,Co. Carlow,Large PSVs,All years,Million,3
Kilometres Travelled,2022,Diesel,Co. Carlow,Exempt vehicles,All years,Million,3
Kilometres Travelled,2022,Diesel,Co. Carlow,Other vehicles,All years,Million,7
Kilometres Travelled,2022,Diesel,Co. Dublin,Private cars,All years,Million,3727
Kilometres Travelled,2022,Diesel,Co. Dublin,Goods vehicles,All years,Million,2198
Kilometres Travelled,2022,Diesel,Co. Dublin,Motor cycles,All years,Million,0
Kilometres Travelled,2022,Diesel,Co. Dublin,Tractors & Machinery,All years,Million,27
Kilometres Travelled,2022,Diesel,Co. Dublin,Small PSVs,All years,Million,210
Kilometres Travelled,2022,Diesel,Co. Dublin,Large PSVs,All years,Million,131
Kilometres Travelled,2022,Diesel,Co. Dublin,Exempt vehicles,All years,Million,117
Kilometres Travelled,2022,Diesel,Co. Dublin,Other vehicles,All years,Million,49
Kilometres Travelled,2022,Diesel,Co. Kildare,Private cars,All years,Million,1204
Kilometres Travelled,2022,Diesel,Co. Kildare,Goods vehicles,All years,Million,447
Kilometres Travelled,2022,Diesel,Co. Kildare,Motor cycles,All years,Million,0
Kilometres Travelled,2022,Diesel,Co. Kildare,Tractors & Machinery,All years,Million,40
Kilometres Travelled,2022,Diesel,Co. Kildare,Small PSVs,All years,Million,19
Kilometres Travelled,2022,Diesel,Co. Kildare,Large PSVs,All years,Million,9
Kilometres Travelled,2022,Diesel,Co. Kildare,Exempt vehicles,All years,Million,10
Kilometres Travelled,2022,Diesel,Co. Kildare,Other vehicles,All years,Million,14
Kilometres Travelled,2022,Diesel,Co. Kilkenny,Private cars,All years,Million,608
Kilometres Travelled,2022,Diesel,Co. Kilkenny,Goods vehicles,All years,Million,211
Kilometres Travelled,2022,Diesel,Co. Kilkenny,Motor cycles,All years,Million,0
Kilometres Travelled,2022,Diesel,Co. Kilkenny,Tractors & Machinery,All years,Million,59
Kilometres Travelled,2022,Diesel,Co. Kilkenny,Small PSVs,All years,Million,6
Kilometres Travelled,2022,Diesel,Co. Kilkenny,Large PSVs,All years,Million,10
Kilometres Travelled,2022,Diesel,Co. Kilkenny,Exempt vehicles,All years,Million,7
Kilometres Travelled,2022,Diesel,Co. Kilkenny,Other vehicles,All years,Million,9
Kilometres Travelled,2022,Diesel,Co. Laois,Private cars,All years,Million,529
Kilometres Travelled,2022,Diesel,Co. Laois,Goods vehicles,All years,Million,160
Kilometres Travelled,2022,Diesel,Co. Laois,Motor cycles,All years,Million,0
Kilometres Travelled,2022,Diesel,Co. Laois,Tractors & Machinery,All years,Million,45
Kilometres Travelled,2022,Diesel,Co. Laois,Small PSVs,All years,Million,6
Kilometres Travelled,2022,Diesel,Co. Laois,Large PSVs,All years,Million,5
Kilometres Travelled,2022,Diesel,Co. Laois,Exempt vehicles,All years,Million,4
Kilometres Travelled,2022,Diesel,Co. Laois,Other vehicles,All years,Million,8
Kilometres Travelled,2022,Diesel,Co. Longford,Private cars,All years,Million,266
Kilometres Travelled,2022,Diesel,Co. Longford,Goods vehicles,All years,Million,106
Kilometres Travelled,2022,Diesel,Co. Longford,Motor cycles,All years,Million,0
Kilometres Travelled,2022,Diesel,Co. Longford,Tractors & Machinery,All years,Million,20
Kilometres Travelled,2022,Diesel,Co. Longford,Small PSVs,All years,Million,3
Kilometres Travelled,2022,Diesel,Co. Longford,Large PSVs,All years,Million,3
Kilometres Travelled,2022,Diesel,Co. Longford,Exempt vehicles,All years,Million,4
Kilometres Travelled,2022,Diesel,Co. Longford,Other vehicles,All years,Million,5
Kilometres Travelled,2022,Diesel,Co. Louth,Private cars,All years,Million,607
Kilometres Travelled,2022,Diesel,Co. Louth,Goods vehicles,All years,Million,208
Kilometres Travelled,2022,Diesel,Co. Louth,Motor cycles,All years,Million,0
Kilometres Travelled,2022,Diesel,Co. Louth,Tractors & Machinery,All years,Million,18
Kilometres Travelled,2022,Diesel,Co. Louth,Small PSVs,All years,Million,15
Kilometres Travelled,2022,Diesel,Co. Louth,Large PSVs,All years,Million,5
Kilometres Travelled,2022,Diesel,Co. Louth,Exempt vehicles,All years,Million,6
Kilometres Travelled,2022,Diesel,Co. Louth,Other vehicles,All years,Million,7
Kilometres Travelled,2022,Diesel,Co. Meath,Private cars,All years,Million,1140
Kilometres Travelled,2022,Diesel,Co. Meath,Goods vehicles,All years,Million,430
Kilometres Travelled,2022,Diesel,Co. Meath,Motor cycles,All years,Million,0
Kilometres Travelled,2022,Diesel,Co. Meath,Tractors & Machinery,All years,Million,50
Kilometres Travelled,2022,Diesel,Co. Meath,Small PSVs,All years,Million,26
Kilometres Travelled,2022,Diesel,Co. Meath,Large PSVs,All years,Million,10
Kilometres Travelled,2022,Diesel,Co. Meath,Exempt vehicles,All years,Million,7
Kilometres Travelled,2022,Diesel,Co. Meath,Other vehicles,All years,Million,15
Kilometres Travelled,2022,Diesel,Co. Offaly,Private cars,All years,Million,515
Kilometres Travelled,2022,Diesel,Co. Offaly,Goods vehicles,All years,Million,165
Kilometres Travelled,2022,Diesel,Co. Offaly,Motor cycles,All years,Million,0
Kilometres Travelled,2022,Diesel,Co. Offaly,Tractors & Machinery,All years,Million,41
Kilometres Travelled,2022,Diesel,Co. Offaly,Small PSVs,All years,Million,4
Kilometres Travelled,2022,Diesel,Co. Offaly,Large PSVs,All years,Million,6
Kilometres Travelled,2022,Diesel,Co. Offaly,Exempt vehicles,All years,Million,4
Kilometres Travelled,2022,Diesel,Co. Offaly,Other vehicles,All years,Million,9
Kilometres Travelled,2022,Diesel,Co. Westmeath,Private cars,All years,Million,598
Kilometres Travelled,2022,Diesel,Co. Westmeath,Goods vehicles,All years,Million,201
Kilometres Travelled,2022,Diesel,Co. Westmeath,Motor cycles,All years,Million,0
Kilometres Travelled,2022,Diesel,Co. Westmeath,Tractors & Machinery,All years,Million,33
Kilometres Travelled,2022,Diesel,Co. Westmeath,Small PSVs,All years,Million,8
Kilometres Travelled,2022,Diesel,Co. Westmeath,Large PSVs,All years,Million,4
Kilometres Travelled,2022,Diesel,Co. Westmeath,Exempt vehicles,All years,Million,4
Kilometres Travelled,2022,Diesel,Co. Westmeath,Other vehicles,All years,Million,8
Kilometres Travelled,2022,Diesel,Co. Wexford,Private cars,All years,Million,1031
Kilometres Travelled,2022,Diesel,Co. Wexford,Goods vehicles,All years,Million,372
Kilometres Travelled,2022,Diesel,Co. Wexford,Motor cycles,All years,Million,0
Kilometres Travelled,2022,Diesel,Co. Wexford,Tractors & Machinery,All years,Million,74
Kilometres Travelled,2022,Diesel,Co. Wexford,Small PSVs,All years,Million,7
Kilometres Travelled,2022,Diesel,Co. Wexford,Large PSVs,All years,Million,9
Kilometres Travelled,2022,Diesel,Co. Wexford,Exempt vehicles,All years,Million,8
Kilometres Travelled,2022,Diesel,Co. Wexford,Other vehicles,All years,Million,20
Kilometres Travelled,2022,Diesel,Co. Wicklow,Private cars,All years,Million,694
Kilometres Travelled,2022,Diesel,Co. Wicklow,Goods vehicles,All years,Million,228
Kilometres Travelled,2022,Diesel,Co. Wicklow,Motor cycles,All years,Million,0
Kilometres Travelled,2022,Diesel,Co. Wicklow,Tractors & Machinery,All years,Million,28
Kilometres Travelled,2022,Diesel,Co. Wicklow,Small PSVs,All years,Million,8
Kilometres Travelled,2022,Diesel,Co. Wicklow,Large PSVs,All years,Million,5
Kilometres Travelled,2022,Diesel,Co. Wicklow,Exempt vehicles,All years,Million,6
Kilometres Travelled,2022,Diesel,Co. Wicklow,Other vehicles,All years,Million,11
Kilometres Travelled,2022,Diesel,Co. Clare,Private cars,All years,Million,754
Kilometres Travelled,2022,Diesel,Co. Clare,Goods vehicles,All years,Million,222
Kilometres Travelled,2022,Diesel,Co. Clare,Motor cycles,All years,Million,0
Kilometres Travelled,2022,Diesel,Co. Clare,Tractors & Machinery,All years,Million,48
Kilometres Travelled,2022,Diesel,Co. Clare,Small PSVs,All years,Million,11
Kilometres Travelled,2022,Diesel,Co. Clare,Large PSVs,All years,Million,5
Kilometres Travelled,2022,Diesel,Co. Clare,Exempt vehicles,All years,Million,7
Kilometres Travelled,2022,Diesel,Co. Clare,Other vehicles,All years,Million,12
Kilometres Travelled,2022,Diesel,Co. Cork,Private cars,All years,Million,2701
Kilometres Travelled,2022,Diesel,Co. Cork,Goods vehicles,All years,Million,1019
Kilometres Travelled,2022,Diesel,Co. Cork,Motor cycles,All years,Million,0
Kilometres Travelled,2022,Diesel,Co. Cork,Tractors & Machinery,All years,Million,178
Kilometres Travelled,2022,Diesel,Co. Cork,Small PSVs,All years,Million,44
Kilometres Travelled,2022,Diesel,Co. Cork,Large PSVs,All years,Million,17
Kilometres Travelled,2022,Diesel,Co. Cork,Exempt vehicles,All years,Million,33
Kilometres Travelled,2022,Diesel,Co. Cork,Other vehicles,All years,Million,44
Kilometres Travelled,2022,Diesel,Co. Kerry,Private cars,All years,Million,904
Kilometres Travelled,2022,Diesel,Co. Kerry,Goods vehicles,All years,Million,291
Kilometres Travelled,2022,Diesel,Co. Kerry,Motor cycles,All years,Million,0
Kilometres Travelled,2022,Diesel,Co. Kerry,Tractors & Machinery,All years,Million,66
Kilometres Travelled,2022,Diesel,Co. Kerry,Small PSVs,All years,Million,14
Kilometres Travelled,2022,Diesel,Co. Kerry,Large PSVs,All years,Million,9
Kilometres Travelled,2022,Diesel,Co. Kerry,Exempt vehicles,All years,Million,8
Kilometres Travelled,2022,Diesel,Co. Kerry,Other vehicles,All years,Million,15
Kilometres Travelled,2022,Diesel,Co. Limerick,Private cars,All years,Million,1066
Kilometres Travelled,2022,Diesel,Co. Limerick,Goods vehicles,All years,Million,353
Kilometres Travelled,2022,Diesel,Co. Limerick,Motor cycles,All years,Million,0
Kilometres Travelled,2022,Diesel,Co. Limerick,Tractors & Machinery,All years,Million,59
Kilometres Travelled,2022,Diesel,Co. Limerick,Small PSVs,All years,Million,15
Kilometres Travelled,2022,Diesel,Co. Limerick,Large PSVs,All years,Million,7
Kilometres Travelled,2022,Diesel,Co. Limerick,Exempt vehicles,All years,Million,10
Kilometres Travelled,2022,Diesel,Co. Limerick,Other vehicles,All years,Million,14
Kilometres Travelled,2022,Diesel,Co. Tipperary,Private cars,All years,Million,1145
Kilometres Travelled,2022,Diesel,Co. Tipperary,Goods vehicles,All years,Million,357
Kilometres Travelled,2022,Diesel,Co. Tipperary,Motor cycles,All years,Million,0
Kilometres Travelled,2022,Diesel,Co. Tipperary,Tractors & Machinery,All years,Million,93
Kilometres Travelled,2022,Diesel,Co. Tipperary,Small PSVs,All years,Million,7
Kilometres Travelled,2022,Diesel,Co. Tipperary,Large PSVs,All years,Million,11
Kilometres Travelled,2022,Diesel,Co. Tipperary,Exempt vehicles,All years,Million,11
Kilometres Travelled,2022,Diesel,Co. Tipperary,Other vehicles,All years,Million,16
Kilometres Travelled,2022,Diesel,Co. Waterford,Private cars,All years,Million,621
Kilometres Travelled,2022,Diesel,Co. Waterford,Goods vehicles,All years,Million,184
Kilometres Travelled,2022,Diesel,Co. Waterford,Motor cycles,All years,Million,0
Kilometres Travelled,2022,Diesel,Co. Waterford,Tractors & Machinery,All years,Million,36
Kilometres Travelled,2022,Diesel,Co. Waterford,Small PSVs,All years,Million,8
Kilometres Travelled,2022,Diesel,Co. Waterford,Large PSVs,All years,Million,4
Kilometres Travelled,2022,Diesel,Co. Waterford,Exempt vehicles,All years,Million,6
Kilometres Travelled,2022,Diesel,Co. Waterford,Other vehicles,All years,Million,10
Kilometres Travelled,2022,Diesel,Co. Galway,Private cars,All years,Million,1503
Kilometres Travelled,2022,Diesel,Co. Galway,Goods vehicles,All years,Million,497
Kilometres Travelled,2022,Diesel,Co. Galway,Motor cycles,All years,Million,0
Kilometres Travelled,2022,Diesel,Co. Galway,Tractors & Machinery,All years,Million,82
Kilometres Travelled,2022,Diesel,Co. Galway,Small PSVs,All years,Million,26
Kilometres Travelled,2022,Diesel,Co. Galway,Large PSVs,All years,Million,18
Kilometres Travelled,2022,Diesel,Co. Galway,Exempt vehicles,All years,Million,30
Kilometres Travelled,2022,Diesel,Co. Galway,Other vehicles,All years,Million,30
Kilometres Travelled,2022,Diesel,Co. Leitrim,Private cars,All years,Million,224
Kilometres Travelled,2022,Diesel,Co. Leitrim,Goods vehicles,All years,Million,83
Kilometres Travelled,2022,Diesel,Co. Leitrim,Motor cycles,All years,Million,0
Kilometres Travelled,2022,Diesel,Co. Leitrim,Tractors & Machinery,All years,Million,16
Kilometres Travelled,2022,Diesel,Co. Leitrim,Small PSVs,All years,Million,2
Kilometres Travelled,2022,Diesel,Co. Leitrim,Large PSVs,All years,Million,3
Kilometres Travelled,2022,Diesel,Co. Leitrim,Exempt vehicles,All years,Million,3
Kilometres Travelled,2022,Diesel,Co. Leitrim,Other vehicles,All years,Million,4
Kilometres Travelled,2022,Diesel,Co. Mayo,Private cars,All years,Million,867
Kilometres Travelled,2022,Diesel,Co. Mayo,Goods vehicles,All years,Million,311
Kilometres Travelled,2022,Diesel,Co. Mayo,Motor cycles,All years,Million,0
Kilometres Travelled,2022,Diesel,Co. Mayo,Tractors & Machinery,All years,Million,74
Kilometres Travelled,2022,Diesel,Co. Mayo,Small PSVs,All years,Million,7
Kilometres Travelled,2022,Diesel,Co. Mayo,Large PSVs,All years,Million,10
Kilometres Travelled,2022,Diesel,Co. Mayo,Exempt vehicles,All years,Million,12
Kilometres Travelled,2022,Diesel,Co. Mayo,Other vehicles,All years,Million,15
Kilometres Travelled,2022,Diesel,Co. Roscommon,Private cars,All years,Million,474
Kilometres Travelled,2022,Diesel,Co. Roscommon,Goods vehicles,All years,Million,154
Kilometres Travelled,2022,Diesel,Co. Roscommon,Motor cycles,All years,Million,0
Kilometres Travelled,2022,Diesel,Co. Roscommon,Tractors & Machinery,All years,Million,38
Kilometres Travelled,2022,Diesel,Co. Roscommon,Small PSVs,All years,Million,4
Kilometres Travelled,2022,Diesel,Co. Roscommon,Large PSVs,All years,Million,3
Kilometres Travelled,2022,Diesel,Co. Roscommon,Exempt vehicles,All years,Million,6
Kilometres Travelled,2022,Diesel,Co. Roscommon,Other vehicles,All years,Million,9
Kilometres Travelled,2022,Diesel,Co. Sligo,Private cars,All years,Million,375
Kilometres Travelled,2022,Diesel,Co. Sligo,Goods vehicles,All years,Million,144
Kilometres Travelled,2022,Diesel,Co. Sligo,Motor cycles,All years,Million,0
Kilometres Travelled,2022,Diesel,Co. Sligo,Tractors & Machinery,All years,Million,25
Kilometres Travelled,2022,Diesel,Co. Sligo,Small PSVs,All years,Million,5
Kilometres Travelled,2022,Diesel,Co. Sligo,Large PSVs,All years,Million,3
Kilometres Travelled,2022,Diesel,Co. Sligo,Exempt vehicles,All years,Million,5
Kilometres Travelled,2022,Diesel,Co. Sligo,Other vehicles,All years,Million,8
Kilometres Travelled,2022,Diesel,Co. Cavan,Private cars,All years,Million,493
Kilometres Travelled,2022,Diesel,Co. Cavan,Goods vehicles,All years,Million,206
Kilometres Travelled,2022,Diesel,Co. Cavan,Motor cycles,All years,Million,0
Kilometres Travelled,2022,Diesel,Co. Cavan,Tractors & Machinery,All years,Million,43
Kilometres Travelled,2022,Diesel,Co. Cavan,Small PSVs,All years,Million,5
Kilometres Travelled,2022,Diesel,Co. Cavan,Large PSVs,All years,Million,5
Kilometres Travelled,2022,Diesel,Co. Cavan,Exempt vehicles,All years,Million,5
Kilometres Travelled,2022,Diesel,Co. Cavan,Other vehicles,All years,Million,7
Kilometres Travelled,2022,Diesel,Co. Donegal,Private cars,All years,Million,894
Kilometres Travelled,2022,Diesel,Co. Donegal,Goods vehicles,All years,Million,363
Kilometres Travelled,2022,Diesel,Co. Donegal,Motor cycles,All years,Million,0
Kilometres Travelled,2022,Diesel,Co. Donegal,Tractors & Machinery,All years,Million,55
Kilometres Travelled,2022,Diesel,Co. Donegal,Small PSVs,All years,Million,11
Kilometres Travelled,2022,Diesel,Co. Donegal,Large PSVs,All years,Million,15
Kilometres Travelled,2022,Diesel,Co. Donegal,Exempt vehicles,All years,Million,10
Kilometres Travelled,2022,Diesel,Co. Donegal,Other vehicles,All years,Million,17
Kilometres Travelled,2022,Diesel,Co. Monaghan,Private cars,All years,Million,402
Kilometres Travelled,2022,Diesel,Co. Monaghan,Goods vehicles,All years,Million,230
Kilometres Travelled,2022,Diesel,Co. Monaghan,Motor cycles,All years,Million,0
Kilometres Travelled,2022,Diesel,Co. Monaghan,Tractors & Machinery,All years,Million,28
Kilometres Travelled,2022,Diesel,Co. Monaghan,Small PSVs,All years,Million,2
Kilometres Travelled,2022,Diesel,Co. Monaghan,Large PSVs,All years,Million,8
Kilometres Travelled,2022,Diesel,Co. Monaghan,Exempt vehicles,All years,Million,3
Kilometres Travelled,2022,Diesel,Co. Monaghan,Other vehicles,All years,Million,6
Kilometres Travelled,2022,Other fuel types,Co. Carlow,Private cars,All years,Million,20
Kilometres Travelled,2022,Other fuel types,Co. Carlow,Goods vehicles,All years,Million,0
Kilometres Travelled,2022,Other fuel types,Co. Carlow,Motor cycles,All years,Million,0
Kilometres Travelled,2022,Other fuel types,Co. Carlow,Tractors & Machinery,All years,Million,0
Kilometres Travelled,2022,Other fuel types,Co. Carlow,Small PSVs,All years,Million,0
Kilometres Travelled,2022,Other fuel types,Co. Carlow,Large PSVs,All years,Million,0
Kilometres Travelled,2022,Other fuel types,Co. Carlow,Exempt vehicles,All years,Million,0
Kilometres Travelled,2022,Other fuel types,Co. Carlow,Other vehicles,All years,Million,0
Kilometres Travelled,2022,Other fuel types,Co. Dublin,Private cars,All years,Million,866
Kilometres Travelled,2022,Other fuel types,Co. Dublin,Goods vehicles,All years,Million,34
Kilometres Travelled,2022,Other fuel types,Co. Dublin,Motor cycles,All years,Million,0
Kilometres Travelled,2022,Other fuel types,Co. Dublin,Tractors & Machinery,All years,Million,0
Kilometres Travelled,2022,Other fuel types,Co. Dublin,Small PSVs,All years,Million,99
Kilometres Travelled,2022,Other fuel types,Co. Dublin,Large PSVs,All years,Million,10
Kilometres Travelled,2022,Other fuel types,Co. Dublin,Exempt vehicles,All years,Million,11
Kilometres Travelled,2022,Other fuel types,Co. Dublin,Other vehicles,All years,Million,0
Kilometres Travelled,2022,Other fuel types,Co. Kildare,Private cars,All years,Million,125
Kilometres Travelled,2022,Other fuel types,Co. Kildare,Goods vehicles,All years,Million,3
Kilometres Travelled,2022,Other fuel types,Co. Kildare,Motor cycles,All years,Million,0
Kilometres Travelled,2022,Other fuel types,Co. Kildare,Tractors & Machinery,All years,Million,0
Kilometres Travelled,2022,Other fuel types,Co. Kildare,Small PSVs,All years,Million,6
Kilometres Travelled,2022,Other fuel types,Co. Kildare,Large PSVs,All years,Million,0
Kilometres Travelled,2022,Other fuel types,Co. Kildare,Exempt vehicles,All years,Million,1
Kilometres Travelled,2022,Other fuel types,Co. Kildare,Other vehicles,All years,Million,0
Kilometres Travelled,2022,Other fuel types,Co. Kilkenny,Private cars,All years,Million,32
Kilometres Travelled,2022,Other fuel types,Co. Kilkenny,Goods vehicles,All years,Million,0
Kilometres Travelled,2022,Other fuel types,Co. Kilkenny,Motor cycles,All years,Million,0
Kilometres Travelled,2022,Other fuel types,Co. Kilkenny,Tractors & Machinery,All years,Million,0
Kilometres Travelled,2022,Other fuel types,Co. Kilkenny,Small PSVs,All years,Million,0
Kilometres Travelled,2022,Other fuel types,Co. Kilkenny,Large PSVs,All years,Million,0
Kilometres Travelled,2022,Other fuel types,Co. Kilkenny,Exempt vehicles,All years,Million,1
Kilometres Travelled,2022,Other fuel types,Co. Kilkenny,Other vehicles,All years,Million,0
Kilometres Travelled,2022,Other fuel types,Co. Laois,Private cars,All years,Million,26
Kilometres Travelled,2022,Other fuel types,Co. Laois,Goods vehicles,All years,Million,0
Kilometres Travelled,2022,Other fuel types,Co. Laois,Motor cycles,All years,Million,0
Kilometres Travelled,2022,Other fuel types,Co. Laois,Tractors & Machinery,All years,Million,0
Kilometres Travelled,2022,Other fuel types,Co. Laois,Small PSVs,All years,Million,1
Kilometres Travelled,2022,Other fuel types,Co. Laois,Large PSVs,All years,Million,0
Kilometres Travelled,2022,Other fuel types,Co. Laois,Exempt vehicles,All years,Million,0
Kilometres Travelled,2022,Other fuel types,Co. Laois,Other vehicles,All years,Million,0
Kilometres Travelled,2022,Other fuel types,Co. Longford,Private cars,All years,Million,12
Kilometres Travelled,2022,Other fuel types,Co. Longford,Goods vehicles,All years,Million,0
Kilometres Travelled,2022,Other fuel types,Co. Longford,Motor cycles,All years,Million,0
Kilometres Travelled,2022,Other fuel types,Co. Longford,Tractors & Machinery,All years,Million,0
Kilometres Travelled,2022,Other fuel types,Co. Longford,Small PSVs,All years,Million,0
Kilometres Travelled,2022,Other fuel types,Co. Longford,Large PSVs,All years,Million,0
Kilometres Travelled,2022,Other fuel types,Co. Longford,Exempt vehicles,All years,Million,0
Kilometres Travelled,2022,Other fuel types,Co. Longford,Other vehicles,All years,Million,0
Kilometres Travelled,2022,Other fuel types,Co. Louth,Private cars,All years,Million,49
Kilometres Travelled,2022,Other fuel types,Co. Louth,Goods vehicles,All years,Million,0
Kilometres Travelled,2022,Other fuel types,Co. Louth,Motor cycles,All years,Million,0
Kilometres Travelled,2022,Other fuel types,Co. Louth,Tractors & Machinery,All years,Million,0
Kilometres Travelled,2022,Other fuel types,Co. Louth,Small PSVs,All years,Million,4
Kilometres Travelled,2022,Other fuel types,Co. Louth,Large PSVs,All years,Million,0
Kilometres Travelled,2022,Other fuel types,Co. Louth,Exempt vehicles,All years,Million,1
Kilometres Travelled,2022,Other fuel types,Co. Louth,Other vehicles,All years,Million,0
Kilometres Travelled,2022,Other fuel types,Co. Meath,Private cars,All years,Million,101
Kilometres Travelled,2022,Other fuel types,Co. Meath,Goods vehicles,All years,Million,1
Kilometres Travelled,2022,Other fuel types,Co. Meath,Motor cycles,All years,Million,0
Kilometres Travelled,2022,Other fuel types,Co. Meath,Tractors & Machinery,All years,Million,0
Kilometres Travelled,2022,Other fuel types,Co. Meath,Small PSVs,All years,Million,6
Kilometres Travelled,2022,Other fuel types,Co. Meath,Large PSVs,All years,Million,0
Kilometres Travelled,2022,Other fuel types,Co. Meath,Exempt vehicles,All years,Million,1
Kilometres Travelled,2022,Other fuel types,Co. Meath,Other vehicles,All years,Million,0
Kilometres Travelled,2022,Other fuel types,Co. Offaly,Private cars,All years,Million,24
Kilometres Travelled,2022,Other fuel types,Co. Offaly,Goods vehicles,All years,Million,0
Kilometres Travelled,2022,Other fuel types,Co. Offaly,Motor cycles,All years,Million,0
Kilometres Travelled,2022,Other fuel types,Co. Offaly,Tractors & Machinery,All years,Million,0
Kilometres Travelled,2022,Other fuel types,Co. Offaly,Small PSVs,All years,Million,1
Kilometres Travelled,2022,Other fuel types,Co. Offaly,Large PSVs,All years,Million,0
Kilometres Travelled,2022,Other fuel types,Co. Offaly,Exempt vehicles,All years,Million,0
Kilometres Travelled,2022,Other fuel types,Co. Offaly,Other vehicles,All years,Million,0
Kilometres Travelled,2022,Other fuel types,Co. Westmeath,Private cars,All years,Million,34
Kilometres Travelled,2022,Other fuel types,Co. Westmeath,Goods vehicles,All years,Million,1
Kilometres Travelled,2022,Other fuel types,Co. Westmeath,Motor cycles,All years,Million,0
Kilometres Travelled,2022,Other fuel types,Co. Westmeath,Tractors & Machinery,All years,Million,0
Kilometres Travelled,2022,Other fuel types,Co. Westmeath,Small PSVs,All years,Million,1
Kilometres Travelled,2022,Other fuel types,Co. Westmeath,Large PSVs,All years,Million,0
Kilometres Travelled,2022,Other fuel types,Co. Westmeath,Exempt vehicles,All years,Million,1
Kilometres Travelled,2022,Other fuel types,Co. Westmeath,Other vehicles,All years,Million,0
Kilometres Travelled,2022,Other fuel types,Co. Wexford,Private cars,All years,Million,53
Kilometres Travelled,2022,Other fuel types,Co. Wexford,Goods vehicles,All years,Million,1
Kilometres Travelled,2022,Other fuel types,Co. Wexford,Motor cycles,All years,Million,0
Kilometres Travelled,2022,Other fuel types,Co. Wexford,Tractors & Machinery,All years,Million,0
Kilometres Travelled,2022,Other fuel types,Co. Wexford,Small PSVs,All years,Million,1
Kilometres Travelled,2022,Other fuel types,Co. Wexford,Large PSVs,All years,Million,0
Kilometres Travelled,2022,Other fuel types,Co. Wexford,Exempt vehicles,All years,Million,1
Kilometres Travelled,2022,Other fuel types,Co. Wexford,Other vehicles,All years,Million,0
Kilometres Travelled,2022,Other fuel types,Co. Wicklow,Private cars,All years,Million,78
Kilometres Travelled,2022,Other fuel types,Co. Wicklow,Goods vehicles,All years,Million,1
Kilometres Travelled,2022,Other fuel types,Co. Wicklow,Motor cycles,All years,Million,0
Kilometres Travelled,2022,Other fuel types,Co. Wicklow,Tractors & Machinery,All years,Million,0
Kilometres Travelled,2022,Other fuel types,Co. Wicklow,Small PSVs,All years,Million,2
Kilometres Travelled,2022,Other fuel types,Co. Wicklow,Large PSVs,All years,Million,0
Kilometres Travelled,2022,Other fuel types,Co. Wicklow,Exempt vehicles,All years,Million,1
Kilometres Travelled,2022,Other fuel types,Co. Wicklow,Other vehicles,All years,Million,0
Kilometres Travelled,2022,Other fuel types,Co. Clare,Private cars,All years,Million,44
Kilometres Travelled,2022,Other fuel types,Co. Clare,Goods vehicles,All years,Million,1
Kilometres Travelled,2022,Other fuel types,Co. Clare,Motor cycles,All years,Million,0
Kilometres Travelled,2022,Other fuel types,Co. Clare,Tractors & Machinery,All years,Million,0
Kilometres Travelled,2022,Other fuel types,Co. Clare,Small PSVs,All years,Million,1
Kilometres Travelled,2022,Other fuel types,Co. Clare,Large PSVs,All years,Million,0
Kilometres Travelled,2022,Other fuel types,Co. Clare,Exempt vehicles,All years,Million,2
Kilometres Travelled,2022,Other fuel types,Co. Clare,Other vehicles,All years,Million,0
Kilometres Travelled,2022,Other fuel types,Co. Cork,Private cars,All years,Million,244
Kilometres Travelled,2022,Other fuel types,Co. Cork,Goods vehicles,All years,Million,3
Kilometres Travelled,2022,Other fuel types,Co. Cork,Motor cycles,All years,Million,0
Kilometres Travelled,2022,Other fuel types,Co. Cork,Tractors & Machinery,All years,Million,0
Kilometres Travelled,2022,Other fuel types,Co. Cork,Small PSVs,All years,Million,5
Kilometres Travelled,2022,Other fuel types,Co. Cork,Large PSVs,All years,Million,0
Kilometres Travelled,2022,Other fuel types,Co. Cork,Exempt vehicles,All years,Million,7
Kilometres Travelled,2022,Other fuel types,Co. Cork,Other vehicles,All years,Million,0
Kilometres Travelled,2022,Other fuel types,Co. Kerry,Private cars,All years,Million,46
Kilometres Travelled,2022,Other fuel types,Co. Kerry,Goods vehicles,All years,Million,0
Kilometres Travelled,2022,Other fuel types,Co. Kerry,Motor cycles,All years,Million,0
Kilometres Travelled,2022,Other fuel types,Co. Kerry,Tractors & Machinery,All years,Million,0
Kilometres Travelled,2022,Other fuel types,Co. Kerry,Small PSVs,All years,Million,0
Kilometres Travelled,2022,Other fuel types,Co. Kerry,Large PSVs,All years,Million,0
Kilometres Travelled,2022,Other fuel types,Co. Kerry,Exempt vehicles,All years,Million,1
Kilometres Travelled,2022,Other fuel types,Co. Kerry,Other vehicles,All years,Million,0
Kilometres Travelled,2022,Other fuel types,Co. Limerick,Private cars,All years,Million,67
Kilometres Travelled,2022,Other fuel types,Co. Limerick,Goods vehicles,All years,Million,1
Kilometres Travelled,2022,Other fuel types,Co. Limerick,Motor cycles,All years,Million,0
Kilometres Travelled,2022,Other fuel types,Co. Limerick,Tractors & Machinery,All years,Million,0
Kilometres Travelled,2022,Other fuel types,Co. Limerick,Small PSVs,All years,Million,4
Kilometres Travelled,2022,Other fuel types,Co. Limerick,Large PSVs,All years,Million,0
Kilometres Travelled,2022,Other fuel types,Co. Limerick,Exempt vehicles,All years,Million,2
Kilometres Travelled,2022,Other fuel types,Co. Limerick,Other vehicles,All years,Million,0
Kilometres Travelled,2022,Other fuel types,Co. Tipperary,Private cars,All years,Million,51
Kilometres Travelled,2022,Other fuel types,Co. Tipperary,Goods vehicles,All years,Million,1
Kilometres Travelled,2022,Other fuel types,Co. Tipperary,Motor cycles,All years,Million,0
Kilometres Travelled,2022,Other fuel types,Co. Tipperary,Tractors & Machinery,All years,Million,0
Kilometres Travelled,2022,Other fuel types,Co. Tipperary,Small PSVs,All years,Million,0
Kilometres Travelled,2022,Other fuel types,Co. Tipperary,Large PSVs,All years,Million,0
Kilometres Travelled,2022,Other fuel types,Co. Tipperary,Exempt vehicles,All years,Million,1
Kilometres Travelled,2022,Other fuel types,Co. Tipperary,Other vehicles,All years,Million,0
Kilometres Travelled,2022,Other fuel types,Co. Waterford,Private cars,All years,Million,41
Kilometres Travelled,2022,Other fuel types,Co. Waterford,Goods vehicles,All years,Million,0
Kilometres Travelled,2022,Other fuel types,Co. Waterford,Motor cycles,All years,Million,0
Kilometres Travelled,2022,Other fuel types,Co. Waterford,Tractors & Machinery,All years,Million,0
Kilometres Travelled,2022,Other fuel types,Co. Waterford,Small PSVs,All years,Million,0
Kilometres Travelled,2022,Other fuel types,Co. Waterford,Large PSVs,All years,Million,0
Kilometres Travelled,2022,Other fuel types,Co. Waterford,Exempt vehicles,All years,Million,1
Kilometres Travelled,2022,Other fuel types,Co. Waterford,Other vehicles,All years,Million,0
Kilometres Travelled,2022,Other fuel types,Co. Galway,Private cars,All years,Million,109
Kilometres Travelled,2022,Other fuel types,Co. Galway,Goods vehicles,All years,Million,1
Kilometres Travelled,2022,Other fuel types,Co. Galway,Motor cycles,All years,Million,0
Kilometres Travelled,2022,Other fuel types,Co. Galway,Tractors & Machinery,All years,Million,0
Kilometres Travelled,2022,Other fuel types,Co. Galway,Small PSVs,All years,Million,3
Kilometres Travelled,2022,Other fuel types,Co. Galway,Large PSVs,All years,Million,1
Kilometres Travelled,2022,Other fuel types,Co. Galway,Exempt vehicles,All years,Million,4
Kilometres Travelled,2022,Other fuel types,Co. Galway,Other vehicles,All years,Million,0
Kilometres Travelled,2022,Other fuel types,Co. Leitrim,Private cars,All years,Million,8
Kilometres Travelled,2022,Other fuel types,Co. Leitrim,Goods vehicles,All years,Million,0
Kilometres Travelled,2022,Other fuel types,Co. Leitrim,Motor cycles,All years,Million,0
Kilometres Travelled,2022,Other fuel types,Co. Leitrim,Tractors & Machinery,All years,Million,0
Kilometres Travelled,2022,Other fuel types,Co. Leitrim,Small PSVs,All years,Million,0
Kilometres Travelled,2022,Other fuel types,Co. Leitrim,Large PSVs,All years,Million,0
Kilometres Travelled,2022,Other fuel types,Co. Leitrim,Exempt vehicles,All years,Million,0
Kilometres Travelled,2022,Other fuel types,Co. Leitrim,Other vehicles,All years,Million,0
Kilometres Travelled,2022,Other fuel types,Co. Mayo,Private cars,All years,Million,36
Kilometres Travelled,2022,Other fuel types,Co. Mayo,Goods vehicles,All years,Million,1
Kilometres Travelled,2022,Other fuel types,Co. Mayo,Motor cycles,All years,Million,0
Kilometres Travelled,2022,Other fuel types,Co. Mayo,Tractors & Machinery,All years,Million,0
Kilometres Travelled,2022,Other fuel types,Co. Mayo,Small PSVs,All years,Million,0
Kilometres Travelled,2022,Other fuel types,Co. Mayo,Large PSVs,All years,Million,0
Kilometres Travelled,2022,Other fuel types,Co. Mayo,Exempt vehicles,All years,Million,2
Kilometres Travelled,2022,Other fuel types,Co. Mayo,Other vehicles,All years,Million,0
Kilometres Travelled,2022,Other fuel types,Co. Roscommon,Private cars,All years,Million,21
Kilometres Travelled,2022,Other fuel types,Co. Roscommon,Goods vehicles,All years,Million,0
Kilometres Travelled,2022,Other fuel types,Co. Roscommon,Motor cycles,All years,Million,0
Kilometres Travelled,2022,Other fuel types,Co. Roscommon,Tractors & Machinery,All years,Million,0
Kilometres Travelled,2022,Other fuel types,Co. Roscommon,Small PSVs,All years,Million,0
Kilometres Travelled,2022,Other fuel types,Co. Roscommon,Large PSVs,All years,Million,0
Kilometres Travelled,2022,Other fuel types,Co. Roscommon,Exempt vehicles,All years,Million,1
Kilometres Travelled,2022,Other fuel types,Co. Roscommon,Other vehicles,All years,Million,0
Kilometres Travelled,2022,Other fuel types,Co. Sligo,Private cars,All years,Million,21
Kilometres Travelled,2022,Other fuel types,Co. Sligo,Goods vehicles,All years,Million,0
Kilometres Travelled,2022,Other fuel types,Co. Sligo,Motor cycles,All years,Million,0
Kilometres Travelled,2022,Other fuel types,Co. Sligo,Tractors & Machinery,All years,Million,0
Kilometres Travelled,2022,Other fuel types,Co. Sligo,Small PSVs,All years,Million,0
Kilometres Travelled,2022,Other fuel types,Co. Sligo,Large PSVs,All years,Million,0
Kilometres Travelled,2022,Other fuel types,Co. Sligo,Exempt vehicles,All years,Million,1
Kilometres Travelled,2022,Other fuel types,Co. Sligo,Other vehicles,All years,Million,0
Kilometres Travelled,2022,Other fuel types,Co. Cavan,Private cars,All years,Million,23
Kilometres Travelled,2022,Other fuel types,Co. Cavan,Goods vehicles,All years,Million,1
Kilometres Travelled,2022,Other fuel types,Co. Cavan,Motor cycles,All years,Million,0
Kilometres Travelled,2022,Other fuel types,Co. Cavan,Tractors & Machinery,All years,Million,0
Kilometres Travelled,2022,Other fuel types,Co. Cavan,Small PSVs,All years,Million,0
Kilometres Travelled,2022,Other fuel types,Co. Cavan,Large PSVs,All years,Million,0
Kilometres Travelled,2022,Other fuel types,Co. Cavan,Exempt vehicles,All years,Million,1
Kilometres Travelled,2022,Other fuel types,Co. Cavan,Other vehicles,All years,Million,0
Kilometres Travelled,2022,Other fuel types,Co. Donegal,Private cars,All years,Million,44
Kilometres Travelled,2022,Other fuel types,Co. Donegal,Goods vehicles,All years,Million,0
Kilometres Travelled,2022,Other fuel types,Co. Donegal,Motor cycles,All years,Million,0
Kilometres Travelled,2022,Other fuel types,Co. Donegal,Tractors & Machinery,All years,Million,0
Kilometres Travelled,2022,Other fuel types,Co. Donegal,Small PSVs,All years,Million,0
Kilometres Travelled,2022,Other fuel types,Co. Donegal,Large PSVs,All years,Million,0
Kilometres Travelled,2022,Other fuel types,Co. Donegal,Exempt vehicles,All years,Million,2
Kilometres Travelled,2022,Other fuel types,Co. Donegal,Other vehicles,All years,Million,0
Kilometres Travelled,2022,Other fuel types,Co. Monaghan,Private cars,All years,Million,13
Kilometres Travelled,2022,Other fuel types,Co. Monaghan,Goods vehicles,All years,Million,0
Kilometres Travelled,2022,Other fuel types,Co. Monaghan,Motor cycles,All years,Million,0
Kilometres Travelled,2022,Other fuel types,Co. Monaghan,Tractors & Machinery,All years,Million,0
Kilometres Travelled,2022,Other fuel types,Co. Monaghan,Small PSVs,All years,Million,0
Kilometres Travelled,2022,Other fuel types,Co. Monaghan,Large PSVs,All years,Million,0
Kilometres Travelled,2022,Other fuel types,Co. Monaghan,Exempt vehicles,All years,Million,0
Kilometres Travelled,2022,Other fuel types,Co. Monaghan,Other vehicles,All years,Million,0
Kilometres Travelled,2023,Petrol,Co. Carlow,Private cars,All years,Million,106
Kilometres Travelled,2023,Petrol,Co. Carlow,Goods vehicles,All years,Million,0
Kilometres Travelled,2023,Petrol,Co. Carlow,Motor cycles,All years,Million,2
Kilometres Travelled,2023,Petrol,Co. Carlow,Tractors & Machinery,All years,Million,0
Kilometres Travelled,2023,Petrol,Co. Carlow,Small PSVs,All years,Million,0
Kilometres Travelled,2023,Petrol,Co. Carlow,Large PSVs,All years,Million,0
Kilometres Travelled,2023,Petrol,Co. Carlow,Exempt vehicles,All years,Million,0
Kilometres Travelled,2023,Petrol,Co. Carlow,Other vehicles,All years,Million,2
Kilometres Travelled,2023,Petrol,Co. Dublin,Private cars,All years,Million,2482
Kilometres Travelled,2023,Petrol,Co. Dublin,Goods vehicles,All years,Million,6
Kilometres Travelled,2023,Petrol,Co. Dublin,Motor cycles,All years,Million,35
Kilometres Travelled,2023,Petrol,Co. Dublin,Tractors & Machinery,All years,Million,0
Kilometres Travelled,2023,Petrol,Co. Dublin,Small PSVs,All years,Million,10
Kilometres Travelled,2023,Petrol,Co. Dublin,Large PSVs,All years,Million,0
Kilometres Travelled,2023,Petrol,Co. Dublin,Exempt vehicles,All years,Million,19
Kilometres Travelled,2023,Petrol,Co. Dublin,Other vehicles,All years,Million,18
Kilometres Travelled,2023,Petrol,Co. Kildare,Private cars,All years,Million,485
Kilometres Travelled,2023,Petrol,Co. Kildare,Goods vehicles,All years,Million,1
Kilometres Travelled,2023,Petrol,Co. Kildare,Motor cycles,All years,Million,7
Kilometres Travelled,2023,Petrol,Co. Kildare,Tractors & Machinery,All years,Million,0
Kilometres Travelled,2023,Petrol,Co. Kildare,Small PSVs,All years,Million,0
Kilometres Travelled,2023,Petrol,Co. Kildare,Large PSVs,All years,Million,0
Kilometres Travelled,2023,Petrol,Co. Kildare,Exempt vehicles,All years,Million,2
Kilometres Travelled,2023,Petrol,Co. Kildare,Other vehicles,All years,Million,6
Kilometres Travelled,2023,Petrol,Co. Kilkenny,Private cars,All years,Million,175
Kilometres Travelled,2023,Petrol,Co. Kilkenny,Goods vehicles,All years,Million,0
Kilometres Travelled,2023,Petrol,Co. Kilkenny,Motor cycles,All years,Million,3
Kilometres Travelled,2023,Petrol,Co. Kilkenny,Tractors & Machinery,All years,Million,0
Kilometres Travelled,2023,Petrol,Co. Kilkenny,Small PSVs,All years,Million,0
Kilometres Travelled,2023,Petrol,Co. Kilkenny,Large PSVs,All years,Million,0
Kilometres Travelled,2023,Petrol,Co. Kilkenny,Exempt vehicles,All years,Million,1
Kilometres Travelled,2023,Petrol,Co. Kilkenny,Other vehicles,All years,Million,3
Kilometres Travelled,2023,Petrol,Co. Laois,Private cars,All years,Million,127
Kilometres Travelled,2023,Petrol,Co. Laois,Goods vehicles,All years,Million,0
Kilometres Travelled,2023,Petrol,Co. Laois,Motor cycles,All years,Million,2
Kilometres Travelled,2023,Petrol,Co. Laois,Tractors & Machinery,All years,Million,0
Kilometres Travelled,2023,Petrol,Co. Laois,Small PSVs,All years,Million,0
Kilometres Travelled,2023,Petrol,Co. Laois,Large PSVs,All years,Million,0
Kilometres Travelled,2023,Petrol,Co. Laois,Exempt vehicles,All years,Million,1
Kilometres Travelled,2023,Petrol,Co. Laois,Other vehicles,All years,Million,2
Kilometres Travelled,2023,Petrol,Co. Longford,Private cars,All years,Million,57
Kilometres Travelled,2023,Petrol,Co. Longford,Goods vehicles,All years,Million,0
Kilometres Travelled,2023,Petrol,Co. Longford,Motor cycles,All years,Million,1
Kilometres Travelled,2023,Petrol,Co. Longford,Tractors & Machinery,All years,Million,0
Kilometres Travelled,2023,Petrol,Co. Longford,Small PSVs,All years,Million,0
Kilometres Travelled,2023,Petrol,Co. Longford,Large PSVs,All years,Million,0
Kilometres Travelled,2023,Petrol,Co. Longford,Exempt vehicles,All years,Million,0
Kilometres Travelled,2023,Petrol,Co. Longford,Other vehicles,All years,Million,1
Kilometres Travelled,2023,Petrol,Co. Louth,Private cars,All years,Million,230
Kilometres Travelled,2023,Petrol,Co. Louth,Goods vehicles,All years,Million,0
Kilometres Travelled,2023,Petrol,Co. Louth,Motor cycles,All years,Million,3
Kilometres Travelled,2023,Petrol,Co. Louth,Tractors & Machinery,All years,Million,0
Kilometres Travelled,2023,Petrol,Co. Louth,Small PSVs,All years,Million,0
Kilometres Travelled,2023,Petrol,Co. Louth,Large PSVs,All years,Million,0
Kilometres Travelled,2023,Petrol,Co. Louth,Exempt vehicles,All years,Million,2
Kilometres Travelled,2023,Petrol,Co. Louth,Other vehicles,All years,Million,2
Kilometres Travelled,2023,Petrol,Co. Meath,Private cars,All years,Million,381
Kilometres Travelled,2023,Petrol,Co. Meath,Goods vehicles,All years,Million,1
Kilometres Travelled,2023,Petrol,Co. Meath,Motor cycles,All years,Million,6
Kilometres Travelled,2023,Petrol,Co. Meath,Tractors & Machinery,All years,Million,0
Kilometres Travelled,2023,Petrol,Co. Meath,Small PSVs,All years,Million,1
Kilometres Travelled,2023,Petrol,Co. Meath,Large PSVs,All years,Million,0
Kilometres Travelled,2023,Petrol,Co. Meath,Exempt vehicles,All years,Million,2
Kilometres Travelled,2023,Petrol,Co. Meath,Other vehicles,All years,Million,4
Kilometres Travelled,2023,Petrol,Co. Offaly,Private cars,All years,Million,119
Kilometres Travelled,2023,Petrol,Co. Offaly,Goods vehicles,All years,Million,0
Kilometres Travelled,2023,Petrol,Co. Offaly,Motor cycles,All years,Million,2
Kilometres Travelled,2023,Petrol,Co. Offaly,Tractors & Machinery,All years,Million,0
Kilometres Travelled,2023,Petrol,Co. Offaly,Small PSVs,All years,Million,0
Kilometres Travelled,2023,Petrol,Co. Offaly,Large PSVs,All years,Million,0
Kilometres Travelled,2023,Petrol,Co. Offaly,Exempt vehicles,All years,Million,1
Kilometres Travelled,2023,Petrol,Co. Offaly,Other vehicles,All years,Million,2
Kilometres Travelled,2023,Petrol,Co. Westmeath,Private cars,All years,Million,140
Kilometres Travelled,2023,Petrol,Co. Westmeath,Goods vehicles,All years,Million,0
Kilometres Travelled,2023,Petrol,Co. Westmeath,Motor cycles,All years,Million,2
Kilometres Travelled,2023,Petrol,Co. Westmeath,Tractors & Machinery,All years,Million,0
Kilometres Travelled,2023,Petrol,Co. Westmeath,Small PSVs,All years,Million,0
Kilometres Travelled,2023,Petrol,Co. Westmeath,Large PSVs,All years,Million,0
Kilometres Travelled,2023,Petrol,Co. Westmeath,Exempt vehicles,All years,Million,1
Kilometres Travelled,2023,Petrol,Co. Westmeath,Other vehicles,All years,Million,2
Kilometres Travelled,2023,Petrol,Co. Wexford,Private cars,All years,Million,299
Kilometres Travelled,2023,Petrol,Co. Wexford,Goods vehicles,All years,Million,1
Kilometres Travelled,2023,Petrol,Co. Wexford,Motor cycles,All years,Million,5
Kilometres Travelled,2023,Petrol,Co. Wexford,Tractors & Machinery,All years,Million,0
Kilometres Travelled,2023,Petrol,Co. Wexford,Small PSVs,All years,Million,0
Kilometres Travelled,2023,Petrol,Co. Wexford,Large PSVs,All years,Million,0
Kilometres Travelled,2023,Petrol,Co. Wexford,Exempt vehicles,All years,Million,2
Kilometres Travelled,2023,Petrol,Co. Wexford,Other vehicles,All years,Million,4
Kilometres Travelled,2023,Petrol,Co. Wicklow,Private cars,All years,Million,326
Kilometres Travelled,2023,Petrol,Co. Wicklow,Goods vehicles,All years,Million,1
Kilometres Travelled,2023,Petrol,Co. Wicklow,Motor cycles,All years,Million,5
Kilometres Travelled,2023,Petrol,Co. Wicklow,Tractors & Machinery,All years,Million,0
Kilometres Travelled,2023,Petrol,Co. Wicklow,Small PSVs,All years,Million,0
Kilometres Travelled,2023,Petrol,Co. Wicklow,Large PSVs,All years,Million,0
Kilometres Travelled,2023,Petrol,Co. Wicklow,Exempt vehicles,All years,Million,2
Kilometres Travelled,2023,Petrol,Co. Wicklow,Other vehicles,All years,Million,5
Kilometres Travelled,2023,Petrol,Co. Clare,Private cars,All years,Million,244
Kilometres Travelled,2023,Petrol,Co. Clare,Goods vehicles,All years,Million,0
Kilometres Travelled,2023,Petrol,Co. Clare,Motor cycles,All years,Million,3
Kilometres Travelled,2023,Petrol,Co. Clare,Tractors & Machinery,All years,Million,0
Kilometres Travelled,2023,Petrol,Co. Clare,Small PSVs,All years,Million,0
Kilometres Travelled,2023,Petrol,Co. Clare,Large PSVs,All years,Million,0
Kilometres Travelled,2023,Petrol,Co. Clare,Exempt vehicles,All years,Million,2
Kilometres Travelled,2023,Petrol,Co. Clare,Other vehicles,All years,Million,3
Kilometres Travelled,2023,Petrol,Co. Cork,Private cars,All years,Million,1198
Kilometres Travelled,2023,Petrol,Co. Cork,Goods vehicles,All years,Million,2
Kilometres Travelled,2023,Petrol,Co. Cork,Motor cycles,All years,Million,17
Kilometres Travelled,2023,Petrol,Co. Cork,Tractors & Machinery,All years,Million,1
Kilometres Travelled,2023,Petrol,Co. Cork,Small PSVs,All years,Million,2
Kilometres Travelled,2023,Petrol,Co. Cork,Large PSVs,All years,Million,0
Kilometres Travelled,2023,Petrol,Co. Cork,Exempt vehicles,All years,Million,9
Kilometres Travelled,2023,Petrol,Co. Cork,Other vehicles,All years,Million,14
Kilometres Travelled,2023,Petrol,Co. Kerry,Private cars,All years,Million,302
Kilometres Travelled,2023,Petrol,Co. Kerry,Goods vehicles,All years,Million,1
Kilometres Travelled,2023,Petrol,Co. Kerry,Motor cycles,All years,Million,4
Kilometres Travelled,2023,Petrol,Co. Kerry,Tractors & Machinery,All years,Million,0
Kilometres Travelled,2023,Petrol,Co. Kerry,Small PSVs,All years,Million,0
Kilometres Travelled,2023,Petrol,Co. Kerry,Large PSVs,All years,Million,0
Kilometres Travelled,2023,Petrol,Co. Kerry,Exempt vehicles,All years,Million,2
Kilometres Travelled,2023,Petrol,Co. Kerry,Other vehicles,All years,Million,4
Kilometres Travelled,2023,Petrol,Co. Limerick,Private cars,All years,Million,381
Kilometres Travelled,2023,Petrol,Co. Limerick,Goods vehicles,All years,Million,0
Kilometres Travelled,2023,Petrol,Co. Limerick,Motor cycles,All years,Million,5
Kilometres Travelled,2023,Petrol,Co. Limerick,Tractors & Machinery,All years,Million,0
Kilometres Travelled,2023,Petrol,Co. Limerick,Small PSVs,All years,Million,1
Kilometres Travelled,2023,Petrol,Co. Limerick,Large PSVs,All years,Million,0
Kilometres Travelled,2023,Petrol,Co. Limerick,Exempt vehicles,All years,Million,3
Kilometres Travelled,2023,Petrol,Co. Limerick,Other vehicles,All years,Million,4
Kilometres Travelled,2023,Petrol,Co. Tipperary,Private cars,All years,Million,293
Kilometres Travelled,2023,Petrol,Co. Tipperary,Goods vehicles,All years,Million,0
Kilometres Travelled,2023,Petrol,Co. Tipperary,Motor cycles,All years,Million,5
Kilometres Travelled,2023,Petrol,Co. Tipperary,Tractors & Machinery,All years,Million,0
Kilometres Travelled,2023,Petrol,Co. Tipperary,Small PSVs,All years,Million,0
Kilometres Travelled,2023,Petrol,Co. Tipperary,Large PSVs,All years,Million,0
Kilometres Travelled,2023,Petrol,Co. Tipperary,Exempt vehicles,All years,Million,2
Kilometres Travelled,2023,Petrol,Co. Tipperary,Other vehicles,All years,Million,4
Kilometres Travelled,2023,Petrol,Co. Waterford,Private cars,All years,Million,285
Kilometres Travelled,2023,Petrol,Co. Waterford,Goods vehicles,All years,Million,0
Kilometres Travelled,2023,Petrol,Co. Waterford,Motor cycles,All years,Million,4
Kilometres Travelled,2023,Petrol,Co. Waterford,Tractors & Machinery,All years,Million,0
Kilometres Travelled,2023,Petrol,Co. Waterford,Small PSVs,All years,Million,0
Kilometres Travelled,2023,Petrol,Co. Waterford,Large PSVs,All years,Million,0
Kilometres Travelled,2023,Petrol,Co. Waterford,Exempt vehicles,All years,Million,1
Kilometres Travelled,2023,Petrol,Co. Waterford,Other vehicles,All years,Million,3
Kilometres Travelled,2023,Petrol,Co. Galway,Private cars,All years,Million,453
Kilometres Travelled,2023,Petrol,Co. Galway,Goods vehicles,All years,Million,1
Kilometres Travelled,2023,Petrol,Co. Galway,Motor cycles,All years,Million,5
Kilometres Travelled,2023,Petrol,Co. Galway,Tractors & Machinery,All years,Million,1
Kilometres Travelled,2023,Petrol,Co. Galway,Small PSVs,All years,Million,1
Kilometres Travelled,2023,Petrol,Co. Galway,Large PSVs,All years,Million,0
Kilometres Travelled,2023,Petrol,Co. Galway,Exempt vehicles,All years,Million,5
Kilometres Travelled,2023,Petrol,Co. Galway,Other vehicles,All years,Million,5
Kilometres Travelled,2023,Petrol,Co. Leitrim,Private cars,All years,Million,53
Kilometres Travelled,2023,Petrol,Co. Leitrim,Goods vehicles,All years,Million,0
Kilometres Travelled,2023,Petrol,Co. Leitrim,Motor cycles,All years,Million,1
Kilometres Travelled,2023,Petrol,Co. Leitrim,Tractors & Machinery,All years,Million,0
Kilometres Travelled,2023,Petrol,Co. Leitrim,Small PSVs,All years,Million,0
Kilometres Travelled,2023,Petrol,Co. Leitrim,Large PSVs,All years,Million,0
Kilometres Travelled,2023,Petrol,Co. Leitrim,Exempt vehicles,All years,Million,1
Kilometres Travelled,2023,Petrol,Co. Leitrim,Other vehicles,All years,Million,1
Kilometres Travelled,2023,Petrol,Co. Mayo,Private cars,All years,Million,210
Kilometres Travelled,2023,Petrol,Co. Mayo,Goods vehicles,All years,Million,0
Kilometres Travelled,2023,Petrol,Co. Mayo,Motor cycles,All years,Million,2
Kilometres Travelled,2023,Petrol,Co. Mayo,Tractors & Machinery,All years,Million,0
Kilometres Travelled,2023,Petrol,Co. Mayo,Small PSVs,All years,Million,0
Kilometres Travelled,2023,Petrol,Co. Mayo,Large PSVs,All years,Million,0
Kilometres Travelled,2023,Petrol,Co. Mayo,Exempt vehicles,All years,Million,2
Kilometres Travelled,2023,Petrol,Co. Mayo,Other vehicles,All years,Million,2
Kilometres Travelled,2023,Petrol,Co. Roscommon,Private cars,All years,Million,183
Kilometres Travelled,2023,Petrol,Co. Roscommon,Goods vehicles,All years,Million,0
Kilometres Travelled,2023,Petrol,Co. Roscommon,Motor cycles,All years,Million,1
Kilometres Travelled,2023,Petrol,Co. Roscommon,Tractors & Machinery,All years,Million,0
Kilometres Travelled,2023,Petrol,Co. Roscommon,Small PSVs,All years,Million,0
Kilometres Travelled,2023,Petrol,Co. Roscommon,Large PSVs,All years,Million,0
Kilometres Travelled,2023,Petrol,Co. Roscommon,Exempt vehicles,All years,Million,1
Kilometres Travelled,2023,Petrol,Co. Roscommon,Other vehicles,All years,Million,1
Kilometres Travelled,2023,Petrol,Co. Sligo,Private cars,All years,Million,116
Kilometres Travelled,2023,Petrol,Co. Sligo,Goods vehicles,All years,Million,0
Kilometres Travelled,2023,Petrol,Co. Sligo,Motor cycles,All years,Million,1
Kilometres Travelled,2023,Petrol,Co. Sligo,Tractors & Machinery,All years,Million,0
Kilometres Travelled,2023,Petrol,Co. Sligo,Small PSVs,All years,Million,0
Kilometres Travelled,2023,Petrol,Co. Sligo,Large PSVs,All years,Million,0
Kilometres Travelled,2023,Petrol,Co. Sligo,Exempt vehicles,All years,Million,1
Kilometres Travelled,2023,Petrol,Co. Sligo,Other vehicles,All years,Million,1
Kilometres Travelled,2023,Petrol,Co. Cavan,Private cars,All years,Million,107
Kilometres Travelled,2023,Petrol,Co. Cavan,Goods vehicles,All years,Million,0
Kilometres Travelled,2023,Petrol,Co. Cavan,Motor cycles,All years,Million,2
Kilometres Travelled,2023,Petrol,Co. Cavan,Tractors & Machinery,All years,Million,0
Kilometres Travelled,2023,Petrol,Co. Cavan,Small PSVs,All years,Million,0
Kilometres Travelled,2023,Petrol,Co. Cavan,Large PSVs,All years,Million,0
Kilometres Travelled,2023,Petrol,Co. Cavan,Exempt vehicles,All years,Million,1
Kilometres Travelled,2023,Petrol,Co. Cavan,Other vehicles,All years,Million,2
Kilometres Travelled,2023,Petrol,Co. Donegal,Private cars,All years,Million,238
Kilometres Travelled,2023,Petrol,Co. Donegal,Goods vehicles,All years,Million,1
Kilometres Travelled,2023,Petrol,Co. Donegal,Motor cycles,All years,Million,2
Kilometres Travelled,2023,Petrol,Co. Donegal,Tractors & Machinery,All years,Million,0
Kilometres Travelled,2023,Petrol,Co. Donegal,Small PSVs,All years,Million,0
Kilometres Travelled,2023,Petrol,Co. Donegal,Large PSVs,All years,Million,0
Kilometres Travelled,2023,Petrol,Co. Donegal,Exempt vehicles,All years,Million,2
Kilometres Travelled,2023,Petrol,Co. Donegal,Other vehicles,All years,Million,4
Kilometres Travelled,2023,Petrol,Co. Monaghan,Private cars,All years,Million,79
Kilometres Travelled,2023,Petrol,Co. Monaghan,Goods vehicles,All years,Million,0
Kilometres Travelled,2023,Petrol,Co. Monaghan,Motor cycles,All years,Million,1
Kilometres Travelled,2023,Petrol,Co. Monaghan,Tractors & Machinery,All years,Million,0
Kilometres Travelled,2023,Petrol,Co. Monaghan,Small PSVs,All years,Million,0
Kilometres Travelled,2023,Petrol,Co. Monaghan,Large PSVs,All years,Million,0
Kilometres Travelled,2023,Petrol,Co. Monaghan,Exempt vehicles,All years,Million,0
Kilometres Travelled,2023,Petrol,Co. Monaghan,Other vehicles,All years,Million,1
Kilometres Travelled,2023,Diesel,Co. Carlow,Private cars,All years,Million,387
Kilometres Travelled,2023,Diesel,Co. Carlow,Goods vehicles,All years,Million,137
Kilometres Travelled,2023,Diesel,Co. Carlow,Motor cycles,All years,Million,0
Kilometres Travelled,2023,Diesel,Co. Carlow,Tractors & Machinery,All years,Million,27
Kilometres Travelled,2023,Diesel,Co. Carlow,Small PSVs,All years,Million,4
Kilometres Travelled,2023,Diesel,Co. Carlow,Large PSVs,All years,Million,3
Kilometres Travelled,2023,Diesel,Co. Carlow,Exempt vehicles,All years,Million,3
Kilometres Travelled,2023,Diesel,Co. Carlow,Other vehicles,All years,Million,8
Kilometres Travelled,2023,Diesel,Co. Dublin,Private cars,All years,Million,3438
Kilometres Travelled,2023,Diesel,Co. Dublin,Goods vehicles,All years,Million,2202
Kilometres Travelled,2023,Diesel,Co. Dublin,Motor cycles,All years,Million,0
Kilometres Travelled,2023,Diesel,Co. Dublin,Tractors & Machinery,All years,Million,27
Kilometres Travelled,2023,Diesel,Co. Dublin,Small PSVs,All years,Million,214
Kilometres Travelled,2023,Diesel,Co. Dublin,Large PSVs,All years,Million,150
Kilometres Travelled,2023,Diesel,Co. Dublin,Exempt vehicles,All years,Million,110
Kilometres Travelled,2023,Diesel,Co. Dublin,Other vehicles,All years,Million,47
Kilometres Travelled,2023,Diesel,Co. Kildare,Private cars,All years,Million,1174
Kilometres Travelled,2023,Diesel,Co. Kildare,Goods vehicles,All years,Million,428
Kilometres Travelled,2023,Diesel,Co. Kildare,Motor cycles,All years,Million,0
Kilometres Travelled,2023,Diesel,Co. Kildare,Tractors & Machinery,All years,Million,40
Kilometres Travelled,2023,Diesel,Co. Kildare,Small PSVs,All years,Million,20
Kilometres Travelled,2023,Diesel,Co. Kildare,Large PSVs,All years,Million,13
Kilometres Travelled,2023,Diesel,Co. Kildare,Exempt vehicles,All years,Million,10
Kilometres Travelled,2023,Diesel,Co. Kildare,Other vehicles,All years,Million,14
Kilometres Travelled,2023,Diesel,Co. Kilkenny,Private cars,All years,Million,596
Kilometres Travelled,2023,Diesel,Co. Kilkenny,Goods vehicles,All years,Million,199
Kilometres Travelled,2023,Diesel,Co. Kilkenny,Motor cycles,All years,Million,0
Kilometres Travelled,2023,Diesel,Co. Kilkenny,Tractors & Machinery,All years,Million,58
Kilometres Travelled,2023,Diesel,Co. Kilkenny,Small PSVs,All years,Million,7
Kilometres Travelled,2023,Diesel,Co. Kilkenny,Large PSVs,All years,Million,13
Kilometres Travelled,2023,Diesel,Co. Kilkenny,Exempt vehicles,All years,Million,6
Kilometres Travelled,2023,Diesel,Co. Kilkenny,Other vehicles,All years,Million,8
Kilometres Travelled,2023,Diesel,Co. Laois,Private cars,All years,Million,522
Kilometres Travelled,2023,Diesel,Co. Laois,Goods vehicles,All years,Million,144
Kilometres Travelled,2023,Diesel,Co. Laois,Motor cycles,All years,Million,0
Kilometres Travelled,2023,Diesel,Co. Laois,Tractors & Machinery,All years,Million,44
Kilometres Travelled,2023,Diesel,Co. Laois,Small PSVs,All years,Million,5
Kilometres Travelled,2023,Diesel,Co. Laois,Large PSVs,All years,Million,7
Kilometres Travelled,2023,Diesel,Co. Laois,Exempt vehicles,All years,Million,4
Kilometres Travelled,2023,Diesel,Co. Laois,Other vehicles,All years,Million,7
Kilometres Travelled,2023,Diesel,Co. Longford,Private cars,All years,Million,262
Kilometres Travelled,2023,Diesel,Co. Longford,Goods vehicles,All years,Million,96
Kilometres Travelled,2023,Diesel,Co. Longford,Motor cycles,All years,Million,0
Kilometres Travelled,2023,Diesel,Co. Longford,Tractors & Machinery,All years,Million,19
Kilometres Travelled,2023,Diesel,Co. Longford,Small PSVs,All years,Million,3
Kilometres Travelled,2023,Diesel,Co. Longford,Large PSVs,All years,Million,4
Kilometres Travelled,2023,Diesel,Co. Longford,Exempt vehicles,All years,Million,3
Kilometres Travelled,2023,Diesel,Co. Longford,Other vehicles,All years,Million,4
Kilometres Travelled,2023,Diesel,Co. Louth,Private cars,All years,Million,583
Kilometres Travelled,2023,Diesel,Co. Louth,Goods vehicles,All years,Million,190
Kilometres Travelled,2023,Diesel,Co. Louth,Motor cycles,All years,Million,0
Kilometres Travelled,2023,Diesel,Co. Louth,Tractors & Machinery,All years,Million,18
Kilometres Travelled,2023,Diesel,Co. Louth,Small PSVs,All years,Million,14
Kilometres Travelled,2023,Diesel,Co. Louth,Large PSVs,All years,Million,7
Kilometres Travelled,2023,Diesel,Co. Louth,Exempt vehicles,All years,Million,5
Kilometres Travelled,2023,Diesel,Co. Louth,Other vehicles,All years,Million,6
Kilometres Travelled,2023,Diesel,Co. Meath,Private cars,All years,Million,1098
Kilometres Travelled,2023,Diesel,Co. Meath,Goods vehicles,All years,Million,406
Kilometres Travelled,2023,Diesel,Co. Meath,Motor cycles,All years,Million,0
Kilometres Travelled,2023,Diesel,Co. Meath,Tractors & Machinery,All years,Million,48
Kilometres Travelled,2023,Diesel,Co. Meath,Small PSVs,All years,Million,26
Kilometres Travelled,2023,Diesel,Co. Meath,Large PSVs,All years,Million,11
Kilometres Travelled,2023,Diesel,Co. Meath,Exempt vehicles,All years,Million,7
Kilometres Travelled,2023,Diesel,Co. Meath,Other vehicles,All years,Million,14
Kilometres Travelled,2023,Diesel,Co. Offaly,Private cars,All years,Million,507
Kilometres Travelled,2023,Diesel,Co. Offaly,Goods vehicles,All years,Million,151
Kilometres Travelled,2023,Diesel,Co. Offaly,Motor cycles,All years,Million,0
Kilometres Travelled,2023,Diesel,Co. Offaly,Tractors & Machinery,All years,Million,39
Kilometres Travelled,2023,Diesel,Co. Offaly,Small PSVs,All years,Million,4
Kilometres Travelled,2023,Diesel,Co. Offaly,Large PSVs,All years,Million,6
Kilometres Travelled,2023,Diesel,Co. Offaly,Exempt vehicles,All years,Million,4
Kilometres Travelled,2023,Diesel,Co. Offaly,Other vehicles,All years,Million,8
Kilometres Travelled,2023,Diesel,Co. Westmeath,Private cars,All years,Million,586
Kilometres Travelled,2023,Diesel,Co. Westmeath,Goods vehicles,All years,Million,184
Kilometres Travelled,2023,Diesel,Co. Westmeath,Motor cycles,All years,Million,0
Kilometres Travelled,2023,Diesel,Co. Westmeath,Tractors & Machinery,All years,Million,32
Kilometres Travelled,2023,Diesel,Co. Westmeath,Small PSVs,All years,Million,8
Kilometres Travelled,2023,Diesel,Co. Westmeath,Large PSVs,All years,Million,5
Kilometres Travelled,2023,Diesel,Co. Westmeath,Exempt vehicles,All years,Million,4
Kilometres Travelled,2023,Diesel,Co. Westmeath,Other vehicles,All years,Million,8
Kilometres Travelled,2023,Diesel,Co. Wexford,Private cars,All years,Million,1020
Kilometres Travelled,2023,Diesel,Co. Wexford,Goods vehicles,All years,Million,353
Kilometres Travelled,2023,Diesel,Co. Wexford,Motor cycles,All years,Million,0
Kilometres Travelled,2023,Diesel,Co. Wexford,Tractors & Machinery,All years,Million,75
Kilometres Travelled,2023,Diesel,Co. Wexford,Small PSVs,All years,Million,6
Kilometres Travelled,2023,Diesel,Co. Wexford,Large PSVs,All years,Million,10
Kilometres Travelled,2023,Diesel,Co. Wexford,Exempt vehicles,All years,Million,7
Kilometres Travelled,2023,Diesel,Co. Wexford,Other vehicles,All years,Million,19
Kilometres Travelled,2023,Diesel,Co. Wicklow,Private cars,All years,Million,668
Kilometres Travelled,2023,Diesel,Co. Wicklow,Goods vehicles,All years,Million,206
Kilometres Travelled,2023,Diesel,Co. Wicklow,Motor cycles,All years,Million,0
Kilometres Travelled,2023,Diesel,Co. Wicklow,Tractors & Machinery,All years,Million,27
Kilometres Travelled,2023,Diesel,Co. Wicklow,Small PSVs,All years,Million,9
Kilometres Travelled,2023,Diesel,Co. Wicklow,Large PSVs,All years,Million,7
Kilometres Travelled,2023,Diesel,Co. Wicklow,Exempt vehicles,All years,Million,5
Kilometres Travelled,2023,Diesel,Co. Wicklow,Other vehicles,All years,Million,12
Kilometres Travelled,2023,Diesel,Co. Clare,Private cars,All years,Million,739
Kilometres Travelled,2023,Diesel,Co. Clare,Goods vehicles,All years,Million,196
Kilometres Travelled,2023,Diesel,Co. Clare,Motor cycles,All years,Million,0
Kilometres Travelled,2023,Diesel,Co. Clare,Tractors & Machinery,All years,Million,46
Kilometres Travelled,2023,Diesel,Co. Clare,Small PSVs,All years,Million,12
Kilometres Travelled,2023,Diesel,Co. Clare,Large PSVs,All years,Million,7
Kilometres Travelled,2023,Diesel,Co. Clare,Exempt vehicles,All years,Million,7
Kilometres Travelled,2023,Diesel,Co. Clare,Other vehicles,All years,Million,12
Kilometres Travelled,2023,Diesel,Co. Cork,Private cars,All years,Million,2628
Kilometres Travelled,2023,Diesel,Co. Cork,Goods vehicles,All years,Million,921
Kilometres Travelled,2023,Diesel,Co. Cork,Motor cycles,All years,Million,0
Kilometres Travelled,2023,Diesel,Co. Cork,Tractors & Machinery,All years,Million,172
Kilometres Travelled,2023,Diesel,Co. Cork,Small PSVs,All years,Million,44
Kilometres Travelled,2023,Diesel,Co. Cork,Large PSVs,All years,Million,26
Kilometres Travelled,2023,Diesel,Co. Cork,Exempt vehicles,All years,Million,31
Kilometres Travelled,2023,Diesel,Co. Cork,Other vehicles,All years,Million,43
Kilometres Travelled,2023,Diesel,Co. Kerry,Private cars,All years,Million,891
Kilometres Travelled,2023,Diesel,Co. Kerry,Goods vehicles,All years,Million,269
Kilometres Travelled,2023,Diesel,Co. Kerry,Motor cycles,All years,Million,0
Kilometres Travelled,2023,Diesel,Co. Kerry,Tractors & Machinery,All years,Million,65
Kilometres Travelled,2023,Diesel,Co. Kerry,Small PSVs,All years,Million,17
Kilometres Travelled,2023,Diesel,Co. Kerry,Large PSVs,All years,Million,17
Kilometres Travelled,2023,Diesel,Co. Kerry,Exempt vehicles,All years,Million,8
Kilometres Travelled,2023,Diesel,Co. Kerry,Other vehicles,All years,Million,16
Kilometres Travelled,2023,Diesel,Co. Limerick,Private cars,All years,Million,1039
Kilometres Travelled,2023,Diesel,Co. Limerick,Goods vehicles,All years,Million,323
Kilometres Travelled,2023,Diesel,Co. Limerick,Motor cycles,All years,Million,0
Kilometres Travelled,2023,Diesel,Co. Limerick,Tractors & Machinery,All years,Million,58
Kilometres Travelled,2023,Diesel,Co. Limerick,Small PSVs,All years,Million,15
Kilometres Travelled,2023,Diesel,Co. Limerick,Large PSVs,All years,Million,10
Kilometres Travelled,2023,Diesel,Co. Limerick,Exempt vehicles,All years,Million,9
Kilometres Travelled,2023,Diesel,Co. Limerick,Other vehicles,All years,Million,13
Kilometres Travelled,2023,Diesel,Co. Tipperary,Private cars,All years,Million,1119
Kilometres Travelled,2023,Diesel,Co. Tipperary,Goods vehicles,All years,Million,322
Kilometres Travelled,2023,Diesel,Co. Tipperary,Motor cycles,All years,Million,0
Kilometres Travelled,2023,Diesel,Co. Tipperary,Tractors & Machinery,All years,Million,90
Kilometres Travelled,2023,Diesel,Co. Tipperary,Small PSVs,All years,Million,7
Kilometres Travelled,2023,Diesel,Co. Tipperary,Large PSVs,All years,Million,13
Kilometres Travelled,2023,Diesel,Co. Tipperary,Exempt vehicles,All years,Million,10
Kilometres Travelled,2023,Diesel,Co. Tipperary,Other vehicles,All years,Million,16
Kilometres Travelled,2023,Diesel,Co. Waterford,Private cars,All years,Million,611
Kilometres Travelled,2023,Diesel,Co. Waterford,Goods vehicles,All years,Million,169
Kilometres Travelled,2023,Diesel,Co. Waterford,Motor cycles,All years,Million,0
Kilometres Travelled,2023,Diesel,Co. Waterford,Tractors & Machinery,All years,Million,35
Kilometres Travelled,2023,Diesel,Co. Waterford,Small PSVs,All years,Million,9
Kilometres Travelled,2023,Diesel,Co. Waterford,Large PSVs,All years,Million,5
Kilometres Travelled,2023,Diesel,Co. Waterford,Exempt vehicles,All years,Million,6
Kilometres Travelled,2023,Diesel,Co. Waterford,Other vehicles,All years,Million,10
Kilometres Travelled,2023,Diesel,Co. Galway,Private cars,All years,Million,1482
Kilometres Travelled,2023,Diesel,Co. Galway,Goods vehicles,All years,Million,459
Kilometres Travelled,2023,Diesel,Co. Galway,Motor cycles,All years,Million,0
Kilometres Travelled,2023,Diesel,Co. Galway,Tractors & Machinery,All years,Million,79
Kilometres Travelled,2023,Diesel,Co. Galway,Small PSVs,All years,Million,27
Kilometres Travelled,2023,Diesel,Co. Galway,Large PSVs,All years,Million,26
Kilometres Travelled,2023,Diesel,Co. Galway,Exempt vehicles,All years,Million,29
Kilometres Travelled,2023,Diesel,Co. Galway,Other vehicles,All years,Million,29
Kilometres Travelled,2023,Diesel,Co. Leitrim,Private cars,All years,Million,224
Kilometres Travelled,2023,Diesel,Co. Leitrim,Goods vehicles,All years,Million,76
Kilometres Travelled,2023,Diesel,Co. Leitrim,Motor cycles,All years,Million,0
Kilometres Travelled,2023,Diesel,Co. Leitrim,Tractors & Machinery,All years,Million,15
Kilometres Travelled,2023,Diesel,Co. Leitrim,Small PSVs,All years,Million,2
Kilometres Travelled,2023,Diesel,Co. Leitrim,Large PSVs,All years,Million,3
Kilometres Travelled,2023,Diesel,Co. Leitrim,Exempt vehicles,All years,Million,3
Kilometres Travelled,2023,Diesel,Co. Leitrim,Other vehicles,All years,Million,3
Kilometres Travelled,2023,Diesel,Co. Mayo,Private cars,All years,Million,857
Kilometres Travelled,2023,Diesel,Co. Mayo,Goods vehicles,All years,Million,273
Kilometres Travelled,2023,Diesel,Co. Mayo,Motor cycles,All years,Million,0
Kilometres Travelled,2023,Diesel,Co. Mayo,Tractors & Machinery,All years,Million,71
Kilometres Travelled,2023,Diesel,Co. Mayo,Small PSVs,All years,Million,8
Kilometres Travelled,2023,Diesel,Co. Mayo,Large PSVs,All years,Million,13
Kilometres Travelled,2023,Diesel,Co. Mayo,Exempt vehicles,All years,Million,12
Kilometres Travelled,2023,Diesel,Co. Mayo,Other vehicles,All years,Million,13
Kilometres Travelled,2023,Diesel,Co. Roscommon,Private cars,All years,Million,475
Kilometres Travelled,2023,Diesel,Co. Roscommon,Goods vehicles,All years,Million,136
Kilometres Travelled,2023,Diesel,Co. Roscommon,Motor cycles,All years,Million,0
Kilometres Travelled,2023,Diesel,Co. Roscommon,Tractors & Machinery,All years,Million,37
Kilometres Travelled,2023,Diesel,Co. Roscommon,Small PSVs,All years,Million,4
Kilometres Travelled,2023,Diesel,Co. Roscommon,Large PSVs,All years,Million,4
Kilometres Travelled,2023,Diesel,Co. Roscommon,Exempt vehicles,All years,Million,5
Kilometres Travelled,2023,Diesel,Co. Roscommon,Other vehicles,All years,Million,8
Kilometres Travelled,2023,Diesel,Co. Sligo,Private cars,All years,Million,368
Kilometres Travelled,2023,Diesel,Co. Sligo,Goods vehicles,All years,Million,129
Kilometres Travelled,2023,Diesel,Co. Sligo,Motor cycles,All years,Million,0
Kilometres Travelled,2023,Diesel,Co. Sligo,Tractors & Machinery,All years,Million,23
Kilometres Travelled,2023,Diesel,Co. Sligo,Small PSVs,All years,Million,5
Kilometres Travelled,2023,Diesel,Co. Sligo,Large PSVs,All years,Million,5
Kilometres Travelled,2023,Diesel,Co. Sligo,Exempt vehicles,All years,Million,4
Kilometres Travelled,2023,Diesel,Co. Sligo,Other vehicles,All years,Million,8
Kilometres Travelled,2023,Diesel,Co. Cavan,Private cars,All years,Million,483
Kilometres Travelled,2023,Diesel,Co. Cavan,Goods vehicles,All years,Million,192
Kilometres Travelled,2023,Diesel,Co. Cavan,Motor cycles,All years,Million,0
Kilometres Travelled,2023,Diesel,Co. Cavan,Tractors & Machinery,All years,Million,40
Kilometres Travelled,2023,Diesel,Co. Cavan,Small PSVs,All years,Million,5
Kilometres Travelled,2023,Diesel,Co. Cavan,Large PSVs,All years,Million,5
Kilometres Travelled,2023,Diesel,Co. Cavan,Exempt vehicles,All years,Million,4
Kilometres Travelled,2023,Diesel,Co. Cavan,Other vehicles,All years,Million,7
Kilometres Travelled,2023,Diesel,Co. Donegal,Private cars,All years,Million,888
Kilometres Travelled,2023,Diesel,Co. Donegal,Goods vehicles,All years,Million,324
Kilometres Travelled,2023,Diesel,Co. Donegal,Motor cycles,All years,Million,0
Kilometres Travelled,2023,Diesel,Co. Donegal,Tractors & Machinery,All years,Million,51
Kilometres Travelled,2023,Diesel,Co. Donegal,Small PSVs,All years,Million,11
Kilometres Travelled,2023,Diesel,Co. Donegal,Large PSVs,All years,Million,21
Kilometres Travelled,2023,Diesel,Co. Donegal,Exempt vehicles,All years,Million,9
Kilometres Travelled,2023,Diesel,Co. Donegal,Other vehicles,All years,Million,15
Kilometres Travelled,2023,Diesel,Co. Monaghan,Private cars,All years,Million,392
Kilometres Travelled,2023,Diesel,Co. Monaghan,Goods vehicles,All years,Million,215
Kilometres Travelled,2023,Diesel,Co. Monaghan,Motor cycles,All years,Million,0
Kilometres Travelled,2023,Diesel,Co. Monaghan,Tractors & Machinery,All years,Million,27
Kilometres Travelled,2023,Diesel,Co. Monaghan,Small PSVs,All years,Million,3
Kilometres Travelled,2023,Diesel,Co. Monaghan,Large PSVs,All years,Million,9
Kilometres Travelled,2023,Diesel,Co. Monaghan,Exempt vehicles,All years,Million,3
Kilometres Travelled,2023,Diesel,Co. Monaghan,Other vehicles,All years,Million,5
Kilometres Travelled,2023,Other fuel types,Co. Carlow,Private cars,All years,Million,28
Kilometres Travelled,2023,Other fuel types,Co. Carlow,Goods vehicles,All years,Million,0
Kilometres Travelled,2023,Other fuel types,Co. Carlow,Motor cycles,All years,Million,0
Kilometres Travelled,2023,Other fuel types,Co. Carlow,Tractors & Machinery,All years,Million,0
Kilometres Travelled,2023,Other fuel types,Co. Carlow,Small PSVs,All years,Million,1
Kilometres Travelled,2023,Other fuel types,Co. Carlow,Large PSVs,All years,Million,0
Kilometres Travelled,2023,Other fuel types,Co. Carlow,Exempt vehicles,All years,Million,0
Kilometres Travelled,2023,Other fuel types,Co. Carlow,Other vehicles,All years,Million,0
Kilometres Travelled,2023,Other fuel types,Co. Dublin,Private cars,All years,Million,1162
Kilometres Travelled,2023,Other fuel types,Co. Dublin,Goods vehicles,All years,Million,36
Kilometres Travelled,2023,Other fuel types,Co. Dublin,Motor cycles,All years,Million,0
Kilometres Travelled,2023,Other fuel types,Co. Dublin,Tractors & Machinery,All years,Million,0
Kilometres Travelled,2023,Other fuel types,Co. Dublin,Small PSVs,All years,Million,132
Kilometres Travelled,2023,Other fuel types,Co. Dublin,Large PSVs,All years,Million,14
Kilometres Travelled,2023,Other fuel types,Co. Dublin,Exempt vehicles,All years,Million,15
Kilometres Travelled,2023,Other fuel types,Co. Dublin,Other vehicles,All years,Million,0
Kilometres Travelled,2023,Other fuel types,Co. Kildare,Private cars,All years,Million,176
Kilometres Travelled,2023,Other fuel types,Co. Kildare,Goods vehicles,All years,Million,4
Kilometres Travelled,2023,Other fuel types,Co. Kildare,Motor cycles,All years,Million,0
Kilometres Travelled,2023,Other fuel types,Co. Kildare,Tractors & Machinery,All years,Million,0
Kilometres Travelled,2023,Other fuel types,Co. Kildare,Small PSVs,All years,Million,8
Kilometres Travelled,2023,Other fuel types,Co. Kildare,Large PSVs,All years,Million,0
Kilometres Travelled,2023,Other fuel types,Co. Kildare,Exempt vehicles,All years,Million,2
Kilometres Travelled,2023,Other fuel types,Co. Kildare,Other vehicles,All years,Million,1
Kilometres Travelled,2023,Other fuel types,Co. Kilkenny,Private cars,All years,Million,47
Kilometres Travelled,2023,Other fuel types,Co. Kilkenny,Goods vehicles,All years,Million,0
Kilometres Travelled,2023,Other fuel types,Co. Kilkenny,Motor cycles,All years,Million,0
Kilometres Travelled,2023,Other fuel types,Co. Kilkenny,Tractors & Machinery,All years,Million,0
Kilometres Travelled,2023,Other fuel types,Co. Kilkenny,Small PSVs,All years,Million,1
Kilometres Travelled,2023,Other fuel types,Co. Kilkenny,Large PSVs,All years,Million,0
Kilometres Travelled,2023,Other fuel types,Co. Kilkenny,Exempt vehicles,All years,Million,1
Kilometres Travelled,2023,Other fuel types,Co. Kilkenny,Other vehicles,All years,Million,0
Kilometres Travelled,2023,Other fuel types,Co. Laois,Private cars,All years,Million,36
Kilometres Travelled,2023,Other fuel types,Co. Laois,Goods vehicles,All years,Million,0
Kilometres Travelled,2023,Other fuel types,Co. Laois,Motor cycles,All years,Million,0
Kilometres Travelled,2023,Other fuel types,Co. Laois,Tractors & Machinery,All years,Million,0
Kilometres Travelled,2023,Other fuel types,Co. Laois,Small PSVs,All years,Million,2
Kilometres Travelled,2023,Other fuel types,Co. Laois,Large PSVs,All years,Million,0
Kilometres Travelled,2023,Other fuel types,Co. Laois,Exempt vehicles,All years,Million,1
Kilometres Travelled,2023,Other fuel types,Co. Laois,Other vehicles,All years,Million,0
Kilometres Travelled,2023,Other fuel types,Co. Longford,Private cars,All years,Million,16
Kilometres Travelled,2023,Other fuel types,Co. Longford,Goods vehicles,All years,Million,0
Kilometres Travelled,2023,Other fuel types,Co. Longford,Motor cycles,All years,Million,0
Kilometres Travelled,2023,Other fuel types,Co. Longford,Tractors & Machinery,All years,Million,0
Kilometres Travelled,2023,Other fuel types,Co. Longford,Small PSVs,All years,Million,0
Kilometres Travelled,2023,Other fuel types,Co. Longford,Large PSVs,All years,Million,0
Kilometres Travelled,2023,Other fuel types,Co. Longford,Exempt vehicles,All years,Million,0
Kilometres Travelled,2023,Other fuel types,Co. Longford,Other vehicles,All years,Million,0
Kilometres Travelled,2023,Other fuel types,Co. Louth,Private cars,All years,Million,70
Kilometres Travelled,2023,Other fuel types,Co. Louth,Goods vehicles,All years,Million,1
Kilometres Travelled,2023,Other fuel types,Co. Louth,Motor cycles,All years,Million,0
Kilometres Travelled,2023,Other fuel types,Co. Louth,Tractors & Machinery,All years,Million,0
Kilometres Travelled,2023,Other fuel types,Co. Louth,Small PSVs,All years,Million,5
Kilometres Travelled,2023,Other fuel types,Co. Louth,Large PSVs,All years,Million,0
Kilometres Travelled,2023,Other fuel types,Co. Louth,Exempt vehicles,All years,Million,1
Kilometres Travelled,2023,Other fuel types,Co. Louth,Other vehicles,All years,Million,0
Kilometres Travelled,2023,Other fuel types,Co. Meath,Private cars,All years,Million,142
Kilometres Travelled,2023,Other fuel types,Co. Meath,Goods vehicles,All years,Million,1
Kilometres Travelled,2023,Other fuel types,Co. Meath,Motor cycles,All years,Million,0
Kilometres Travelled,2023,Other fuel types,Co. Meath,Tractors & Machinery,All years,Million,0
Kilometres Travelled,2023,Other fuel types,Co. Meath,Small PSVs,All years,Million,8
Kilometres Travelled,2023,Other fuel types,Co. Meath,Large PSVs,All years,Million,0
Kilometres Travelled,2023,Other fuel types,Co. Meath,Exempt vehicles,All years,Million,1
Kilometres Travelled,2023,Other fuel types,Co. Meath,Other vehicles,All years,Million,0
Kilometres Travelled,2023,Other fuel types,Co. Offaly,Private cars,All years,Million,34
Kilometres Travelled,2023,Other fuel types,Co. Offaly,Goods vehicles,All years,Million,0
Kilometres Travelled,2023,Other fuel types,Co. Offaly,Motor cycles,All years,Million,0
Kilometres Travelled,2023,Other fuel types,Co. Offaly,Tractors & Machinery,All years,Million,0
Kilometres Travelled,2023,Other fuel types,Co. Offaly,Small PSVs,All years,Million,1
Kilometres Travelled,2023,Other fuel types,Co. Offaly,Large PSVs,All years,Million,0
Kilometres Travelled,2023,Other fuel types,Co. Offaly,Exempt vehicles,All years,Million,1
Kilometres Travelled,2023,Other fuel types,Co. Offaly,Other vehicles,All years,Million,0
Kilometres Travelled,2023,Other fuel types,Co. Westmeath,Private cars,All years,Million,47
Kilometres Travelled,2023,Other fuel types,Co. Westmeath,Goods vehicles,All years,Million,1
Kilometres Travelled,2023,Other fuel types,Co. Westmeath,Motor cycles,All years,Million,0
Kilometres Travelled,2023,Other fuel types,Co. Westmeath,Tractors & Machinery,All years,Million,0
Kilometres Travelled,2023,Other fuel types,Co. Westmeath,Small PSVs,All years,Million,1
Kilometres Travelled,2023,Other fuel types,Co. Westmeath,Large PSVs,All years,Million,0
Kilometres Travelled,2023,Other fuel types,Co. Westmeath,Exempt vehicles,All years,Million,1
Kilometres Travelled,2023,Other fuel types,Co. Westmeath,Other vehicles,All years,Million,0
Kilometres Travelled,2023,Other fuel types,Co. Wexford,Private cars,All years,Million,77
Kilometres Travelled,2023,Other fuel types,Co. Wexford,Goods vehicles,All years,Million,1
Kilometres Travelled,2023,Other fuel types,Co. Wexford,Motor cycles,All years,Million,0
Kilometres Travelled,2023,Other fuel types,Co. Wexford,Tractors & Machinery,All years,Million,0
Kilometres Travelled,2023,Other fuel types,Co. Wexford,Small PSVs,All years,Million,1
Kilometres Travelled,2023,Other fuel types,Co. Wexford,Large PSVs,All years,Million,0
Kilometres Travelled,2023,Other fuel types,Co. Wexford,Exempt vehicles,All years,Million,1
Kilometres Travelled,2023,Other fuel types,Co. Wexford,Other vehicles,All years,Million,0
Kilometres Travelled,2023,Other fuel types,Co. Wicklow,Private cars,All years,Million,106
Kilometres Travelled,2023,Other fuel types,Co. Wicklow,Goods vehicles,All years,Million,1
Kilometres Travelled,2023,Other fuel types,Co. Wicklow,Motor cycles,All years,Million,0
Kilometres Travelled,2023,Other fuel types,Co. Wicklow,Tractors & Machinery,All years,Million,0
Kilometres Travelled,2023,Other fuel types,Co. Wicklow,Small PSVs,All years,Million,2
Kilometres Travelled,2023,Other fuel types,Co. Wicklow,Large PSVs,All years,Million,0
Kilometres Travelled,2023,Other fuel types,Co. Wicklow,Exempt vehicles,All years,Million,1
Kilometres Travelled,2023,Other fuel types,Co. Wicklow,Other vehicles,All years,Million,0
Kilometres Travelled,2023,Other fuel types,Co. Clare,Private cars,All years,Million,62
Kilometres Travelled,2023,Other fuel types,Co. Clare,Goods vehicles,All years,Million,1
Kilometres Travelled,2023,Other fuel types,Co. Clare,Motor cycles,All years,Million,0
Kilometres Travelled,2023,Other fuel types,Co. Clare,Tractors & Machinery,All years,Million,0
Kilometres Travelled,2023,Other fuel types,Co. Clare,Small PSVs,All years,Million,1
Kilometres Travelled,2023,Other fuel types,Co. Clare,Large PSVs,All years,Million,0
Kilometres Travelled,2023,Other fuel types,Co. Clare,Exempt vehicles,All years,Million,2
Kilometres Travelled,2023,Other fuel types,Co. Clare,Other vehicles,All years,Million,0
Kilometres Travelled,2023,Other fuel types,Co. Cork,Private cars,All years,Million,340
Kilometres Travelled,2023,Other fuel types,Co. Cork,Goods vehicles,All years,Million,4
Kilometres Travelled,2023,Other fuel types,Co. Cork,Motor cycles,All years,Million,0
Kilometres Travelled,2023,Other fuel types,Co. Cork,Tractors & Machinery,All years,Million,0
Kilometres Travelled,2023,Other fuel types,Co. Cork,Small PSVs,All years,Million,9
Kilometres Travelled,2023,Other fuel types,Co. Cork,Large PSVs,All years,Million,0
Kilometres Travelled,2023,Other fuel types,Co. Cork,Exempt vehicles,All years,Million,8
Kilometres Travelled,2023,Other fuel types,Co. Cork,Other vehicles,All years,Million,0
Kilometres Travelled,2023,Other fuel types,Co. Kerry,Private cars,All years,Million,64
Kilometres Travelled,2023,Other fuel types,Co. Kerry,Goods vehicles,All years,Million,1
Kilometres Travelled,2023,Other fuel types,Co. Kerry,Motor cycles,All years,Million,0
Kilometres Travelled,2023,Other fuel types,Co. Kerry,Tractors & Machinery,All years,Million,0
Kilometres Travelled,2023,Other fuel types,Co. Kerry,Small PSVs,All years,Million,1
Kilometres Travelled,2023,Other fuel types,Co. Kerry,Large PSVs,All years,Million,0
Kilometres Travelled,2023,Other fuel types,Co. Kerry,Exempt vehicles,All years,Million,1
Kilometres Travelled,2023,Other fuel types,Co. Kerry,Other vehicles,All years,Million,0
Kilometres Travelled,2023,Other fuel types,Co. Limerick,Private cars,All years,Million,97
Kilometres Travelled,2023,Other fuel types,Co. Limerick,Goods vehicles,All years,Million,1
Kilometres Travelled,2023,Other fuel types,Co. Limerick,Motor cycles,All years,Million,0
Kilometres Travelled,2023,Other fuel types,Co. Limerick,Tractors & Machinery,All years,Million,0
Kilometres Travelled,2023,Other fuel types,Co. Limerick,Small PSVs,All years,Million,5
Kilometres Travelled,2023,Other fuel types,Co. Limerick,Large PSVs,All years,Million,0
Kilometres Travelled,2023,Other fuel types,Co. Limerick,Exempt vehicles,All years,Million,3
Kilometres Travelled,2023,Other fuel types,Co. Limerick,Other vehicles,All years,Million,0
Kilometres Travelled,2023,Other fuel types,Co. Tipperary,Private cars,All years,Million,72
Kilometres Travelled,2023,Other fuel types,Co. Tipperary,Goods vehicles,All years,Million,1
Kilometres Travelled,2023,Other fuel types,Co. Tipperary,Motor cycles,All years,Million,0
Kilometres Travelled,2023,Other fuel types,Co. Tipperary,Tractors & Machinery,All years,Million,0
Kilometres Travelled,2023,Other fuel types,Co. Tipperary,Small PSVs,All years,Million,0
Kilometres Travelled,2023,Other fuel types,Co. Tipperary,Large PSVs,All years,Million,0
Kilometres Travelled,2023,Other fuel types,Co. Tipperary,Exempt vehicles,All years,Million,2
Kilometres Travelled,2023,Other fuel types,Co. Tipperary,Other vehicles,All years,Million,0
Kilometres Travelled,2023,Other fuel types,Co. Waterford,Private cars,All years,Million,59
Kilometres Travelled,2023,Other fuel types,Co. Waterford,Goods vehicles,All years,Million,1
Kilometres Travelled,2023,Other fuel types,Co. Waterford,Motor cycles,All years,Million,0
Kilometres Travelled,2023,Other fuel types,Co. Waterford,Tractors & Machinery,All years,Million,0
Kilometres Travelled,2023,Other fuel types,Co. Waterford,Small PSVs,All years,Million,1
Kilometres Travelled,2023,Other fuel types,Co. Waterford,Large PSVs,All years,Million,0
Kilometres Travelled,2023,Other fuel types,Co. Waterford,Exempt vehicles,All years,Million,1
Kilometres Travelled,2023,Other fuel types,Co. Waterford,Other vehicles,All years,Million,0
Kilometres Travelled,2023,Other fuel types,Co. Galway,Private cars,All years,Million,149
Kilometres Travelled,2023,Other fuel types,Co. Galway,Goods vehicles,All years,Million,2
Kilometres Travelled,2023,Other fuel types,Co. Galway,Motor cycles,All years,Million,0
Kilometres Travelled,2023,Other fuel types,Co. Galway,Tractors & Machinery,All years,Million,0
Kilometres Travelled,2023,Other fuel types,Co. Galway,Small PSVs,All years,Million,5
Kilometres Travelled,2023,Other fuel types,Co. Galway,Large PSVs,All years,Million,2
Kilometres Travelled,2023,Other fuel types,Co. Galway,Exempt vehicles,All years,Million,5
Kilometres Travelled,2023,Other fuel types,Co. Galway,Other vehicles,All years,Million,0
Kilometres Travelled,2023,Other fuel types,Co. Leitrim,Private cars,All years,Million,11
Kilometres Travelled,2023,Other fuel types,Co. Leitrim,Goods vehicles,All years,Million,0
Kilometres Travelled,2023,Other fuel types,Co. Leitrim,Motor cycles,All years,Million,0
Kilometres Travelled,2023,Other fuel types,Co. Leitrim,Tractors & Machinery,All years,Million,0
Kilometres Travelled,2023,Other fuel types,Co. Leitrim,Small PSVs,All years,Million,0
Kilometres Travelled,2023,Other fuel types,Co. Leitrim,Large PSVs,All years,Million,0
Kilometres Travelled,2023,Other fuel types,Co. Leitrim,Exempt vehicles,All years,Million,0
Kilometres Travelled,2023,Other fuel types,Co. Leitrim,Other vehicles,All years,Million,0
Kilometres Travelled,2023,Other fuel types,Co. Mayo,Private cars,All years,Million,50
Kilometres Travelled,2023,Other fuel types,Co. Mayo,Goods vehicles,All years,Million,1
Kilometres Travelled,2023,Other fuel types,Co. Mayo,Motor cycles,All years,Million,0
Kilometres Travelled,2023,Other fuel types,Co. Mayo,Tractors & Machinery,All years,Million,0
Kilometres Travelled,2023,Other fuel types,Co. Mayo,Small PSVs,All years,Million,0
Kilometres Travelled,2023,Other fuel types,Co. Mayo,Large PSVs,All years,Million,0
Kilometres Travelled,2023,Other fuel types,Co. Mayo,Exempt vehicles,All years,Million,2
Kilometres Travelled,2023,Other fuel types,Co. Mayo,Other vehicles,All years,Million,0
Kilometres Travelled,2023,Other fuel types,Co. Roscommon,Private cars,All years,Million,33
Kilometres Travelled,2023,Other fuel types,Co. Roscommon,Goods vehicles,All years,Million,0
Kilometres Travelled,2023,Other fuel types,Co. Roscommon,Motor cycles,All years,Million,0
Kilometres Travelled,2023,Other fuel types,Co. Roscommon,Tractors & Machinery,All years,Million,0
Kilometres Travelled,2023,Other fuel types,Co. Roscommon,Small PSVs,All years,Million,0
Kilometres Travelled,2023,Other fuel types,Co. Roscommon,Large PSVs,All years,Million,0
Kilometres Travelled,2023,Other fuel types,Co. Roscommon,Exempt vehicles,All years,Million,1
Kilometres Travelled,2023,Other fuel types,Co. Roscommon,Other vehicles,All years,Million,0
Kilometres Travelled,2023,Other fuel types,Co. Sligo,Private cars,All years,Million,30
Kilometres Travelled,2023,Other fuel types,Co. Sligo,Goods vehicles,All years,Million,0
Kilometres Travelled,2023,Other fuel types,Co. Sligo,Motor cycles,All years,Million,0
Kilometres Travelled,2023,Other fuel types,Co. Sligo,Tractors & Machinery,All years,Million,0
Kilometres Travelled,2023,Other fuel types,Co. Sligo,Small PSVs,All years,Million,1
Kilometres Travelled,2023,Other fuel types,Co. Sligo,Large PSVs,All years,Million,0
Kilometres Travelled,2023,Other fuel types,Co. Sligo,Exempt vehicles,All years,Million,1
Kilometres Travelled,2023,Other fuel types,Co. Sligo,Other vehicles,All years,Million,0
Kilometres Travelled,2023,Other fuel types,Co. Cavan,Private cars,All years,Million,34
Kilometres Travelled,2023,Other fuel types,Co. Cavan,Goods vehicles,All years,Million,1
Kilometres Travelled,2023,Other fuel types,Co. Cavan,Motor cycles,All years,Million,0
Kilometres Travelled,2023,Other fuel types,Co. Cavan,Tractors & Machinery,All years,Million,0
Kilometres Travelled,2023,Other fuel types,Co. Cavan,Small PSVs,All years,Million,1
Kilometres Travelled,2023,Other fuel types,Co. Cavan,Large PSVs,All years,Million,0
Kilometres Travelled,2023,Other fuel types,Co. Cavan,Exempt vehicles,All years,Million,1
Kilometres Travelled,2023,Other fuel types,Co. Cavan,Other vehicles,All years,Million,0
Kilometres Travelled,2023,Other fuel types,Co. Donegal,Private cars,All years,Million,62
Kilometres Travelled,2023,Other fuel types,Co. Donegal,Goods vehicles,All years,Million,1
Kilometres Travelled,2023,Other fuel types,Co. Donegal,Motor cycles,All years,Million,0
Kilometres Travelled,2023,Other fuel types,Co. Donegal,Tractors & Machinery,All years,Million,0
Kilometres Travelled,2023,Other fuel types,Co. Donegal,Small PSVs,All years,Million,0
Kilometres Travelled,2023,Other fuel types,Co. Donegal,Large PSVs,All years,Million,0
Kilometres Travelled,2023,Other fuel types,Co. Donegal,Exempt vehicles,All years,Million,2
Kilometres Travelled,2023,Other fuel types,Co. Donegal,Other vehicles,All years,Million,0
Kilometres Travelled,2023,Other fuel types,Co. Monaghan,Private cars,All years,Million,18
Kilometres Travelled,2023,Other fuel types,Co. Monaghan,Goods vehicles,All years,Million,1
Kilometres Travelled,2023,Other fuel types,Co. Monaghan,Motor cycles,All years,Million,0
Kilometres Travelled,2023,Other fuel types,Co. Monaghan,Tractors & Machinery,All years,Million,0
Kilometres Travelled,2023,Other fuel types,Co. Monaghan,Small PSVs,All years,Million,0
Kilometres Travelled,2023,Other fuel types,Co. Monaghan,Large PSVs,All years,Million,0
Kilometres Travelled,2023,Other fuel types,Co. Monaghan,Exempt vehicles,All years,Million,0
Kilometres Travelled,2023,Other fuel types,Co. Monaghan,Other vehicles,All years,Million,0
Average Kilometres Travelled,2018,Petrol,Co. Carlow,Private cars,All years,Kilometres,13538
Average Kilometres Travelled,2018,Petrol,Co. Carlow,Goods vehicles,All years,Kilometres,18200
Average Kilometres Travelled,2018,Petrol,Co. Carlow,Motor cycles,All years,Kilometres,2637
Average Kilometres Travelled,2018,Petrol,Co. Carlow,Tractors & Machinery,All years,Kilometres,16990
Average Kilometres Travelled,2018,Petrol,Co. Carlow,Small PSVs,All years,Kilometres,22277
Average Kilometres Travelled,2018,Petrol,Co. Carlow,Large PSVs,All years,Kilometres,0
Average Kilometres Travelled,2018,Petrol,Co. Carlow,Exempt vehicles,All years,Kilometres,12882
Average Kilometres Travelled,2018,Petrol,Co. Carlow,Other vehicles,All years,Kilometres,4028
Average Kilometres Travelled,2018,Petrol,Co. Dublin,Private cars,All years,Kilometres,11021
Average Kilometres Travelled,2018,Petrol,Co. Dublin,Goods vehicles,All years,Kilometres,17185
Average Kilometres Travelled,2018,Petrol,Co. Dublin,Motor cycles,All years,Kilometres,2797
Average Kilometres Travelled,2018,Petrol,Co. Dublin,Tractors & Machinery,All years,Kilometres,12808
Average Kilometres Travelled,2018,Petrol,Co. Dublin,Small PSVs,All years,Kilometres,35493
Average Kilometres Travelled,2018,Petrol,Co. Dublin,Large PSVs,All years,Kilometres,8460
Average Kilometres Travelled,2018,Petrol,Co. Dublin,Exempt vehicles,All years,Kilometres,12364
Average Kilometres Travelled,2018,Petrol,Co. Dublin,Other vehicles,All years,Kilometres,3847
Average Kilometres Travelled,2018,Petrol,Co. Kildare,Private cars,All years,Kilometres,13529
Average Kilometres Travelled,2018,Petrol,Co. Kildare,Goods vehicles,All years,Kilometres,18104
Average Kilometres Travelled,2018,Petrol,Co. Kildare,Motor cycles,All years,Kilometres,2726
Average Kilometres Travelled,2018,Petrol,Co. Kildare,Tractors & Machinery,All years,Kilometres,13716
Average Kilometres Travelled,2018,Petrol,Co. Kildare,Small PSVs,All years,Kilometres,41205
Average Kilometres Travelled,2018,Petrol,Co. Kildare,Large PSVs,All years,Kilometres,0
Average Kilometres Travelled,2018,Petrol,Co. Kildare,Exempt vehicles,All years,Kilometres,14518
Average Kilometres Travelled,2018,Petrol,Co. Kildare,Other vehicles,All years,Kilometres,3899
Average Kilometres Travelled,2018,Petrol,Co. Kilkenny,Private cars,All years,Kilometres,13764
Average Kilometres Travelled,2018,Petrol,Co. Kilkenny,Goods vehicles,All years,Kilometres,13529
Average Kilometres Travelled,2018,Petrol,Co. Kilkenny,Motor cycles,All years,Kilometres,2652
Average Kilometres Travelled,2018,Petrol,Co. Kilkenny,Tractors & Machinery,All years,Kilometres,18903
Average Kilometres Travelled,2018,Petrol,Co. Kilkenny,Small PSVs,All years,Kilometres,41378
Average Kilometres Travelled,2018,Petrol,Co. Kilkenny,Large PSVs,All years,Kilometres,0
Average Kilometres Travelled,2018,Petrol,Co. Kilkenny,Exempt vehicles,All years,Kilometres,18137
Average Kilometres Travelled,2018,Petrol,Co. Kilkenny,Other vehicles,All years,Kilometres,3962
Average Kilometres Travelled,2018,Petrol,Co. Laois,Private cars,All years,Kilometres,14083
Average Kilometres Travelled,2018,Petrol,Co. Laois,Goods vehicles,All years,Kilometres,14764
Average Kilometres Travelled,2018,Petrol,Co. Laois,Motor cycles,All years,Kilometres,2713
Average Kilometres Travelled,2018,Petrol,Co. Laois,Tractors & Machinery,All years,Kilometres,5079
Average Kilometres Travelled,2018,Petrol,Co. Laois,Small PSVs,All years,Kilometres,32383
Average Kilometres Travelled,2018,Petrol,Co. Laois,Large PSVs,All years,Kilometres,0
Average Kilometres Travelled,2018,Petrol,Co. Laois,Exempt vehicles,All years,Kilometres,13462
Average Kilometres Travelled,2018,Petrol,Co. Laois,Other vehicles,All years,Kilometres,3805
Average Kilometres Travelled,2018,Petrol,Co. Longford,Private cars,All years,Kilometres,14022
Average Kilometres Travelled,2018,Petrol,Co. Longford,Goods vehicles,All years,Kilometres,16236
Average Kilometres Travelled,2018,Petrol,Co. Longford,Motor cycles,All years,Kilometres,2667
Average Kilometres Travelled,2018,Petrol,Co. Longford,Tractors & Machinery,All years,Kilometres,17684
Average Kilometres Travelled,2018,Petrol,Co. Longford,Small PSVs,All years,Kilometres,41291
Average Kilometres Travelled,2018,Petrol,Co. Longford,Large PSVs,All years,Kilometres,0
Average Kilometres Travelled,2018,Petrol,Co. Longford,Exempt vehicles,All years,Kilometres,16929
Average Kilometres Travelled,2018,Petrol,Co. Longford,Other vehicles,All years,Kilometres,4024
Average Kilometres Travelled,2018,Petrol,Co. Louth,Private cars,All years,Kilometres,13183
Average Kilometres Travelled,2018,Petrol,Co. Louth,Goods vehicles,All years,Kilometres,20883
Average Kilometres Travelled,2018,Petrol,Co. Louth,Motor cycles,All years,Kilometres,2759
Average Kilometres Travelled,2018,Petrol,Co. Louth,Tractors & Machinery,All years,Kilometres,5387
Average Kilometres Travelled,2018,Petrol,Co. Louth,Small PSVs,All years,Kilometres,36229
Average Kilometres Travelled,2018,Petrol,Co. Louth,Large PSVs,All years,Kilometres,0
Average Kilometres Travelled,2018,Petrol,Co. Louth,Exempt vehicles,All years,Kilometres,13600
Average Kilometres Travelled,2018,Petrol,Co. Louth,Other vehicles,All years,Kilometres,3845
Average Kilometres Travelled,2018,Petrol,Co. Meath,Private cars,All years,Kilometres,13941
Average Kilometres Travelled,2018,Petrol,Co. Meath,Goods vehicles,All years,Kilometres,16834
Average Kilometres Travelled,2018,Petrol,Co. Meath,Motor cycles,All years,Kilometres,2722
Average Kilometres Travelled,2018,Petrol,Co. Meath,Tractors & Machinery,All years,Kilometres,14263
Average Kilometres Travelled,2018,Petrol,Co. Meath,Small PSVs,All years,Kilometres,41644
Average Kilometres Travelled,2018,Petrol,Co. Meath,Large PSVs,All years,Kilometres,32950
Average Kilometres Travelled,2018,Petrol,Co. Meath,Exempt vehicles,All years,Kilometres,16127
Average Kilometres Travelled,2018,Petrol,Co. Meath,Other vehicles,All years,Kilometres,3806
Average Kilometres Travelled,2018,Petrol,Co. Offaly,Private cars,All years,Kilometres,14130
Average Kilometres Travelled,2018,Petrol,Co. Offaly,Goods vehicles,All years,Kilometres,18277
Average Kilometres Travelled,2018,Petrol,Co. Offaly,Motor cycles,All years,Kilometres,2655
Average Kilometres Travelled,2018,Petrol,Co. Offaly,Tractors & Machinery,All years,Kilometres,12840
Average Kilometres Travelled,2018,Petrol,Co. Offaly,Small PSVs,All years,Kilometres,27047
Average Kilometres Travelled,2018,Petrol,Co. Offaly,Large PSVs,All years,Kilometres,0
Average Kilometres Travelled,2018,Petrol,Co. Offaly,Exempt vehicles,All years,Kilometres,17246
Average Kilometres Travelled,2018,Petrol,Co. Offaly,Other vehicles,All years,Kilometres,4008
Average Kilometres Travelled,2018,Petrol,Co. Westmeath,Private cars,All years,Kilometres,13906
Average Kilometres Travelled,2018,Petrol,Co. Westmeath,Goods vehicles,All years,Kilometres,17557
Average Kilometres Travelled,2018,Petrol,Co. Westmeath,Motor cycles,All years,Kilometres,2705
Average Kilometres Travelled,2018,Petrol,Co. Westmeath,Tractors & Machinery,All years,Kilometres,8202
Average Kilometres Travelled,2018,Petrol,Co. Westmeath,Small PSVs,All years,Kilometres,44625
Average Kilometres Travelled,2018,Petrol,Co. Westmeath,Large PSVs,All years,Kilometres,0
Average Kilometres Travelled,2018,Petrol,Co. Westmeath,Exempt vehicles,All years,Kilometres,14658
Average Kilometres Travelled,2018,Petrol,Co. Westmeath,Other vehicles,All years,Kilometres,3785
Average Kilometres Travelled,2018,Petrol,Co. Wexford,Private cars,All years,Kilometres,13939
Average Kilometres Travelled,2018,Petrol,Co. Wexford,Goods vehicles,All years,Kilometres,18234
Average Kilometres Travelled,2018,Petrol,Co. Wexford,Motor cycles,All years,Kilometres,2657
Average Kilometres Travelled,2018,Petrol,Co. Wexford,Tractors & Machinery,All years,Kilometres,20458
Average Kilometres Travelled,2018,Petrol,Co. Wexford,Small PSVs,All years,Kilometres,32718
Average Kilometres Travelled,2018,Petrol,Co. Wexford,Large PSVs,All years,Kilometres,0
Average Kilometres Travelled,2018,Petrol,Co. Wexford,Exempt vehicles,All years,Kilometres,14931
Average Kilometres Travelled,2018,Petrol,Co. Wexford,Other vehicles,All years,Kilometres,3917
Average Kilometres Travelled,2018,Petrol,Co. Wicklow,Private cars,All years,Kilometres,13411
Average Kilometres Travelled,2018,Petrol,Co. Wicklow,Goods vehicles,All years,Kilometres,13991
Average Kilometres Travelled,2018,Petrol,Co. Wicklow,Motor cycles,All years,Kilometres,2719
Average Kilometres Travelled,2018,Petrol,Co. Wicklow,Tractors & Machinery,All years,Kilometres,17946
Average Kilometres Travelled,2018,Petrol,Co. Wicklow,Small PSVs,All years,Kilometres,31013
Average Kilometres Travelled,2018,Petrol,Co. Wicklow,Large PSVs,All years,Kilometres,0
Average Kilometres Travelled,2018,Petrol,Co. Wicklow,Exempt vehicles,All years,Kilometres,14323
Average Kilometres Travelled,2018,Petrol,Co. Wicklow,Other vehicles,All years,Kilometres,3910
Average Kilometres Travelled,2018,Petrol,Co. Clare,Private cars,All years,Kilometres,14197
Average Kilometres Travelled,2018,Petrol,Co. Clare,Goods vehicles,All years,Kilometres,16218
Average Kilometres Travelled,2018,Petrol,Co. Clare,Motor cycles,All years,Kilometres,2726
Average Kilometres Travelled,2018,Petrol,Co. Clare,Tractors & Machinery,All years,Kilometres,18563
Average Kilometres Travelled,2018,Petrol,Co. Clare,Small PSVs,All years,Kilometres,37659
Average Kilometres Travelled,2018,Petrol,Co. Clare,Large PSVs,All years,Kilometres,0
Average Kilometres Travelled,2018,Petrol,Co. Clare,Exempt vehicles,All years,Kilometres,15184
Average Kilometres Travelled,2018,Petrol,Co. Clare,Other vehicles,All years,Kilometres,3909
Average Kilometres Travelled,2018,Petrol,Co. Cork,Private cars,All years,Kilometres,13069
Average Kilometres Travelled,2018,Petrol,Co. Cork,Goods vehicles,All years,Kilometres,15418
Average Kilometres Travelled,2018,Petrol,Co. Cork,Motor cycles,All years,Kilometres,2688
Average Kilometres Travelled,2018,Petrol,Co. Cork,Tractors & Machinery,All years,Kilometres,14208
Average Kilometres Travelled,2018,Petrol,Co. Cork,Small PSVs,All years,Kilometres,34145
Average Kilometres Travelled,2018,Petrol,Co. Cork,Large PSVs,All years,Kilometres,22327
Average Kilometres Travelled,2018,Petrol,Co. Cork,Exempt vehicles,All years,Kilometres,13754
Average Kilometres Travelled,2018,Petrol,Co. Cork,Other vehicles,All years,Kilometres,3932
Average Kilometres Travelled,2018,Petrol,Co. Kerry,Private cars,All years,Kilometres,13894
Average Kilometres Travelled,2018,Petrol,Co. Kerry,Goods vehicles,All years,Kilometres,16893
Average Kilometres Travelled,2018,Petrol,Co. Kerry,Motor cycles,All years,Kilometres,2680
Average Kilometres Travelled,2018,Petrol,Co. Kerry,Tractors & Machinery,All years,Kilometres,11726
Average Kilometres Travelled,2018,Petrol,Co. Kerry,Small PSVs,All years,Kilometres,31022
Average Kilometres Travelled,2018,Petrol,Co. Kerry,Large PSVs,All years,Kilometres,0
Average Kilometres Travelled,2018,Petrol,Co. Kerry,Exempt vehicles,All years,Kilometres,13053
Average Kilometres Travelled,2018,Petrol,Co. Kerry,Other vehicles,All years,Kilometres,3863
Average Kilometres Travelled,2018,Petrol,Co. Limerick,Private cars,All years,Kilometres,13466
Average Kilometres Travelled,2018,Petrol,Co. Limerick,Goods vehicles,All years,Kilometres,21985
Average Kilometres Travelled,2018,Petrol,Co. Limerick,Motor cycles,All years,Kilometres,2700
Average Kilometres Travelled,2018,Petrol,Co. Limerick,Tractors & Machinery,All years,Kilometres,8943
Average Kilometres Travelled,2018,Petrol,Co. Limerick,Small PSVs,All years,Kilometres,37139
Average Kilometres Travelled,2018,Petrol,Co. Limerick,Large PSVs,All years,Kilometres,0
Average Kilometres Travelled,2018,Petrol,Co. Limerick,Exempt vehicles,All years,Kilometres,11887
Average Kilometres Travelled,2018,Petrol,Co. Limerick,Other vehicles,All years,Kilometres,3978
Average Kilometres Travelled,2018,Petrol,Co. Tipperary,Private cars,All years,Kilometres,14237
Average Kilometres Travelled,2018,Petrol,Co. Tipperary,Goods vehicles,All years,Kilometres,17043
Average Kilometres Travelled,2018,Petrol,Co. Tipperary,Motor cycles,All years,Kilometres,2692
Average Kilometres Travelled,2018,Petrol,Co. Tipperary,Tractors & Machinery,All years,Kilometres,14992
Average Kilometres Travelled,2018,Petrol,Co. Tipperary,Small PSVs,All years,Kilometres,33700
Average Kilometres Travelled,2018,Petrol,Co. Tipperary,Large PSVs,All years,Kilometres,0
Average Kilometres Travelled,2018,Petrol,Co. Tipperary,Exempt vehicles,All years,Kilometres,14815
Average Kilometres Travelled,2018,Petrol,Co. Tipperary,Other vehicles,All years,Kilometres,3785
Average Kilometres Travelled,2018,Petrol,Co. Waterford,Private cars,All years,Kilometres,13136
Average Kilometres Travelled,2018,Petrol,Co. Waterford,Goods vehicles,All years,Kilometres,15646
Average Kilometres Travelled,2018,Petrol,Co. Waterford,Motor cycles,All years,Kilometres,2646
Average Kilometres Travelled,2018,Petrol,Co. Waterford,Tractors & Machinery,All years,Kilometres,9513
Average Kilometres Travelled,2018,Petrol,Co. Waterford,Small PSVs,All years,Kilometres,29906
Average Kilometres Travelled,2018,Petrol,Co. Waterford,Large PSVs,All years,Kilometres,24420
Average Kilometres Travelled,2018,Petrol,Co. Waterford,Exempt vehicles,All years,Kilometres,13837
Average Kilometres Travelled,2018,Petrol,Co. Waterford,Other vehicles,All years,Kilometres,3868
Average Kilometres Travelled,2018,Petrol,Co. Galway,Private cars,All years,Kilometres,13557
Average Kilometres Travelled,2018,Petrol,Co. Galway,Goods vehicles,All years,Kilometres,15838
Average Kilometres Travelled,2018,Petrol,Co. Galway,Motor cycles,All years,Kilometres,2700
Average Kilometres Travelled,2018,Petrol,Co. Galway,Tractors & Machinery,All years,Kilometres,9917
Average Kilometres Travelled,2018,Petrol,Co. Galway,Small PSVs,All years,Kilometres,36620
Average Kilometres Travelled,2018,Petrol,Co. Galway,Large PSVs,All years,Kilometres,20763
Average Kilometres Travelled,2018,Petrol,Co. Galway,Exempt vehicles,All years,Kilometres,18220
Average Kilometres Travelled,2018,Petrol,Co. Galway,Other vehicles,All years,Kilometres,4575
Average Kilometres Travelled,2018,Petrol,Co. Leitrim,Private cars,All years,Kilometres,14583
Average Kilometres Travelled,2018,Petrol,Co. Leitrim,Goods vehicles,All years,Kilometres,17188
Average Kilometres Travelled,2018,Petrol,Co. Leitrim,Motor cycles,All years,Kilometres,2725
Average Kilometres Travelled,2018,Petrol,Co. Leitrim,Tractors & Machinery,All years,Kilometres,16790
Average Kilometres Travelled,2018,Petrol,Co. Leitrim,Small PSVs,All years,Kilometres,28807
Average Kilometres Travelled,2018,Petrol,Co. Leitrim,Large PSVs,All years,Kilometres,46772
Average Kilometres Travelled,2018,Petrol,Co. Leitrim,Exempt vehicles,All years,Kilometres,19165
Average Kilometres Travelled,2018,Petrol,Co. Leitrim,Other vehicles,All years,Kilometres,3996
Average Kilometres Travelled,2018,Petrol,Co. Mayo,Private cars,All years,Kilometres,13987
Average Kilometres Travelled,2018,Petrol,Co. Mayo,Goods vehicles,All years,Kilometres,15440
Average Kilometres Travelled,2018,Petrol,Co. Mayo,Motor cycles,All years,Kilometres,2718
Average Kilometres Travelled,2018,Petrol,Co. Mayo,Tractors & Machinery,All years,Kilometres,15312
Average Kilometres Travelled,2018,Petrol,Co. Mayo,Small PSVs,All years,Kilometres,32492
Average Kilometres Travelled,2018,Petrol,Co. Mayo,Large PSVs,All years,Kilometres,0
Average Kilometres Travelled,2018,Petrol,Co. Mayo,Exempt vehicles,All years,Kilometres,14204
Average Kilometres Travelled,2018,Petrol,Co. Mayo,Other vehicles,All years,Kilometres,3975
Average Kilometres Travelled,2018,Petrol,Co. Roscommon,Private cars,All years,Kilometres,15377
Average Kilometres Travelled,2018,Petrol,Co. Roscommon,Goods vehicles,All years,Kilometres,19148
Average Kilometres Travelled,2018,Petrol,Co. Roscommon,Motor cycles,All years,Kilometres,2724
Average Kilometres Travelled,2018,Petrol,Co. Roscommon,Tractors & Machinery,All years,Kilometres,16081
Average Kilometres Travelled,2018,Petrol,Co. Roscommon,Small PSVs,All years,Kilometres,24440
Average Kilometres Travelled,2018,Petrol,Co. Roscommon,Large PSVs,All years,Kilometres,0
Average Kilometres Travelled,2018,Petrol,Co. Roscommon,Exempt vehicles,All years,Kilometres,17880
Average Kilometres Travelled,2018,Petrol,Co. Roscommon,Other vehicles,All years,Kilometres,4091
Average Kilometres Travelled,2018,Petrol,Co. Sligo,Private cars,All years,Kilometres,13425
Average Kilometres Travelled,2018,Petrol,Co. Sligo,Goods vehicles,All years,Kilometres,17276
Average Kilometres Travelled,2018,Petrol,Co. Sligo,Motor cycles,All years,Kilometres,2648
Average Kilometres Travelled,2018,Petrol,Co. Sligo,Tractors & Machinery,All years,Kilometres,6164
Average Kilometres Travelled,2018,Petrol,Co. Sligo,Small PSVs,All years,Kilometres,27395
Average Kilometres Travelled,2018,Petrol,Co. Sligo,Large PSVs,All years,Kilometres,30727
Average Kilometres Travelled,2018,Petrol,Co. Sligo,Exempt vehicles,All years,Kilometres,14201
Average Kilometres Travelled,2018,Petrol,Co. Sligo,Other vehicles,All years,Kilometres,3776
Average Kilometres Travelled,2018,Petrol,Co. Cavan,Private cars,All years,Kilometres,14218
Average Kilometres Travelled,2018,Petrol,Co. Cavan,Goods vehicles,All years,Kilometres,15121
Average Kilometres Travelled,2018,Petrol,Co. Cavan,Motor cycles,All years,Kilometres,2709
Average Kilometres Travelled,2018,Petrol,Co. Cavan,Tractors & Machinery,All years,Kilometres,14975
Average Kilometres Travelled,2018,Petrol,Co. Cavan,Small PSVs,All years,Kilometres,35873
Average Kilometres Travelled,2018,Petrol,Co. Cavan,Large PSVs,All years,Kilometres,0
Average Kilometres Travelled,2018,Petrol,Co. Cavan,Exempt vehicles,All years,Kilometres,17118
Average Kilometres Travelled,2018,Petrol,Co. Cavan,Other vehicles,All years,Kilometres,3949
Average Kilometres Travelled,2018,Petrol,Co. Donegal,Private cars,All years,Kilometres,13877
Average Kilometres Travelled,2018,Petrol,Co. Donegal,Goods vehicles,All years,Kilometres,16215
Average Kilometres Travelled,2018,Petrol,Co. Donegal,Motor cycles,All years,Kilometres,2792
Average Kilometres Travelled,2018,Petrol,Co. Donegal,Tractors & Machinery,All years,Kilometres,17041
Average Kilometres Travelled,2018,Petrol,Co. Donegal,Small PSVs,All years,Kilometres,34794
Average Kilometres Travelled,2018,Petrol,Co. Donegal,Large PSVs,All years,Kilometres,32478
Average Kilometres Travelled,2018,Petrol,Co. Donegal,Exempt vehicles,All years,Kilometres,15080
Average Kilometres Travelled,2018,Petrol,Co. Donegal,Other vehicles,All years,Kilometres,4412
Average Kilometres Travelled,2018,Petrol,Co. Monaghan,Private cars,All years,Kilometres,13781
Average Kilometres Travelled,2018,Petrol,Co. Monaghan,Goods vehicles,All years,Kilometres,18088
Average Kilometres Travelled,2018,Petrol,Co. Monaghan,Motor cycles,All years,Kilometres,2779
Average Kilometres Travelled,2018,Petrol,Co. Monaghan,Tractors & Machinery,All years,Kilometres,22669
Average Kilometres Travelled,2018,Petrol,Co. Monaghan,Small PSVs,All years,Kilometres,13925
Average Kilometres Travelled,2018,Petrol,Co. Monaghan,Large PSVs,All years,Kilometres,0
Average Kilometres Travelled,2018,Petrol,Co. Monaghan,Exempt vehicles,All years,Kilometres,13624
Average Kilometres Travelled,2018,Petrol,Co. Monaghan,Other vehicles,All years,Kilometres,3921
Average Kilometres Travelled,2018,Diesel,Co. Carlow,Private cars,All years,Kilometres,21731
Average Kilometres Travelled,2018,Diesel,Co. Carlow,Goods vehicles,All years,Kilometres,22292
Average Kilometres Travelled,2018,Diesel,Co. Carlow,Motor cycles,All years,Kilometres,0
Average Kilometres Travelled,2018,Diesel,Co. Carlow,Tractors & Machinery,All years,Kilometres,16161
Average Kilometres Travelled,2018,Diesel,Co. Carlow,Small PSVs,All years,Kilometres,36675
Average Kilometres Travelled,2018,Diesel,Co. Carlow,Large PSVs,All years,Kilometres,29084
Average Kilometres Travelled,2018,Diesel,Co. Carlow,Exempt vehicles,All years,Kilometres,15105
Average Kilometres Travelled,2018,Diesel,Co. Carlow,Other vehicles,All years,Kilometres,7749
Average Kilometres Travelled,2018,Diesel,Co. Dublin,Private cars,All years,Kilometres,18106
Average Kilometres Travelled,2018,Diesel,Co. Dublin,Goods vehicles,All years,Kilometres,23773
Average Kilometres Travelled,2018,Diesel,Co. Dublin,Motor cycles,All years,Kilometres,3285
Average Kilometres Travelled,2018,Diesel,Co. Dublin,Tractors & Machinery,All years,Kilometres,16254
Average Kilometres Travelled,2018,Diesel,Co. Dublin,Small PSVs,All years,Kilometres,38924
Average Kilometres Travelled,2018,Diesel,Co. Dublin,Large PSVs,All years,Kilometres,42333
Average Kilometres Travelled,2018,Diesel,Co. Dublin,Exempt vehicles,All years,Kilometres,14831
Average Kilometres Travelled,2018,Diesel,Co. Dublin,Other vehicles,All years,Kilometres,10769
Average Kilometres Travelled,2018,Diesel,Co. Kildare,Private cars,All years,Kilometres,20909
Average Kilometres Travelled,2018,Diesel,Co. Kildare,Goods vehicles,All years,Kilometres,23483
Average Kilometres Travelled,2018,Diesel,Co. Kildare,Motor cycles,All years,Kilometres,3188
Average Kilometres Travelled,2018,Diesel,Co. Kildare,Tractors & Machinery,All years,Kilometres,16828
Average Kilometres Travelled,2018,Diesel,Co. Kildare,Small PSVs,All years,Kilometres,42279
Average Kilometres Travelled,2018,Diesel,Co. Kildare,Large PSVs,All years,Kilometres,33159
Average Kilometres Travelled,2018,Diesel,Co. Kildare,Exempt vehicles,All years,Kilometres,15866
Average Kilometres Travelled,2018,Diesel,Co. Kildare,Other vehicles,All years,Kilometres,8215
Average Kilometres Travelled,2018,Diesel,Co. Kilkenny,Private cars,All years,Kilometres,21750
Average Kilometres Travelled,2018,Diesel,Co. Kilkenny,Goods vehicles,All years,Kilometres,23015
Average Kilometres Travelled,2018,Diesel,Co. Kilkenny,Motor cycles,All years,Kilometres,3099
Average Kilometres Travelled,2018,Diesel,Co. Kilkenny,Tractors & Machinery,All years,Kilometres,16989
Average Kilometres Travelled,2018,Diesel,Co. Kilkenny,Small PSVs,All years,Kilometres,41711
Average Kilometres Travelled,2018,Diesel,Co. Kilkenny,Large PSVs,All years,Kilometres,36376
Average Kilometres Travelled,2018,Diesel,Co. Kilkenny,Exempt vehicles,All years,Kilometres,22543
Average Kilometres Travelled,2018,Diesel,Co. Kilkenny,Other vehicles,All years,Kilometres,6410
Average Kilometres Travelled,2018,Diesel,Co. Laois,Private cars,All years,Kilometres,22299
Average Kilometres Travelled,2018,Diesel,Co. Laois,Goods vehicles,All years,Kilometres,23285
Average Kilometres Travelled,2018,Diesel,Co. Laois,Motor cycles,All years,Kilometres,1878
Average Kilometres Travelled,2018,Diesel,Co. Laois,Tractors & Machinery,All years,Kilometres,16481
Average Kilometres Travelled,2018,Diesel,Co. Laois,Small PSVs,All years,Kilometres,41725
Average Kilometres Travelled,2018,Diesel,Co. Laois,Large PSVs,All years,Kilometres,27685
Average Kilometres Travelled,2018,Diesel,Co. Laois,Exempt vehicles,All years,Kilometres,15155
Average Kilometres Travelled,2018,Diesel,Co. Laois,Other vehicles,All years,Kilometres,6538
Average Kilometres Travelled,2018,Diesel,Co. Longford,Private cars,All years,Kilometres,22723
Average Kilometres Travelled,2018,Diesel,Co. Longford,Goods vehicles,All years,Kilometres,22284
Average Kilometres Travelled,2018,Diesel,Co. Longford,Motor cycles,All years,Kilometres,0
Average Kilometres Travelled,2018,Diesel,Co. Longford,Tractors & Machinery,All years,Kilometres,17368
Average Kilometres Travelled,2018,Diesel,Co. Longford,Small PSVs,All years,Kilometres,45547
Average Kilometres Travelled,2018,Diesel,Co. Longford,Large PSVs,All years,Kilometres,29505
Average Kilometres Travelled,2018,Diesel,Co. Longford,Exempt vehicles,All years,Kilometres,18082
Average Kilometres Travelled,2018,Diesel,Co. Longford,Other vehicles,All years,Kilometres,5223
Average Kilometres Travelled,2018,Diesel,Co. Louth,Private cars,All years,Kilometres,20613
Average Kilometres Travelled,2018,Diesel,Co. Louth,Goods vehicles,All years,Kilometres,23105
Average Kilometres Travelled,2018,Diesel,Co. Louth,Motor cycles,All years,Kilometres,2700
Average Kilometres Travelled,2018,Diesel,Co. Louth,Tractors & Machinery,All years,Kilometres,17535
Average Kilometres Travelled,2018,Diesel,Co. Louth,Small PSVs,All years,Kilometres,42713
Average Kilometres Travelled,2018,Diesel,Co. Louth,Large PSVs,All years,Kilometres,36526
Average Kilometres Travelled,2018,Diesel,Co. Louth,Exempt vehicles,All years,Kilometres,15609
Average Kilometres Travelled,2018,Diesel,Co. Louth,Other vehicles,All years,Kilometres,7505
Average Kilometres Travelled,2018,Diesel,Co. Meath,Private cars,All years,Kilometres,21197
Average Kilometres Travelled,2018,Diesel,Co. Meath,Goods vehicles,All years,Kilometres,24164
Average Kilometres Travelled,2018,Diesel,Co. Meath,Motor cycles,All years,Kilometres,2316
Average Kilometres Travelled,2018,Diesel,Co. Meath,Tractors & Machinery,All years,Kilometres,17204
Average Kilometres Travelled,2018,Diesel,Co. Meath,Small PSVs,All years,Kilometres,43365
Average Kilometres Travelled,2018,Diesel,Co. Meath,Large PSVs,All years,Kilometres,29368
Average Kilometres Travelled,2018,Diesel,Co. Meath,Exempt vehicles,All years,Kilometres,16854
Average Kilometres Travelled,2018,Diesel,Co. Meath,Other vehicles,All years,Kilometres,8021
Average Kilometres Travelled,2018,Diesel,Co. Offaly,Private cars,All years,Kilometres,22055
Average Kilometres Travelled,2018,Diesel,Co. Offaly,Goods vehicles,All years,Kilometres,21368
Average Kilometres Travelled,2018,Diesel,Co. Offaly,Motor cycles,All years,Kilometres,2974
Average Kilometres Travelled,2018,Diesel,Co. Offaly,Tractors & Machinery,All years,Kilometres,17806
Average Kilometres Travelled,2018,Diesel,Co. Offaly,Small PSVs,All years,Kilometres,38703
Average Kilometres Travelled,2018,Diesel,Co. Offaly,Large PSVs,All years,Kilometres,31809
Average Kilometres Travelled,2018,Diesel,Co. Offaly,Exempt vehicles,All years,Kilometres,17908
Average Kilometres Travelled,2018,Diesel,Co. Offaly,Other vehicles,All years,Kilometres,5558
Average Kilometres Travelled,2018,Diesel,Co. Westmeath,Private cars,All years,Kilometres,22035
Average Kilometres Travelled,2018,Diesel,Co. Westmeath,Goods vehicles,All years,Kilometres,21435
Average Kilometres Travelled,2018,Diesel,Co. Westmeath,Motor cycles,All years,Kilometres,0
Average Kilometres Travelled,2018,Diesel,Co. Westmeath,Tractors & Machinery,All years,Kilometres,17452
Average Kilometres Travelled,2018,Diesel,Co. Westmeath,Small PSVs,All years,Kilometres,41908
Average Kilometres Travelled,2018,Diesel,Co. Westmeath,Large PSVs,All years,Kilometres,32343
Average Kilometres Travelled,2018,Diesel,Co. Westmeath,Exempt vehicles,All years,Kilometres,16923
Average Kilometres Travelled,2018,Diesel,Co. Westmeath,Other vehicles,All years,Kilometres,5974
Average Kilometres Travelled,2018,Diesel,Co. Wexford,Private cars,All years,Kilometres,21408
Average Kilometres Travelled,2018,Diesel,Co. Wexford,Goods vehicles,All years,Kilometres,23907
Average Kilometres Travelled,2018,Diesel,Co. Wexford,Motor cycles,All years,Kilometres,1679
Average Kilometres Travelled,2018,Diesel,Co. Wexford,Tractors & Machinery,All years,Kilometres,17115
Average Kilometres Travelled,2018,Diesel,Co. Wexford,Small PSVs,All years,Kilometres,38864
Average Kilometres Travelled,2018,Diesel,Co. Wexford,Large PSVs,All years,Kilometres,33918
Average Kilometres Travelled,2018,Diesel,Co. Wexford,Exempt vehicles,All years,Kilometres,15837
Average Kilometres Travelled,2018,Diesel,Co. Wexford,Other vehicles,All years,Kilometres,6777
Average Kilometres Travelled,2018,Diesel,Co. Wicklow,Private cars,All years,Kilometres,20400
Average Kilometres Travelled,2018,Diesel,Co. Wicklow,Goods vehicles,All years,Kilometres,21220
Average Kilometres Travelled,2018,Diesel,Co. Wicklow,Motor cycles,All years,Kilometres,3491
Average Kilometres Travelled,2018,Diesel,Co. Wicklow,Tractors & Machinery,All years,Kilometres,16557
Average Kilometres Travelled,2018,Diesel,Co. Wicklow,Small PSVs,All years,Kilometres,39012
Average Kilometres Travelled,2018,Diesel,Co. Wicklow,Large PSVs,All years,Kilometres,35257
Average Kilometres Travelled,2018,Diesel,Co. Wicklow,Exempt vehicles,All years,Kilometres,14766
Average Kilometres Travelled,2018,Diesel,Co. Wicklow,Other vehicles,All years,Kilometres,7790
Average Kilometres Travelled,2018,Diesel,Co. Clare,Private cars,All years,Kilometres,22021
Average Kilometres Travelled,2018,Diesel,Co. Clare,Goods vehicles,All years,Kilometres,20978
Average Kilometres Travelled,2018,Diesel,Co. Clare,Motor cycles,All years,Kilometres,3069
Average Kilometres Travelled,2018,Diesel,Co. Clare,Tractors & Machinery,All years,Kilometres,18033
Average Kilometres Travelled,2018,Diesel,Co. Clare,Small PSVs,All years,Kilometres,40004
Average Kilometres Travelled,2018,Diesel,Co. Clare,Large PSVs,All years,Kilometres,30913
Average Kilometres Travelled,2018,Diesel,Co. Clare,Exempt vehicles,All years,Kilometres,15329
Average Kilometres Travelled,2018,Diesel,Co. Clare,Other vehicles,All years,Kilometres,5366
Average Kilometres Travelled,2018,Diesel,Co. Cork,Private cars,All years,Kilometres,20070
Average Kilometres Travelled,2018,Diesel,Co. Cork,Goods vehicles,All years,Kilometres,21185
Average Kilometres Travelled,2018,Diesel,Co. Cork,Motor cycles,All years,Kilometres,3086
Average Kilometres Travelled,2018,Diesel,Co. Cork,Tractors & Machinery,All years,Kilometres,17000
Average Kilometres Travelled,2018,Diesel,Co. Cork,Small PSVs,All years,Kilometres,40366
Average Kilometres Travelled,2018,Diesel,Co. Cork,Large PSVs,All years,Kilometres,32398
Average Kilometres Travelled,2018,Diesel,Co. Cork,Exempt vehicles,All years,Kilometres,15669
Average Kilometres Travelled,2018,Diesel,Co. Cork,Other vehicles,All years,Kilometres,6343
Average Kilometres Travelled,2018,Diesel,Co. Kerry,Private cars,All years,Kilometres,20986
Average Kilometres Travelled,2018,Diesel,Co. Kerry,Goods vehicles,All years,Kilometres,20532
Average Kilometres Travelled,2018,Diesel,Co. Kerry,Motor cycles,All years,Kilometres,0
Average Kilometres Travelled,2018,Diesel,Co. Kerry,Tractors & Machinery,All years,Kilometres,17151
Average Kilometres Travelled,2018,Diesel,Co. Kerry,Small PSVs,All years,Kilometres,39217
Average Kilometres Travelled,2018,Diesel,Co. Kerry,Large PSVs,All years,Kilometres,35008
Average Kilometres Travelled,2018,Diesel,Co. Kerry,Exempt vehicles,All years,Kilometres,14474
Average Kilometres Travelled,2018,Diesel,Co. Kerry,Other vehicles,All years,Kilometres,5229
Average Kilometres Travelled,2018,Diesel,Co. Limerick,Private cars,All years,Kilometres,21374
Average Kilometres Travelled,2018,Diesel,Co. Limerick,Goods vehicles,All years,Kilometres,23594
Average Kilometres Travelled,2018,Diesel,Co. Limerick,Motor cycles,All years,Kilometres,2964
Average Kilometres Travelled,2018,Diesel,Co. Limerick,Tractors & Machinery,All years,Kilometres,17168
Average Kilometres Travelled,2018,Diesel,Co. Limerick,Small PSVs,All years,Kilometres,40262
Average Kilometres Travelled,2018,Diesel,Co. Limerick,Large PSVs,All years,Kilometres,34691
Average Kilometres Travelled,2018,Diesel,Co. Limerick,Exempt vehicles,All years,Kilometres,13493
Average Kilometres Travelled,2018,Diesel,Co. Limerick,Other vehicles,All years,Kilometres,6144
Average Kilometres Travelled,2018,Diesel,Co. Tipperary,Private cars,All years,Kilometres,22269
Average Kilometres Travelled,2018,Diesel,Co. Tipperary,Goods vehicles,All years,Kilometres,21670
Average Kilometres Travelled,2018,Diesel,Co. Tipperary,Motor cycles,All years,Kilometres,3484
Average Kilometres Travelled,2018,Diesel,Co. Tipperary,Tractors & Machinery,All years,Kilometres,17390
Average Kilometres Travelled,2018,Diesel,Co. Tipperary,Small PSVs,All years,Kilometres,40310
Average Kilometres Travelled,2018,Diesel,Co. Tipperary,Large PSVs,All years,Kilometres,32432
Average Kilometres Travelled,2018,Diesel,Co. Tipperary,Exempt vehicles,All years,Kilometres,14988
Average Kilometres Travelled,2018,Diesel,Co. Tipperary,Other vehicles,All years,Kilometres,6264
Average Kilometres Travelled,2018,Diesel,Co. Waterford,Private cars,All years,Kilometres,20775
Average Kilometres Travelled,2018,Diesel,Co. Waterford,Goods vehicles,All years,Kilometres,19980
Average Kilometres Travelled,2018,Diesel,Co. Waterford,Motor cycles,All years,Kilometres,0
Average Kilometres Travelled,2018,Diesel,Co. Waterford,Tractors & Machinery,All years,Kilometres,17051
Average Kilometres Travelled,2018,Diesel,Co. Waterford,Small PSVs,All years,Kilometres,39709
Average Kilometres Travelled,2018,Diesel,Co. Waterford,Large PSVs,All years,Kilometres,31091
Average Kilometres Travelled,2018,Diesel,Co. Waterford,Exempt vehicles,All years,Kilometres,15200
Average Kilometres Travelled,2018,Diesel,Co. Waterford,Other vehicles,All years,Kilometres,6481
Average Kilometres Travelled,2018,Diesel,Co. Galway,Private cars,All years,Kilometres,21388
Average Kilometres Travelled,2018,Diesel,Co. Galway,Goods vehicles,All years,Kilometres,21087
Average Kilometres Travelled,2018,Diesel,Co. Galway,Motor cycles,All years,Kilometres,3594
Average Kilometres Travelled,2018,Diesel,Co. Galway,Tractors & Machinery,All years,Kilometres,17822
Average Kilometres Travelled,2018,Diesel,Co. Galway,Small PSVs,All years,Kilometres,40693
Average Kilometres Travelled,2018,Diesel,Co. Galway,Large PSVs,All years,Kilometres,35122
Average Kilometres Travelled,2018,Diesel,Co. Galway,Exempt vehicles,All years,Kilometres,21289
Average Kilometres Travelled,2018,Diesel,Co. Galway,Other vehicles,All years,Kilometres,6434
Average Kilometres Travelled,2018,Diesel,Co. Leitrim,Private cars,All years,Kilometres,22280
Average Kilometres Travelled,2018,Diesel,Co. Leitrim,Goods vehicles,All years,Kilometres,20648
Average Kilometres Travelled,2018,Diesel,Co. Leitrim,Motor cycles,All years,Kilometres,0
Average Kilometres Travelled,2018,Diesel,Co. Leitrim,Tractors & Machinery,All years,Kilometres,18237
Average Kilometres Travelled,2018,Diesel,Co. Leitrim,Small PSVs,All years,Kilometres,42972
Average Kilometres Travelled,2018,Diesel,Co. Leitrim,Large PSVs,All years,Kilometres,21930
Average Kilometres Travelled,2018,Diesel,Co. Leitrim,Exempt vehicles,All years,Kilometres,16916
Average Kilometres Travelled,2018,Diesel,Co. Leitrim,Other vehicles,All years,Kilometres,4555
Average Kilometres Travelled,2018,Diesel,Co. Mayo,Private cars,All years,Kilometres,21443
Average Kilometres Travelled,2018,Diesel,Co. Mayo,Goods vehicles,All years,Kilometres,20270
Average Kilometres Travelled,2018,Diesel,Co. Mayo,Motor cycles,All years,Kilometres,2496
Average Kilometres Travelled,2018,Diesel,Co. Mayo,Tractors & Machinery,All years,Kilometres,17463
Average Kilometres Travelled,2018,Diesel,Co. Mayo,Small PSVs,All years,Kilometres,38369
Average Kilometres Travelled,2018,Diesel,Co. Mayo,Large PSVs,All years,Kilometres,37492
Average Kilometres Travelled,2018,Diesel,Co. Mayo,Exempt vehicles,All years,Kilometres,16619
Average Kilometres Travelled,2018,Diesel,Co. Mayo,Other vehicles,All years,Kilometres,7962
Average Kilometres Travelled,2018,Diesel,Co. Roscommon,Private cars,All years,Kilometres,23317
Average Kilometres Travelled,2018,Diesel,Co. Roscommon,Goods vehicles,All years,Kilometres,21571
Average Kilometres Travelled,2018,Diesel,Co. Roscommon,Motor cycles,All years,Kilometres,3263
Average Kilometres Travelled,2018,Diesel,Co. Roscommon,Tractors & Machinery,All years,Kilometres,18124
Average Kilometres Travelled,2018,Diesel,Co. Roscommon,Small PSVs,All years,Kilometres,39171
Average Kilometres Travelled,2018,Diesel,Co. Roscommon,Large PSVs,All years,Kilometres,31650
Average Kilometres Travelled,2018,Diesel,Co. Roscommon,Exempt vehicles,All years,Kilometres,18017
Average Kilometres Travelled,2018,Diesel,Co. Roscommon,Other vehicles,All years,Kilometres,5118
Average Kilometres Travelled,2018,Diesel,Co. Sligo,Private cars,All years,Kilometres,21324
Average Kilometres Travelled,2018,Diesel,Co. Sligo,Goods vehicles,All years,Kilometres,20076
Average Kilometres Travelled,2018,Diesel,Co. Sligo,Motor cycles,All years,Kilometres,2841
Average Kilometres Travelled,2018,Diesel,Co. Sligo,Tractors & Machinery,All years,Kilometres,18033
Average Kilometres Travelled,2018,Diesel,Co. Sligo,Small PSVs,All years,Kilometres,40359
Average Kilometres Travelled,2018,Diesel,Co. Sligo,Large PSVs,All years,Kilometres,34914
Average Kilometres Travelled,2018,Diesel,Co. Sligo,Exempt vehicles,All years,Kilometres,15878
Average Kilometres Travelled,2018,Diesel,Co. Sligo,Other vehicles,All years,Kilometres,5470
Average Kilometres Travelled,2018,Diesel,Co. Cavan,Private cars,All years,Kilometres,21887
Average Kilometres Travelled,2018,Diesel,Co. Cavan,Goods vehicles,All years,Kilometres,22176
Average Kilometres Travelled,2018,Diesel,Co. Cavan,Motor cycles,All years,Kilometres,3490
Average Kilometres Travelled,2018,Diesel,Co. Cavan,Tractors & Machinery,All years,Kilometres,17166
Average Kilometres Travelled,2018,Diesel,Co. Cavan,Small PSVs,All years,Kilometres,44035
Average Kilometres Travelled,2018,Diesel,Co. Cavan,Large PSVs,All years,Kilometres,39077
Average Kilometres Travelled,2018,Diesel,Co. Cavan,Exempt vehicles,All years,Kilometres,16703
Average Kilometres Travelled,2018,Diesel,Co. Cavan,Other vehicles,All years,Kilometres,7343
Average Kilometres Travelled,2018,Diesel,Co. Donegal,Private cars,All years,Kilometres,20550
Average Kilometres Travelled,2018,Diesel,Co. Donegal,Goods vehicles,All years,Kilometres,19758
Average Kilometres Travelled,2018,Diesel,Co. Donegal,Motor cycles,All years,Kilometres,3286
Average Kilometres Travelled,2018,Diesel,Co. Donegal,Tractors & Machinery,All years,Kilometres,18819
Average Kilometres Travelled,2018,Diesel,Co. Donegal,Small PSVs,All years,Kilometres,40661
Average Kilometres Travelled,2018,Diesel,Co. Donegal,Large PSVs,All years,Kilometres,32838
Average Kilometres Travelled,2018,Diesel,Co. Donegal,Exempt vehicles,All years,Kilometres,16275
Average Kilometres Travelled,2018,Diesel,Co. Donegal,Other vehicles,All years,Kilometres,5356
Average Kilometres Travelled,2018,Diesel,Co. Monaghan,Private cars,All years,Kilometres,21584
Average Kilometres Travelled,2018,Diesel,Co. Monaghan,Goods vehicles,All years,Kilometres,25043
Average Kilometres Travelled,2018,Diesel,Co. Monaghan,Motor cycles,All years,Kilometres,3491
Average Kilometres Travelled,2018,Diesel,Co. Monaghan,Tractors & Machinery,All years,Kilometres,18225
Average Kilometres Travelled,2018,Diesel,Co. Monaghan,Small PSVs,All years,Kilometres,42500
Average Kilometres Travelled,2018,Diesel,Co. Monaghan,Large PSVs,All years,Kilometres,45258
Average Kilometres Travelled,2018,Diesel,Co. Monaghan,Exempt vehicles,All years,Kilometres,15294
Average Kilometres Travelled,2018,Diesel,Co. Monaghan,Other vehicles,All years,Kilometres,5725
Average Kilometres Travelled,2018,Other fuel types,Co. Carlow,Private cars,All years,Kilometres,14091
Average Kilometres Travelled,2018,Other fuel types,Co. Carlow,Goods vehicles,All years,Kilometres,4613
Average Kilometres Travelled,2018,Other fuel types,Co. Carlow,Motor cycles,All years,Kilometres,3398
Average Kilometres Travelled,2018,Other fuel types,Co. Carlow,Tractors & Machinery,All years,Kilometres,0
Average Kilometres Travelled,2018,Other fuel types,Co. Carlow,Small PSVs,All years,Kilometres,46208
Average Kilometres Travelled,2018,Other fuel types,Co. Carlow,Large PSVs,All years,Kilometres,0
Average Kilometres Travelled,2018,Other fuel types,Co. Carlow,Exempt vehicles,All years,Kilometres,16364
Average Kilometres Travelled,2018,Other fuel types,Co. Carlow,Other vehicles,All years,Kilometres,3812
Average Kilometres Travelled,2018,Other fuel types,Co. Dublin,Private cars,All years,Kilometres,12847
Average Kilometres Travelled,2018,Other fuel types,Co. Dublin,Goods vehicles,All years,Kilometres,13369
Average Kilometres Travelled,2018,Other fuel types,Co. Dublin,Motor cycles,All years,Kilometres,3140
Average Kilometres Travelled,2018,Other fuel types,Co. Dublin,Tractors & Machinery,All years,Kilometres,6463
Average Kilometres Travelled,2018,Other fuel types,Co. Dublin,Small PSVs,All years,Kilometres,40334
Average Kilometres Travelled,2018,Other fuel types,Co. Dublin,Large PSVs,All years,Kilometres,0
Average Kilometres Travelled,2018,Other fuel types,Co. Dublin,Exempt vehicles,All years,Kilometres,12592
Average Kilometres Travelled,2018,Other fuel types,Co. Dublin,Other vehicles,All years,Kilometres,4666
Average Kilometres Travelled,2018,Other fuel types,Co. Kildare,Private cars,All years,Kilometres,13913
Average Kilometres Travelled,2018,Other fuel types,Co. Kildare,Goods vehicles,All years,Kilometres,29518
Average Kilometres Travelled,2018,Other fuel types,Co. Kildare,Motor cycles,All years,Kilometres,3296
Average Kilometres Travelled,2018,Other fuel types,Co. Kildare,Tractors & Machinery,All years,Kilometres,12971
Average Kilometres Travelled,2018,Other fuel types,Co. Kildare,Small PSVs,All years,Kilometres,46971
Average Kilometres Travelled,2018,Other fuel types,Co. Kildare,Large PSVs,All years,Kilometres,0
Average Kilometres Travelled,2018,Other fuel types,Co. Kildare,Exempt vehicles,All years,Kilometres,13569
Average Kilometres Travelled,2018,Other fuel types,Co. Kildare,Other vehicles,All years,Kilometres,3799
Average Kilometres Travelled,2018,Other fuel types,Co. Kilkenny,Private cars,All years,Kilometres,14358
Average Kilometres Travelled,2018,Other fuel types,Co. Kilkenny,Goods vehicles,All years,Kilometres,20006
Average Kilometres Travelled,2018,Other fuel types,Co. Kilkenny,Motor cycles,All years,Kilometres,0
Average Kilometres Travelled,2018,Other fuel types,Co. Kilkenny,Tractors & Machinery,All years,Kilometres,14483
Average Kilometres Travelled,2018,Other fuel types,Co. Kilkenny,Small PSVs,All years,Kilometres,42451
Average Kilometres Travelled,2018,Other fuel types,Co. Kilkenny,Large PSVs,All years,Kilometres,0
Average Kilometres Travelled,2018,Other fuel types,Co. Kilkenny,Exempt vehicles,All years,Kilometres,21825
Average Kilometres Travelled,2018,Other fuel types,Co. Kilkenny,Other vehicles,All years,Kilometres,3757
Average Kilometres Travelled,2018,Other fuel types,Co. Laois,Private cars,All years,Kilometres,14586
Average Kilometres Travelled,2018,Other fuel types,Co. Laois,Goods vehicles,All years,Kilometres,16211
Average Kilometres Travelled,2018,Other fuel types,Co. Laois,Motor cycles,All years,Kilometres,0
Average Kilometres Travelled,2018,Other fuel types,Co. Laois,Tractors & Machinery,All years,Kilometres,6536
Average Kilometres Travelled,2018,Other fuel types,Co. Laois,Small PSVs,All years,Kilometres,40606
Average Kilometres Travelled,2018,Other fuel types,Co. Laois,Large PSVs,All years,Kilometres,0
Average Kilometres Travelled,2018,Other fuel types,Co. Laois,Exempt vehicles,All years,Kilometres,14157
Average Kilometres Travelled,2018,Other fuel types,Co. Laois,Other vehicles,All years,Kilometres,7184
Average Kilometres Travelled,2018,Other fuel types,Co. Longford,Private cars,All years,Kilometres,14004
Average Kilometres Travelled,2018,Other fuel types,Co. Longford,Goods vehicles,All years,Kilometres,9118
Average Kilometres Travelled,2018,Other fuel types,Co. Longford,Motor cycles,All years,Kilometres,3490
Average Kilometres Travelled,2018,Other fuel types,Co. Longford,Tractors & Machinery,All years,Kilometres,0
Average Kilometres Travelled,2018,Other fuel types,Co. Longford,Small PSVs,All years,Kilometres,0
Average Kilometres Travelled,2018,Other fuel types,Co. Longford,Large PSVs,All years,Kilometres,0
Average Kilometres Travelled,2018,Other fuel types,Co. Longford,Exempt vehicles,All years,Kilometres,18683
Average Kilometres Travelled,2018,Other fuel types,Co. Longford,Other vehicles,All years,Kilometres,3795
Average Kilometres Travelled,2018,Other fuel types,Co. Louth,Private cars,All years,Kilometres,13414
Average Kilometres Travelled,2018,Other fuel types,Co. Louth,Goods vehicles,All years,Kilometres,8761
Average Kilometres Travelled,2018,Other fuel types,Co. Louth,Motor cycles,All years,Kilometres,3600
Average Kilometres Travelled,2018,Other fuel types,Co. Louth,Tractors & Machinery,All years,Kilometres,0
Average Kilometres Travelled,2018,Other fuel types,Co. Louth,Small PSVs,All years,Kilometres,42247
Average Kilometres Travelled,2018,Other fuel types,Co. Louth,Large PSVs,All years,Kilometres,0
Average Kilometres Travelled,2018,Other fuel types,Co. Louth,Exempt vehicles,All years,Kilometres,14270
Average Kilometres Travelled,2018,Other fuel types,Co. Louth,Other vehicles,All years,Kilometres,3788
Average Kilometres Travelled,2018,Other fuel types,Co. Meath,Private cars,All years,Kilometres,14103
Average Kilometres Travelled,2018,Other fuel types,Co. Meath,Goods vehicles,All years,Kilometres,33952
Average Kilometres Travelled,2018,Other fuel types,Co. Meath,Motor cycles,All years,Kilometres,3599
Average Kilometres Travelled,2018,Other fuel types,Co. Meath,Tractors & Machinery,All years,Kilometres,0
Average Kilometres Travelled,2018,Other fuel types,Co. Meath,Small PSVs,All years,Kilometres,47298
Average Kilometres Travelled,2018,Other fuel types,Co. Meath,Large PSVs,All years,Kilometres,0
Average Kilometres Travelled,2018,Other fuel types,Co. Meath,Exempt vehicles,All years,Kilometres,16885
Average Kilometres Travelled,2018,Other fuel types,Co. Meath,Other vehicles,All years,Kilometres,6693
Average Kilometres Travelled,2018,Other fuel types,Co. Offaly,Private cars,All years,Kilometres,14503
Average Kilometres Travelled,2018,Other fuel types,Co. Offaly,Goods vehicles,All years,Kilometres,11768
Average Kilometres Travelled,2018,Other fuel types,Co. Offaly,Motor cycles,All years,Kilometres,2906
Average Kilometres Travelled,2018,Other fuel types,Co. Offaly,Tractors & Machinery,All years,Kilometres,0
Average Kilometres Travelled,2018,Other fuel types,Co. Offaly,Small PSVs,All years,Kilometres,39761
Average Kilometres Travelled,2018,Other fuel types,Co. Offaly,Large PSVs,All years,Kilometres,0
Average Kilometres Travelled,2018,Other fuel types,Co. Offaly,Exempt vehicles,All years,Kilometres,19585
Average Kilometres Travelled,2018,Other fuel types,Co. Offaly,Other vehicles,All years,Kilometres,3820
Average Kilometres Travelled,2018,Other fuel types,Co. Westmeath,Private cars,All years,Kilometres,14009
Average Kilometres Travelled,2018,Other fuel types,Co. Westmeath,Goods vehicles,All years,Kilometres,18376
Average Kilometres Travelled,2018,Other fuel types,Co. Westmeath,Motor cycles,All years,Kilometres,3386
Average Kilometres Travelled,2018,Other fuel types,Co. Westmeath,Tractors & Machinery,All years,Kilometres,0
Average Kilometres Travelled,2018,Other fuel types,Co. Westmeath,Small PSVs,All years,Kilometres,49190
Average Kilometres Travelled,2018,Other fuel types,Co. Westmeath,Large PSVs,All years,Kilometres,0
Average Kilometres Travelled,2018,Other fuel types,Co. Westmeath,Exempt vehicles,All years,Kilometres,17600
Average Kilometres Travelled,2018,Other fuel types,Co. Westmeath,Other vehicles,All years,Kilometres,3820
Average Kilometres Travelled,2018,Other fuel types,Co. Wexford,Private cars,All years,Kilometres,14132
Average Kilometres Travelled,2018,Other fuel types,Co. Wexford,Goods vehicles,All years,Kilometres,22018
Average Kilometres Travelled,2018,Other fuel types,Co. Wexford,Motor cycles,All years,Kilometres,3169
Average Kilometres Travelled,2018,Other fuel types,Co. Wexford,Tractors & Machinery,All years,Kilometres,10892
Average Kilometres Travelled,2018,Other fuel types,Co. Wexford,Small PSVs,All years,Kilometres,41015
Average Kilometres Travelled,2018,Other fuel types,Co. Wexford,Large PSVs,All years,Kilometres,0
Average Kilometres Travelled,2018,Other fuel types,Co. Wexford,Exempt vehicles,All years,Kilometres,13444
Average Kilometres Travelled,2018,Other fuel types,Co. Wexford,Other vehicles,All years,Kilometres,3804
Average Kilometres Travelled,2018,Other fuel types,Co. Wicklow,Private cars,All years,Kilometres,13915
Average Kilometres Travelled,2018,Other fuel types,Co. Wicklow,Goods vehicles,All years,Kilometres,20804
Average Kilometres Travelled,2018,Other fuel types,Co. Wicklow,Motor cycles,All years,Kilometres,2734
Average Kilometres Travelled,2018,Other fuel types,Co. Wicklow,Tractors & Machinery,All years,Kilometres,14401
Average Kilometres Travelled,2018,Other fuel types,Co. Wicklow,Small PSVs,All years,Kilometres,39995
Average Kilometres Travelled,2018,Other fuel types,Co. Wicklow,Large PSVs,All years,Kilometres,0
Average Kilometres Travelled,2018,Other fuel types,Co. Wicklow,Exempt vehicles,All years,Kilometres,16392
Average Kilometres Travelled,2018,Other fuel types,Co. Wicklow,Other vehicles,All years,Kilometres,6568
Average Kilometres Travelled,2018,Other fuel types,Co. Clare,Private cars,All years,Kilometres,14078
Average Kilometres Travelled,2018,Other fuel types,Co. Clare,Goods vehicles,All years,Kilometres,31296
Average Kilometres Travelled,2018,Other fuel types,Co. Clare,Motor cycles,All years,Kilometres,2656
Average Kilometres Travelled,2018,Other fuel types,Co. Clare,Tractors & Machinery,All years,Kilometres,6639
Average Kilometres Travelled,2018,Other fuel types,Co. Clare,Small PSVs,All years,Kilometres,37397
Average Kilometres Travelled,2018,Other fuel types,Co. Clare,Large PSVs,All years,Kilometres,0
Average Kilometres Travelled,2018,Other fuel types,Co. Clare,Exempt vehicles,All years,Kilometres,14792
Average Kilometres Travelled,2018,Other fuel types,Co. Clare,Other vehicles,All years,Kilometres,3832
Average Kilometres Travelled,2018,Other fuel types,Co. Cork,Private cars,All years,Kilometres,13355
Average Kilometres Travelled,2018,Other fuel types,Co. Cork,Goods vehicles,All years,Kilometres,17245
Average Kilometres Travelled,2018,Other fuel types,Co. Cork,Motor cycles,All years,Kilometres,2905
Average Kilometres Travelled,2018,Other fuel types,Co. Cork,Tractors & Machinery,All years,Kilometres,11271
Average Kilometres Travelled,2018,Other fuel types,Co. Cork,Small PSVs,All years,Kilometres,45327
Average Kilometres Travelled,2018,Other fuel types,Co. Cork,Large PSVs,All years,Kilometres,0
Average Kilometres Travelled,2018,Other fuel types,Co. Cork,Exempt vehicles,All years,Kilometres,15664
Average Kilometres Travelled,2018,Other fuel types,Co. Cork,Other vehicles,All years,Kilometres,5060
Average Kilometres Travelled,2018,Other fuel types,Co. Kerry,Private cars,All years,Kilometres,13780
Average Kilometres Travelled,2018,Other fuel types,Co. Kerry,Goods vehicles,All years,Kilometres,17129
Average Kilometres Travelled,2018,Other fuel types,Co. Kerry,Motor cycles,All years,Kilometres,2734
Average Kilometres Travelled,2018,Other fuel types,Co. Kerry,Tractors & Machinery,All years,Kilometres,9677
Average Kilometres Travelled,2018,Other fuel types,Co. Kerry,Small PSVs,All years,Kilometres,35898
Average Kilometres Travelled,2018,Other fuel types,Co. Kerry,Large PSVs,All years,Kilometres,0
Average Kilometres Travelled,2018,Other fuel types,Co. Kerry,Exempt vehicles,All years,Kilometres,14171
Average Kilometres Travelled,2018,Other fuel types,Co. Kerry,Other vehicles,All years,Kilometres,3808
Average Kilometres Travelled,2018,Other fuel types,Co. Limerick,Private cars,All years,Kilometres,13922
Average Kilometres Travelled,2018,Other fuel types,Co. Limerick,Goods vehicles,All years,Kilometres,19703
Average Kilometres Travelled,2018,Other fuel types,Co. Limerick,Motor cycles,All years,Kilometres,3386
Average Kilometres Travelled,2018,Other fuel types,Co. Limerick,Tractors & Machinery,All years,Kilometres,10809
Average Kilometres Travelled,2018,Other fuel types,Co. Limerick,Small PSVs,All years,Kilometres,45386
Average Kilometres Travelled,2018,Other fuel types,Co. Limerick,Large PSVs,All years,Kilometres,0
Average Kilometres Travelled,2018,Other fuel types,Co. Limerick,Exempt vehicles,All years,Kilometres,13504
Average Kilometres Travelled,2018,Other fuel types,Co. Limerick,Other vehicles,All years,Kilometres,9915
Average Kilometres Travelled,2018,Other fuel types,Co. Tipperary,Private cars,All years,Kilometres,13884
Average Kilometres Travelled,2018,Other fuel types,Co. Tipperary,Goods vehicles,All years,Kilometres,14863
Average Kilometres Travelled,2018,Other fuel types,Co. Tipperary,Motor cycles,All years,Kilometres,3489
Average Kilometres Travelled,2018,Other fuel types,Co. Tipperary,Tractors & Machinery,All years,Kilometres,14737
Average Kilometres Travelled,2018,Other fuel types,Co. Tipperary,Small PSVs,All years,Kilometres,38015
Average Kilometres Travelled,2018,Other fuel types,Co. Tipperary,Large PSVs,All years,Kilometres,0
Average Kilometres Travelled,2018,Other fuel types,Co. Tipperary,Exempt vehicles,All years,Kilometres,14422
Average Kilometres Travelled,2018,Other fuel types,Co. Tipperary,Other vehicles,All years,Kilometres,3999
Average Kilometres Travelled,2018,Other fuel types,Co. Waterford,Private cars,All years,Kilometres,13941
Average Kilometres Travelled,2018,Other fuel types,Co. Waterford,Goods vehicles,All years,Kilometres,10794
Average Kilometres Travelled,2018,Other fuel types,Co. Waterford,Motor cycles,All years,Kilometres,3439
Average Kilometres Travelled,2018,Other fuel types,Co. Waterford,Tractors & Machinery,All years,Kilometres,7421
Average Kilometres Travelled,2018,Other fuel types,Co. Waterford,Small PSVs,All years,Kilometres,60184
Average Kilometres Travelled,2018,Other fuel types,Co. Waterford,Large PSVs,All years,Kilometres,0
Average Kilometres Travelled,2018,Other fuel types,Co. Waterford,Exempt vehicles,All years,Kilometres,15768
Average Kilometres Travelled,2018,Other fuel types,Co. Waterford,Other vehicles,All years,Kilometres,3946
Average Kilometres Travelled,2018,Other fuel types,Co. Galway,Private cars,All years,Kilometres,13931
Average Kilometres Travelled,2018,Other fuel types,Co. Galway,Goods vehicles,All years,Kilometres,16971
Average Kilometres Travelled,2018,Other fuel types,Co. Galway,Motor cycles,All years,Kilometres,3468
Average Kilometres Travelled,2018,Other fuel types,Co. Galway,Tractors & Machinery,All years,Kilometres,6439
Average Kilometres Travelled,2018,Other fuel types,Co. Galway,Small PSVs,All years,Kilometres,40620
Average Kilometres Travelled,2018,Other fuel types,Co. Galway,Large PSVs,All years,Kilometres,0
Average Kilometres Travelled,2018,Other fuel types,Co. Galway,Exempt vehicles,All years,Kilometres,21286
Average Kilometres Travelled,2018,Other fuel types,Co. Galway,Other vehicles,All years,Kilometres,6437
Average Kilometres Travelled,2018,Other fuel types,Co. Leitrim,Private cars,All years,Kilometres,14143
Average Kilometres Travelled,2018,Other fuel types,Co. Leitrim,Goods vehicles,All years,Kilometres,0
Average Kilometres Travelled,2018,Other fuel types,Co. Leitrim,Motor cycles,All years,Kilometres,0
Average Kilometres Travelled,2018,Other fuel types,Co. Leitrim,Tractors & Machinery,All years,Kilometres,0
Average Kilometres Travelled,2018,Other fuel types,Co. Leitrim,Small PSVs,All years,Kilometres,0
Average Kilometres Travelled,2018,Other fuel types,Co. Leitrim,Large PSVs,All years,Kilometres,0
Average Kilometres Travelled,2018,Other fuel types,Co. Leitrim,Exempt vehicles,All years,Kilometres,16910
Average Kilometres Travelled,2018,Other fuel types,Co. Leitrim,Other vehicles,All years,Kilometres,3820
Average Kilometres Travelled,2018,Other fuel types,Co. Mayo,Private cars,All years,Kilometres,14191
Average Kilometres Travelled,2018,Other fuel types,Co. Mayo,Goods vehicles,All years,Kilometres,7283
Average Kilometres Travelled,2018,Other fuel types,Co. Mayo,Motor cycles,All years,Kilometres,0
Average Kilometres Travelled,2018,Other fuel types,Co. Mayo,Tractors & Machinery,All years,Kilometres,2395
Average Kilometres Travelled,2018,Other fuel types,Co. Mayo,Small PSVs,All years,Kilometres,54843
Average Kilometres Travelled,2018,Other fuel types,Co. Mayo,Large PSVs,All years,Kilometres,0
Average Kilometres Travelled,2018,Other fuel types,Co. Mayo,Exempt vehicles,All years,Kilometres,16746
Average Kilometres Travelled,2018,Other fuel types,Co. Mayo,Other vehicles,All years,Kilometres,3817
Average Kilometres Travelled,2018,Other fuel types,Co. Roscommon,Private cars,All years,Kilometres,14154
Average Kilometres Travelled,2018,Other fuel types,Co. Roscommon,Goods vehicles,All years,Kilometres,17033
Average Kilometres Travelled,2018,Other fuel types,Co. Roscommon,Motor cycles,All years,Kilometres,3386
Average Kilometres Travelled,2018,Other fuel types,Co. Roscommon,Tractors & Machinery,All years,Kilometres,0
Average Kilometres Travelled,2018,Other fuel types,Co. Roscommon,Small PSVs,All years,Kilometres,0
Average Kilometres Travelled,2018,Other fuel types,Co. Roscommon,Large PSVs,All years,Kilometres,0
Average Kilometres Travelled,2018,Other fuel types,Co. Roscommon,Exempt vehicles,All years,Kilometres,18791
Average Kilometres Travelled,2018,Other fuel types,Co. Roscommon,Other vehicles,All years,Kilometres,3820
Average Kilometres Travelled,2018,Other fuel types,Co. Sligo,Private cars,All years,Kilometres,13852
Average Kilometres Travelled,2018,Other fuel types,Co. Sligo,Goods vehicles,All years,Kilometres,21110
Average Kilometres Travelled,2018,Other fuel types,Co. Sligo,Motor cycles,All years,Kilometres,0
Average Kilometres Travelled,2018,Other fuel types,Co. Sligo,Tractors & Machinery,All years,Kilometres,0
Average Kilometres Travelled,2018,Other fuel types,Co. Sligo,Small PSVs,All years,Kilometres,25759
Average Kilometres Travelled,2018,Other fuel types,Co. Sligo,Large PSVs,All years,Kilometres,0
Average Kilometres Travelled,2018,Other fuel types,Co. Sligo,Exempt vehicles,All years,Kilometres,16488
Average Kilometres Travelled,2018,Other fuel types,Co. Sligo,Other vehicles,All years,Kilometres,3757
Average Kilometres Travelled,2018,Other fuel types,Co. Cavan,Private cars,All years,Kilometres,14062
Average Kilometres Travelled,2018,Other fuel types,Co. Cavan,Goods vehicles,All years,Kilometres,34309
Average Kilometres Travelled,2018,Other fuel types,Co. Cavan,Motor cycles,All years,Kilometres,0
Average Kilometres Travelled,2018,Other fuel types,Co. Cavan,Tractors & Machinery,All years,Kilometres,14212
Average Kilometres Travelled,2018,Other fuel types,Co. Cavan,Small PSVs,All years,Kilometres,42873
Average Kilometres Travelled,2018,Other fuel types,Co. Cavan,Large PSVs,All years,Kilometres,0
Average Kilometres Travelled,2018,Other fuel types,Co. Cavan,Exempt vehicles,All years,Kilometres,21408
Average Kilometres Travelled,2018,Other fuel types,Co. Cavan,Other vehicles,All years,Kilometres,3934
Average Kilometres Travelled,2018,Other fuel types,Co. Donegal,Private cars,All years,Kilometres,14304
Average Kilometres Travelled,2018,Other fuel types,Co. Donegal,Goods vehicles,All years,Kilometres,13049
Average Kilometres Travelled,2018,Other fuel types,Co. Donegal,Motor cycles,All years,Kilometres,0
Average Kilometres Travelled,2018,Other fuel types,Co. Donegal,Tractors & Machinery,All years,Kilometres,3183
Average Kilometres Travelled,2018,Other fuel types,Co. Donegal,Small PSVs,All years,Kilometres,59004
Average Kilometres Travelled,2018,Other fuel types,Co. Donegal,Large PSVs,All years,Kilometres,0
Average Kilometres Travelled,2018,Other fuel types,Co. Donegal,Exempt vehicles,All years,Kilometres,16797
Average Kilometres Travelled,2018,Other fuel types,Co. Donegal,Other vehicles,All years,Kilometres,3820
Average Kilometres Travelled,2018,Other fuel types,Co. Monaghan,Private cars,All years,Kilometres,13791
Average Kilometres Travelled,2018,Other fuel types,Co. Monaghan,Goods vehicles,All years,Kilometres,27181
Average Kilometres Travelled,2018,Other fuel types,Co. Monaghan,Motor cycles,All years,Kilometres,0
Average Kilometres Travelled,2018,Other fuel types,Co. Monaghan,Tractors & Machinery,All years,Kilometres,12277
Average Kilometres Travelled,2018,Other fuel types,Co. Monaghan,Small PSVs,All years,Kilometres,0
Average Kilometres Travelled,2018,Other fuel types,Co. Monaghan,Large PSVs,All years,Kilometres,0
Average Kilometres Travelled,2018,Other fuel types,Co. Monaghan,Exempt vehicles,All years,Kilometres,16009
Average Kilometres Travelled,2018,Other fuel types,Co. Monaghan,Other vehicles,All years,Kilometres,3832
Average Kilometres Travelled,2019,Petrol,Co. Carlow,Private cars,All years,Kilometres,13013
Average Kilometres Travelled,2019,Petrol,Co. Carlow,Goods vehicles,All years,Kilometres,11776
Average Kilometres Travelled,2019,Petrol,Co. Carlow,Motor cycles,All years,Kilometres,2657
Average Kilometres Travelled,2019,Petrol,Co. Carlow,Tractors & Machinery,All years,Kilometres,15011
Average Kilometres Travelled,2019,Petrol,Co. Carlow,Small PSVs,All years,Kilometres,21955
Average Kilometres Travelled,2019,Petrol,Co. Carlow,Large PSVs,All years,Kilometres,0
Average Kilometres Travelled,2019,Petrol,Co. Carlow,Exempt vehicles,All years,Kilometres,12488
Average Kilometres Travelled,2019,Petrol,Co. Carlow,Other vehicles,All years,Kilometres,3816
Average Kilometres Travelled,2019,Petrol,Co. Dublin,Private cars,All years,Kilometres,10268
Average Kilometres Travelled,2019,Petrol,Co. Dublin,Goods vehicles,All years,Kilometres,16376
Average Kilometres Travelled,2019,Petrol,Co. Dublin,Motor cycles,All years,Kilometres,2813
Average Kilometres Travelled,2019,Petrol,Co. Dublin,Tractors & Machinery,All years,Kilometres,13666
Average Kilometres Travelled,2019,Petrol,Co. Dublin,Small PSVs,All years,Kilometres,34699
Average Kilometres Travelled,2019,Petrol,Co. Dublin,Large PSVs,All years,Kilometres,32438
Average Kilometres Travelled,2019,Petrol,Co. Dublin,Exempt vehicles,All years,Kilometres,11641
Average Kilometres Travelled,2019,Petrol,Co. Dublin,Other vehicles,All years,Kilometres,3719
Average Kilometres Travelled,2019,Petrol,Co. Kildare,Private cars,All years,Kilometres,12763
Average Kilometres Travelled,2019,Petrol,Co. Kildare,Goods vehicles,All years,Kilometres,16066
Average Kilometres Travelled,2019,Petrol,Co. Kildare,Motor cycles,All years,Kilometres,2743
Average Kilometres Travelled,2019,Petrol,Co. Kildare,Tractors & Machinery,All years,Kilometres,12851
Average Kilometres Travelled,2019,Petrol,Co. Kildare,Small PSVs,All years,Kilometres,41868
Average Kilometres Travelled,2019,Petrol,Co. Kildare,Large PSVs,All years,Kilometres,0
Average Kilometres Travelled,2019,Petrol,Co. Kildare,Exempt vehicles,All years,Kilometres,13547
Average Kilometres Travelled,2019,Petrol,Co. Kildare,Other vehicles,All years,Kilometres,3843
Average Kilometres Travelled,2019,Petrol,Co. Kilkenny,Private cars,All years,Kilometres,13135
Average Kilometres Travelled,2019,Petrol,Co. Kilkenny,Goods vehicles,All years,Kilometres,13692
Average Kilometres Travelled,2019,Petrol,Co. Kilkenny,Motor cycles,All years,Kilometres,2665
Average Kilometres Travelled,2019,Petrol,Co. Kilkenny,Tractors & Machinery,All years,Kilometres,15982
Average Kilometres Travelled,2019,Petrol,Co. Kilkenny,Small PSVs,All years,Kilometres,36742
Average Kilometres Travelled,2019,Petrol,Co. Kilkenny,Large PSVs,All years,Kilometres,0
Average Kilometres Travelled,2019,Petrol,Co. Kilkenny,Exempt vehicles,All years,Kilometres,16318
Average Kilometres Travelled,2019,Petrol,Co. Kilkenny,Other vehicles,All years,Kilometres,3718
Average Kilometres Travelled,2019,Petrol,Co. Laois,Private cars,All years,Kilometres,13589
Average Kilometres Travelled,2019,Petrol,Co. Laois,Goods vehicles,All years,Kilometres,15423
Average Kilometres Travelled,2019,Petrol,Co. Laois,Motor cycles,All years,Kilometres,2691
Average Kilometres Travelled,2019,Petrol,Co. Laois,Tractors & Machinery,All years,Kilometres,5256
Average Kilometres Travelled,2019,Petrol,Co. Laois,Small PSVs,All years,Kilometres,32677
Average Kilometres Travelled,2019,Petrol,Co. Laois,Large PSVs,All years,Kilometres,0
Average Kilometres Travelled,2019,Petrol,Co. Laois,Exempt vehicles,All years,Kilometres,12937
Average Kilometres Travelled,2019,Petrol,Co. Laois,Other vehicles,All years,Kilometres,3633
Average Kilometres Travelled,2019,Petrol,Co. Longford,Private cars,All years,Kilometres,13223
Average Kilometres Travelled,2019,Petrol,Co. Longford,Goods vehicles,All years,Kilometres,16827
Average Kilometres Travelled,2019,Petrol,Co. Longford,Motor cycles,All years,Kilometres,2690
Average Kilometres Travelled,2019,Petrol,Co. Longford,Tractors & Machinery,All years,Kilometres,16566
Average Kilometres Travelled,2019,Petrol,Co. Longford,Small PSVs,All years,Kilometres,53021
Average Kilometres Travelled,2019,Petrol,Co. Longford,Large PSVs,All years,Kilometres,0
Average Kilometres Travelled,2019,Petrol,Co. Longford,Exempt vehicles,All years,Kilometres,14128
Average Kilometres Travelled,2019,Petrol,Co. Longford,Other vehicles,All years,Kilometres,4003
Average Kilometres Travelled,2019,Petrol,Co. Louth,Private cars,All years,Kilometres,12440
Average Kilometres Travelled,2019,Petrol,Co. Louth,Goods vehicles,All years,Kilometres,21673
Average Kilometres Travelled,2019,Petrol,Co. Louth,Motor cycles,All years,Kilometres,2778
Average Kilometres Travelled,2019,Petrol,Co. Louth,Tractors & Machinery,All years,Kilometres,5510
Average Kilometres Travelled,2019,Petrol,Co. Louth,Small PSVs,All years,Kilometres,31384
Average Kilometres Travelled,2019,Petrol,Co. Louth,Large PSVs,All years,Kilometres,0
Average Kilometres Travelled,2019,Petrol,Co. Louth,Exempt vehicles,All years,Kilometres,13567
Average Kilometres Travelled,2019,Petrol,Co. Louth,Other vehicles,All years,Kilometres,3695
Average Kilometres Travelled,2019,Petrol,Co. Meath,Private cars,All years,Kilometres,13324
Average Kilometres Travelled,2019,Petrol,Co. Meath,Goods vehicles,All years,Kilometres,15529
Average Kilometres Travelled,2019,Petrol,Co. Meath,Motor cycles,All years,Kilometres,2745
Average Kilometres Travelled,2019,Petrol,Co. Meath,Tractors & Machinery,All years,Kilometres,13711
Average Kilometres Travelled,2019,Petrol,Co. Meath,Small PSVs,All years,Kilometres,38754
Average Kilometres Travelled,2019,Petrol,Co. Meath,Large PSVs,All years,Kilometres,33210
Average Kilometres Travelled,2019,Petrol,Co. Meath,Exempt vehicles,All years,Kilometres,14859
Average Kilometres Travelled,2019,Petrol,Co. Meath,Other vehicles,All years,Kilometres,3679
Average Kilometres Travelled,2019,Petrol,Co. Offaly,Private cars,All years,Kilometres,13301
Average Kilometres Travelled,2019,Petrol,Co. Offaly,Goods vehicles,All years,Kilometres,15418
Average Kilometres Travelled,2019,Petrol,Co. Offaly,Motor cycles,All years,Kilometres,2669
Average Kilometres Travelled,2019,Petrol,Co. Offaly,Tractors & Machinery,All years,Kilometres,12355
Average Kilometres Travelled,2019,Petrol,Co. Offaly,Small PSVs,All years,Kilometres,25963
Average Kilometres Travelled,2019,Petrol,Co. Offaly,Large PSVs,All years,Kilometres,0
Average Kilometres Travelled,2019,Petrol,Co. Offaly,Exempt vehicles,All years,Kilometres,14240
Average Kilometres Travelled,2019,Petrol,Co. Offaly,Other vehicles,All years,Kilometres,3750
Average Kilometres Travelled,2019,Petrol,Co. Westmeath,Private cars,All years,Kilometres,13220
Average Kilometres Travelled,2019,Petrol,Co. Westmeath,Goods vehicles,All years,Kilometres,17466
Average Kilometres Travelled,2019,Petrol,Co. Westmeath,Motor cycles,All years,Kilometres,2689
Average Kilometres Travelled,2019,Petrol,Co. Westmeath,Tractors & Machinery,All years,Kilometres,7660
Average Kilometres Travelled,2019,Petrol,Co. Westmeath,Small PSVs,All years,Kilometres,40139
Average Kilometres Travelled,2019,Petrol,Co. Westmeath,Large PSVs,All years,Kilometres,0
Average Kilometres Travelled,2019,Petrol,Co. Westmeath,Exempt vehicles,All years,Kilometres,14618
Average Kilometres Travelled,2019,Petrol,Co. Westmeath,Other vehicles,All years,Kilometres,3846
Average Kilometres Travelled,2019,Petrol,Co. Wexford,Private cars,All years,Kilometres,13217
Average Kilometres Travelled,2019,Petrol,Co. Wexford,Goods vehicles,All years,Kilometres,16539
Average Kilometres Travelled,2019,Petrol,Co. Wexford,Motor cycles,All years,Kilometres,2669
Average Kilometres Travelled,2019,Petrol,Co. Wexford,Tractors & Machinery,All years,Kilometres,19744
Average Kilometres Travelled,2019,Petrol,Co. Wexford,Small PSVs,All years,Kilometres,37250
Average Kilometres Travelled,2019,Petrol,Co. Wexford,Large PSVs,All years,Kilometres,0
Average Kilometres Travelled,2019,Petrol,Co. Wexford,Exempt vehicles,All years,Kilometres,13446
Average Kilometres Travelled,2019,Petrol,Co. Wexford,Other vehicles,All years,Kilometres,3816
Average Kilometres Travelled,2019,Petrol,Co. Wicklow,Private cars,All years,Kilometres,12695
Average Kilometres Travelled,2019,Petrol,Co. Wicklow,Goods vehicles,All years,Kilometres,13634
Average Kilometres Travelled,2019,Petrol,Co. Wicklow,Motor cycles,All years,Kilometres,2717
Average Kilometres Travelled,2019,Petrol,Co. Wicklow,Tractors & Machinery,All years,Kilometres,19320
Average Kilometres Travelled,2019,Petrol,Co. Wicklow,Small PSVs,All years,Kilometres,31144
Average Kilometres Travelled,2019,Petrol,Co. Wicklow,Large PSVs,All years,Kilometres,0
Average Kilometres Travelled,2019,Petrol,Co. Wicklow,Exempt vehicles,All years,Kilometres,13023
Average Kilometres Travelled,2019,Petrol,Co. Wicklow,Other vehicles,All years,Kilometres,3752
Average Kilometres Travelled,2019,Petrol,Co. Clare,Private cars,All years,Kilometres,13504
Average Kilometres Travelled,2019,Petrol,Co. Clare,Goods vehicles,All years,Kilometres,18043
Average Kilometres Travelled,2019,Petrol,Co. Clare,Motor cycles,All years,Kilometres,2724
Average Kilometres Travelled,2019,Petrol,Co. Clare,Tractors & Machinery,All years,Kilometres,17559
Average Kilometres Travelled,2019,Petrol,Co. Clare,Small PSVs,All years,Kilometres,38712
Average Kilometres Travelled,2019,Petrol,Co. Clare,Large PSVs,All years,Kilometres,0
Average Kilometres Travelled,2019,Petrol,Co. Clare,Exempt vehicles,All years,Kilometres,14121
Average Kilometres Travelled,2019,Petrol,Co. Clare,Other vehicles,All years,Kilometres,3712
Average Kilometres Travelled,2019,Petrol,Co. Cork,Private cars,All years,Kilometres,12384
Average Kilometres Travelled,2019,Petrol,Co. Cork,Goods vehicles,All years,Kilometres,14554
Average Kilometres Travelled,2019,Petrol,Co. Cork,Motor cycles,All years,Kilometres,2695
Average Kilometres Travelled,2019,Petrol,Co. Cork,Tractors & Machinery,All years,Kilometres,13078
Average Kilometres Travelled,2019,Petrol,Co. Cork,Small PSVs,All years,Kilometres,32495
Average Kilometres Travelled,2019,Petrol,Co. Cork,Large PSVs,All years,Kilometres,25257
Average Kilometres Travelled,2019,Petrol,Co. Cork,Exempt vehicles,All years,Kilometres,13820
Average Kilometres Travelled,2019,Petrol,Co. Cork,Other vehicles,All years,Kilometres,3746
Average Kilometres Travelled,2019,Petrol,Co. Kerry,Private cars,All years,Kilometres,13185
Average Kilometres Travelled,2019,Petrol,Co. Kerry,Goods vehicles,All years,Kilometres,14534
Average Kilometres Travelled,2019,Petrol,Co. Kerry,Motor cycles,All years,Kilometres,2693
Average Kilometres Travelled,2019,Petrol,Co. Kerry,Tractors & Machinery,All years,Kilometres,11386
Average Kilometres Travelled,2019,Petrol,Co. Kerry,Small PSVs,All years,Kilometres,30996
Average Kilometres Travelled,2019,Petrol,Co. Kerry,Large PSVs,All years,Kilometres,0
Average Kilometres Travelled,2019,Petrol,Co. Kerry,Exempt vehicles,All years,Kilometres,12510
Average Kilometres Travelled,2019,Petrol,Co. Kerry,Other vehicles,All years,Kilometres,3739
Average Kilometres Travelled,2019,Petrol,Co. Limerick,Private cars,All years,Kilometres,12766
Average Kilometres Travelled,2019,Petrol,Co. Limerick,Goods vehicles,All years,Kilometres,20181
Average Kilometres Travelled,2019,Petrol,Co. Limerick,Motor cycles,All years,Kilometres,2712
Average Kilometres Travelled,2019,Petrol,Co. Limerick,Tractors & Machinery,All years,Kilometres,9157
Average Kilometres Travelled,2019,Petrol,Co. Limerick,Small PSVs,All years,Kilometres,34863
Average Kilometres Travelled,2019,Petrol,Co. Limerick,Large PSVs,All years,Kilometres,0
Average Kilometres Travelled,2019,Petrol,Co. Limerick,Exempt vehicles,All years,Kilometres,12122
Average Kilometres Travelled,2019,Petrol,Co. Limerick,Other vehicles,All years,Kilometres,3845
Average Kilometres Travelled,2019,Petrol,Co. Tipperary,Private cars,All years,Kilometres,13572
Average Kilometres Travelled,2019,Petrol,Co. Tipperary,Goods vehicles,All years,Kilometres,16892
Average Kilometres Travelled,2019,Petrol,Co. Tipperary,Motor cycles,All years,Kilometres,2680
Average Kilometres Travelled,2019,Petrol,Co. Tipperary,Tractors & Machinery,All years,Kilometres,14303
Average Kilometres Travelled,2019,Petrol,Co. Tipperary,Small PSVs,All years,Kilometres,32723
Average Kilometres Travelled,2019,Petrol,Co. Tipperary,Large PSVs,All years,Kilometres,0
Average Kilometres Travelled,2019,Petrol,Co. Tipperary,Exempt vehicles,All years,Kilometres,14221
Average Kilometres Travelled,2019,Petrol,Co. Tipperary,Other vehicles,All years,Kilometres,3758
Average Kilometres Travelled,2019,Petrol,Co. Waterford,Private cars,All years,Kilometres,12582
Average Kilometres Travelled,2019,Petrol,Co. Waterford,Goods vehicles,All years,Kilometres,14448
Average Kilometres Travelled,2019,Petrol,Co. Waterford,Motor cycles,All years,Kilometres,2645
Average Kilometres Travelled,2019,Petrol,Co. Waterford,Tractors & Machinery,All years,Kilometres,9579
Average Kilometres Travelled,2019,Petrol,Co. Waterford,Small PSVs,All years,Kilometres,30339
Average Kilometres Travelled,2019,Petrol,Co. Waterford,Large PSVs,All years,Kilometres,28191
Average Kilometres Travelled,2019,Petrol,Co. Waterford,Exempt vehicles,All years,Kilometres,12803
Average Kilometres Travelled,2019,Petrol,Co. Waterford,Other vehicles,All years,Kilometres,3797
Average Kilometres Travelled,2019,Petrol,Co. Galway,Private cars,All years,Kilometres,12997
Average Kilometres Travelled,2019,Petrol,Co. Galway,Goods vehicles,All years,Kilometres,16866
Average Kilometres Travelled,2019,Petrol,Co. Galway,Motor cycles,All years,Kilometres,2694
Average Kilometres Travelled,2019,Petrol,Co. Galway,Tractors & Machinery,All years,Kilometres,9220
Average Kilometres Travelled,2019,Petrol,Co. Galway,Small PSVs,All years,Kilometres,35372
Average Kilometres Travelled,2019,Petrol,Co. Galway,Large PSVs,All years,Kilometres,25672
Average Kilometres Travelled,2019,Petrol,Co. Galway,Exempt vehicles,All years,Kilometres,17703
Average Kilometres Travelled,2019,Petrol,Co. Galway,Other vehicles,All years,Kilometres,4260
Average Kilometres Travelled,2019,Petrol,Co. Leitrim,Private cars,All years,Kilometres,13961
Average Kilometres Travelled,2019,Petrol,Co. Leitrim,Goods vehicles,All years,Kilometres,18024
Average Kilometres Travelled,2019,Petrol,Co. Leitrim,Motor cycles,All years,Kilometres,2758
Average Kilometres Travelled,2019,Petrol,Co. Leitrim,Tractors & Machinery,All years,Kilometres,0
Average Kilometres Travelled,2019,Petrol,Co. Leitrim,Small PSVs,All years,Kilometres,0
Average Kilometres Travelled,2019,Petrol,Co. Leitrim,Large PSVs,All years,Kilometres,30859
Average Kilometres Travelled,2019,Petrol,Co. Leitrim,Exempt vehicles,All years,Kilometres,16437
Average Kilometres Travelled,2019,Petrol,Co. Leitrim,Other vehicles,All years,Kilometres,3855
Average Kilometres Travelled,2019,Petrol,Co. Mayo,Private cars,All years,Kilometres,13302
Average Kilometres Travelled,2019,Petrol,Co. Mayo,Goods vehicles,All years,Kilometres,14947
Average Kilometres Travelled,2019,Petrol,Co. Mayo,Motor cycles,All years,Kilometres,2717
Average Kilometres Travelled,2019,Petrol,Co. Mayo,Tractors & Machinery,All years,Kilometres,14706
Average Kilometres Travelled,2019,Petrol,Co. Mayo,Small PSVs,All years,Kilometres,30005
Average Kilometres Travelled,2019,Petrol,Co. Mayo,Large PSVs,All years,Kilometres,0
Average Kilometres Travelled,2019,Petrol,Co. Mayo,Exempt vehicles,All years,Kilometres,13630
Average Kilometres Travelled,2019,Petrol,Co. Mayo,Other vehicles,All years,Kilometres,3920
Average Kilometres Travelled,2019,Petrol,Co. Roscommon,Private cars,All years,Kilometres,15269
Average Kilometres Travelled,2019,Petrol,Co. Roscommon,Goods vehicles,All years,Kilometres,17258
Average Kilometres Travelled,2019,Petrol,Co. Roscommon,Motor cycles,All years,Kilometres,2748
Average Kilometres Travelled,2019,Petrol,Co. Roscommon,Tractors & Machinery,All years,Kilometres,17790
Average Kilometres Travelled,2019,Petrol,Co. Roscommon,Small PSVs,All years,Kilometres,29392
Average Kilometres Travelled,2019,Petrol,Co. Roscommon,Large PSVs,All years,Kilometres,0
Average Kilometres Travelled,2019,Petrol,Co. Roscommon,Exempt vehicles,All years,Kilometres,16520
Average Kilometres Travelled,2019,Petrol,Co. Roscommon,Other vehicles,All years,Kilometres,3930
Average Kilometres Travelled,2019,Petrol,Co. Sligo,Private cars,All years,Kilometres,12766
Average Kilometres Travelled,2019,Petrol,Co. Sligo,Goods vehicles,All years,Kilometres,15955
Average Kilometres Travelled,2019,Petrol,Co. Sligo,Motor cycles,All years,Kilometres,2627
Average Kilometres Travelled,2019,Petrol,Co. Sligo,Tractors & Machinery,All years,Kilometres,6422
Average Kilometres Travelled,2019,Petrol,Co. Sligo,Small PSVs,All years,Kilometres,24117
Average Kilometres Travelled,2019,Petrol,Co. Sligo,Large PSVs,All years,Kilometres,0
Average Kilometres Travelled,2019,Petrol,Co. Sligo,Exempt vehicles,All years,Kilometres,13254
Average Kilometres Travelled,2019,Petrol,Co. Sligo,Other vehicles,All years,Kilometres,3690
Average Kilometres Travelled,2019,Petrol,Co. Cavan,Private cars,All years,Kilometres,13672
Average Kilometres Travelled,2019,Petrol,Co. Cavan,Goods vehicles,All years,Kilometres,16867
Average Kilometres Travelled,2019,Petrol,Co. Cavan,Motor cycles,All years,Kilometres,2756
Average Kilometres Travelled,2019,Petrol,Co. Cavan,Tractors & Machinery,All years,Kilometres,14785
Average Kilometres Travelled,2019,Petrol,Co. Cavan,Small PSVs,All years,Kilometres,35668
Average Kilometres Travelled,2019,Petrol,Co. Cavan,Large PSVs,All years,Kilometres,0
Average Kilometres Travelled,2019,Petrol,Co. Cavan,Exempt vehicles,All years,Kilometres,14987
Average Kilometres Travelled,2019,Petrol,Co. Cavan,Other vehicles,All years,Kilometres,3862
Average Kilometres Travelled,2019,Petrol,Co. Donegal,Private cars,All years,Kilometres,13143
Average Kilometres Travelled,2019,Petrol,Co. Donegal,Goods vehicles,All years,Kilometres,16665
Average Kilometres Travelled,2019,Petrol,Co. Donegal,Motor cycles,All years,Kilometres,2785
Average Kilometres Travelled,2019,Petrol,Co. Donegal,Tractors & Machinery,All years,Kilometres,17883
Average Kilometres Travelled,2019,Petrol,Co. Donegal,Small PSVs,All years,Kilometres,36339
Average Kilometres Travelled,2019,Petrol,Co. Donegal,Large PSVs,All years,Kilometres,30355
Average Kilometres Travelled,2019,Petrol,Co. Donegal,Exempt vehicles,All years,Kilometres,14433
Average Kilometres Travelled,2019,Petrol,Co. Donegal,Other vehicles,All years,Kilometres,4081
Average Kilometres Travelled,2019,Petrol,Co. Monaghan,Private cars,All years,Kilometres,13116
Average Kilometres Travelled,2019,Petrol,Co. Monaghan,Goods vehicles,All years,Kilometres,18534
Average Kilometres Travelled,2019,Petrol,Co. Monaghan,Motor cycles,All years,Kilometres,2764
Average Kilometres Travelled,2019,Petrol,Co. Monaghan,Tractors & Machinery,All years,Kilometres,19496
Average Kilometres Travelled,2019,Petrol,Co. Monaghan,Small PSVs,All years,Kilometres,10135
Average Kilometres Travelled,2019,Petrol,Co. Monaghan,Large PSVs,All years,Kilometres,0
Average Kilometres Travelled,2019,Petrol,Co. Monaghan,Exempt vehicles,All years,Kilometres,12256
Average Kilometres Travelled,2019,Petrol,Co. Monaghan,Other vehicles,All years,Kilometres,3905
Average Kilometres Travelled,2019,Diesel,Co. Carlow,Private cars,All years,Kilometres,20713
Average Kilometres Travelled,2019,Diesel,Co. Carlow,Goods vehicles,All years,Kilometres,22375
Average Kilometres Travelled,2019,Diesel,Co. Carlow,Motor cycles,All years,Kilometres,0
Average Kilometres Travelled,2019,Diesel,Co. Carlow,Tractors & Machinery,All years,Kilometres,15669
Average Kilometres Travelled,2019,Diesel,Co. Carlow,Small PSVs,All years,Kilometres,37737
Average Kilometres Travelled,2019,Diesel,Co. Carlow,Large PSVs,All years,Kilometres,28890
Average Kilometres Travelled,2019,Diesel,Co. Carlow,Exempt vehicles,All years,Kilometres,14253
Average Kilometres Travelled,2019,Diesel,Co. Carlow,Other vehicles,All years,Kilometres,7072
Average Kilometres Travelled,2019,Diesel,Co. Dublin,Private cars,All years,Kilometres,17137
Average Kilometres Travelled,2019,Diesel,Co. Dublin,Goods vehicles,All years,Kilometres,23550
Average Kilometres Travelled,2019,Diesel,Co. Dublin,Motor cycles,All years,Kilometres,3315
Average Kilometres Travelled,2019,Diesel,Co. Dublin,Tractors & Machinery,All years,Kilometres,15762
Average Kilometres Travelled,2019,Diesel,Co. Dublin,Small PSVs,All years,Kilometres,38477
Average Kilometres Travelled,2019,Diesel,Co. Dublin,Large PSVs,All years,Kilometres,39499
Average Kilometres Travelled,2019,Diesel,Co. Dublin,Exempt vehicles,All years,Kilometres,14377
Average Kilometres Travelled,2019,Diesel,Co. Dublin,Other vehicles,All years,Kilometres,10223
Average Kilometres Travelled,2019,Diesel,Co. Kildare,Private cars,All years,Kilometres,19638
Average Kilometres Travelled,2019,Diesel,Co. Kildare,Goods vehicles,All years,Kilometres,23200
Average Kilometres Travelled,2019,Diesel,Co. Kildare,Motor cycles,All years,Kilometres,3104
Average Kilometres Travelled,2019,Diesel,Co. Kildare,Tractors & Machinery,All years,Kilometres,16183
Average Kilometres Travelled,2019,Diesel,Co. Kildare,Small PSVs,All years,Kilometres,42337
Average Kilometres Travelled,2019,Diesel,Co. Kildare,Large PSVs,All years,Kilometres,33175
Average Kilometres Travelled,2019,Diesel,Co. Kildare,Exempt vehicles,All years,Kilometres,14663
Average Kilometres Travelled,2019,Diesel,Co. Kildare,Other vehicles,All years,Kilometres,7229
Average Kilometres Travelled,2019,Diesel,Co. Kilkenny,Private cars,All years,Kilometres,20784
Average Kilometres Travelled,2019,Diesel,Co. Kilkenny,Goods vehicles,All years,Kilometres,22837
Average Kilometres Travelled,2019,Diesel,Co. Kilkenny,Motor cycles,All years,Kilometres,3387
Average Kilometres Travelled,2019,Diesel,Co. Kilkenny,Tractors & Machinery,All years,Kilometres,16349
Average Kilometres Travelled,2019,Diesel,Co. Kilkenny,Small PSVs,All years,Kilometres,42501
Average Kilometres Travelled,2019,Diesel,Co. Kilkenny,Large PSVs,All years,Kilometres,33286
Average Kilometres Travelled,2019,Diesel,Co. Kilkenny,Exempt vehicles,All years,Kilometres,19722
Average Kilometres Travelled,2019,Diesel,Co. Kilkenny,Other vehicles,All years,Kilometres,6417
Average Kilometres Travelled,2019,Diesel,Co. Laois,Private cars,All years,Kilometres,21268
Average Kilometres Travelled,2019,Diesel,Co. Laois,Goods vehicles,All years,Kilometres,22958
Average Kilometres Travelled,2019,Diesel,Co. Laois,Motor cycles,All years,Kilometres,999
Average Kilometres Travelled,2019,Diesel,Co. Laois,Tractors & Machinery,All years,Kilometres,15888
Average Kilometres Travelled,2019,Diesel,Co. Laois,Small PSVs,All years,Kilometres,41959
Average Kilometres Travelled,2019,Diesel,Co. Laois,Large PSVs,All years,Kilometres,27536
Average Kilometres Travelled,2019,Diesel,Co. Laois,Exempt vehicles,All years,Kilometres,13245
Average Kilometres Travelled,2019,Diesel,Co. Laois,Other vehicles,All years,Kilometres,6754
Average Kilometres Travelled,2019,Diesel,Co. Longford,Private cars,All years,Kilometres,21715
Average Kilometres Travelled,2019,Diesel,Co. Longford,Goods vehicles,All years,Kilometres,23046
Average Kilometres Travelled,2019,Diesel,Co. Longford,Motor cycles,All years,Kilometres,0
Average Kilometres Travelled,2019,Diesel,Co. Longford,Tractors & Machinery,All years,Kilometres,16637
Average Kilometres Travelled,2019,Diesel,Co. Longford,Small PSVs,All years,Kilometres,45385
Average Kilometres Travelled,2019,Diesel,Co. Longford,Large PSVs,All years,Kilometres,26036
Average Kilometres Travelled,2019,Diesel,Co. Longford,Exempt vehicles,All years,Kilometres,16953
Average Kilometres Travelled,2019,Diesel,Co. Longford,Other vehicles,All years,Kilometres,5065
Average Kilometres Travelled,2019,Diesel,Co. Louth,Private cars,All years,Kilometres,19535
Average Kilometres Travelled,2019,Diesel,Co. Louth,Goods vehicles,All years,Kilometres,22699
Average Kilometres Travelled,2019,Diesel,Co. Louth,Motor cycles,All years,Kilometres,2779
Average Kilometres Travelled,2019,Diesel,Co. Louth,Tractors & Machinery,All years,Kilometres,16887
Average Kilometres Travelled,2019,Diesel,Co. Louth,Small PSVs,All years,Kilometres,42509
Average Kilometres Travelled,2019,Diesel,Co. Louth,Large PSVs,All years,Kilometres,38557
Average Kilometres Travelled,2019,Diesel,Co. Louth,Exempt vehicles,All years,Kilometres,15412
Average Kilometres Travelled,2019,Diesel,Co. Louth,Other vehicles,All years,Kilometres,7260
Average Kilometres Travelled,2019,Diesel,Co. Meath,Private cars,All years,Kilometres,20272
Average Kilometres Travelled,2019,Diesel,Co. Meath,Goods vehicles,All years,Kilometres,24004
Average Kilometres Travelled,2019,Diesel,Co. Meath,Motor cycles,All years,Kilometres,3416
Average Kilometres Travelled,2019,Diesel,Co. Meath,Tractors & Machinery,All years,Kilometres,16437
Average Kilometres Travelled,2019,Diesel,Co. Meath,Small PSVs,All years,Kilometres,44700
Average Kilometres Travelled,2019,Diesel,Co. Meath,Large PSVs,All years,Kilometres,29791
Average Kilometres Travelled,2019,Diesel,Co. Meath,Exempt vehicles,All years,Kilometres,15566
Average Kilometres Travelled,2019,Diesel,Co. Meath,Other vehicles,All years,Kilometres,8025
Average Kilometres Travelled,2019,Diesel,Co. Offaly,Private cars,All years,Kilometres,21247
Average Kilometres Travelled,2019,Diesel,Co. Offaly,Goods vehicles,All years,Kilometres,21356
Average Kilometres Travelled,2019,Diesel,Co. Offaly,Motor cycles,All years,Kilometres,2422
Average Kilometres Travelled,2019,Diesel,Co. Offaly,Tractors & Machinery,All years,Kilometres,17092
Average Kilometres Travelled,2019,Diesel,Co. Offaly,Small PSVs,All years,Kilometres,38830
Average Kilometres Travelled,2019,Diesel,Co. Offaly,Large PSVs,All years,Kilometres,30057
Average Kilometres Travelled,2019,Diesel,Co. Offaly,Exempt vehicles,All years,Kilometres,14386
Average Kilometres Travelled,2019,Diesel,Co. Offaly,Other vehicles,All years,Kilometres,5512
Average Kilometres Travelled,2019,Diesel,Co. Westmeath,Private cars,All years,Kilometres,21171
Average Kilometres Travelled,2019,Diesel,Co. Westmeath,Goods vehicles,All years,Kilometres,21518
Average Kilometres Travelled,2019,Diesel,Co. Westmeath,Motor cycles,All years,Kilometres,3439
Average Kilometres Travelled,2019,Diesel,Co. Westmeath,Tractors & Machinery,All years,Kilometres,16815
Average Kilometres Travelled,2019,Diesel,Co. Westmeath,Small PSVs,All years,Kilometres,42804
Average Kilometres Travelled,2019,Diesel,Co. Westmeath,Large PSVs,All years,Kilometres,28072
Average Kilometres Travelled,2019,Diesel,Co. Westmeath,Exempt vehicles,All years,Kilometres,15714
Average Kilometres Travelled,2019,Diesel,Co. Westmeath,Other vehicles,All years,Kilometres,6000
Average Kilometres Travelled,2019,Diesel,Co. Wexford,Private cars,All years,Kilometres,20456
Average Kilometres Travelled,2019,Diesel,Co. Wexford,Goods vehicles,All years,Kilometres,23518
Average Kilometres Travelled,2019,Diesel,Co. Wexford,Motor cycles,All years,Kilometres,1886
Average Kilometres Travelled,2019,Diesel,Co. Wexford,Tractors & Machinery,All years,Kilometres,16476
Average Kilometres Travelled,2019,Diesel,Co. Wexford,Small PSVs,All years,Kilometres,39056
Average Kilometres Travelled,2019,Diesel,Co. Wexford,Large PSVs,All years,Kilometres,33196
Average Kilometres Travelled,2019,Diesel,Co. Wexford,Exempt vehicles,All years,Kilometres,14953
Average Kilometres Travelled,2019,Diesel,Co. Wexford,Other vehicles,All years,Kilometres,6441
Average Kilometres Travelled,2019,Diesel,Co. Wicklow,Private cars,All years,Kilometres,19501
Average Kilometres Travelled,2019,Diesel,Co. Wicklow,Goods vehicles,All years,Kilometres,20896
Average Kilometres Travelled,2019,Diesel,Co. Wicklow,Motor cycles,All years,Kilometres,3438
Average Kilometres Travelled,2019,Diesel,Co. Wicklow,Tractors & Machinery,All years,Kilometres,15996
Average Kilometres Travelled,2019,Diesel,Co. Wicklow,Small PSVs,All years,Kilometres,38643
Average Kilometres Travelled,2019,Diesel,Co. Wicklow,Large PSVs,All years,Kilometres,31978
Average Kilometres Travelled,2019,Diesel,Co. Wicklow,Exempt vehicles,All years,Kilometres,14476
Average Kilometres Travelled,2019,Diesel,Co. Wicklow,Other vehicles,All years,Kilometres,7628
Average Kilometres Travelled,2019,Diesel,Co. Clare,Private cars,All years,Kilometres,20900
Average Kilometres Travelled,2019,Diesel,Co. Clare,Goods vehicles,All years,Kilometres,20765
Average Kilometres Travelled,2019,Diesel,Co. Clare,Motor cycles,All years,Kilometres,3288
Average Kilometres Travelled,2019,Diesel,Co. Clare,Tractors & Machinery,All years,Kilometres,17343
Average Kilometres Travelled,2019,Diesel,Co. Clare,Small PSVs,All years,Kilometres,39811
Average Kilometres Travelled,2019,Diesel,Co. Clare,Large PSVs,All years,Kilometres,31009
Average Kilometres Travelled,2019,Diesel,Co. Clare,Exempt vehicles,All years,Kilometres,14463
Average Kilometres Travelled,2019,Diesel,Co. Clare,Other vehicles,All years,Kilometres,5173
Average Kilometres Travelled,2019,Diesel,Co. Cork,Private cars,All years,Kilometres,19147
Average Kilometres Travelled,2019,Diesel,Co. Cork,Goods vehicles,All years,Kilometres,21173
Average Kilometres Travelled,2019,Diesel,Co. Cork,Motor cycles,All years,Kilometres,3283
Average Kilometres Travelled,2019,Diesel,Co. Cork,Tractors & Machinery,All years,Kilometres,16391
Average Kilometres Travelled,2019,Diesel,Co. Cork,Small PSVs,All years,Kilometres,40392
Average Kilometres Travelled,2019,Diesel,Co. Cork,Large PSVs,All years,Kilometres,33922
Average Kilometres Travelled,2019,Diesel,Co. Cork,Exempt vehicles,All years,Kilometres,15491
Average Kilometres Travelled,2019,Diesel,Co. Cork,Other vehicles,All years,Kilometres,6192
Average Kilometres Travelled,2019,Diesel,Co. Kerry,Private cars,All years,Kilometres,20098
Average Kilometres Travelled,2019,Diesel,Co. Kerry,Goods vehicles,All years,Kilometres,20123
Average Kilometres Travelled,2019,Diesel,Co. Kerry,Motor cycles,All years,Kilometres,3524
Average Kilometres Travelled,2019,Diesel,Co. Kerry,Tractors & Machinery,All years,Kilometres,16524
Average Kilometres Travelled,2019,Diesel,Co. Kerry,Small PSVs,All years,Kilometres,40109
Average Kilometres Travelled,2019,Diesel,Co. Kerry,Large PSVs,All years,Kilometres,35090
Average Kilometres Travelled,2019,Diesel,Co. Kerry,Exempt vehicles,All years,Kilometres,13829
Average Kilometres Travelled,2019,Diesel,Co. Kerry,Other vehicles,All years,Kilometres,5307
Average Kilometres Travelled,2019,Diesel,Co. Limerick,Private cars,All years,Kilometres,20320
Average Kilometres Travelled,2019,Diesel,Co. Limerick,Goods vehicles,All years,Kilometres,23173
Average Kilometres Travelled,2019,Diesel,Co. Limerick,Motor cycles,All years,Kilometres,2773
Average Kilometres Travelled,2019,Diesel,Co. Limerick,Tractors & Machinery,All years,Kilometres,16573
Average Kilometres Travelled,2019,Diesel,Co. Limerick,Small PSVs,All years,Kilometres,37119
Average Kilometres Travelled,2019,Diesel,Co. Limerick,Large PSVs,All years,Kilometres,32801
Average Kilometres Travelled,2019,Diesel,Co. Limerick,Exempt vehicles,All years,Kilometres,13209
Average Kilometres Travelled,2019,Diesel,Co. Limerick,Other vehicles,All years,Kilometres,5910
Average Kilometres Travelled,2019,Diesel,Co. Tipperary,Private cars,All years,Kilometres,21250
Average Kilometres Travelled,2019,Diesel,Co. Tipperary,Goods vehicles,All years,Kilometres,21962
Average Kilometres Travelled,2019,Diesel,Co. Tipperary,Motor cycles,All years,Kilometres,3258
Average Kilometres Travelled,2019,Diesel,Co. Tipperary,Tractors & Machinery,All years,Kilometres,16798
Average Kilometres Travelled,2019,Diesel,Co. Tipperary,Small PSVs,All years,Kilometres,40468
Average Kilometres Travelled,2019,Diesel,Co. Tipperary,Large PSVs,All years,Kilometres,29464
Average Kilometres Travelled,2019,Diesel,Co. Tipperary,Exempt vehicles,All years,Kilometres,14808
Average Kilometres Travelled,2019,Diesel,Co. Tipperary,Other vehicles,All years,Kilometres,5988
Average Kilometres Travelled,2019,Diesel,Co. Waterford,Private cars,All years,Kilometres,19940
Average Kilometres Travelled,2019,Diesel,Co. Waterford,Goods vehicles,All years,Kilometres,20032
Average Kilometres Travelled,2019,Diesel,Co. Waterford,Motor cycles,All years,Kilometres,0
Average Kilometres Travelled,2019,Diesel,Co. Waterford,Tractors & Machinery,All years,Kilometres,16445
Average Kilometres Travelled,2019,Diesel,Co. Waterford,Small PSVs,All years,Kilometres,40277
Average Kilometres Travelled,2019,Diesel,Co. Waterford,Large PSVs,All years,Kilometres,30578
Average Kilometres Travelled,2019,Diesel,Co. Waterford,Exempt vehicles,All years,Kilometres,13950
Average Kilometres Travelled,2019,Diesel,Co. Waterford,Other vehicles,All years,Kilometres,6267
Average Kilometres Travelled,2019,Diesel,Co. Galway,Private cars,All years,Kilometres,20635
Average Kilometres Travelled,2019,Diesel,Co. Galway,Goods vehicles,All years,Kilometres,21293
Average Kilometres Travelled,2019,Diesel,Co. Galway,Motor cycles,All years,Kilometres,3492
Average Kilometres Travelled,2019,Diesel,Co. Galway,Tractors & Machinery,All years,Kilometres,17121
Average Kilometres Travelled,2019,Diesel,Co. Galway,Small PSVs,All years,Kilometres,40949
Average Kilometres Travelled,2019,Diesel,Co. Galway,Large PSVs,All years,Kilometres,33619
Average Kilometres Travelled,2019,Diesel,Co. Galway,Exempt vehicles,All years,Kilometres,20803
Average Kilometres Travelled,2019,Diesel,Co. Galway,Other vehicles,All years,Kilometres,6249
Average Kilometres Travelled,2019,Diesel,Co. Leitrim,Private cars,All years,Kilometres,21660
Average Kilometres Travelled,2019,Diesel,Co. Leitrim,Goods vehicles,All years,Kilometres,20604
Average Kilometres Travelled,2019,Diesel,Co. Leitrim,Motor cycles,All years,Kilometres,2920
Average Kilometres Travelled,2019,Diesel,Co. Leitrim,Tractors & Machinery,All years,Kilometres,17371
Average Kilometres Travelled,2019,Diesel,Co. Leitrim,Small PSVs,All years,Kilometres,42064
Average Kilometres Travelled,2019,Diesel,Co. Leitrim,Large PSVs,All years,Kilometres,25278
Average Kilometres Travelled,2019,Diesel,Co. Leitrim,Exempt vehicles,All years,Kilometres,15935
Average Kilometres Travelled,2019,Diesel,Co. Leitrim,Other vehicles,All years,Kilometres,4519
Average Kilometres Travelled,2019,Diesel,Co. Mayo,Private cars,All years,Kilometres,20626
Average Kilometres Travelled,2019,Diesel,Co. Mayo,Goods vehicles,All years,Kilometres,20009
Average Kilometres Travelled,2019,Diesel,Co. Mayo,Motor cycles,All years,Kilometres,2422
Average Kilometres Travelled,2019,Diesel,Co. Mayo,Tractors & Machinery,All years,Kilometres,16843
Average Kilometres Travelled,2019,Diesel,Co. Mayo,Small PSVs,All years,Kilometres,38609
Average Kilometres Travelled,2019,Diesel,Co. Mayo,Large PSVs,All years,Kilometres,37080
Average Kilometres Travelled,2019,Diesel,Co. Mayo,Exempt vehicles,All years,Kilometres,15081
Average Kilometres Travelled,2019,Diesel,Co. Mayo,Other vehicles,All years,Kilometres,7357
Average Kilometres Travelled,2019,Diesel,Co. Roscommon,Private cars,All years,Kilometres,22432
Average Kilometres Travelled,2019,Diesel,Co. Roscommon,Goods vehicles,All years,Kilometres,21495
Average Kilometres Travelled,2019,Diesel,Co. Roscommon,Motor cycles,All years,Kilometres,3246
Average Kilometres Travelled,2019,Diesel,Co. Roscommon,Tractors & Machinery,All years,Kilometres,17353
Average Kilometres Travelled,2019,Diesel,Co. Roscommon,Small PSVs,All years,Kilometres,41000
Average Kilometres Travelled,2019,Diesel,Co. Roscommon,Large PSVs,All years,Kilometres,27826
Average Kilometres Travelled,2019,Diesel,Co. Roscommon,Exempt vehicles,All years,Kilometres,17821
Average Kilometres Travelled,2019,Diesel,Co. Roscommon,Other vehicles,All years,Kilometres,5173
Average Kilometres Travelled,2019,Diesel,Co. Sligo,Private cars,All years,Kilometres,20393
Average Kilometres Travelled,2019,Diesel,Co. Sligo,Goods vehicles,All years,Kilometres,19776
Average Kilometres Travelled,2019,Diesel,Co. Sligo,Motor cycles,All years,Kilometres,2881
Average Kilometres Travelled,2019,Diesel,Co. Sligo,Tractors & Machinery,All years,Kilometres,17234
Average Kilometres Travelled,2019,Diesel,Co. Sligo,Small PSVs,All years,Kilometres,40716
Average Kilometres Travelled,2019,Diesel,Co. Sligo,Large PSVs,All years,Kilometres,34427
Average Kilometres Travelled,2019,Diesel,Co. Sligo,Exempt vehicles,All years,Kilometres,14051
Average Kilometres Travelled,2019,Diesel,Co. Sligo,Other vehicles,All years,Kilometres,5694
Average Kilometres Travelled,2019,Diesel,Co. Cavan,Private cars,All years,Kilometres,21094
Average Kilometres Travelled,2019,Diesel,Co. Cavan,Goods vehicles,All years,Kilometres,21735
Average Kilometres Travelled,2019,Diesel,Co. Cavan,Motor cycles,All years,Kilometres,3387
Average Kilometres Travelled,2019,Diesel,Co. Cavan,Tractors & Machinery,All years,Kilometres,16483
Average Kilometres Travelled,2019,Diesel,Co. Cavan,Small PSVs,All years,Kilometres,41670
Average Kilometres Travelled,2019,Diesel,Co. Cavan,Large PSVs,All years,Kilometres,37706
Average Kilometres Travelled,2019,Diesel,Co. Cavan,Exempt vehicles,All years,Kilometres,16044
Average Kilometres Travelled,2019,Diesel,Co. Cavan,Other vehicles,All years,Kilometres,6649
Average Kilometres Travelled,2019,Diesel,Co. Donegal,Private cars,All years,Kilometres,19742
Average Kilometres Travelled,2019,Diesel,Co. Donegal,Goods vehicles,All years,Kilometres,19832
Average Kilometres Travelled,2019,Diesel,Co. Donegal,Motor cycles,All years,Kilometres,3215
Average Kilometres Travelled,2019,Diesel,Co. Donegal,Tractors & Machinery,All years,Kilometres,18130
Average Kilometres Travelled,2019,Diesel,Co. Donegal,Small PSVs,All years,Kilometres,41070
Average Kilometres Travelled,2019,Diesel,Co. Donegal,Large PSVs,All years,Kilometres,33364
Average Kilometres Travelled,2019,Diesel,Co. Donegal,Exempt vehicles,All years,Kilometres,15726
Average Kilometres Travelled,2019,Diesel,Co. Donegal,Other vehicles,All years,Kilometres,5276
Average Kilometres Travelled,2019,Diesel,Co. Monaghan,Private cars,All years,Kilometres,20767
Average Kilometres Travelled,2019,Diesel,Co. Monaghan,Goods vehicles,All years,Kilometres,24162
Average Kilometres Travelled,2019,Diesel,Co. Monaghan,Motor cycles,All years,Kilometres,0
Average Kilometres Travelled,2019,Diesel,Co. Monaghan,Tractors & Machinery,All years,Kilometres,17476
Average Kilometres Travelled,2019,Diesel,Co. Monaghan,Small PSVs,All years,Kilometres,42688
Average Kilometres Travelled,2019,Diesel,Co. Monaghan,Large PSVs,All years,Kilometres,47983
Average Kilometres Travelled,2019,Diesel,Co. Monaghan,Exempt vehicles,All years,Kilometres,13287
Average Kilometres Travelled,2019,Diesel,Co. Monaghan,Other vehicles,All years,Kilometres,5746
Average Kilometres Travelled,2019,Other fuel types,Co. Carlow,Private cars,All years,Kilometres,12996
Average Kilometres Travelled,2019,Other fuel types,Co. Carlow,Goods vehicles,All years,Kilometres,19914
Average Kilometres Travelled,2019,Other fuel types,Co. Carlow,Motor cycles,All years,Kilometres,3279
Average Kilometres Travelled,2019,Other fuel types,Co. Carlow,Tractors & Machinery,All years,Kilometres,0
Average Kilometres Travelled,2019,Other fuel types,Co. Carlow,Small PSVs,All years,Kilometres,45755
Average Kilometres Travelled,2019,Other fuel types,Co. Carlow,Large PSVs,All years,Kilometres,0
Average Kilometres Travelled,2019,Other fuel types,Co. Carlow,Exempt vehicles,All years,Kilometres,15316
Average Kilometres Travelled,2019,Other fuel types,Co. Carlow,Other vehicles,All years,Kilometres,3706
Average Kilometres Travelled,2019,Other fuel types,Co. Dublin,Private cars,All years,Kilometres,12486
Average Kilometres Travelled,2019,Other fuel types,Co. Dublin,Goods vehicles,All years,Kilometres,15753
Average Kilometres Travelled,2019,Other fuel types,Co. Dublin,Motor cycles,All years,Kilometres,3282
Average Kilometres Travelled,2019,Other fuel types,Co. Dublin,Tractors & Machinery,All years,Kilometres,6134
Average Kilometres Travelled,2019,Other fuel types,Co. Dublin,Small PSVs,All years,Kilometres,40771
Average Kilometres Travelled,2019,Other fuel types,Co. Dublin,Large PSVs,All years,Kilometres,0
Average Kilometres Travelled,2019,Other fuel types,Co. Dublin,Exempt vehicles,All years,Kilometres,11964
Average Kilometres Travelled,2019,Other fuel types,Co. Dublin,Other vehicles,All years,Kilometres,5172
Average Kilometres Travelled,2019,Other fuel types,Co. Kildare,Private cars,All years,Kilometres,13281
Average Kilometres Travelled,2019,Other fuel types,Co. Kildare,Goods vehicles,All years,Kilometres,35480
Average Kilometres Travelled,2019,Other fuel types,Co. Kildare,Motor cycles,All years,Kilometres,3286
Average Kilometres Travelled,2019,Other fuel types,Co. Kildare,Tractors & Machinery,All years,Kilometres,10568
Average Kilometres Travelled,2019,Other fuel types,Co. Kildare,Small PSVs,All years,Kilometres,45043
Average Kilometres Travelled,2019,Other fuel types,Co. Kildare,Large PSVs,All years,Kilometres,0
Average Kilometres Travelled,2019,Other fuel types,Co. Kildare,Exempt vehicles,All years,Kilometres,13772
Average Kilometres Travelled,2019,Other fuel types,Co. Kildare,Other vehicles,All years,Kilometres,3698
Average Kilometres Travelled,2019,Other fuel types,Co. Kilkenny,Private cars,All years,Kilometres,13582
Average Kilometres Travelled,2019,Other fuel types,Co. Kilkenny,Goods vehicles,All years,Kilometres,13695
Average Kilometres Travelled,2019,Other fuel types,Co. Kilkenny,Motor cycles,All years,Kilometres,0
Average Kilometres Travelled,2019,Other fuel types,Co. Kilkenny,Tractors & Machinery,All years,Kilometres,13568
Average Kilometres Travelled,2019,Other fuel types,Co. Kilkenny,Small PSVs,All years,Kilometres,36235
Average Kilometres Travelled,2019,Other fuel types,Co. Kilkenny,Large PSVs,All years,Kilometres,0
Average Kilometres Travelled,2019,Other fuel types,Co. Kilkenny,Exempt vehicles,All years,Kilometres,19081
Average Kilometres Travelled,2019,Other fuel types,Co. Kilkenny,Other vehicles,All years,Kilometres,3393
Average Kilometres Travelled,2019,Other fuel types,Co. Laois,Private cars,All years,Kilometres,13819
Average Kilometres Travelled,2019,Other fuel types,Co. Laois,Goods vehicles,All years,Kilometres,12054
Average Kilometres Travelled,2019,Other fuel types,Co. Laois,Motor cycles,All years,Kilometres,0
Average Kilometres Travelled,2019,Other fuel types,Co. Laois,Tractors & Machinery,All years,Kilometres,0
Average Kilometres Travelled,2019,Other fuel types,Co. Laois,Small PSVs,All years,Kilometres,41465
Average Kilometres Travelled,2019,Other fuel types,Co. Laois,Large PSVs,All years,Kilometres,0
Average Kilometres Travelled,2019,Other fuel types,Co. Laois,Exempt vehicles,All years,Kilometres,11943
Average Kilometres Travelled,2019,Other fuel types,Co. Laois,Other vehicles,All years,Kilometres,5838
Average Kilometres Travelled,2019,Other fuel types,Co. Longford,Private cars,All years,Kilometres,13537
Average Kilometres Travelled,2019,Other fuel types,Co. Longford,Goods vehicles,All years,Kilometres,13542
Average Kilometres Travelled,2019,Other fuel types,Co. Longford,Motor cycles,All years,Kilometres,3387
Average Kilometres Travelled,2019,Other fuel types,Co. Longford,Tractors & Machinery,All years,Kilometres,0
Average Kilometres Travelled,2019,Other fuel types,Co. Longford,Small PSVs,All years,Kilometres,0
Average Kilometres Travelled,2019,Other fuel types,Co. Longford,Large PSVs,All years,Kilometres,0
Average Kilometres Travelled,2019,Other fuel types,Co. Longford,Exempt vehicles,All years,Kilometres,16975
Average Kilometres Travelled,2019,Other fuel types,Co. Longford,Other vehicles,All years,Kilometres,3690
Average Kilometres Travelled,2019,Other fuel types,Co. Louth,Private cars,All years,Kilometres,13145
Average Kilometres Travelled,2019,Other fuel types,Co. Louth,Goods vehicles,All years,Kilometres,18875
Average Kilometres Travelled,2019,Other fuel types,Co. Louth,Motor cycles,All years,Kilometres,3495
Average Kilometres Travelled,2019,Other fuel types,Co. Louth,Tractors & Machinery,All years,Kilometres,0
Average Kilometres Travelled,2019,Other fuel types,Co. Louth,Small PSVs,All years,Kilometres,43790
Average Kilometres Travelled,2019,Other fuel types,Co. Louth,Large PSVs,All years,Kilometres,0
Average Kilometres Travelled,2019,Other fuel types,Co. Louth,Exempt vehicles,All years,Kilometres,14662
Average Kilometres Travelled,2019,Other fuel types,Co. Louth,Other vehicles,All years,Kilometres,3703
Average Kilometres Travelled,2019,Other fuel types,Co. Meath,Private cars,All years,Kilometres,13462
Average Kilometres Travelled,2019,Other fuel types,Co. Meath,Goods vehicles,All years,Kilometres,30752
Average Kilometres Travelled,2019,Other fuel types,Co. Meath,Motor cycles,All years,Kilometres,3410
Average Kilometres Travelled,2019,Other fuel types,Co. Meath,Tractors & Machinery,All years,Kilometres,0
Average Kilometres Travelled,2019,Other fuel types,Co. Meath,Small PSVs,All years,Kilometres,46276
Average Kilometres Travelled,2019,Other fuel types,Co. Meath,Large PSVs,All years,Kilometres,0
Average Kilometres Travelled,2019,Other fuel types,Co. Meath,Exempt vehicles,All years,Kilometres,15586
Average Kilometres Travelled,2019,Other fuel types,Co. Meath,Other vehicles,All years,Kilometres,4287
Average Kilometres Travelled,2019,Other fuel types,Co. Offaly,Private cars,All years,Kilometres,13563
Average Kilometres Travelled,2019,Other fuel types,Co. Offaly,Goods vehicles,All years,Kilometres,13664
Average Kilometres Travelled,2019,Other fuel types,Co. Offaly,Motor cycles,All years,Kilometres,2820
Average Kilometres Travelled,2019,Other fuel types,Co. Offaly,Tractors & Machinery,All years,Kilometres,0
Average Kilometres Travelled,2019,Other fuel types,Co. Offaly,Small PSVs,All years,Kilometres,39034
Average Kilometres Travelled,2019,Other fuel types,Co. Offaly,Large PSVs,All years,Kilometres,0
Average Kilometres Travelled,2019,Other fuel types,Co. Offaly,Exempt vehicles,All years,Kilometres,15467
Average Kilometres Travelled,2019,Other fuel types,Co. Offaly,Other vehicles,All years,Kilometres,3701
Average Kilometres Travelled,2019,Other fuel types,Co. Westmeath,Private cars,All years,Kilometres,13522
Average Kilometres Travelled,2019,Other fuel types,Co. Westmeath,Goods vehicles,All years,Kilometres,17960
Average Kilometres Travelled,2019,Other fuel types,Co. Westmeath,Motor cycles,All years,Kilometres,3284
Average Kilometres Travelled,2019,Other fuel types,Co. Westmeath,Tractors & Machinery,All years,Kilometres,0
Average Kilometres Travelled,2019,Other fuel types,Co. Westmeath,Small PSVs,All years,Kilometres,43573
Average Kilometres Travelled,2019,Other fuel types,Co. Westmeath,Large PSVs,All years,Kilometres,0
Average Kilometres Travelled,2019,Other fuel types,Co. Westmeath,Exempt vehicles,All years,Kilometres,16427
Average Kilometres Travelled,2019,Other fuel types,Co. Westmeath,Other vehicles,All years,Kilometres,3703
Average Kilometres Travelled,2019,Other fuel types,Co. Wexford,Private cars,All years,Kilometres,13347
Average Kilometres Travelled,2019,Other fuel types,Co. Wexford,Goods vehicles,All years,Kilometres,14884
Average Kilometres Travelled,2019,Other fuel types,Co. Wexford,Motor cycles,All years,Kilometres,3113
Average Kilometres Travelled,2019,Other fuel types,Co. Wexford,Tractors & Machinery,All years,Kilometres,11818
Average Kilometres Travelled,2019,Other fuel types,Co. Wexford,Small PSVs,All years,Kilometres,36417
Average Kilometres Travelled,2019,Other fuel types,Co. Wexford,Large PSVs,All years,Kilometres,0
Average Kilometres Travelled,2019,Other fuel types,Co. Wexford,Exempt vehicles,All years,Kilometres,13520
Average Kilometres Travelled,2019,Other fuel types,Co. Wexford,Other vehicles,All years,Kilometres,4020
Average Kilometres Travelled,2019,Other fuel types,Co. Wicklow,Private cars,All years,Kilometres,13404
Average Kilometres Travelled,2019,Other fuel types,Co. Wicklow,Goods vehicles,All years,Kilometres,17371
Average Kilometres Travelled,2019,Other fuel types,Co. Wicklow,Motor cycles,All years,Kilometres,3079
Average Kilometres Travelled,2019,Other fuel types,Co. Wicklow,Tractors & Machinery,All years,Kilometres,0
Average Kilometres Travelled,2019,Other fuel types,Co. Wicklow,Small PSVs,All years,Kilometres,44259
Average Kilometres Travelled,2019,Other fuel types,Co. Wicklow,Large PSVs,All years,Kilometres,0
Average Kilometres Travelled,2019,Other fuel types,Co. Wicklow,Exempt vehicles,All years,Kilometres,15431
Average Kilometres Travelled,2019,Other fuel types,Co. Wicklow,Other vehicles,All years,Kilometres,6666
Average Kilometres Travelled,2019,Other fuel types,Co. Clare,Private cars,All years,Kilometres,13451
Average Kilometres Travelled,2019,Other fuel types,Co. Clare,Goods vehicles,All years,Kilometres,30982
Average Kilometres Travelled,2019,Other fuel types,Co. Clare,Motor cycles,All years,Kilometres,0
Average Kilometres Travelled,2019,Other fuel types,Co. Clare,Tractors & Machinery,All years,Kilometres,6343
Average Kilometres Travelled,2019,Other fuel types,Co. Clare,Small PSVs,All years,Kilometres,38148
Average Kilometres Travelled,2019,Other fuel types,Co. Clare,Large PSVs,All years,Kilometres,0
Average Kilometres Travelled,2019,Other fuel types,Co. Clare,Exempt vehicles,All years,Kilometres,15464
Average Kilometres Travelled,2019,Other fuel types,Co. Clare,Other vehicles,All years,Kilometres,3570
Average Kilometres Travelled,2019,Other fuel types,Co. Cork,Private cars,All years,Kilometres,12918
Average Kilometres Travelled,2019,Other fuel types,Co. Cork,Goods vehicles,All years,Kilometres,16515
Average Kilometres Travelled,2019,Other fuel types,Co. Cork,Motor cycles,All years,Kilometres,2820
Average Kilometres Travelled,2019,Other fuel types,Co. Cork,Tractors & Machinery,All years,Kilometres,11468
Average Kilometres Travelled,2019,Other fuel types,Co. Cork,Small PSVs,All years,Kilometres,45133
Average Kilometres Travelled,2019,Other fuel types,Co. Cork,Large PSVs,All years,Kilometres,0
Average Kilometres Travelled,2019,Other fuel types,Co. Cork,Exempt vehicles,All years,Kilometres,15417
Average Kilometres Travelled,2019,Other fuel types,Co. Cork,Other vehicles,All years,Kilometres,5156
Average Kilometres Travelled,2019,Other fuel types,Co. Kerry,Private cars,All years,Kilometres,13193
Average Kilometres Travelled,2019,Other fuel types,Co. Kerry,Goods vehicles,All years,Kilometres,19662
Average Kilometres Travelled,2019,Other fuel types,Co. Kerry,Motor cycles,All years,Kilometres,2969
Average Kilometres Travelled,2019,Other fuel types,Co. Kerry,Tractors & Machinery,All years,Kilometres,9417
Average Kilometres Travelled,2019,Other fuel types,Co. Kerry,Small PSVs,All years,Kilometres,43775
Average Kilometres Travelled,2019,Other fuel types,Co. Kerry,Large PSVs,All years,Kilometres,0
Average Kilometres Travelled,2019,Other fuel types,Co. Kerry,Exempt vehicles,All years,Kilometres,12988
Average Kilometres Travelled,2019,Other fuel types,Co. Kerry,Other vehicles,All years,Kilometres,4003
Average Kilometres Travelled,2019,Other fuel types,Co. Limerick,Private cars,All years,Kilometres,13406
Average Kilometres Travelled,2019,Other fuel types,Co. Limerick,Goods vehicles,All years,Kilometres,13629
Average Kilometres Travelled,2019,Other fuel types,Co. Limerick,Motor cycles,All years,Kilometres,3513
Average Kilometres Travelled,2019,Other fuel types,Co. Limerick,Tractors & Machinery,All years,Kilometres,10530
Average Kilometres Travelled,2019,Other fuel types,Co. Limerick,Small PSVs,All years,Kilometres,42517
Average Kilometres Travelled,2019,Other fuel types,Co. Limerick,Large PSVs,All years,Kilometres,0
Average Kilometres Travelled,2019,Other fuel types,Co. Limerick,Exempt vehicles,All years,Kilometres,13305
Average Kilometres Travelled,2019,Other fuel types,Co. Limerick,Other vehicles,All years,Kilometres,7988
Average Kilometres Travelled,2019,Other fuel types,Co. Tipperary,Private cars,All years,Kilometres,13208
Average Kilometres Travelled,2019,Other fuel types,Co. Tipperary,Goods vehicles,All years,Kilometres,12280
Average Kilometres Travelled,2019,Other fuel types,Co. Tipperary,Motor cycles,All years,Kilometres,3432
Average Kilometres Travelled,2019,Other fuel types,Co. Tipperary,Tractors & Machinery,All years,Kilometres,13725
Average Kilometres Travelled,2019,Other fuel types,Co. Tipperary,Small PSVs,All years,Kilometres,33801
Average Kilometres Travelled,2019,Other fuel types,Co. Tipperary,Large PSVs,All years,Kilometres,0
Average Kilometres Travelled,2019,Other fuel types,Co. Tipperary,Exempt vehicles,All years,Kilometres,14657
Average Kilometres Travelled,2019,Other fuel types,Co. Tipperary,Other vehicles,All years,Kilometres,4179
Average Kilometres Travelled,2019,Other fuel types,Co. Waterford,Private cars,All years,Kilometres,13317
Average Kilometres Travelled,2019,Other fuel types,Co. Waterford,Goods vehicles,All years,Kilometres,8468
Average Kilometres Travelled,2019,Other fuel types,Co. Waterford,Motor cycles,All years,Kilometres,3385
Average Kilometres Travelled,2019,Other fuel types,Co. Waterford,Tractors & Machinery,All years,Kilometres,7425
Average Kilometres Travelled,2019,Other fuel types,Co. Waterford,Small PSVs,All years,Kilometres,50813
Average Kilometres Travelled,2019,Other fuel types,Co. Waterford,Large PSVs,All years,Kilometres,0
Average Kilometres Travelled,2019,Other fuel types,Co. Waterford,Exempt vehicles,All years,Kilometres,14000
Average Kilometres Travelled,2019,Other fuel types,Co. Waterford,Other vehicles,All years,Kilometres,4070
Average Kilometres Travelled,2019,Other fuel types,Co. Galway,Private cars,All years,Kilometres,13473
Average Kilometres Travelled,2019,Other fuel types,Co. Galway,Goods vehicles,All years,Kilometres,13759
Average Kilometres Travelled,2019,Other fuel types,Co. Galway,Motor cycles,All years,Kilometres,3426
Average Kilometres Travelled,2019,Other fuel types,Co. Galway,Tractors & Machinery,All years,Kilometres,2752
Average Kilometres Travelled,2019,Other fuel types,Co. Galway,Small PSVs,All years,Kilometres,41755
Average Kilometres Travelled,2019,Other fuel types,Co. Galway,Large PSVs,All years,Kilometres,0
Average Kilometres Travelled,2019,Other fuel types,Co. Galway,Exempt vehicles,All years,Kilometres,21548
Average Kilometres Travelled,2019,Other fuel types,Co. Galway,Other vehicles,All years,Kilometres,7799
Average Kilometres Travelled,2019,Other fuel types,Co. Leitrim,Private cars,All years,Kilometres,13131
Average Kilometres Travelled,2019,Other fuel types,Co. Leitrim,Goods vehicles,All years,Kilometres,0
Average Kilometres Travelled,2019,Other fuel types,Co. Leitrim,Motor cycles,All years,Kilometres,0
Average Kilometres Travelled,2019,Other fuel types,Co. Leitrim,Tractors & Machinery,All years,Kilometres,0
Average Kilometres Travelled,2019,Other fuel types,Co. Leitrim,Small PSVs,All years,Kilometres,28411
Average Kilometres Travelled,2019,Other fuel types,Co. Leitrim,Large PSVs,All years,Kilometres,0
Average Kilometres Travelled,2019,Other fuel types,Co. Leitrim,Exempt vehicles,All years,Kilometres,15524
Average Kilometres Travelled,2019,Other fuel types,Co. Leitrim,Other vehicles,All years,Kilometres,3703
Average Kilometres Travelled,2019,Other fuel types,Co. Mayo,Private cars,All years,Kilometres,13639
Average Kilometres Travelled,2019,Other fuel types,Co. Mayo,Goods vehicles,All years,Kilometres,17174
Average Kilometres Travelled,2019,Other fuel types,Co. Mayo,Motor cycles,All years,Kilometres,0
Average Kilometres Travelled,2019,Other fuel types,Co. Mayo,Tractors & Machinery,All years,Kilometres,0
Average Kilometres Travelled,2019,Other fuel types,Co. Mayo,Small PSVs,All years,Kilometres,42465
Average Kilometres Travelled,2019,Other fuel types,Co. Mayo,Large PSVs,All years,Kilometres,0
Average Kilometres Travelled,2019,Other fuel types,Co. Mayo,Exempt vehicles,All years,Kilometres,15501
Average Kilometres Travelled,2019,Other fuel types,Co. Mayo,Other vehicles,All years,Kilometres,3703
Average Kilometres Travelled,2019,Other fuel types,Co. Roscommon,Private cars,All years,Kilometres,13330
Average Kilometres Travelled,2019,Other fuel types,Co. Roscommon,Goods vehicles,All years,Kilometres,22567
Average Kilometres Travelled,2019,Other fuel types,Co. Roscommon,Motor cycles,All years,Kilometres,0
Average Kilometres Travelled,2019,Other fuel types,Co. Roscommon,Tractors & Machinery,All years,Kilometres,0
Average Kilometres Travelled,2019,Other fuel types,Co. Roscommon,Small PSVs,All years,Kilometres,42904
Average Kilometres Travelled,2019,Other fuel types,Co. Roscommon,Large PSVs,All years,Kilometres,0
Average Kilometres Travelled,2019,Other fuel types,Co. Roscommon,Exempt vehicles,All years,Kilometres,18052
Average Kilometres Travelled,2019,Other fuel types,Co. Roscommon,Other vehicles,All years,Kilometres,3697
Average Kilometres Travelled,2019,Other fuel types,Co. Sligo,Private cars,All years,Kilometres,13310
Average Kilometres Travelled,2019,Other fuel types,Co. Sligo,Goods vehicles,All years,Kilometres,16134
Average Kilometres Travelled,2019,Other fuel types,Co. Sligo,Motor cycles,All years,Kilometres,0
Average Kilometres Travelled,2019,Other fuel types,Co. Sligo,Tractors & Machinery,All years,Kilometres,0
Average Kilometres Travelled,2019,Other fuel types,Co. Sligo,Small PSVs,All years,Kilometres,33136
Average Kilometres Travelled,2019,Other fuel types,Co. Sligo,Large PSVs,All years,Kilometres,0
Average Kilometres Travelled,2019,Other fuel types,Co. Sligo,Exempt vehicles,All years,Kilometres,14098
Average Kilometres Travelled,2019,Other fuel types,Co. Sligo,Other vehicles,All years,Kilometres,3703
Average Kilometres Travelled,2019,Other fuel types,Co. Cavan,Private cars,All years,Kilometres,13591
Average Kilometres Travelled,2019,Other fuel types,Co. Cavan,Goods vehicles,All years,Kilometres,37405
Average Kilometres Travelled,2019,Other fuel types,Co. Cavan,Motor cycles,All years,Kilometres,0
Average Kilometres Travelled,2019,Other fuel types,Co. Cavan,Tractors & Machinery,All years,Kilometres,13683
Average Kilometres Travelled,2019,Other fuel types,Co. Cavan,Small PSVs,All years,Kilometres,38783
Average Kilometres Travelled,2019,Other fuel types,Co. Cavan,Large PSVs,All years,Kilometres,0
Average Kilometres Travelled,2019,Other fuel types,Co. Cavan,Exempt vehicles,All years,Kilometres,18680
Average Kilometres Travelled,2019,Other fuel types,Co. Cavan,Other vehicles,All years,Kilometres,3703
Average Kilometres Travelled,2019,Other fuel types,Co. Donegal,Private cars,All years,Kilometres,13499
Average Kilometres Travelled,2019,Other fuel types,Co. Donegal,Goods vehicles,All years,Kilometres,11822
Average Kilometres Travelled,2019,Other fuel types,Co. Donegal,Motor cycles,All years,Kilometres,0
Average Kilometres Travelled,2019,Other fuel types,Co. Donegal,Tractors & Machinery,All years,Kilometres,0
Average Kilometres Travelled,2019,Other fuel types,Co. Donegal,Small PSVs,All years,Kilometres,49734
Average Kilometres Travelled,2019,Other fuel types,Co. Donegal,Large PSVs,All years,Kilometres,0
Average Kilometres Travelled,2019,Other fuel types,Co. Donegal,Exempt vehicles,All years,Kilometres,16089
Average Kilometres Travelled,2019,Other fuel types,Co. Donegal,Other vehicles,All years,Kilometres,3703
Average Kilometres Travelled,2019,Other fuel types,Co. Monaghan,Private cars,All years,Kilometres,13593
Average Kilometres Travelled,2019,Other fuel types,Co. Monaghan,Goods vehicles,All years,Kilometres,58430
Average Kilometres Travelled,2019,Other fuel types,Co. Monaghan,Motor cycles,All years,Kilometres,3489
Average Kilometres Travelled,2019,Other fuel types,Co. Monaghan,Tractors & Machinery,All years,Kilometres,9158
Average Kilometres Travelled,2019,Other fuel types,Co. Monaghan,Small PSVs,All years,Kilometres,0
Average Kilometres Travelled,2019,Other fuel types,Co. Monaghan,Large PSVs,All years,Kilometres,0
Average Kilometres Travelled,2019,Other fuel types,Co. Monaghan,Exempt vehicles,All years,Kilometres,14020
Average Kilometres Travelled,2019,Other fuel types,Co. Monaghan,Other vehicles,All years,Kilometres,3703
Average Kilometres Travelled,2020,Petrol,Co. Carlow,Private cars,All years,Kilometres,9342
Average Kilometres Travelled,2020,Petrol,Co. Carlow,Goods vehicles,All years,Kilometres,10479
Average Kilometres Travelled,2020,Petrol,Co. Carlow,Motor cycles,All years,Kilometres,2290
Average Kilometres Travelled,2020,Petrol,Co. Carlow,Tractors & Machinery,All years,Kilometres,22342
Average Kilometres Travelled,2020,Petrol,Co. Carlow,Small PSVs,All years,Kilometres,21718
Average Kilometres Travelled,2020,Petrol,Co. Carlow,Large PSVs,All years,Kilometres,0
Average Kilometres Travelled,2020,Petrol,Co. Carlow,Exempt vehicles,All years,Kilometres,8903
Average Kilometres Travelled,2020,Petrol,Co. Carlow,Other vehicles,All years,Kilometres,2845
Average Kilometres Travelled,2020,Petrol,Co. Dublin,Private cars,All years,Kilometres,7319
Average Kilometres Travelled,2020,Petrol,Co. Dublin,Goods vehicles,All years,Kilometres,14111
Average Kilometres Travelled,2020,Petrol,Co. Dublin,Motor cycles,All years,Kilometres,2391
Average Kilometres Travelled,2020,Petrol,Co. Dublin,Tractors & Machinery,All years,Kilometres,10022
Average Kilometres Travelled,2020,Petrol,Co. Dublin,Small PSVs,All years,Kilometres,22446
Average Kilometres Travelled,2020,Petrol,Co. Dublin,Large PSVs,All years,Kilometres,37915
Average Kilometres Travelled,2020,Petrol,Co. Dublin,Exempt vehicles,All years,Kilometres,8711
Average Kilometres Travelled,2020,Petrol,Co. Dublin,Other vehicles,All years,Kilometres,2759
Average Kilometres Travelled,2020,Petrol,Co. Kildare,Private cars,All years,Kilometres,9124
Average Kilometres Travelled,2020,Petrol,Co. Kildare,Goods vehicles,All years,Kilometres,15076
Average Kilometres Travelled,2020,Petrol,Co. Kildare,Motor cycles,All years,Kilometres,2327
Average Kilometres Travelled,2020,Petrol,Co. Kildare,Tractors & Machinery,All years,Kilometres,12799
Average Kilometres Travelled,2020,Petrol,Co. Kildare,Small PSVs,All years,Kilometres,30318
Average Kilometres Travelled,2020,Petrol,Co. Kildare,Large PSVs,All years,Kilometres,0
Average Kilometres Travelled,2020,Petrol,Co. Kildare,Exempt vehicles,All years,Kilometres,9964
Average Kilometres Travelled,2020,Petrol,Co. Kildare,Other vehicles,All years,Kilometres,2885
Average Kilometres Travelled,2020,Petrol,Co. Kilkenny,Private cars,All years,Kilometres,9393
Average Kilometres Travelled,2020,Petrol,Co. Kilkenny,Goods vehicles,All years,Kilometres,12154
Average Kilometres Travelled,2020,Petrol,Co. Kilkenny,Motor cycles,All years,Kilometres,2274
Average Kilometres Travelled,2020,Petrol,Co. Kilkenny,Tractors & Machinery,All years,Kilometres,15883
Average Kilometres Travelled,2020,Petrol,Co. Kilkenny,Small PSVs,All years,Kilometres,23551
Average Kilometres Travelled,2020,Petrol,Co. Kilkenny,Large PSVs,All years,Kilometres,0
Average Kilometres Travelled,2020,Petrol,Co. Kilkenny,Exempt vehicles,All years,Kilometres,11690
Average Kilometres Travelled,2020,Petrol,Co. Kilkenny,Other vehicles,All years,Kilometres,2798
Average Kilometres Travelled,2020,Petrol,Co. Laois,Private cars,All years,Kilometres,9632
Average Kilometres Travelled,2020,Petrol,Co. Laois,Goods vehicles,All years,Kilometres,13811
Average Kilometres Travelled,2020,Petrol,Co. Laois,Motor cycles,All years,Kilometres,2281
Average Kilometres Travelled,2020,Petrol,Co. Laois,Tractors & Machinery,All years,Kilometres,5591
Average Kilometres Travelled,2020,Petrol,Co. Laois,Small PSVs,All years,Kilometres,23744
Average Kilometres Travelled,2020,Petrol,Co. Laois,Large PSVs,All years,Kilometres,0
Average Kilometres Travelled,2020,Petrol,Co. Laois,Exempt vehicles,All years,Kilometres,9703
Average Kilometres Travelled,2020,Petrol,Co. Laois,Other vehicles,All years,Kilometres,2732
Average Kilometres Travelled,2020,Petrol,Co. Longford,Private cars,All years,Kilometres,9600
Average Kilometres Travelled,2020,Petrol,Co. Longford,Goods vehicles,All years,Kilometres,19886
Average Kilometres Travelled,2020,Petrol,Co. Longford,Motor cycles,All years,Kilometres,2290
Average Kilometres Travelled,2020,Petrol,Co. Longford,Tractors & Machinery,All years,Kilometres,15486
Average Kilometres Travelled,2020,Petrol,Co. Longford,Small PSVs,All years,Kilometres,30768
Average Kilometres Travelled,2020,Petrol,Co. Longford,Large PSVs,All years,Kilometres,0
Average Kilometres Travelled,2020,Petrol,Co. Longford,Exempt vehicles,All years,Kilometres,11841
Average Kilometres Travelled,2020,Petrol,Co. Longford,Other vehicles,All years,Kilometres,2701
Average Kilometres Travelled,2020,Petrol,Co. Louth,Private cars,All years,Kilometres,8903
Average Kilometres Travelled,2020,Petrol,Co. Louth,Goods vehicles,All years,Kilometres,17065
Average Kilometres Travelled,2020,Petrol,Co. Louth,Motor cycles,All years,Kilometres,2348
Average Kilometres Travelled,2020,Petrol,Co. Louth,Tractors & Machinery,All years,Kilometres,6245
Average Kilometres Travelled,2020,Petrol,Co. Louth,Small PSVs,All years,Kilometres,20903
Average Kilometres Travelled,2020,Petrol,Co. Louth,Large PSVs,All years,Kilometres,0
Average Kilometres Travelled,2020,Petrol,Co. Louth,Exempt vehicles,All years,Kilometres,10058
Average Kilometres Travelled,2020,Petrol,Co. Louth,Other vehicles,All years,Kilometres,2772
Average Kilometres Travelled,2020,Petrol,Co. Meath,Private cars,All years,Kilometres,9532
Average Kilometres Travelled,2020,Petrol,Co. Meath,Goods vehicles,All years,Kilometres,14403
Average Kilometres Travelled,2020,Petrol,Co. Meath,Motor cycles,All years,Kilometres,2341
Average Kilometres Travelled,2020,Petrol,Co. Meath,Tractors & Machinery,All years,Kilometres,11642
Average Kilometres Travelled,2020,Petrol,Co. Meath,Small PSVs,All years,Kilometres,23097
Average Kilometres Travelled,2020,Petrol,Co. Meath,Large PSVs,All years,Kilometres,18453
Average Kilometres Travelled,2020,Petrol,Co. Meath,Exempt vehicles,All years,Kilometres,10457
Average Kilometres Travelled,2020,Petrol,Co. Meath,Other vehicles,All years,Kilometres,2787
Average Kilometres Travelled,2020,Petrol,Co. Offaly,Private cars,All years,Kilometres,9503
Average Kilometres Travelled,2020,Petrol,Co. Offaly,Goods vehicles,All years,Kilometres,16701
Average Kilometres Travelled,2020,Petrol,Co. Offaly,Motor cycles,All years,Kilometres,2282
Average Kilometres Travelled,2020,Petrol,Co. Offaly,Tractors & Machinery,All years,Kilometres,15244
Average Kilometres Travelled,2020,Petrol,Co. Offaly,Small PSVs,All years,Kilometres,17568
Average Kilometres Travelled,2020,Petrol,Co. Offaly,Large PSVs,All years,Kilometres,0
Average Kilometres Travelled,2020,Petrol,Co. Offaly,Exempt vehicles,All years,Kilometres,9593
Average Kilometres Travelled,2020,Petrol,Co. Offaly,Other vehicles,All years,Kilometres,2793
Average Kilometres Travelled,2020,Petrol,Co. Westmeath,Private cars,All years,Kilometres,9515
Average Kilometres Travelled,2020,Petrol,Co. Westmeath,Goods vehicles,All years,Kilometres,17222
Average Kilometres Travelled,2020,Petrol,Co. Westmeath,Motor cycles,All years,Kilometres,2287
Average Kilometres Travelled,2020,Petrol,Co. Westmeath,Tractors & Machinery,All years,Kilometres,8261
Average Kilometres Travelled,2020,Petrol,Co. Westmeath,Small PSVs,All years,Kilometres,29327
Average Kilometres Travelled,2020,Petrol,Co. Westmeath,Large PSVs,All years,Kilometres,0
Average Kilometres Travelled,2020,Petrol,Co. Westmeath,Exempt vehicles,All years,Kilometres,10824
Average Kilometres Travelled,2020,Petrol,Co. Westmeath,Other vehicles,All years,Kilometres,2844
Average Kilometres Travelled,2020,Petrol,Co. Wexford,Private cars,All years,Kilometres,9481
Average Kilometres Travelled,2020,Petrol,Co. Wexford,Goods vehicles,All years,Kilometres,12420
Average Kilometres Travelled,2020,Petrol,Co. Wexford,Motor cycles,All years,Kilometres,2267
Average Kilometres Travelled,2020,Petrol,Co. Wexford,Tractors & Machinery,All years,Kilometres,19663
Average Kilometres Travelled,2020,Petrol,Co. Wexford,Small PSVs,All years,Kilometres,19296
Average Kilometres Travelled,2020,Petrol,Co. Wexford,Large PSVs,All years,Kilometres,0
Average Kilometres Travelled,2020,Petrol,Co. Wexford,Exempt vehicles,All years,Kilometres,9492
Average Kilometres Travelled,2020,Petrol,Co. Wexford,Other vehicles,All years,Kilometres,2864
Average Kilometres Travelled,2020,Petrol,Co. Wicklow,Private cars,All years,Kilometres,9158
Average Kilometres Travelled,2020,Petrol,Co. Wicklow,Goods vehicles,All years,Kilometres,13914
Average Kilometres Travelled,2020,Petrol,Co. Wicklow,Motor cycles,All years,Kilometres,2300
Average Kilometres Travelled,2020,Petrol,Co. Wicklow,Tractors & Machinery,All years,Kilometres,14775
Average Kilometres Travelled,2020,Petrol,Co. Wicklow,Small PSVs,All years,Kilometres,24719
Average Kilometres Travelled,2020,Petrol,Co. Wicklow,Large PSVs,All years,Kilometres,0
Average Kilometres Travelled,2020,Petrol,Co. Wicklow,Exempt vehicles,All years,Kilometres,9067
Average Kilometres Travelled,2020,Petrol,Co. Wicklow,Other vehicles,All years,Kilometres,2824
Average Kilometres Travelled,2020,Petrol,Co. Clare,Private cars,All years,Kilometres,9662
Average Kilometres Travelled,2020,Petrol,Co. Clare,Goods vehicles,All years,Kilometres,14075
Average Kilometres Travelled,2020,Petrol,Co. Clare,Motor cycles,All years,Kilometres,2314
Average Kilometres Travelled,2020,Petrol,Co. Clare,Tractors & Machinery,All years,Kilometres,17626
Average Kilometres Travelled,2020,Petrol,Co. Clare,Small PSVs,All years,Kilometres,27063
Average Kilometres Travelled,2020,Petrol,Co. Clare,Large PSVs,All years,Kilometres,0
Average Kilometres Travelled,2020,Petrol,Co. Clare,Exempt vehicles,All years,Kilometres,10140
Average Kilometres Travelled,2020,Petrol,Co. Clare,Other vehicles,All years,Kilometres,2836
Average Kilometres Travelled,2020,Petrol,Co. Cork,Private cars,All years,Kilometres,8907
Average Kilometres Travelled,2020,Petrol,Co. Cork,Goods vehicles,All years,Kilometres,12869
Average Kilometres Travelled,2020,Petrol,Co. Cork,Motor cycles,All years,Kilometres,2288
Average Kilometres Travelled,2020,Petrol,Co. Cork,Tractors & Machinery,All years,Kilometres,11772
Average Kilometres Travelled,2020,Petrol,Co. Cork,Small PSVs,All years,Kilometres,23479
Average Kilometres Travelled,2020,Petrol,Co. Cork,Large PSVs,All years,Kilometres,0
Average Kilometres Travelled,2020,Petrol,Co. Cork,Exempt vehicles,All years,Kilometres,10043
Average Kilometres Travelled,2020,Petrol,Co. Cork,Other vehicles,All years,Kilometres,2767
Average Kilometres Travelled,2020,Petrol,Co. Kerry,Private cars,All years,Kilometres,9426
Average Kilometres Travelled,2020,Petrol,Co. Kerry,Goods vehicles,All years,Kilometres,12428
Average Kilometres Travelled,2020,Petrol,Co. Kerry,Motor cycles,All years,Kilometres,2285
Average Kilometres Travelled,2020,Petrol,Co. Kerry,Tractors & Machinery,All years,Kilometres,12155
Average Kilometres Travelled,2020,Petrol,Co. Kerry,Small PSVs,All years,Kilometres,16417
Average Kilometres Travelled,2020,Petrol,Co. Kerry,Large PSVs,All years,Kilometres,0
Average Kilometres Travelled,2020,Petrol,Co. Kerry,Exempt vehicles,All years,Kilometres,9535
Average Kilometres Travelled,2020,Petrol,Co. Kerry,Other vehicles,All years,Kilometres,2793
Average Kilometres Travelled,2020,Petrol,Co. Limerick,Private cars,All years,Kilometres,9161
Average Kilometres Travelled,2020,Petrol,Co. Limerick,Goods vehicles,All years,Kilometres,12818
Average Kilometres Travelled,2020,Petrol,Co. Limerick,Motor cycles,All years,Kilometres,2299
Average Kilometres Travelled,2020,Petrol,Co. Limerick,Tractors & Machinery,All years,Kilometres,8156
Average Kilometres Travelled,2020,Petrol,Co. Limerick,Small PSVs,All years,Kilometres,22906
Average Kilometres Travelled,2020,Petrol,Co. Limerick,Large PSVs,All years,Kilometres,0
Average Kilometres Travelled,2020,Petrol,Co. Limerick,Exempt vehicles,All years,Kilometres,9060
Average Kilometres Travelled,2020,Petrol,Co. Limerick,Other vehicles,All years,Kilometres,2837
Average Kilometres Travelled,2020,Petrol,Co. Tipperary,Private cars,All years,Kilometres,9660
Average Kilometres Travelled,2020,Petrol,Co. Tipperary,Goods vehicles,All years,Kilometres,14265
Average Kilometres Travelled,2020,Petrol,Co. Tipperary,Motor cycles,All years,Kilometres,2266
Average Kilometres Travelled,2020,Petrol,Co. Tipperary,Tractors & Machinery,All years,Kilometres,13003
Average Kilometres Travelled,2020,Petrol,Co. Tipperary,Small PSVs,All years,Kilometres,10835
Average Kilometres Travelled,2020,Petrol,Co. Tipperary,Large PSVs,All years,Kilometres,0
Average Kilometres Travelled,2020,Petrol,Co. Tipperary,Exempt vehicles,All years,Kilometres,10679
Average Kilometres Travelled,2020,Petrol,Co. Tipperary,Other vehicles,All years,Kilometres,2818
Average Kilometres Travelled,2020,Petrol,Co. Waterford,Private cars,All years,Kilometres,8959
Average Kilometres Travelled,2020,Petrol,Co. Waterford,Goods vehicles,All years,Kilometres,13099
Average Kilometres Travelled,2020,Petrol,Co. Waterford,Motor cycles,All years,Kilometres,2261
Average Kilometres Travelled,2020,Petrol,Co. Waterford,Tractors & Machinery,All years,Kilometres,9503
Average Kilometres Travelled,2020,Petrol,Co. Waterford,Small PSVs,All years,Kilometres,19060
Average Kilometres Travelled,2020,Petrol,Co. Waterford,Large PSVs,All years,Kilometres,21384
Average Kilometres Travelled,2020,Petrol,Co. Waterford,Exempt vehicles,All years,Kilometres,9061
Average Kilometres Travelled,2020,Petrol,Co. Waterford,Other vehicles,All years,Kilometres,2740
Average Kilometres Travelled,2020,Petrol,Co. Galway,Private cars,All years,Kilometres,9344
Average Kilometres Travelled,2020,Petrol,Co. Galway,Goods vehicles,All years,Kilometres,14035
Average Kilometres Travelled,2020,Petrol,Co. Galway,Motor cycles,All years,Kilometres,2300
Average Kilometres Travelled,2020,Petrol,Co. Galway,Tractors & Machinery,All years,Kilometres,9353
Average Kilometres Travelled,2020,Petrol,Co. Galway,Small PSVs,All years,Kilometres,23777
Average Kilometres Travelled,2020,Petrol,Co. Galway,Large PSVs,All years,Kilometres,33721
Average Kilometres Travelled,2020,Petrol,Co. Galway,Exempt vehicles,All years,Kilometres,13501
Average Kilometres Travelled,2020,Petrol,Co. Galway,Other vehicles,All years,Kilometres,3093
Average Kilometres Travelled,2020,Petrol,Co. Leitrim,Private cars,All years,Kilometres,10094
Average Kilometres Travelled,2020,Petrol,Co. Leitrim,Goods vehicles,All years,Kilometres,15914
Average Kilometres Travelled,2020,Petrol,Co. Leitrim,Motor cycles,All years,Kilometres,2326
Average Kilometres Travelled,2020,Petrol,Co. Leitrim,Tractors & Machinery,All years,Kilometres,15067
Average Kilometres Travelled,2020,Petrol,Co. Leitrim,Small PSVs,All years,Kilometres,0
Average Kilometres Travelled,2020,Petrol,Co. Leitrim,Large PSVs,All years,Kilometres,0
Average Kilometres Travelled,2020,Petrol,Co. Leitrim,Exempt vehicles,All years,Kilometres,10230
Average Kilometres Travelled,2020,Petrol,Co. Leitrim,Other vehicles,All years,Kilometres,2867
Average Kilometres Travelled,2020,Petrol,Co. Mayo,Private cars,All years,Kilometres,9586
Average Kilometres Travelled,2020,Petrol,Co. Mayo,Goods vehicles,All years,Kilometres,13518
Average Kilometres Travelled,2020,Petrol,Co. Mayo,Motor cycles,All years,Kilometres,2294
Average Kilometres Travelled,2020,Petrol,Co. Mayo,Tractors & Machinery,All years,Kilometres,13481
Average Kilometres Travelled,2020,Petrol,Co. Mayo,Small PSVs,All years,Kilometres,26895
Average Kilometres Travelled,2020,Petrol,Co. Mayo,Large PSVs,All years,Kilometres,0
Average Kilometres Travelled,2020,Petrol,Co. Mayo,Exempt vehicles,All years,Kilometres,9383
Average Kilometres Travelled,2020,Petrol,Co. Mayo,Other vehicles,All years,Kilometres,2851
Average Kilometres Travelled,2020,Petrol,Co. Roscommon,Private cars,All years,Kilometres,10830
Average Kilometres Travelled,2020,Petrol,Co. Roscommon,Goods vehicles,All years,Kilometres,13549
Average Kilometres Travelled,2020,Petrol,Co. Roscommon,Motor cycles,All years,Kilometres,2314
Average Kilometres Travelled,2020,Petrol,Co. Roscommon,Tractors & Machinery,All years,Kilometres,18981
Average Kilometres Travelled,2020,Petrol,Co. Roscommon,Small PSVs,All years,Kilometres,16283
Average Kilometres Travelled,2020,Petrol,Co. Roscommon,Large PSVs,All years,Kilometres,0
Average Kilometres Travelled,2020,Petrol,Co. Roscommon,Exempt vehicles,All years,Kilometres,12638
Average Kilometres Travelled,2020,Petrol,Co. Roscommon,Other vehicles,All years,Kilometres,2833
Average Kilometres Travelled,2020,Petrol,Co. Sligo,Private cars,All years,Kilometres,9266
Average Kilometres Travelled,2020,Petrol,Co. Sligo,Goods vehicles,All years,Kilometres,14770
Average Kilometres Travelled,2020,Petrol,Co. Sligo,Motor cycles,All years,Kilometres,2199
Average Kilometres Travelled,2020,Petrol,Co. Sligo,Tractors & Machinery,All years,Kilometres,7607
Average Kilometres Travelled,2020,Petrol,Co. Sligo,Small PSVs,All years,Kilometres,9083
Average Kilometres Travelled,2020,Petrol,Co. Sligo,Large PSVs,All years,Kilometres,0
Average Kilometres Travelled,2020,Petrol,Co. Sligo,Exempt vehicles,All years,Kilometres,10532
Average Kilometres Travelled,2020,Petrol,Co. Sligo,Other vehicles,All years,Kilometres,2808
Average Kilometres Travelled,2020,Petrol,Co. Cavan,Private cars,All years,Kilometres,9746
Average Kilometres Travelled,2020,Petrol,Co. Cavan,Goods vehicles,All years,Kilometres,15820
Average Kilometres Travelled,2020,Petrol,Co. Cavan,Motor cycles,All years,Kilometres,2321
Average Kilometres Travelled,2020,Petrol,Co. Cavan,Tractors & Machinery,All years,Kilometres,9573
Average Kilometres Travelled,2020,Petrol,Co. Cavan,Small PSVs,All years,Kilometres,27876
Average Kilometres Travelled,2020,Petrol,Co. Cavan,Large PSVs,All years,Kilometres,0
Average Kilometres Travelled,2020,Petrol,Co. Cavan,Exempt vehicles,All years,Kilometres,10633
Average Kilometres Travelled,2020,Petrol,Co. Cavan,Other vehicles,All years,Kilometres,2876
Average Kilometres Travelled,2020,Petrol,Co. Donegal,Private cars,All years,Kilometres,9460
Average Kilometres Travelled,2020,Petrol,Co. Donegal,Goods vehicles,All years,Kilometres,13915
Average Kilometres Travelled,2020,Petrol,Co. Donegal,Motor cycles,All years,Kilometres,2376
Average Kilometres Travelled,2020,Petrol,Co. Donegal,Tractors & Machinery,All years,Kilometres,15880
Average Kilometres Travelled,2020,Petrol,Co. Donegal,Small PSVs,All years,Kilometres,23802
Average Kilometres Travelled,2020,Petrol,Co. Donegal,Large PSVs,All years,Kilometres,17928
Average Kilometres Travelled,2020,Petrol,Co. Donegal,Exempt vehicles,All years,Kilometres,10926
Average Kilometres Travelled,2020,Petrol,Co. Donegal,Other vehicles,All years,Kilometres,3057
Average Kilometres Travelled,2020,Petrol,Co. Monaghan,Private cars,All years,Kilometres,9385
Average Kilometres Travelled,2020,Petrol,Co. Monaghan,Goods vehicles,All years,Kilometres,16643
Average Kilometres Travelled,2020,Petrol,Co. Monaghan,Motor cycles,All years,Kilometres,2365
Average Kilometres Travelled,2020,Petrol,Co. Monaghan,Tractors & Machinery,All years,Kilometres,14355
Average Kilometres Travelled,2020,Petrol,Co. Monaghan,Small PSVs,All years,Kilometres,21591
Average Kilometres Travelled,2020,Petrol,Co. Monaghan,Large PSVs,All years,Kilometres,0
Average Kilometres Travelled,2020,Petrol,Co. Monaghan,Exempt vehicles,All years,Kilometres,8843
Average Kilometres Travelled,2020,Petrol,Co. Monaghan,Other vehicles,All years,Kilometres,2878
Average Kilometres Travelled,2020,Diesel,Co. Carlow,Private cars,All years,Kilometres,14886
Average Kilometres Travelled,2020,Diesel,Co. Carlow,Goods vehicles,All years,Kilometres,19620
Average Kilometres Travelled,2020,Diesel,Co. Carlow,Motor cycles,All years,Kilometres,2000
Average Kilometres Travelled,2020,Diesel,Co. Carlow,Tractors & Machinery,All years,Kilometres,14203
Average Kilometres Travelled,2020,Diesel,Co. Carlow,Small PSVs,All years,Kilometres,28618
Average Kilometres Travelled,2020,Diesel,Co. Carlow,Large PSVs,All years,Kilometres,17297
Average Kilometres Travelled,2020,Diesel,Co. Carlow,Exempt vehicles,All years,Kilometres,9923
Average Kilometres Travelled,2020,Diesel,Co. Carlow,Other vehicles,All years,Kilometres,5557
Average Kilometres Travelled,2020,Diesel,Co. Dublin,Private cars,All years,Kilometres,12208
Average Kilometres Travelled,2020,Diesel,Co. Dublin,Goods vehicles,All years,Kilometres,20998
Average Kilometres Travelled,2020,Diesel,Co. Dublin,Motor cycles,All years,Kilometres,2778
Average Kilometres Travelled,2020,Diesel,Co. Dublin,Tractors & Machinery,All years,Kilometres,14300
Average Kilometres Travelled,2020,Diesel,Co. Dublin,Small PSVs,All years,Kilometres,25892
Average Kilometres Travelled,2020,Diesel,Co. Dublin,Large PSVs,All years,Kilometres,31664
Average Kilometres Travelled,2020,Diesel,Co. Dublin,Exempt vehicles,All years,Kilometres,10826
Average Kilometres Travelled,2020,Diesel,Co. Dublin,Other vehicles,All years,Kilometres,7500
Average Kilometres Travelled,2020,Diesel,Co. Kildare,Private cars,All years,Kilometres,13997
Average Kilometres Travelled,2020,Diesel,Co. Kildare,Goods vehicles,All years,Kilometres,20384
Average Kilometres Travelled,2020,Diesel,Co. Kildare,Motor cycles,All years,Kilometres,2753
Average Kilometres Travelled,2020,Diesel,Co. Kildare,Tractors & Machinery,All years,Kilometres,14694
Average Kilometres Travelled,2020,Diesel,Co. Kildare,Small PSVs,All years,Kilometres,29765
Average Kilometres Travelled,2020,Diesel,Co. Kildare,Large PSVs,All years,Kilometres,20796
Average Kilometres Travelled,2020,Diesel,Co. Kildare,Exempt vehicles,All years,Kilometres,10434
Average Kilometres Travelled,2020,Diesel,Co. Kildare,Other vehicles,All years,Kilometres,5781
Average Kilometres Travelled,2020,Diesel,Co. Kilkenny,Private cars,All years,Kilometres,14911
Average Kilometres Travelled,2020,Diesel,Co. Kilkenny,Goods vehicles,All years,Kilometres,20109
Average Kilometres Travelled,2020,Diesel,Co. Kilkenny,Motor cycles,All years,Kilometres,2849
Average Kilometres Travelled,2020,Diesel,Co. Kilkenny,Tractors & Machinery,All years,Kilometres,14783
Average Kilometres Travelled,2020,Diesel,Co. Kilkenny,Small PSVs,All years,Kilometres,30785
Average Kilometres Travelled,2020,Diesel,Co. Kilkenny,Large PSVs,All years,Kilometres,25782
Average Kilometres Travelled,2020,Diesel,Co. Kilkenny,Exempt vehicles,All years,Kilometres,13552
Average Kilometres Travelled,2020,Diesel,Co. Kilkenny,Other vehicles,All years,Kilometres,4766
Average Kilometres Travelled,2020,Diesel,Co. Laois,Private cars,All years,Kilometres,15158
Average Kilometres Travelled,2020,Diesel,Co. Laois,Goods vehicles,All years,Kilometres,20387
Average Kilometres Travelled,2020,Diesel,Co. Laois,Motor cycles,All years,Kilometres,0
Average Kilometres Travelled,2020,Diesel,Co. Laois,Tractors & Machinery,All years,Kilometres,14426
Average Kilometres Travelled,2020,Diesel,Co. Laois,Small PSVs,All years,Kilometres,33250
Average Kilometres Travelled,2020,Diesel,Co. Laois,Large PSVs,All years,Kilometres,18489
Average Kilometres Travelled,2020,Diesel,Co. Laois,Exempt vehicles,All years,Kilometres,9458
Average Kilometres Travelled,2020,Diesel,Co. Laois,Other vehicles,All years,Kilometres,5437
Average Kilometres Travelled,2020,Diesel,Co. Longford,Private cars,All years,Kilometres,15671
Average Kilometres Travelled,2020,Diesel,Co. Longford,Goods vehicles,All years,Kilometres,20030
Average Kilometres Travelled,2020,Diesel,Co. Longford,Motor cycles,All years,Kilometres,0
Average Kilometres Travelled,2020,Diesel,Co. Longford,Tractors & Machinery,All years,Kilometres,15035
Average Kilometres Travelled,2020,Diesel,Co. Longford,Small PSVs,All years,Kilometres,32369
Average Kilometres Travelled,2020,Diesel,Co. Longford,Large PSVs,All years,Kilometres,24435
Average Kilometres Travelled,2020,Diesel,Co. Longford,Exempt vehicles,All years,Kilometres,13498
Average Kilometres Travelled,2020,Diesel,Co. Longford,Other vehicles,All years,Kilometres,3822
Average Kilometres Travelled,2020,Diesel,Co. Louth,Private cars,All years,Kilometres,14052
Average Kilometres Travelled,2020,Diesel,Co. Louth,Goods vehicles,All years,Kilometres,20030
Average Kilometres Travelled,2020,Diesel,Co. Louth,Motor cycles,All years,Kilometres,2214
Average Kilometres Travelled,2020,Diesel,Co. Louth,Tractors & Machinery,All years,Kilometres,15448
Average Kilometres Travelled,2020,Diesel,Co. Louth,Small PSVs,All years,Kilometres,31053
Average Kilometres Travelled,2020,Diesel,Co. Louth,Large PSVs,All years,Kilometres,24233
Average Kilometres Travelled,2020,Diesel,Co. Louth,Exempt vehicles,All years,Kilometres,11041
Average Kilometres Travelled,2020,Diesel,Co. Louth,Other vehicles,All years,Kilometres,5649
Average Kilometres Travelled,2020,Diesel,Co. Meath,Private cars,All years,Kilometres,14434
Average Kilometres Travelled,2020,Diesel,Co. Meath,Goods vehicles,All years,Kilometres,21166
Average Kilometres Travelled,2020,Diesel,Co. Meath,Motor cycles,All years,Kilometres,2291
Average Kilometres Travelled,2020,Diesel,Co. Meath,Tractors & Machinery,All years,Kilometres,14949
Average Kilometres Travelled,2020,Diesel,Co. Meath,Small PSVs,All years,Kilometres,31143
Average Kilometres Travelled,2020,Diesel,Co. Meath,Large PSVs,All years,Kilometres,19715
Average Kilometres Travelled,2020,Diesel,Co. Meath,Exempt vehicles,All years,Kilometres,11149
Average Kilometres Travelled,2020,Diesel,Co. Meath,Other vehicles,All years,Kilometres,5872
Average Kilometres Travelled,2020,Diesel,Co. Offaly,Private cars,All years,Kilometres,15173
Average Kilometres Travelled,2020,Diesel,Co. Offaly,Goods vehicles,All years,Kilometres,18761
Average Kilometres Travelled,2020,Diesel,Co. Offaly,Motor cycles,All years,Kilometres,2228
Average Kilometres Travelled,2020,Diesel,Co. Offaly,Tractors & Machinery,All years,Kilometres,15408
Average Kilometres Travelled,2020,Diesel,Co. Offaly,Small PSVs,All years,Kilometres,28011
Average Kilometres Travelled,2020,Diesel,Co. Offaly,Large PSVs,All years,Kilometres,23083
Average Kilometres Travelled,2020,Diesel,Co. Offaly,Exempt vehicles,All years,Kilometres,9165
Average Kilometres Travelled,2020,Diesel,Co. Offaly,Other vehicles,All years,Kilometres,4127
Average Kilometres Travelled,2020,Diesel,Co. Westmeath,Private cars,All years,Kilometres,15229
Average Kilometres Travelled,2020,Diesel,Co. Westmeath,Goods vehicles,All years,Kilometres,18710
Average Kilometres Travelled,2020,Diesel,Co. Westmeath,Motor cycles,All years,Kilometres,2844
Average Kilometres Travelled,2020,Diesel,Co. Westmeath,Tractors & Machinery,All years,Kilometres,15192
Average Kilometres Travelled,2020,Diesel,Co. Westmeath,Small PSVs,All years,Kilometres,31292
Average Kilometres Travelled,2020,Diesel,Co. Westmeath,Large PSVs,All years,Kilometres,22695
Average Kilometres Travelled,2020,Diesel,Co. Westmeath,Exempt vehicles,All years,Kilometres,11685
Average Kilometres Travelled,2020,Diesel,Co. Westmeath,Other vehicles,All years,Kilometres,4579
Average Kilometres Travelled,2020,Diesel,Co. Wexford,Private cars,All years,Kilometres,14719
Average Kilometres Travelled,2020,Diesel,Co. Wexford,Goods vehicles,All years,Kilometres,20808
Average Kilometres Travelled,2020,Diesel,Co. Wexford,Motor cycles,All years,Kilometres,2156
Average Kilometres Travelled,2020,Diesel,Co. Wexford,Tractors & Machinery,All years,Kilometres,14957
Average Kilometres Travelled,2020,Diesel,Co. Wexford,Small PSVs,All years,Kilometres,30359
Average Kilometres Travelled,2020,Diesel,Co. Wexford,Large PSVs,All years,Kilometres,24306
Average Kilometres Travelled,2020,Diesel,Co. Wexford,Exempt vehicles,All years,Kilometres,10532
Average Kilometres Travelled,2020,Diesel,Co. Wexford,Other vehicles,All years,Kilometres,4836
Average Kilometres Travelled,2020,Diesel,Co. Wicklow,Private cars,All years,Kilometres,13889
Average Kilometres Travelled,2020,Diesel,Co. Wicklow,Goods vehicles,All years,Kilometres,18161
Average Kilometres Travelled,2020,Diesel,Co. Wicklow,Motor cycles,All years,Kilometres,2862
Average Kilometres Travelled,2020,Diesel,Co. Wicklow,Tractors & Machinery,All years,Kilometres,14487
Average Kilometres Travelled,2020,Diesel,Co. Wicklow,Small PSVs,All years,Kilometres,27941
Average Kilometres Travelled,2020,Diesel,Co. Wicklow,Large PSVs,All years,Kilometres,18484
Average Kilometres Travelled,2020,Diesel,Co. Wicklow,Exempt vehicles,All years,Kilometres,10285
Average Kilometres Travelled,2020,Diesel,Co. Wicklow,Other vehicles,All years,Kilometres,5356
Average Kilometres Travelled,2020,Diesel,Co. Clare,Private cars,All years,Kilometres,14956
Average Kilometres Travelled,2020,Diesel,Co. Clare,Goods vehicles,All years,Kilometres,18537
Average Kilometres Travelled,2020,Diesel,Co. Clare,Motor cycles,All years,Kilometres,2752
Average Kilometres Travelled,2020,Diesel,Co. Clare,Tractors & Machinery,All years,Kilometres,15656
Average Kilometres Travelled,2020,Diesel,Co. Clare,Small PSVs,All years,Kilometres,28488
Average Kilometres Travelled,2020,Diesel,Co. Clare,Large PSVs,All years,Kilometres,20081
Average Kilometres Travelled,2020,Diesel,Co. Clare,Exempt vehicles,All years,Kilometres,10562
Average Kilometres Travelled,2020,Diesel,Co. Clare,Other vehicles,All years,Kilometres,3935
Average Kilometres Travelled,2020,Diesel,Co. Cork,Private cars,All years,Kilometres,13674
Average Kilometres Travelled,2020,Diesel,Co. Cork,Goods vehicles,All years,Kilometres,18574
Average Kilometres Travelled,2020,Diesel,Co. Cork,Motor cycles,All years,Kilometres,2771
Average Kilometres Travelled,2020,Diesel,Co. Cork,Tractors & Machinery,All years,Kilometres,14870
Average Kilometres Travelled,2020,Diesel,Co. Cork,Small PSVs,All years,Kilometres,28609
Average Kilometres Travelled,2020,Diesel,Co. Cork,Large PSVs,All years,Kilometres,21604
Average Kilometres Travelled,2020,Diesel,Co. Cork,Exempt vehicles,All years,Kilometres,11467
Average Kilometres Travelled,2020,Diesel,Co. Cork,Other vehicles,All years,Kilometres,4570
Average Kilometres Travelled,2020,Diesel,Co. Kerry,Private cars,All years,Kilometres,14409
Average Kilometres Travelled,2020,Diesel,Co. Kerry,Goods vehicles,All years,Kilometres,17979
Average Kilometres Travelled,2020,Diesel,Co. Kerry,Motor cycles,All years,Kilometres,2925
Average Kilometres Travelled,2020,Diesel,Co. Kerry,Tractors & Machinery,All years,Kilometres,14966
Average Kilometres Travelled,2020,Diesel,Co. Kerry,Small PSVs,All years,Kilometres,27602
Average Kilometres Travelled,2020,Diesel,Co. Kerry,Large PSVs,All years,Kilometres,22271
Average Kilometres Travelled,2020,Diesel,Co. Kerry,Exempt vehicles,All years,Kilometres,10751
Average Kilometres Travelled,2020,Diesel,Co. Kerry,Other vehicles,All years,Kilometres,3609
Average Kilometres Travelled,2020,Diesel,Co. Limerick,Private cars,All years,Kilometres,14567
Average Kilometres Travelled,2020,Diesel,Co. Limerick,Goods vehicles,All years,Kilometres,20265
Average Kilometres Travelled,2020,Diesel,Co. Limerick,Motor cycles,All years,Kilometres,2687
Average Kilometres Travelled,2020,Diesel,Co. Limerick,Tractors & Machinery,All years,Kilometres,15086
Average Kilometres Travelled,2020,Diesel,Co. Limerick,Small PSVs,All years,Kilometres,26806
Average Kilometres Travelled,2020,Diesel,Co. Limerick,Large PSVs,All years,Kilometres,22993
Average Kilometres Travelled,2020,Diesel,Co. Limerick,Exempt vehicles,All years,Kilometres,10046
Average Kilometres Travelled,2020,Diesel,Co. Limerick,Other vehicles,All years,Kilometres,4695
Average Kilometres Travelled,2020,Diesel,Co. Tipperary,Private cars,All years,Kilometres,15289
Average Kilometres Travelled,2020,Diesel,Co. Tipperary,Goods vehicles,All years,Kilometres,19225
Average Kilometres Travelled,2020,Diesel,Co. Tipperary,Motor cycles,All years,Kilometres,2687
Average Kilometres Travelled,2020,Diesel,Co. Tipperary,Tractors & Machinery,All years,Kilometres,15269
Average Kilometres Travelled,2020,Diesel,Co. Tipperary,Small PSVs,All years,Kilometres,28117
Average Kilometres Travelled,2020,Diesel,Co. Tipperary,Large PSVs,All years,Kilometres,21345
Average Kilometres Travelled,2020,Diesel,Co. Tipperary,Exempt vehicles,All years,Kilometres,11170
Average Kilometres Travelled,2020,Diesel,Co. Tipperary,Other vehicles,All years,Kilometres,4646
Average Kilometres Travelled,2020,Diesel,Co. Waterford,Private cars,All years,Kilometres,14161
Average Kilometres Travelled,2020,Diesel,Co. Waterford,Goods vehicles,All years,Kilometres,17655
Average Kilometres Travelled,2020,Diesel,Co. Waterford,Motor cycles,All years,Kilometres,0
Average Kilometres Travelled,2020,Diesel,Co. Waterford,Tractors & Machinery,All years,Kilometres,14913
Average Kilometres Travelled,2020,Diesel,Co. Waterford,Small PSVs,All years,Kilometres,31029
Average Kilometres Travelled,2020,Diesel,Co. Waterford,Large PSVs,All years,Kilometres,21614
Average Kilometres Travelled,2020,Diesel,Co. Waterford,Exempt vehicles,All years,Kilometres,10122
Average Kilometres Travelled,2020,Diesel,Co. Waterford,Other vehicles,All years,Kilometres,4955
Average Kilometres Travelled,2020,Diesel,Co. Galway,Private cars,All years,Kilometres,14816
Average Kilometres Travelled,2020,Diesel,Co. Galway,Goods vehicles,All years,Kilometres,19078
Average Kilometres Travelled,2020,Diesel,Co. Galway,Motor cycles,All years,Kilometres,2882
Average Kilometres Travelled,2020,Diesel,Co. Galway,Tractors & Machinery,All years,Kilometres,15457
Average Kilometres Travelled,2020,Diesel,Co. Galway,Small PSVs,All years,Kilometres,28713
Average Kilometres Travelled,2020,Diesel,Co. Galway,Large PSVs,All years,Kilometres,23377
Average Kilometres Travelled,2020,Diesel,Co. Galway,Exempt vehicles,All years,Kilometres,15781
Average Kilometres Travelled,2020,Diesel,Co. Galway,Other vehicles,All years,Kilometres,4612
Average Kilometres Travelled,2020,Diesel,Co. Leitrim,Private cars,All years,Kilometres,15380
Average Kilometres Travelled,2020,Diesel,Co. Leitrim,Goods vehicles,All years,Kilometres,17930
Average Kilometres Travelled,2020,Diesel,Co. Leitrim,Motor cycles,All years,Kilometres,2399
Average Kilometres Travelled,2020,Diesel,Co. Leitrim,Tractors & Machinery,All years,Kilometres,15719
Average Kilometres Travelled,2020,Diesel,Co. Leitrim,Small PSVs,All years,Kilometres,31700
Average Kilometres Travelled,2020,Diesel,Co. Leitrim,Large PSVs,All years,Kilometres,17003
Average Kilometres Travelled,2020,Diesel,Co. Leitrim,Exempt vehicles,All years,Kilometres,10596
Average Kilometres Travelled,2020,Diesel,Co. Leitrim,Other vehicles,All years,Kilometres,3337
Average Kilometres Travelled,2020,Diesel,Co. Mayo,Private cars,All years,Kilometres,14804
Average Kilometres Travelled,2020,Diesel,Co. Mayo,Goods vehicles,All years,Kilometres,18019
Average Kilometres Travelled,2020,Diesel,Co. Mayo,Motor cycles,All years,Kilometres,2968
Average Kilometres Travelled,2020,Diesel,Co. Mayo,Tractors & Machinery,All years,Kilometres,15200
Average Kilometres Travelled,2020,Diesel,Co. Mayo,Small PSVs,All years,Kilometres,29259
Average Kilometres Travelled,2020,Diesel,Co. Mayo,Large PSVs,All years,Kilometres,24731
Average Kilometres Travelled,2020,Diesel,Co. Mayo,Exempt vehicles,All years,Kilometres,10607
Average Kilometres Travelled,2020,Diesel,Co. Mayo,Other vehicles,All years,Kilometres,5149
Average Kilometres Travelled,2020,Diesel,Co. Roscommon,Private cars,All years,Kilometres,15894
Average Kilometres Travelled,2020,Diesel,Co. Roscommon,Goods vehicles,All years,Kilometres,19085
Average Kilometres Travelled,2020,Diesel,Co. Roscommon,Motor cycles,All years,Kilometres,2677
Average Kilometres Travelled,2020,Diesel,Co. Roscommon,Tractors & Machinery,All years,Kilometres,15586
Average Kilometres Travelled,2020,Diesel,Co. Roscommon,Small PSVs,All years,Kilometres,28897
Average Kilometres Travelled,2020,Diesel,Co. Roscommon,Large PSVs,All years,Kilometres,19910
Average Kilometres Travelled,2020,Diesel,Co. Roscommon,Exempt vehicles,All years,Kilometres,13545
Average Kilometres Travelled,2020,Diesel,Co. Roscommon,Other vehicles,All years,Kilometres,3862
Average Kilometres Travelled,2020,Diesel,Co. Sligo,Private cars,All years,Kilometres,14762
Average Kilometres Travelled,2020,Diesel,Co. Sligo,Goods vehicles,All years,Kilometres,17885
Average Kilometres Travelled,2020,Diesel,Co. Sligo,Motor cycles,All years,Kilometres,2128
Average Kilometres Travelled,2020,Diesel,Co. Sligo,Tractors & Machinery,All years,Kilometres,15560
Average Kilometres Travelled,2020,Diesel,Co. Sligo,Small PSVs,All years,Kilometres,28368
Average Kilometres Travelled,2020,Diesel,Co. Sligo,Large PSVs,All years,Kilometres,22992
Average Kilometres Travelled,2020,Diesel,Co. Sligo,Exempt vehicles,All years,Kilometres,11429
Average Kilometres Travelled,2020,Diesel,Co. Sligo,Other vehicles,All years,Kilometres,4505
Average Kilometres Travelled,2020,Diesel,Co. Cavan,Private cars,All years,Kilometres,15153
Average Kilometres Travelled,2020,Diesel,Co. Cavan,Goods vehicles,All years,Kilometres,19076
Average Kilometres Travelled,2020,Diesel,Co. Cavan,Motor cycles,All years,Kilometres,2794
Average Kilometres Travelled,2020,Diesel,Co. Cavan,Tractors & Machinery,All years,Kilometres,14885
Average Kilometres Travelled,2020,Diesel,Co. Cavan,Small PSVs,All years,Kilometres,31900
Average Kilometres Travelled,2020,Diesel,Co. Cavan,Large PSVs,All years,Kilometres,20650
Average Kilometres Travelled,2020,Diesel,Co. Cavan,Exempt vehicles,All years,Kilometres,11498
Average Kilometres Travelled,2020,Diesel,Co. Cavan,Other vehicles,All years,Kilometres,5311
Average Kilometres Travelled,2020,Diesel,Co. Donegal,Private cars,All years,Kilometres,14206
Average Kilometres Travelled,2020,Diesel,Co. Donegal,Goods vehicles,All years,Kilometres,17553
Average Kilometres Travelled,2020,Diesel,Co. Donegal,Motor cycles,All years,Kilometres,2561
Average Kilometres Travelled,2020,Diesel,Co. Donegal,Tractors & Machinery,All years,Kilometres,16316
Average Kilometres Travelled,2020,Diesel,Co. Donegal,Small PSVs,All years,Kilometres,30986
Average Kilometres Travelled,2020,Diesel,Co. Donegal,Large PSVs,All years,Kilometres,22173
Average Kilometres Travelled,2020,Diesel,Co. Donegal,Exempt vehicles,All years,Kilometres,11841
Average Kilometres Travelled,2020,Diesel,Co. Donegal,Other vehicles,All years,Kilometres,3891
Average Kilometres Travelled,2020,Diesel,Co. Monaghan,Private cars,All years,Kilometres,14814
Average Kilometres Travelled,2020,Diesel,Co. Monaghan,Goods vehicles,All years,Kilometres,21431
Average Kilometres Travelled,2020,Diesel,Co. Monaghan,Motor cycles,All years,Kilometres,0
Average Kilometres Travelled,2020,Diesel,Co. Monaghan,Tractors & Machinery,All years,Kilometres,15724
Average Kilometres Travelled,2020,Diesel,Co. Monaghan,Small PSVs,All years,Kilometres,30290
Average Kilometres Travelled,2020,Diesel,Co. Monaghan,Large PSVs,All years,Kilometres,31141
Average Kilometres Travelled,2020,Diesel,Co. Monaghan,Exempt vehicles,All years,Kilometres,9026
Average Kilometres Travelled,2020,Diesel,Co. Monaghan,Other vehicles,All years,Kilometres,4095
Average Kilometres Travelled,2020,Other fuel types,Co. Carlow,Private cars,All years,Kilometres,9816
Average Kilometres Travelled,2020,Other fuel types,Co. Carlow,Goods vehicles,All years,Kilometres,14379
Average Kilometres Travelled,2020,Other fuel types,Co. Carlow,Motor cycles,All years,Kilometres,0
Average Kilometres Travelled,2020,Other fuel types,Co. Carlow,Tractors & Machinery,All years,Kilometres,0
Average Kilometres Travelled,2020,Other fuel types,Co. Carlow,Small PSVs,All years,Kilometres,27179
Average Kilometres Travelled,2020,Other fuel types,Co. Carlow,Large PSVs,All years,Kilometres,0
Average Kilometres Travelled,2020,Other fuel types,Co. Carlow,Exempt vehicles,All years,Kilometres,10505
Average Kilometres Travelled,2020,Other fuel types,Co. Carlow,Other vehicles,All years,Kilometres,2765
Average Kilometres Travelled,2020,Other fuel types,Co. Dublin,Private cars,All years,Kilometres,9138
Average Kilometres Travelled,2020,Other fuel types,Co. Dublin,Goods vehicles,All years,Kilometres,12459
Average Kilometres Travelled,2020,Other fuel types,Co. Dublin,Motor cycles,All years,Kilometres,2824
Average Kilometres Travelled,2020,Other fuel types,Co. Dublin,Tractors & Machinery,All years,Kilometres,5383
Average Kilometres Travelled,2020,Other fuel types,Co. Dublin,Small PSVs,All years,Kilometres,28880
Average Kilometres Travelled,2020,Other fuel types,Co. Dublin,Large PSVs,All years,Kilometres,39252
Average Kilometres Travelled,2020,Other fuel types,Co. Dublin,Exempt vehicles,All years,Kilometres,9168
Average Kilometres Travelled,2020,Other fuel types,Co. Dublin,Other vehicles,All years,Kilometres,4163
Average Kilometres Travelled,2020,Other fuel types,Co. Kildare,Private cars,All years,Kilometres,9585
Average Kilometres Travelled,2020,Other fuel types,Co. Kildare,Goods vehicles,All years,Kilometres,31508
Average Kilometres Travelled,2020,Other fuel types,Co. Kildare,Motor cycles,All years,Kilometres,2856
Average Kilometres Travelled,2020,Other fuel types,Co. Kildare,Tractors & Machinery,All years,Kilometres,8746
Average Kilometres Travelled,2020,Other fuel types,Co. Kildare,Small PSVs,All years,Kilometres,31971
Average Kilometres Travelled,2020,Other fuel types,Co. Kildare,Large PSVs,All years,Kilometres,0
Average Kilometres Travelled,2020,Other fuel types,Co. Kildare,Exempt vehicles,All years,Kilometres,10224
Average Kilometres Travelled,2020,Other fuel types,Co. Kildare,Other vehicles,All years,Kilometres,2759
Average Kilometres Travelled,2020,Other fuel types,Co. Kilkenny,Private cars,All years,Kilometres,9746
Average Kilometres Travelled,2020,Other fuel types,Co. Kilkenny,Goods vehicles,All years,Kilometres,15245
Average Kilometres Travelled,2020,Other fuel types,Co. Kilkenny,Motor cycles,All years,Kilometres,0
Average Kilometres Travelled,2020,Other fuel types,Co. Kilkenny,Tractors & Machinery,All years,Kilometres,11824
Average Kilometres Travelled,2020,Other fuel types,Co. Kilkenny,Small PSVs,All years,Kilometres,25280
Average Kilometres Travelled,2020,Other fuel types,Co. Kilkenny,Large PSVs,All years,Kilometres,0
Average Kilometres Travelled,2020,Other fuel types,Co. Kilkenny,Exempt vehicles,All years,Kilometres,14071
Average Kilometres Travelled,2020,Other fuel types,Co. Kilkenny,Other vehicles,All years,Kilometres,3035
Average Kilometres Travelled,2020,Other fuel types,Co. Laois,Private cars,All years,Kilometres,9773
Average Kilometres Travelled,2020,Other fuel types,Co. Laois,Goods vehicles,All years,Kilometres,11564
Average Kilometres Travelled,2020,Other fuel types,Co. Laois,Motor cycles,All years,Kilometres,0
Average Kilometres Travelled,2020,Other fuel types,Co. Laois,Tractors & Machinery,All years,Kilometres,0
Average Kilometres Travelled,2020,Other fuel types,Co. Laois,Small PSVs,All years,Kilometres,32948
Average Kilometres Travelled,2020,Other fuel types,Co. Laois,Large PSVs,All years,Kilometres,0
Average Kilometres Travelled,2020,Other fuel types,Co. Laois,Exempt vehicles,All years,Kilometres,9539
Average Kilometres Travelled,2020,Other fuel types,Co. Laois,Other vehicles,All years,Kilometres,4483
Average Kilometres Travelled,2020,Other fuel types,Co. Longford,Private cars,All years,Kilometres,9930
Average Kilometres Travelled,2020,Other fuel types,Co. Longford,Goods vehicles,All years,Kilometres,22549
Average Kilometres Travelled,2020,Other fuel types,Co. Longford,Motor cycles,All years,Kilometres,2851
Average Kilometres Travelled,2020,Other fuel types,Co. Longford,Tractors & Machinery,All years,Kilometres,0
Average Kilometres Travelled,2020,Other fuel types,Co. Longford,Small PSVs,All years,Kilometres,0
Average Kilometres Travelled,2020,Other fuel types,Co. Longford,Large PSVs,All years,Kilometres,0
Average Kilometres Travelled,2020,Other fuel types,Co. Longford,Exempt vehicles,All years,Kilometres,13818
Average Kilometres Travelled,2020,Other fuel types,Co. Longford,Other vehicles,All years,Kilometres,2748
Average Kilometres Travelled,2020,Other fuel types,Co. Louth,Private cars,All years,Kilometres,9599
Average Kilometres Travelled,2020,Other fuel types,Co. Louth,Goods vehicles,All years,Kilometres,10530
Average Kilometres Travelled,2020,Other fuel types,Co. Louth,Motor cycles,All years,Kilometres,2922
Average Kilometres Travelled,2020,Other fuel types,Co. Louth,Tractors & Machinery,All years,Kilometres,0
Average Kilometres Travelled,2020,Other fuel types,Co. Louth,Small PSVs,All years,Kilometres,29754
Average Kilometres Travelled,2020,Other fuel types,Co. Louth,Large PSVs,All years,Kilometres,0
Average Kilometres Travelled,2020,Other fuel types,Co. Louth,Exempt vehicles,All years,Kilometres,10929
Average Kilometres Travelled,2020,Other fuel types,Co. Louth,Other vehicles,All years,Kilometres,2759
Average Kilometres Travelled,2020,Other fuel types,Co. Meath,Private cars,All years,Kilometres,9741
Average Kilometres Travelled,2020,Other fuel types,Co. Meath,Goods vehicles,All years,Kilometres,28664
Average Kilometres Travelled,2020,Other fuel types,Co. Meath,Motor cycles,All years,Kilometres,2860
Average Kilometres Travelled,2020,Other fuel types,Co. Meath,Tractors & Machinery,All years,Kilometres,0
Average Kilometres Travelled,2020,Other fuel types,Co. Meath,Small PSVs,All years,Kilometres,31654
Average Kilometres Travelled,2020,Other fuel types,Co. Meath,Large PSVs,All years,Kilometres,0
Average Kilometres Travelled,2020,Other fuel types,Co. Meath,Exempt vehicles,All years,Kilometres,11244
Average Kilometres Travelled,2020,Other fuel types,Co. Meath,Other vehicles,All years,Kilometres,2923
Average Kilometres Travelled,2020,Other fuel types,Co. Offaly,Private cars,All years,Kilometres,9878
Average Kilometres Travelled,2020,Other fuel types,Co. Offaly,Goods vehicles,All years,Kilometres,13363
Average Kilometres Travelled,2020,Other fuel types,Co. Offaly,Motor cycles,All years,Kilometres,2327
Average Kilometres Travelled,2020,Other fuel types,Co. Offaly,Tractors & Machinery,All years,Kilometres,0
Average Kilometres Travelled,2020,Other fuel types,Co. Offaly,Small PSVs,All years,Kilometres,28914
Average Kilometres Travelled,2020,Other fuel types,Co. Offaly,Large PSVs,All years,Kilometres,0
Average Kilometres Travelled,2020,Other fuel types,Co. Offaly,Exempt vehicles,All years,Kilometres,9975
Average Kilometres Travelled,2020,Other fuel types,Co. Offaly,Other vehicles,All years,Kilometres,2766
Average Kilometres Travelled,2020,Other fuel types,Co. Westmeath,Private cars,All years,Kilometres,9610
Average Kilometres Travelled,2020,Other fuel types,Co. Westmeath,Goods vehicles,All years,Kilometres,16968
Average Kilometres Travelled,2020,Other fuel types,Co. Westmeath,Motor cycles,All years,Kilometres,2461
Average Kilometres Travelled,2020,Other fuel types,Co. Westmeath,Tractors & Machinery,All years,Kilometres,0
Average Kilometres Travelled,2020,Other fuel types,Co. Westmeath,Small PSVs,All years,Kilometres,27808
Average Kilometres Travelled,2020,Other fuel types,Co. Westmeath,Large PSVs,All years,Kilometres,0
Average Kilometres Travelled,2020,Other fuel types,Co. Westmeath,Exempt vehicles,All years,Kilometres,12071
Average Kilometres Travelled,2020,Other fuel types,Co. Westmeath,Other vehicles,All years,Kilometres,3569
Average Kilometres Travelled,2020,Other fuel types,Co. Wexford,Private cars,All years,Kilometres,9631
Average Kilometres Travelled,2020,Other fuel types,Co. Wexford,Goods vehicles,All years,Kilometres,13467
Average Kilometres Travelled,2020,Other fuel types,Co. Wexford,Motor cycles,All years,Kilometres,2742
Average Kilometres Travelled,2020,Other fuel types,Co. Wexford,Tractors & Machinery,All years,Kilometres,11861
Average Kilometres Travelled,2020,Other fuel types,Co. Wexford,Small PSVs,All years,Kilometres,34376
Average Kilometres Travelled,2020,Other fuel types,Co. Wexford,Large PSVs,All years,Kilometres,0
Average Kilometres Travelled,2020,Other fuel types,Co. Wexford,Exempt vehicles,All years,Kilometres,9919
Average Kilometres Travelled,2020,Other fuel types,Co. Wexford,Other vehicles,All years,Kilometres,2981
Average Kilometres Travelled,2020,Other fuel types,Co. Wicklow,Private cars,All years,Kilometres,9670
Average Kilometres Travelled,2020,Other fuel types,Co. Wicklow,Goods vehicles,All years,Kilometres,15656
Average Kilometres Travelled,2020,Other fuel types,Co. Wicklow,Motor cycles,All years,Kilometres,2837
Average Kilometres Travelled,2020,Other fuel types,Co. Wicklow,Tractors & Machinery,All years,Kilometres,0
Average Kilometres Travelled,2020,Other fuel types,Co. Wicklow,Small PSVs,All years,Kilometres,28976
Average Kilometres Travelled,2020,Other fuel types,Co. Wicklow,Large PSVs,All years,Kilometres,0
Average Kilometres Travelled,2020,Other fuel types,Co. Wicklow,Exempt vehicles,All years,Kilometres,10418
Average Kilometres Travelled,2020,Other fuel types,Co. Wicklow,Other vehicles,All years,Kilometres,5089
Average Kilometres Travelled,2020,Other fuel types,Co. Clare,Private cars,All years,Kilometres,9700
Average Kilometres Travelled,2020,Other fuel types,Co. Clare,Goods vehicles,All years,Kilometres,24359
Average Kilometres Travelled,2020,Other fuel types,Co. Clare,Motor cycles,All years,Kilometres,524
Average Kilometres Travelled,2020,Other fuel types,Co. Clare,Tractors & Machinery,All years,Kilometres,6200
Average Kilometres Travelled,2020,Other fuel types,Co. Clare,Small PSVs,All years,Kilometres,27170
Average Kilometres Travelled,2020,Other fuel types,Co. Clare,Large PSVs,All years,Kilometres,0
Average Kilometres Travelled,2020,Other fuel types,Co. Clare,Exempt vehicles,All years,Kilometres,10222
Average Kilometres Travelled,2020,Other fuel types,Co. Clare,Other vehicles,All years,Kilometres,2759
Average Kilometres Travelled,2020,Other fuel types,Co. Cork,Private cars,All years,Kilometres,9421
Average Kilometres Travelled,2020,Other fuel types,Co. Cork,Goods vehicles,All years,Kilometres,14951
Average Kilometres Travelled,2020,Other fuel types,Co. Cork,Motor cycles,All years,Kilometres,2578
Average Kilometres Travelled,2020,Other fuel types,Co. Cork,Tractors & Machinery,All years,Kilometres,10641
Average Kilometres Travelled,2020,Other fuel types,Co. Cork,Small PSVs,All years,Kilometres,32484
Average Kilometres Travelled,2020,Other fuel types,Co. Cork,Large PSVs,All years,Kilometres,0
Average Kilometres Travelled,2020,Other fuel types,Co. Cork,Exempt vehicles,All years,Kilometres,11158
Average Kilometres Travelled,2020,Other fuel types,Co. Cork,Other vehicles,All years,Kilometres,5350
Average Kilometres Travelled,2020,Other fuel types,Co. Kerry,Private cars,All years,Kilometres,9538
Average Kilometres Travelled,2020,Other fuel types,Co. Kerry,Goods vehicles,All years,Kilometres,13249
Average Kilometres Travelled,2020,Other fuel types,Co. Kerry,Motor cycles,All years,Kilometres,2451
Average Kilometres Travelled,2020,Other fuel types,Co. Kerry,Tractors & Machinery,All years,Kilometres,8978
Average Kilometres Travelled,2020,Other fuel types,Co. Kerry,Small PSVs,All years,Kilometres,29504
Average Kilometres Travelled,2020,Other fuel types,Co. Kerry,Large PSVs,All years,Kilometres,0
Average Kilometres Travelled,2020,Other fuel types,Co. Kerry,Exempt vehicles,All years,Kilometres,10309
Average Kilometres Travelled,2020,Other fuel types,Co. Kerry,Other vehicles,All years,Kilometres,2900
Average Kilometres Travelled,2020,Other fuel types,Co. Limerick,Private cars,All years,Kilometres,9646
Average Kilometres Travelled,2020,Other fuel types,Co. Limerick,Goods vehicles,All years,Kilometres,15920
Average Kilometres Travelled,2020,Other fuel types,Co. Limerick,Motor cycles,All years,Kilometres,2932
Average Kilometres Travelled,2020,Other fuel types,Co. Limerick,Tractors & Machinery,All years,Kilometres,8167
Average Kilometres Travelled,2020,Other fuel types,Co. Limerick,Small PSVs,All years,Kilometres,29725
Average Kilometres Travelled,2020,Other fuel types,Co. Limerick,Large PSVs,All years,Kilometres,0
Average Kilometres Travelled,2020,Other fuel types,Co. Limerick,Exempt vehicles,All years,Kilometres,9874
Average Kilometres Travelled,2020,Other fuel types,Co. Limerick,Other vehicles,All years,Kilometres,5009
Average Kilometres Travelled,2020,Other fuel types,Co. Tipperary,Private cars,All years,Kilometres,9731
Average Kilometres Travelled,2020,Other fuel types,Co. Tipperary,Goods vehicles,All years,Kilometres,15164
Average Kilometres Travelled,2020,Other fuel types,Co. Tipperary,Motor cycles,All years,Kilometres,2857
Average Kilometres Travelled,2020,Other fuel types,Co. Tipperary,Tractors & Machinery,All years,Kilometres,0
Average Kilometres Travelled,2020,Other fuel types,Co. Tipperary,Small PSVs,All years,Kilometres,28595
Average Kilometres Travelled,2020,Other fuel types,Co. Tipperary,Large PSVs,All years,Kilometres,0
Average Kilometres Travelled,2020,Other fuel types,Co. Tipperary,Exempt vehicles,All years,Kilometres,11144
Average Kilometres Travelled,2020,Other fuel types,Co. Tipperary,Other vehicles,All years,Kilometres,3330
Average Kilometres Travelled,2020,Other fuel types,Co. Waterford,Private cars,All years,Kilometres,9502
Average Kilometres Travelled,2020,Other fuel types,Co. Waterford,Goods vehicles,All years,Kilometres,11259
Average Kilometres Travelled,2020,Other fuel types,Co. Waterford,Motor cycles,All years,Kilometres,2836
Average Kilometres Travelled,2020,Other fuel types,Co. Waterford,Tractors & Machinery,All years,Kilometres,6908
Average Kilometres Travelled,2020,Other fuel types,Co. Waterford,Small PSVs,All years,Kilometres,29074
Average Kilometres Travelled,2020,Other fuel types,Co. Waterford,Large PSVs,All years,Kilometres,0
Average Kilometres Travelled,2020,Other fuel types,Co. Waterford,Exempt vehicles,All years,Kilometres,10224
Average Kilometres Travelled,2020,Other fuel types,Co. Waterford,Other vehicles,All years,Kilometres,3116
Average Kilometres Travelled,2020,Other fuel types,Co. Galway,Private cars,All years,Kilometres,9728
Average Kilometres Travelled,2020,Other fuel types,Co. Galway,Goods vehicles,All years,Kilometres,11211
Average Kilometres Travelled,2020,Other fuel types,Co. Galway,Motor cycles,All years,Kilometres,2838
Average Kilometres Travelled,2020,Other fuel types,Co. Galway,Tractors & Machinery,All years,Kilometres,18895
Average Kilometres Travelled,2020,Other fuel types,Co. Galway,Small PSVs,All years,Kilometres,29806
Average Kilometres Travelled,2020,Other fuel types,Co. Galway,Large PSVs,All years,Kilometres,0
Average Kilometres Travelled,2020,Other fuel types,Co. Galway,Exempt vehicles,All years,Kilometres,15611
Average Kilometres Travelled,2020,Other fuel types,Co. Galway,Other vehicles,All years,Kilometres,4769
Average Kilometres Travelled,2020,Other fuel types,Co. Leitrim,Private cars,All years,Kilometres,9781
Average Kilometres Travelled,2020,Other fuel types,Co. Leitrim,Goods vehicles,All years,Kilometres,20242
Average Kilometres Travelled,2020,Other fuel types,Co. Leitrim,Motor cycles,All years,Kilometres,0
Average Kilometres Travelled,2020,Other fuel types,Co. Leitrim,Tractors & Machinery,All years,Kilometres,0
Average Kilometres Travelled,2020,Other fuel types,Co. Leitrim,Small PSVs,All years,Kilometres,26983
Average Kilometres Travelled,2020,Other fuel types,Co. Leitrim,Large PSVs,All years,Kilometres,0
Average Kilometres Travelled,2020,Other fuel types,Co. Leitrim,Exempt vehicles,All years,Kilometres,10848
Average Kilometres Travelled,2020,Other fuel types,Co. Leitrim,Other vehicles,All years,Kilometres,2759
Average Kilometres Travelled,2020,Other fuel types,Co. Mayo,Private cars,All years,Kilometres,9827
Average Kilometres Travelled,2020,Other fuel types,Co. Mayo,Goods vehicles,All years,Kilometres,17730
Average Kilometres Travelled,2020,Other fuel types,Co. Mayo,Motor cycles,All years,Kilometres,0
Average Kilometres Travelled,2020,Other fuel types,Co. Mayo,Tractors & Machinery,All years,Kilometres,0
Average Kilometres Travelled,2020,Other fuel types,Co. Mayo,Small PSVs,All years,Kilometres,31488
Average Kilometres Travelled,2020,Other fuel types,Co. Mayo,Large PSVs,All years,Kilometres,0
Average Kilometres Travelled,2020,Other fuel types,Co. Mayo,Exempt vehicles,All years,Kilometres,10738
Average Kilometres Travelled,2020,Other fuel types,Co. Mayo,Other vehicles,All years,Kilometres,2762
Average Kilometres Travelled,2020,Other fuel types,Co. Roscommon,Private cars,All years,Kilometres,9856
Average Kilometres Travelled,2020,Other fuel types,Co. Roscommon,Goods vehicles,All years,Kilometres,32679
Average Kilometres Travelled,2020,Other fuel types,Co. Roscommon,Motor cycles,All years,Kilometres,0
Average Kilometres Travelled,2020,Other fuel types,Co. Roscommon,Tractors & Machinery,All years,Kilometres,0
Average Kilometres Travelled,2020,Other fuel types,Co. Roscommon,Small PSVs,All years,Kilometres,0
Average Kilometres Travelled,2020,Other fuel types,Co. Roscommon,Large PSVs,All years,Kilometres,0
Average Kilometres Travelled,2020,Other fuel types,Co. Roscommon,Exempt vehicles,All years,Kilometres,13724
Average Kilometres Travelled,2020,Other fuel types,Co. Roscommon,Other vehicles,All years,Kilometres,2707
Average Kilometres Travelled,2020,Other fuel types,Co. Sligo,Private cars,All years,Kilometres,9624
Average Kilometres Travelled,2020,Other fuel types,Co. Sligo,Goods vehicles,All years,Kilometres,10145
Average Kilometres Travelled,2020,Other fuel types,Co. Sligo,Motor cycles,All years,Kilometres,2881
Average Kilometres Travelled,2020,Other fuel types,Co. Sligo,Tractors & Machinery,All years,Kilometres,0
Average Kilometres Travelled,2020,Other fuel types,Co. Sligo,Small PSVs,All years,Kilometres,28044
Average Kilometres Travelled,2020,Other fuel types,Co. Sligo,Large PSVs,All years,Kilometres,0
Average Kilometres Travelled,2020,Other fuel types,Co. Sligo,Exempt vehicles,All years,Kilometres,11248
Average Kilometres Travelled,2020,Other fuel types,Co. Sligo,Other vehicles,All years,Kilometres,2759
Average Kilometres Travelled,2020,Other fuel types,Co. Cavan,Private cars,All years,Kilometres,9810
Average Kilometres Travelled,2020,Other fuel types,Co. Cavan,Goods vehicles,All years,Kilometres,31732
Average Kilometres Travelled,2020,Other fuel types,Co. Cavan,Motor cycles,All years,Kilometres,3061
Average Kilometres Travelled,2020,Other fuel types,Co. Cavan,Tractors & Machinery,All years,Kilometres,12716
Average Kilometres Travelled,2020,Other fuel types,Co. Cavan,Small PSVs,All years,Kilometres,23797
Average Kilometres Travelled,2020,Other fuel types,Co. Cavan,Large PSVs,All years,Kilometres,0
Average Kilometres Travelled,2020,Other fuel types,Co. Cavan,Exempt vehicles,All years,Kilometres,12665
Average Kilometres Travelled,2020,Other fuel types,Co. Cavan,Other vehicles,All years,Kilometres,2759
Average Kilometres Travelled,2020,Other fuel types,Co. Donegal,Private cars,All years,Kilometres,9659
Average Kilometres Travelled,2020,Other fuel types,Co. Donegal,Goods vehicles,All years,Kilometres,13225
Average Kilometres Travelled,2020,Other fuel types,Co. Donegal,Motor cycles,All years,Kilometres,0
Average Kilometres Travelled,2020,Other fuel types,Co. Donegal,Tractors & Machinery,All years,Kilometres,0
Average Kilometres Travelled,2020,Other fuel types,Co. Donegal,Small PSVs,All years,Kilometres,31624
Average Kilometres Travelled,2020,Other fuel types,Co. Donegal,Large PSVs,All years,Kilometres,0
Average Kilometres Travelled,2020,Other fuel types,Co. Donegal,Exempt vehicles,All years,Kilometres,12162
Average Kilometres Travelled,2020,Other fuel types,Co. Donegal,Other vehicles,All years,Kilometres,2759
Average Kilometres Travelled,2020,Other fuel types,Co. Monaghan,Private cars,All years,Kilometres,9864
Average Kilometres Travelled,2020,Other fuel types,Co. Monaghan,Goods vehicles,All years,Kilometres,32437
Average Kilometres Travelled,2020,Other fuel types,Co. Monaghan,Motor cycles,All years,Kilometres,2880
Average Kilometres Travelled,2020,Other fuel types,Co. Monaghan,Tractors & Machinery,All years,Kilometres,0
Average Kilometres Travelled,2020,Other fuel types,Co. Monaghan,Small PSVs,All years,Kilometres,0
Average Kilometres Travelled,2020,Other fuel types,Co. Monaghan,Large PSVs,All years,Kilometres,0
Average Kilometres Travelled,2020,Other fuel types,Co. Monaghan,Exempt vehicles,All years,Kilometres,10232
Average Kilometres Travelled,2020,Other fuel types,Co. Monaghan,Other vehicles,All years,Kilometres,2759
Average Kilometres Travelled,2021,Petrol,Co. Carlow,Private cars,All years,Kilometres,10398
Average Kilometres Travelled,2021,Petrol,Co. Carlow,Goods vehicles,All years,Kilometres,16049
Average Kilometres Travelled,2021,Petrol,Co. Carlow,Motor cycles,All years,Kilometres,2389
Average Kilometres Travelled,2021,Petrol,Co. Carlow,Tractors & Machinery,All years,Kilometres,20733
Average Kilometres Travelled,2021,Petrol,Co. Carlow,Small PSVs,All years,Kilometres,18492
Average Kilometres Travelled,2021,Petrol,Co. Carlow,Large PSVs,All years,Kilometres,0
Average Kilometres Travelled,2021,Petrol,Co. Carlow,Exempt vehicles,All years,Kilometres,8848
Average Kilometres Travelled,2021,Petrol,Co. Carlow,Other vehicles,All years,Kilometres,3189
Average Kilometres Travelled,2021,Petrol,Co. Dublin,Private cars,All years,Kilometres,8245
Average Kilometres Travelled,2021,Petrol,Co. Dublin,Goods vehicles,All years,Kilometres,17100
Average Kilometres Travelled,2021,Petrol,Co. Dublin,Motor cycles,All years,Kilometres,2482
Average Kilometres Travelled,2021,Petrol,Co. Dublin,Tractors & Machinery,All years,Kilometres,9414
Average Kilometres Travelled,2021,Petrol,Co. Dublin,Small PSVs,All years,Kilometres,20151
Average Kilometres Travelled,2021,Petrol,Co. Dublin,Large PSVs,All years,Kilometres,48482
Average Kilometres Travelled,2021,Petrol,Co. Dublin,Exempt vehicles,All years,Kilometres,9809
Average Kilometres Travelled,2021,Petrol,Co. Dublin,Other vehicles,All years,Kilometres,3128
Average Kilometres Travelled,2021,Petrol,Co. Kildare,Private cars,All years,Kilometres,10259
Average Kilometres Travelled,2021,Petrol,Co. Kildare,Goods vehicles,All years,Kilometres,18194
Average Kilometres Travelled,2021,Petrol,Co. Kildare,Motor cycles,All years,Kilometres,2434
Average Kilometres Travelled,2021,Petrol,Co. Kildare,Tractors & Machinery,All years,Kilometres,14781
Average Kilometres Travelled,2021,Petrol,Co. Kildare,Small PSVs,All years,Kilometres,27505
Average Kilometres Travelled,2021,Petrol,Co. Kildare,Large PSVs,All years,Kilometres,0
Average Kilometres Travelled,2021,Petrol,Co. Kildare,Exempt vehicles,All years,Kilometres,11857
Average Kilometres Travelled,2021,Petrol,Co. Kildare,Other vehicles,All years,Kilometres,3272
Average Kilometres Travelled,2021,Petrol,Co. Kilkenny,Private cars,All years,Kilometres,10591
Average Kilometres Travelled,2021,Petrol,Co. Kilkenny,Goods vehicles,All years,Kilometres,12860
Average Kilometres Travelled,2021,Petrol,Co. Kilkenny,Motor cycles,All years,Kilometres,2372
Average Kilometres Travelled,2021,Petrol,Co. Kilkenny,Tractors & Machinery,All years,Kilometres,15735
Average Kilometres Travelled,2021,Petrol,Co. Kilkenny,Small PSVs,All years,Kilometres,30345
Average Kilometres Travelled,2021,Petrol,Co. Kilkenny,Large PSVs,All years,Kilometres,0
Average Kilometres Travelled,2021,Petrol,Co. Kilkenny,Exempt vehicles,All years,Kilometres,13002
Average Kilometres Travelled,2021,Petrol,Co. Kilkenny,Other vehicles,All years,Kilometres,3141
Average Kilometres Travelled,2021,Petrol,Co. Laois,Private cars,All years,Kilometres,10829
Average Kilometres Travelled,2021,Petrol,Co. Laois,Goods vehicles,All years,Kilometres,18344
Average Kilometres Travelled,2021,Petrol,Co. Laois,Motor cycles,All years,Kilometres,2390
Average Kilometres Travelled,2021,Petrol,Co. Laois,Tractors & Machinery,All years,Kilometres,6978
Average Kilometres Travelled,2021,Petrol,Co. Laois,Small PSVs,All years,Kilometres,21644
Average Kilometres Travelled,2021,Petrol,Co. Laois,Large PSVs,All years,Kilometres,0
Average Kilometres Travelled,2021,Petrol,Co. Laois,Exempt vehicles,All years,Kilometres,11663
Average Kilometres Travelled,2021,Petrol,Co. Laois,Other vehicles,All years,Kilometres,3026
Average Kilometres Travelled,2021,Petrol,Co. Longford,Private cars,All years,Kilometres,10735
Average Kilometres Travelled,2021,Petrol,Co. Longford,Goods vehicles,All years,Kilometres,26805
Average Kilometres Travelled,2021,Petrol,Co. Longford,Motor cycles,All years,Kilometres,2365
Average Kilometres Travelled,2021,Petrol,Co. Longford,Tractors & Machinery,All years,Kilometres,16266
Average Kilometres Travelled,2021,Petrol,Co. Longford,Small PSVs,All years,Kilometres,41758
Average Kilometres Travelled,2021,Petrol,Co. Longford,Large PSVs,All years,Kilometres,0
Average Kilometres Travelled,2021,Petrol,Co. Longford,Exempt vehicles,All years,Kilometres,13116
Average Kilometres Travelled,2021,Petrol,Co. Longford,Other vehicles,All years,Kilometres,2958
Average Kilometres Travelled,2021,Petrol,Co. Louth,Private cars,All years,Kilometres,9868
Average Kilometres Travelled,2021,Petrol,Co. Louth,Goods vehicles,All years,Kilometres,19760
Average Kilometres Travelled,2021,Petrol,Co. Louth,Motor cycles,All years,Kilometres,2448
Average Kilometres Travelled,2021,Petrol,Co. Louth,Tractors & Machinery,All years,Kilometres,6888
Average Kilometres Travelled,2021,Petrol,Co. Louth,Small PSVs,All years,Kilometres,18102
Average Kilometres Travelled,2021,Petrol,Co. Louth,Large PSVs,All years,Kilometres,0
Average Kilometres Travelled,2021,Petrol,Co. Louth,Exempt vehicles,All years,Kilometres,10238
Average Kilometres Travelled,2021,Petrol,Co. Louth,Other vehicles,All years,Kilometres,3154
Average Kilometres Travelled,2021,Petrol,Co. Meath,Private cars,All years,Kilometres,10678
Average Kilometres Travelled,2021,Petrol,Co. Meath,Goods vehicles,All years,Kilometres,18419
Average Kilometres Travelled,2021,Petrol,Co. Meath,Motor cycles,All years,Kilometres,2439
Average Kilometres Travelled,2021,Petrol,Co. Meath,Tractors & Machinery,All years,Kilometres,14524
Average Kilometres Travelled,2021,Petrol,Co. Meath,Small PSVs,All years,Kilometres,16856
Average Kilometres Travelled,2021,Petrol,Co. Meath,Large PSVs,All years,Kilometres,16199
Average Kilometres Travelled,2021,Petrol,Co. Meath,Exempt vehicles,All years,Kilometres,11517
Average Kilometres Travelled,2021,Petrol,Co. Meath,Other vehicles,All years,Kilometres,3138
Average Kilometres Travelled,2021,Petrol,Co. Offaly,Private cars,All years,Kilometres,10815
Average Kilometres Travelled,2021,Petrol,Co. Offaly,Goods vehicles,All years,Kilometres,17722
Average Kilometres Travelled,2021,Petrol,Co. Offaly,Motor cycles,All years,Kilometres,2363
Average Kilometres Travelled,2021,Petrol,Co. Offaly,Tractors & Machinery,All years,Kilometres,16983
Average Kilometres Travelled,2021,Petrol,Co. Offaly,Small PSVs,All years,Kilometres,12710
Average Kilometres Travelled,2021,Petrol,Co. Offaly,Large PSVs,All years,Kilometres,0
Average Kilometres Travelled,2021,Petrol,Co. Offaly,Exempt vehicles,All years,Kilometres,12864
Average Kilometres Travelled,2021,Petrol,Co. Offaly,Other vehicles,All years,Kilometres,3086
Average Kilometres Travelled,2021,Petrol,Co. Westmeath,Private cars,All years,Kilometres,10704
Average Kilometres Travelled,2021,Petrol,Co. Westmeath,Goods vehicles,All years,Kilometres,18700
Average Kilometres Travelled,2021,Petrol,Co. Westmeath,Motor cycles,All years,Kilometres,2384
Average Kilometres Travelled,2021,Petrol,Co. Westmeath,Tractors & Machinery,All years,Kilometres,6291
Average Kilometres Travelled,2021,Petrol,Co. Westmeath,Small PSVs,All years,Kilometres,27391
Average Kilometres Travelled,2021,Petrol,Co. Westmeath,Large PSVs,All years,Kilometres,0
Average Kilometres Travelled,2021,Petrol,Co. Westmeath,Exempt vehicles,All years,Kilometres,12036
Average Kilometres Travelled,2021,Petrol,Co. Westmeath,Other vehicles,All years,Kilometres,3322
Average Kilometres Travelled,2021,Petrol,Co. Wexford,Private cars,All years,Kilometres,10786
Average Kilometres Travelled,2021,Petrol,Co. Wexford,Goods vehicles,All years,Kilometres,17689
Average Kilometres Travelled,2021,Petrol,Co. Wexford,Motor cycles,All years,Kilometres,2360
Average Kilometres Travelled,2021,Petrol,Co. Wexford,Tractors & Machinery,All years,Kilometres,18816
Average Kilometres Travelled,2021,Petrol,Co. Wexford,Small PSVs,All years,Kilometres,14233
Average Kilometres Travelled,2021,Petrol,Co. Wexford,Large PSVs,All years,Kilometres,0
Average Kilometres Travelled,2021,Petrol,Co. Wexford,Exempt vehicles,All years,Kilometres,10628
Average Kilometres Travelled,2021,Petrol,Co. Wexford,Other vehicles,All years,Kilometres,3219
Average Kilometres Travelled,2021,Petrol,Co. Wicklow,Private cars,All years,Kilometres,10072
Average Kilometres Travelled,2021,Petrol,Co. Wicklow,Goods vehicles,All years,Kilometres,15182
Average Kilometres Travelled,2021,Petrol,Co. Wicklow,Motor cycles,All years,Kilometres,2393
Average Kilometres Travelled,2021,Petrol,Co. Wicklow,Tractors & Machinery,All years,Kilometres,18680
Average Kilometres Travelled,2021,Petrol,Co. Wicklow,Small PSVs,All years,Kilometres,22232
Average Kilometres Travelled,2021,Petrol,Co. Wicklow,Large PSVs,All years,Kilometres,0
Average Kilometres Travelled,2021,Petrol,Co. Wicklow,Exempt vehicles,All years,Kilometres,11354
Average Kilometres Travelled,2021,Petrol,Co. Wicklow,Other vehicles,All years,Kilometres,3152
Average Kilometres Travelled,2021,Petrol,Co. Clare,Private cars,All years,Kilometres,10842
Average Kilometres Travelled,2021,Petrol,Co. Clare,Goods vehicles,All years,Kilometres,18183
Average Kilometres Travelled,2021,Petrol,Co. Clare,Motor cycles,All years,Kilometres,2412
Average Kilometres Travelled,2021,Petrol,Co. Clare,Tractors & Machinery,All years,Kilometres,17867
Average Kilometres Travelled,2021,Petrol,Co. Clare,Small PSVs,All years,Kilometres,18936
Average Kilometres Travelled,2021,Petrol,Co. Clare,Large PSVs,All years,Kilometres,0
Average Kilometres Travelled,2021,Petrol,Co. Clare,Exempt vehicles,All years,Kilometres,12859
Average Kilometres Travelled,2021,Petrol,Co. Clare,Other vehicles,All years,Kilometres,3133
Average Kilometres Travelled,2021,Petrol,Co. Cork,Private cars,All years,Kilometres,9995
Average Kilometres Travelled,2021,Petrol,Co. Cork,Goods vehicles,All years,Kilometres,16199
Average Kilometres Travelled,2021,Petrol,Co. Cork,Motor cycles,All years,Kilometres,2376
Average Kilometres Travelled,2021,Petrol,Co. Cork,Tractors & Machinery,All years,Kilometres,11657
Average Kilometres Travelled,2021,Petrol,Co. Cork,Small PSVs,All years,Kilometres,26244
Average Kilometres Travelled,2021,Petrol,Co. Cork,Large PSVs,All years,Kilometres,0
Average Kilometres Travelled,2021,Petrol,Co. Cork,Exempt vehicles,All years,Kilometres,11006
Average Kilometres Travelled,2021,Petrol,Co. Cork,Other vehicles,All years,Kilometres,3148
Average Kilometres Travelled,2021,Petrol,Co. Kerry,Private cars,All years,Kilometres,10574
Average Kilometres Travelled,2021,Petrol,Co. Kerry,Goods vehicles,All years,Kilometres,17351
Average Kilometres Travelled,2021,Petrol,Co. Kerry,Motor cycles,All years,Kilometres,2383
Average Kilometres Travelled,2021,Petrol,Co. Kerry,Tractors & Machinery,All years,Kilometres,12538
Average Kilometres Travelled,2021,Petrol,Co. Kerry,Small PSVs,All years,Kilometres,19653
Average Kilometres Travelled,2021,Petrol,Co. Kerry,Large PSVs,All years,Kilometres,0
Average Kilometres Travelled,2021,Petrol,Co. Kerry,Exempt vehicles,All years,Kilometres,10483
Average Kilometres Travelled,2021,Petrol,Co. Kerry,Other vehicles,All years,Kilometres,3164
Average Kilometres Travelled,2021,Petrol,Co. Limerick,Private cars,All years,Kilometres,10226
Average Kilometres Travelled,2021,Petrol,Co. Limerick,Goods vehicles,All years,Kilometres,16866
Average Kilometres Travelled,2021,Petrol,Co. Limerick,Motor cycles,All years,Kilometres,2378
Average Kilometres Travelled,2021,Petrol,Co. Limerick,Tractors & Machinery,All years,Kilometres,9015
Average Kilometres Travelled,2021,Petrol,Co. Limerick,Small PSVs,All years,Kilometres,21283
Average Kilometres Travelled,2021,Petrol,Co. Limerick,Large PSVs,All years,Kilometres,0
Average Kilometres Travelled,2021,Petrol,Co. Limerick,Exempt vehicles,All years,Kilometres,10056
Average Kilometres Travelled,2021,Petrol,Co. Limerick,Other vehicles,All years,Kilometres,3210
Average Kilometres Travelled,2021,Petrol,Co. Tipperary,Private cars,All years,Kilometres,10819
Average Kilometres Travelled,2021,Petrol,Co. Tipperary,Goods vehicles,All years,Kilometres,15842
Average Kilometres Travelled,2021,Petrol,Co. Tipperary,Motor cycles,All years,Kilometres,2360
Average Kilometres Travelled,2021,Petrol,Co. Tipperary,Tractors & Machinery,All years,Kilometres,15852
Average Kilometres Travelled,2021,Petrol,Co. Tipperary,Small PSVs,All years,Kilometres,16446
Average Kilometres Travelled,2021,Petrol,Co. Tipperary,Large PSVs,All years,Kilometres,0
Average Kilometres Travelled,2021,Petrol,Co. Tipperary,Exempt vehicles,All years,Kilometres,12253
Average Kilometres Travelled,2021,Petrol,Co. Tipperary,Other vehicles,All years,Kilometres,3155
Average Kilometres Travelled,2021,Petrol,Co. Waterford,Private cars,All years,Kilometres,10199
Average Kilometres Travelled,2021,Petrol,Co. Waterford,Goods vehicles,All years,Kilometres,15977
Average Kilometres Travelled,2021,Petrol,Co. Waterford,Motor cycles,All years,Kilometres,2360
Average Kilometres Travelled,2021,Petrol,Co. Waterford,Tractors & Machinery,All years,Kilometres,9624
Average Kilometres Travelled,2021,Petrol,Co. Waterford,Small PSVs,All years,Kilometres,19958
Average Kilometres Travelled,2021,Petrol,Co. Waterford,Large PSVs,All years,Kilometres,19385
Average Kilometres Travelled,2021,Petrol,Co. Waterford,Exempt vehicles,All years,Kilometres,11284
Average Kilometres Travelled,2021,Petrol,Co. Waterford,Other vehicles,All years,Kilometres,3149
Average Kilometres Travelled,2021,Petrol,Co. Galway,Private cars,All years,Kilometres,10481
Average Kilometres Travelled,2021,Petrol,Co. Galway,Goods vehicles,All years,Kilometres,17640
Average Kilometres Travelled,2021,Petrol,Co. Galway,Motor cycles,All years,Kilometres,2404
Average Kilometres Travelled,2021,Petrol,Co. Galway,Tractors & Machinery,All years,Kilometres,10738
Average Kilometres Travelled,2021,Petrol,Co. Galway,Small PSVs,All years,Kilometres,25947
Average Kilometres Travelled,2021,Petrol,Co. Galway,Large PSVs,All years,Kilometres,1377
Average Kilometres Travelled,2021,Petrol,Co. Galway,Exempt vehicles,All years,Kilometres,14091
Average Kilometres Travelled,2021,Petrol,Co. Galway,Other vehicles,All years,Kilometres,3466
Average Kilometres Travelled,2021,Petrol,Co. Leitrim,Private cars,All years,Kilometres,11283
Average Kilometres Travelled,2021,Petrol,Co. Leitrim,Goods vehicles,All years,Kilometres,19702
Average Kilometres Travelled,2021,Petrol,Co. Leitrim,Motor cycles,All years,Kilometres,2387
Average Kilometres Travelled,2021,Petrol,Co. Leitrim,Tractors & Machinery,All years,Kilometres,14047
Average Kilometres Travelled,2021,Petrol,Co. Leitrim,Small PSVs,All years,Kilometres,0
Average Kilometres Travelled,2021,Petrol,Co. Leitrim,Large PSVs,All years,Kilometres,0
Average Kilometres Travelled,2021,Petrol,Co. Leitrim,Exempt vehicles,All years,Kilometres,11679
Average Kilometres Travelled,2021,Petrol,Co. Leitrim,Other vehicles,All years,Kilometres,3334
Average Kilometres Travelled,2021,Petrol,Co. Mayo,Private cars,All years,Kilometres,10779
Average Kilometres Travelled,2021,Petrol,Co. Mayo,Goods vehicles,All years,Kilometres,15710
Average Kilometres Travelled,2021,Petrol,Co. Mayo,Motor cycles,All years,Kilometres,2399
Average Kilometres Travelled,2021,Petrol,Co. Mayo,Tractors & Machinery,All years,Kilometres,13002
Average Kilometres Travelled,2021,Petrol,Co. Mayo,Small PSVs,All years,Kilometres,19888
Average Kilometres Travelled,2021,Petrol,Co. Mayo,Large PSVs,All years,Kilometres,0
Average Kilometres Travelled,2021,Petrol,Co. Mayo,Exempt vehicles,All years,Kilometres,10886
Average Kilometres Travelled,2021,Petrol,Co. Mayo,Other vehicles,All years,Kilometres,3178
Average Kilometres Travelled,2021,Petrol,Co. Roscommon,Private cars,All years,Kilometres,11972
Average Kilometres Travelled,2021,Petrol,Co. Roscommon,Goods vehicles,All years,Kilometres,19536
Average Kilometres Travelled,2021,Petrol,Co. Roscommon,Motor cycles,All years,Kilometres,2399
Average Kilometres Travelled,2021,Petrol,Co. Roscommon,Tractors & Machinery,All years,Kilometres,19041
Average Kilometres Travelled,2021,Petrol,Co. Roscommon,Small PSVs,All years,Kilometres,20160
Average Kilometres Travelled,2021,Petrol,Co. Roscommon,Large PSVs,All years,Kilometres,0
Average Kilometres Travelled,2021,Petrol,Co. Roscommon,Exempt vehicles,All years,Kilometres,12374
Average Kilometres Travelled,2021,Petrol,Co. Roscommon,Other vehicles,All years,Kilometres,3356
Average Kilometres Travelled,2021,Petrol,Co. Sligo,Private cars,All years,Kilometres,10244
Average Kilometres Travelled,2021,Petrol,Co. Sligo,Goods vehicles,All years,Kilometres,17122
Average Kilometres Travelled,2021,Petrol,Co. Sligo,Motor cycles,All years,Kilometres,2273
Average Kilometres Travelled,2021,Petrol,Co. Sligo,Tractors & Machinery,All years,Kilometres,8003
Average Kilometres Travelled,2021,Petrol,Co. Sligo,Small PSVs,All years,Kilometres,15877
Average Kilometres Travelled,2021,Petrol,Co. Sligo,Large PSVs,All years,Kilometres,0
Average Kilometres Travelled,2021,Petrol,Co. Sligo,Exempt vehicles,All years,Kilometres,12152
Average Kilometres Travelled,2021,Petrol,Co. Sligo,Other vehicles,All years,Kilometres,3252
Average Kilometres Travelled,2021,Petrol,Co. Cavan,Private cars,All years,Kilometres,10895
Average Kilometres Travelled,2021,Petrol,Co. Cavan,Goods vehicles,All years,Kilometres,16856
Average Kilometres Travelled,2021,Petrol,Co. Cavan,Motor cycles,All years,Kilometres,2417
Average Kilometres Travelled,2021,Petrol,Co. Cavan,Tractors & Machinery,All years,Kilometres,8766
Average Kilometres Travelled,2021,Petrol,Co. Cavan,Small PSVs,All years,Kilometres,17387
Average Kilometres Travelled,2021,Petrol,Co. Cavan,Large PSVs,All years,Kilometres,0
Average Kilometres Travelled,2021,Petrol,Co. Cavan,Exempt vehicles,All years,Kilometres,12394
Average Kilometres Travelled,2021,Petrol,Co. Cavan,Other vehicles,All years,Kilometres,3172
Average Kilometres Travelled,2021,Petrol,Co. Donegal,Private cars,All years,Kilometres,10737
Average Kilometres Travelled,2021,Petrol,Co. Donegal,Goods vehicles,All years,Kilometres,16099
Average Kilometres Travelled,2021,Petrol,Co. Donegal,Motor cycles,All years,Kilometres,2470
Average Kilometres Travelled,2021,Petrol,Co. Donegal,Tractors & Machinery,All years,Kilometres,14119
Average Kilometres Travelled,2021,Petrol,Co. Donegal,Small PSVs,All years,Kilometres,15322
Average Kilometres Travelled,2021,Petrol,Co. Donegal,Large PSVs,All years,Kilometres,15714
Average Kilometres Travelled,2021,Petrol,Co. Donegal,Exempt vehicles,All years,Kilometres,12678
Average Kilometres Travelled,2021,Petrol,Co. Donegal,Other vehicles,All years,Kilometres,3354
Average Kilometres Travelled,2021,Petrol,Co. Monaghan,Private cars,All years,Kilometres,10543
Average Kilometres Travelled,2021,Petrol,Co. Monaghan,Goods vehicles,All years,Kilometres,25694
Average Kilometres Travelled,2021,Petrol,Co. Monaghan,Motor cycles,All years,Kilometres,2490
Average Kilometres Travelled,2021,Petrol,Co. Monaghan,Tractors & Machinery,All years,Kilometres,17971
Average Kilometres Travelled,2021,Petrol,Co. Monaghan,Small PSVs,All years,Kilometres,0
Average Kilometres Travelled,2021,Petrol,Co. Monaghan,Large PSVs,All years,Kilometres,0
Average Kilometres Travelled,2021,Petrol,Co. Monaghan,Exempt vehicles,All years,Kilometres,10212
Average Kilometres Travelled,2021,Petrol,Co. Monaghan,Other vehicles,All years,Kilometres,3244
Average Kilometres Travelled,2021,Diesel,Co. Carlow,Private cars,All years,Kilometres,16923
Average Kilometres Travelled,2021,Diesel,Co. Carlow,Goods vehicles,All years,Kilometres,23160
Average Kilometres Travelled,2021,Diesel,Co. Carlow,Motor cycles,All years,Kilometres,2057
Average Kilometres Travelled,2021,Diesel,Co. Carlow,Tractors & Machinery,All years,Kilometres,13613
Average Kilometres Travelled,2021,Diesel,Co. Carlow,Small PSVs,All years,Kilometres,29200
Average Kilometres Travelled,2021,Diesel,Co. Carlow,Large PSVs,All years,Kilometres,15484
Average Kilometres Travelled,2021,Diesel,Co. Carlow,Exempt vehicles,All years,Kilometres,11186
Average Kilometres Travelled,2021,Diesel,Co. Carlow,Other vehicles,All years,Kilometres,6850
Average Kilometres Travelled,2021,Diesel,Co. Dublin,Private cars,All years,Kilometres,13759
Average Kilometres Travelled,2021,Diesel,Co. Dublin,Goods vehicles,All years,Kilometres,24233
Average Kilometres Travelled,2021,Diesel,Co. Dublin,Motor cycles,All years,Kilometres,2915
Average Kilometres Travelled,2021,Diesel,Co. Dublin,Tractors & Machinery,All years,Kilometres,13920
Average Kilometres Travelled,2021,Diesel,Co. Dublin,Small PSVs,All years,Kilometres,23022
Average Kilometres Travelled,2021,Diesel,Co. Dublin,Large PSVs,All years,Kilometres,35629
Average Kilometres Travelled,2021,Diesel,Co. Dublin,Exempt vehicles,All years,Kilometres,12919
Average Kilometres Travelled,2021,Diesel,Co. Dublin,Other vehicles,All years,Kilometres,8842
Average Kilometres Travelled,2021,Diesel,Co. Kildare,Private cars,All years,Kilometres,15846
Average Kilometres Travelled,2021,Diesel,Co. Kildare,Goods vehicles,All years,Kilometres,23987
Average Kilometres Travelled,2021,Diesel,Co. Kildare,Motor cycles,All years,Kilometres,2862
Average Kilometres Travelled,2021,Diesel,Co. Kildare,Tractors & Machinery,All years,Kilometres,14140
Average Kilometres Travelled,2021,Diesel,Co. Kildare,Small PSVs,All years,Kilometres,26001
Average Kilometres Travelled,2021,Diesel,Co. Kildare,Large PSVs,All years,Kilometres,16736
Average Kilometres Travelled,2021,Diesel,Co. Kildare,Exempt vehicles,All years,Kilometres,12410
Average Kilometres Travelled,2021,Diesel,Co. Kildare,Other vehicles,All years,Kilometres,6205
Average Kilometres Travelled,2021,Diesel,Co. Kilkenny,Private cars,All years,Kilometres,16950
Average Kilometres Travelled,2021,Diesel,Co. Kilkenny,Goods vehicles,All years,Kilometres,23380
Average Kilometres Travelled,2021,Diesel,Co. Kilkenny,Motor cycles,All years,Kilometres,2891
Average Kilometres Travelled,2021,Diesel,Co. Kilkenny,Tractors & Machinery,All years,Kilometres,14222
Average Kilometres Travelled,2021,Diesel,Co. Kilkenny,Small PSVs,All years,Kilometres,29537
Average Kilometres Travelled,2021,Diesel,Co. Kilkenny,Large PSVs,All years,Kilometres,23275
Average Kilometres Travelled,2021,Diesel,Co. Kilkenny,Exempt vehicles,All years,Kilometres,14787
Average Kilometres Travelled,2021,Diesel,Co. Kilkenny,Other vehicles,All years,Kilometres,5401
Average Kilometres Travelled,2021,Diesel,Co. Laois,Private cars,All years,Kilometres,17355
Average Kilometres Travelled,2021,Diesel,Co. Laois,Goods vehicles,All years,Kilometres,23947
Average Kilometres Travelled,2021,Diesel,Co. Laois,Motor cycles,All years,Kilometres,3178
Average Kilometres Travelled,2021,Diesel,Co. Laois,Tractors & Machinery,All years,Kilometres,13901
Average Kilometres Travelled,2021,Diesel,Co. Laois,Small PSVs,All years,Kilometres,30544
Average Kilometres Travelled,2021,Diesel,Co. Laois,Large PSVs,All years,Kilometres,16890
Average Kilometres Travelled,2021,Diesel,Co. Laois,Exempt vehicles,All years,Kilometres,11349
Average Kilometres Travelled,2021,Diesel,Co. Laois,Other vehicles,All years,Kilometres,6582
Average Kilometres Travelled,2021,Diesel,Co. Longford,Private cars,All years,Kilometres,17712
Average Kilometres Travelled,2021,Diesel,Co. Longford,Goods vehicles,All years,Kilometres,23955
Average Kilometres Travelled,2021,Diesel,Co. Longford,Motor cycles,All years,Kilometres,2990
Average Kilometres Travelled,2021,Diesel,Co. Longford,Tractors & Machinery,All years,Kilometres,14421
Average Kilometres Travelled,2021,Diesel,Co. Longford,Small PSVs,All years,Kilometres,30598
Average Kilometres Travelled,2021,Diesel,Co. Longford,Large PSVs,All years,Kilometres,17378
Average Kilometres Travelled,2021,Diesel,Co. Longford,Exempt vehicles,All years,Kilometres,15713
Average Kilometres Travelled,2021,Diesel,Co. Longford,Other vehicles,All years,Kilometres,4835
Average Kilometres Travelled,2021,Diesel,Co. Louth,Private cars,All years,Kilometres,15960
Average Kilometres Travelled,2021,Diesel,Co. Louth,Goods vehicles,All years,Kilometres,23144
Average Kilometres Travelled,2021,Diesel,Co. Louth,Motor cycles,All years,Kilometres,2146
Average Kilometres Travelled,2021,Diesel,Co. Louth,Tractors & Machinery,All years,Kilometres,14855
Average Kilometres Travelled,2021,Diesel,Co. Louth,Small PSVs,All years,Kilometres,28192
Average Kilometres Travelled,2021,Diesel,Co. Louth,Large PSVs,All years,Kilometres,20355
Average Kilometres Travelled,2021,Diesel,Co. Louth,Exempt vehicles,All years,Kilometres,11767
Average Kilometres Travelled,2021,Diesel,Co. Louth,Other vehicles,All years,Kilometres,6712
Average Kilometres Travelled,2021,Diesel,Co. Meath,Private cars,All years,Kilometres,16345
Average Kilometres Travelled,2021,Diesel,Co. Meath,Goods vehicles,All years,Kilometres,24863
Average Kilometres Travelled,2021,Diesel,Co. Meath,Motor cycles,All years,Kilometres,2671
Average Kilometres Travelled,2021,Diesel,Co. Meath,Tractors & Machinery,All years,Kilometres,14468
Average Kilometres Travelled,2021,Diesel,Co. Meath,Small PSVs,All years,Kilometres,27776
Average Kilometres Travelled,2021,Diesel,Co. Meath,Large PSVs,All years,Kilometres,21054
Average Kilometres Travelled,2021,Diesel,Co. Meath,Exempt vehicles,All years,Kilometres,12618
Average Kilometres Travelled,2021,Diesel,Co. Meath,Other vehicles,All years,Kilometres,7265
Average Kilometres Travelled,2021,Diesel,Co. Offaly,Private cars,All years,Kilometres,17379
Average Kilometres Travelled,2021,Diesel,Co. Offaly,Goods vehicles,All years,Kilometres,22814
Average Kilometres Travelled,2021,Diesel,Co. Offaly,Motor cycles,All years,Kilometres,2662
Average Kilometres Travelled,2021,Diesel,Co. Offaly,Tractors & Machinery,All years,Kilometres,14763
Average Kilometres Travelled,2021,Diesel,Co. Offaly,Small PSVs,All years,Kilometres,28848
Average Kilometres Travelled,2021,Diesel,Co. Offaly,Large PSVs,All years,Kilometres,19826
Average Kilometres Travelled,2021,Diesel,Co. Offaly,Exempt vehicles,All years,Kilometres,12430
Average Kilometres Travelled,2021,Diesel,Co. Offaly,Other vehicles,All years,Kilometres,4962
Average Kilometres Travelled,2021,Diesel,Co. Westmeath,Private cars,All years,Kilometres,17193
Average Kilometres Travelled,2021,Diesel,Co. Westmeath,Goods vehicles,All years,Kilometres,22448
Average Kilometres Travelled,2021,Diesel,Co. Westmeath,Motor cycles,All years,Kilometres,2949
Average Kilometres Travelled,2021,Diesel,Co. Westmeath,Tractors & Machinery,All years,Kilometres,14518
Average Kilometres Travelled,2021,Diesel,Co. Westmeath,Small PSVs,All years,Kilometres,28951
Average Kilometres Travelled,2021,Diesel,Co. Westmeath,Large PSVs,All years,Kilometres,21492
Average Kilometres Travelled,2021,Diesel,Co. Westmeath,Exempt vehicles,All years,Kilometres,13358
Average Kilometres Travelled,2021,Diesel,Co. Westmeath,Other vehicles,All years,Kilometres,5559
Average Kilometres Travelled,2021,Diesel,Co. Wexford,Private cars,All years,Kilometres,16788
Average Kilometres Travelled,2021,Diesel,Co. Wexford,Goods vehicles,All years,Kilometres,24217
Average Kilometres Travelled,2021,Diesel,Co. Wexford,Motor cycles,All years,Kilometres,2245
Average Kilometres Travelled,2021,Diesel,Co. Wexford,Tractors & Machinery,All years,Kilometres,14388
Average Kilometres Travelled,2021,Diesel,Co. Wexford,Small PSVs,All years,Kilometres,29836
Average Kilometres Travelled,2021,Diesel,Co. Wexford,Large PSVs,All years,Kilometres,23483
Average Kilometres Travelled,2021,Diesel,Co. Wexford,Exempt vehicles,All years,Kilometres,12620
Average Kilometres Travelled,2021,Diesel,Co. Wexford,Other vehicles,All years,Kilometres,5926
Average Kilometres Travelled,2021,Diesel,Co. Wicklow,Private cars,All years,Kilometres,15615
Average Kilometres Travelled,2021,Diesel,Co. Wicklow,Goods vehicles,All years,Kilometres,21565
Average Kilometres Travelled,2021,Diesel,Co. Wicklow,Motor cycles,All years,Kilometres,2892
Average Kilometres Travelled,2021,Diesel,Co. Wicklow,Tractors & Machinery,All years,Kilometres,14017
Average Kilometres Travelled,2021,Diesel,Co. Wicklow,Small PSVs,All years,Kilometres,27225
Average Kilometres Travelled,2021,Diesel,Co. Wicklow,Large PSVs,All years,Kilometres,15848
Average Kilometres Travelled,2021,Diesel,Co. Wicklow,Exempt vehicles,All years,Kilometres,12344
Average Kilometres Travelled,2021,Diesel,Co. Wicklow,Other vehicles,All years,Kilometres,6351
Average Kilometres Travelled,2021,Diesel,Co. Clare,Private cars,All years,Kilometres,17045
Average Kilometres Travelled,2021,Diesel,Co. Clare,Goods vehicles,All years,Kilometres,22281
Average Kilometres Travelled,2021,Diesel,Co. Clare,Motor cycles,All years,Kilometres,2771
Average Kilometres Travelled,2021,Diesel,Co. Clare,Tractors & Machinery,All years,Kilometres,14962
Average Kilometres Travelled,2021,Diesel,Co. Clare,Small PSVs,All years,Kilometres,24647
Average Kilometres Travelled,2021,Diesel,Co. Clare,Large PSVs,All years,Kilometres,17441
Average Kilometres Travelled,2021,Diesel,Co. Clare,Exempt vehicles,All years,Kilometres,13242
Average Kilometres Travelled,2021,Diesel,Co. Clare,Other vehicles,All years,Kilometres,4651
Average Kilometres Travelled,2021,Diesel,Co. Cork,Private cars,All years,Kilometres,15498
Average Kilometres Travelled,2021,Diesel,Co. Cork,Goods vehicles,All years,Kilometres,22234
Average Kilometres Travelled,2021,Diesel,Co. Cork,Motor cycles,All years,Kilometres,2893
Average Kilometres Travelled,2021,Diesel,Co. Cork,Tractors & Machinery,All years,Kilometres,14295
Average Kilometres Travelled,2021,Diesel,Co. Cork,Small PSVs,All years,Kilometres,27501
Average Kilometres Travelled,2021,Diesel,Co. Cork,Large PSVs,All years,Kilometres,17293
Average Kilometres Travelled,2021,Diesel,Co. Cork,Exempt vehicles,All years,Kilometres,13073
Average Kilometres Travelled,2021,Diesel,Co. Cork,Other vehicles,All years,Kilometres,5392
Average Kilometres Travelled,2021,Diesel,Co. Kerry,Private cars,All years,Kilometres,16459
Average Kilometres Travelled,2021,Diesel,Co. Kerry,Goods vehicles,All years,Kilometres,21687
Average Kilometres Travelled,2021,Diesel,Co. Kerry,Motor cycles,All years,Kilometres,2990
Average Kilometres Travelled,2021,Diesel,Co. Kerry,Tractors & Machinery,All years,Kilometres,14422
Average Kilometres Travelled,2021,Diesel,Co. Kerry,Small PSVs,All years,Kilometres,23434
Average Kilometres Travelled,2021,Diesel,Co. Kerry,Large PSVs,All years,Kilometres,16698
Average Kilometres Travelled,2021,Diesel,Co. Kerry,Exempt vehicles,All years,Kilometres,12110
Average Kilometres Travelled,2021,Diesel,Co. Kerry,Other vehicles,All years,Kilometres,4236
Average Kilometres Travelled,2021,Diesel,Co. Limerick,Private cars,All years,Kilometres,16554
Average Kilometres Travelled,2021,Diesel,Co. Limerick,Goods vehicles,All years,Kilometres,23925
Average Kilometres Travelled,2021,Diesel,Co. Limerick,Motor cycles,All years,Kilometres,2986
Average Kilometres Travelled,2021,Diesel,Co. Limerick,Tractors & Machinery,All years,Kilometres,14477
Average Kilometres Travelled,2021,Diesel,Co. Limerick,Small PSVs,All years,Kilometres,23964
Average Kilometres Travelled,2021,Diesel,Co. Limerick,Large PSVs,All years,Kilometres,20056
Average Kilometres Travelled,2021,Diesel,Co. Limerick,Exempt vehicles,All years,Kilometres,11526
Average Kilometres Travelled,2021,Diesel,Co. Limerick,Other vehicles,All years,Kilometres,4989
Average Kilometres Travelled,2021,Diesel,Co. Tipperary,Private cars,All years,Kilometres,17478
Average Kilometres Travelled,2021,Diesel,Co. Tipperary,Goods vehicles,All years,Kilometres,22861
Average Kilometres Travelled,2021,Diesel,Co. Tipperary,Motor cycles,All years,Kilometres,2778
Average Kilometres Travelled,2021,Diesel,Co. Tipperary,Tractors & Machinery,All years,Kilometres,14689
Average Kilometres Travelled,2021,Diesel,Co. Tipperary,Small PSVs,All years,Kilometres,28452
Average Kilometres Travelled,2021,Diesel,Co. Tipperary,Large PSVs,All years,Kilometres,20097
Average Kilometres Travelled,2021,Diesel,Co. Tipperary,Exempt vehicles,All years,Kilometres,13622
Average Kilometres Travelled,2021,Diesel,Co. Tipperary,Other vehicles,All years,Kilometres,5351
Average Kilometres Travelled,2021,Diesel,Co. Waterford,Private cars,All years,Kilometres,15943
Average Kilometres Travelled,2021,Diesel,Co. Waterford,Goods vehicles,All years,Kilometres,20730
Average Kilometres Travelled,2021,Diesel,Co. Waterford,Motor cycles,All years,Kilometres,3082
Average Kilometres Travelled,2021,Diesel,Co. Waterford,Tractors & Machinery,All years,Kilometres,14257
Average Kilometres Travelled,2021,Diesel,Co. Waterford,Small PSVs,All years,Kilometres,27818
Average Kilometres Travelled,2021,Diesel,Co. Waterford,Large PSVs,All years,Kilometres,18877
Average Kilometres Travelled,2021,Diesel,Co. Waterford,Exempt vehicles,All years,Kilometres,12501
Average Kilometres Travelled,2021,Diesel,Co. Waterford,Other vehicles,All years,Kilometres,5743
Average Kilometres Travelled,2021,Diesel,Co. Galway,Private cars,All years,Kilometres,16880
Average Kilometres Travelled,2021,Diesel,Co. Galway,Goods vehicles,All years,Kilometres,22681
Average Kilometres Travelled,2021,Diesel,Co. Galway,Motor cycles,All years,Kilometres,2950
Average Kilometres Travelled,2021,Diesel,Co. Galway,Tractors & Machinery,All years,Kilometres,14757
Average Kilometres Travelled,2021,Diesel,Co. Galway,Small PSVs,All years,Kilometres,26868
Average Kilometres Travelled,2021,Diesel,Co. Galway,Large PSVs,All years,Kilometres,21721
Average Kilometres Travelled,2021,Diesel,Co. Galway,Exempt vehicles,All years,Kilometres,16996
Average Kilometres Travelled,2021,Diesel,Co. Galway,Other vehicles,All years,Kilometres,5576
Average Kilometres Travelled,2021,Diesel,Co. Leitrim,Private cars,All years,Kilometres,17538
Average Kilometres Travelled,2021,Diesel,Co. Leitrim,Goods vehicles,All years,Kilometres,20790
Average Kilometres Travelled,2021,Diesel,Co. Leitrim,Motor cycles,All years,Kilometres,2415
Average Kilometres Travelled,2021,Diesel,Co. Leitrim,Tractors & Machinery,All years,Kilometres,15070
Average Kilometres Travelled,2021,Diesel,Co. Leitrim,Small PSVs,All years,Kilometres,31692
Average Kilometres Travelled,2021,Diesel,Co. Leitrim,Large PSVs,All years,Kilometres,17192
Average Kilometres Travelled,2021,Diesel,Co. Leitrim,Exempt vehicles,All years,Kilometres,13135
Average Kilometres Travelled,2021,Diesel,Co. Leitrim,Other vehicles,All years,Kilometres,4065
Average Kilometres Travelled,2021,Diesel,Co. Mayo,Private cars,All years,Kilometres,16993
Average Kilometres Travelled,2021,Diesel,Co. Mayo,Goods vehicles,All years,Kilometres,21625
Average Kilometres Travelled,2021,Diesel,Co. Mayo,Motor cycles,All years,Kilometres,2991
Average Kilometres Travelled,2021,Diesel,Co. Mayo,Tractors & Machinery,All years,Kilometres,14557
Average Kilometres Travelled,2021,Diesel,Co. Mayo,Small PSVs,All years,Kilometres,26910
Average Kilometres Travelled,2021,Diesel,Co. Mayo,Large PSVs,All years,Kilometres,23276
Average Kilometres Travelled,2021,Diesel,Co. Mayo,Exempt vehicles,All years,Kilometres,12754
Average Kilometres Travelled,2021,Diesel,Co. Mayo,Other vehicles,All years,Kilometres,5728
Average Kilometres Travelled,2021,Diesel,Co. Roscommon,Private cars,All years,Kilometres,18054
Average Kilometres Travelled,2021,Diesel,Co. Roscommon,Goods vehicles,All years,Kilometres,22755
Average Kilometres Travelled,2021,Diesel,Co. Roscommon,Motor cycles,All years,Kilometres,2631
Average Kilometres Travelled,2021,Diesel,Co. Roscommon,Tractors & Machinery,All years,Kilometres,15000
Average Kilometres Travelled,2021,Diesel,Co. Roscommon,Small PSVs,All years,Kilometres,30171
Average Kilometres Travelled,2021,Diesel,Co. Roscommon,Large PSVs,All years,Kilometres,19788
Average Kilometres Travelled,2021,Diesel,Co. Roscommon,Exempt vehicles,All years,Kilometres,13943
Average Kilometres Travelled,2021,Diesel,Co. Roscommon,Other vehicles,All years,Kilometres,4498
Average Kilometres Travelled,2021,Diesel,Co. Sligo,Private cars,All years,Kilometres,16634
Average Kilometres Travelled,2021,Diesel,Co. Sligo,Goods vehicles,All years,Kilometres,21179
Average Kilometres Travelled,2021,Diesel,Co. Sligo,Motor cycles,All years,Kilometres,2653
Average Kilometres Travelled,2021,Diesel,Co. Sligo,Tractors & Machinery,All years,Kilometres,14951
Average Kilometres Travelled,2021,Diesel,Co. Sligo,Small PSVs,All years,Kilometres,27276
Average Kilometres Travelled,2021,Diesel,Co. Sligo,Large PSVs,All years,Kilometres,18479
Average Kilometres Travelled,2021,Diesel,Co. Sligo,Exempt vehicles,All years,Kilometres,13479
Average Kilometres Travelled,2021,Diesel,Co. Sligo,Other vehicles,All years,Kilometres,5370
Average Kilometres Travelled,2021,Diesel,Co. Cavan,Private cars,All years,Kilometres,17265
Average Kilometres Travelled,2021,Diesel,Co. Cavan,Goods vehicles,All years,Kilometres,22147
Average Kilometres Travelled,2021,Diesel,Co. Cavan,Motor cycles,All years,Kilometres,2814
Average Kilometres Travelled,2021,Diesel,Co. Cavan,Tractors & Machinery,All years,Kilometres,14306
Average Kilometres Travelled,2021,Diesel,Co. Cavan,Small PSVs,All years,Kilometres,30316
Average Kilometres Travelled,2021,Diesel,Co. Cavan,Large PSVs,All years,Kilometres,21755
Average Kilometres Travelled,2021,Diesel,Co. Cavan,Exempt vehicles,All years,Kilometres,13873
Average Kilometres Travelled,2021,Diesel,Co. Cavan,Other vehicles,All years,Kilometres,5328
Average Kilometres Travelled,2021,Diesel,Co. Donegal,Private cars,All years,Kilometres,16210
Average Kilometres Travelled,2021,Diesel,Co. Donegal,Goods vehicles,All years,Kilometres,21063
Average Kilometres Travelled,2021,Diesel,Co. Donegal,Motor cycles,All years,Kilometres,2625
Average Kilometres Travelled,2021,Diesel,Co. Donegal,Tractors & Machinery,All years,Kilometres,15696
Average Kilometres Travelled,2021,Diesel,Co. Donegal,Small PSVs,All years,Kilometres,28718
Average Kilometres Travelled,2021,Diesel,Co. Donegal,Large PSVs,All years,Kilometres,19984
Average Kilometres Travelled,2021,Diesel,Co. Donegal,Exempt vehicles,All years,Kilometres,13480
Average Kilometres Travelled,2021,Diesel,Co. Donegal,Other vehicles,All years,Kilometres,4588
Average Kilometres Travelled,2021,Diesel,Co. Monaghan,Private cars,All years,Kilometres,16930
Average Kilometres Travelled,2021,Diesel,Co. Monaghan,Goods vehicles,All years,Kilometres,25716
Average Kilometres Travelled,2021,Diesel,Co. Monaghan,Motor cycles,All years,Kilometres,0
Average Kilometres Travelled,2021,Diesel,Co. Monaghan,Tractors & Machinery,All years,Kilometres,14943
Average Kilometres Travelled,2021,Diesel,Co. Monaghan,Small PSVs,All years,Kilometres,27142
Average Kilometres Travelled,2021,Diesel,Co. Monaghan,Large PSVs,All years,Kilometres,25331
Average Kilometres Travelled,2021,Diesel,Co. Monaghan,Exempt vehicles,All years,Kilometres,10710
Average Kilometres Travelled,2021,Diesel,Co. Monaghan,Other vehicles,All years,Kilometres,5141
Average Kilometres Travelled,2021,Other fuel types,Co. Carlow,Private cars,All years,Kilometres,11590
Average Kilometres Travelled,2021,Other fuel types,Co. Carlow,Goods vehicles,All years,Kilometres,21894
Average Kilometres Travelled,2021,Other fuel types,Co. Carlow,Motor cycles,All years,Kilometres,0
Average Kilometres Travelled,2021,Other fuel types,Co. Carlow,Tractors & Machinery,All years,Kilometres,0
Average Kilometres Travelled,2021,Other fuel types,Co. Carlow,Small PSVs,All years,Kilometres,31768
Average Kilometres Travelled,2021,Other fuel types,Co. Carlow,Large PSVs,All years,Kilometres,0
Average Kilometres Travelled,2021,Other fuel types,Co. Carlow,Exempt vehicles,All years,Kilometres,11711
Average Kilometres Travelled,2021,Other fuel types,Co. Carlow,Other vehicles,All years,Kilometres,2945
Average Kilometres Travelled,2021,Other fuel types,Co. Dublin,Private cars,All years,Kilometres,10845
Average Kilometres Travelled,2021,Other fuel types,Co. Dublin,Goods vehicles,All years,Kilometres,15944
Average Kilometres Travelled,2021,Other fuel types,Co. Dublin,Motor cycles,All years,Kilometres,2931
Average Kilometres Travelled,2021,Other fuel types,Co. Dublin,Tractors & Machinery,All years,Kilometres,5340
Average Kilometres Travelled,2021,Other fuel types,Co. Dublin,Small PSVs,All years,Kilometres,27339
Average Kilometres Travelled,2021,Other fuel types,Co. Dublin,Large PSVs,All years,Kilometres,46344
Average Kilometres Travelled,2021,Other fuel types,Co. Dublin,Exempt vehicles,All years,Kilometres,11203
Average Kilometres Travelled,2021,Other fuel types,Co. Dublin,Other vehicles,All years,Kilometres,5094
Average Kilometres Travelled,2021,Other fuel types,Co. Kildare,Private cars,All years,Kilometres,11416
Average Kilometres Travelled,2021,Other fuel types,Co. Kildare,Goods vehicles,All years,Kilometres,32688
Average Kilometres Travelled,2021,Other fuel types,Co. Kildare,Motor cycles,All years,Kilometres,2890
Average Kilometres Travelled,2021,Other fuel types,Co. Kildare,Tractors & Machinery,All years,Kilometres,8154
Average Kilometres Travelled,2021,Other fuel types,Co. Kildare,Small PSVs,All years,Kilometres,29898
Average Kilometres Travelled,2021,Other fuel types,Co. Kildare,Large PSVs,All years,Kilometres,0
Average Kilometres Travelled,2021,Other fuel types,Co. Kildare,Exempt vehicles,All years,Kilometres,13099
Average Kilometres Travelled,2021,Other fuel types,Co. Kildare,Other vehicles,All years,Kilometres,3118
Average Kilometres Travelled,2021,Other fuel types,Co. Kilkenny,Private cars,All years,Kilometres,11500
Average Kilometres Travelled,2021,Other fuel types,Co. Kilkenny,Goods vehicles,All years,Kilometres,14108
Average Kilometres Travelled,2021,Other fuel types,Co. Kilkenny,Motor cycles,All years,Kilometres,0
Average Kilometres Travelled,2021,Other fuel types,Co. Kilkenny,Tractors & Machinery,All years,Kilometres,14756
Average Kilometres Travelled,2021,Other fuel types,Co. Kilkenny,Small PSVs,All years,Kilometres,29208
Average Kilometres Travelled,2021,Other fuel types,Co. Kilkenny,Large PSVs,All years,Kilometres,0
Average Kilometres Travelled,2021,Other fuel types,Co. Kilkenny,Exempt vehicles,All years,Kilometres,15198
Average Kilometres Travelled,2021,Other fuel types,Co. Kilkenny,Other vehicles,All years,Kilometres,3557
Average Kilometres Travelled,2021,Other fuel types,Co. Laois,Private cars,All years,Kilometres,11769
Average Kilometres Travelled,2021,Other fuel types,Co. Laois,Goods vehicles,All years,Kilometres,13902
Average Kilometres Travelled,2021,Other fuel types,Co. Laois,Motor cycles,All years,Kilometres,0
Average Kilometres Travelled,2021,Other fuel types,Co. Laois,Tractors & Machinery,All years,Kilometres,0
Average Kilometres Travelled,2021,Other fuel types,Co. Laois,Small PSVs,All years,Kilometres,36673
Average Kilometres Travelled,2021,Other fuel types,Co. Laois,Large PSVs,All years,Kilometres,0
Average Kilometres Travelled,2021,Other fuel types,Co. Laois,Exempt vehicles,All years,Kilometres,12786
Average Kilometres Travelled,2021,Other fuel types,Co. Laois,Other vehicles,All years,Kilometres,4687
Average Kilometres Travelled,2021,Other fuel types,Co. Longford,Private cars,All years,Kilometres,11380
Average Kilometres Travelled,2021,Other fuel types,Co. Longford,Goods vehicles,All years,Kilometres,34110
Average Kilometres Travelled,2021,Other fuel types,Co. Longford,Motor cycles,All years,Kilometres,3138
Average Kilometres Travelled,2021,Other fuel types,Co. Longford,Tractors & Machinery,All years,Kilometres,0
Average Kilometres Travelled,2021,Other fuel types,Co. Longford,Small PSVs,All years,Kilometres,31861
Average Kilometres Travelled,2021,Other fuel types,Co. Longford,Large PSVs,All years,Kilometres,0
Average Kilometres Travelled,2021,Other fuel types,Co. Longford,Exempt vehicles,All years,Kilometres,17064
Average Kilometres Travelled,2021,Other fuel types,Co. Longford,Other vehicles,All years,Kilometres,2020
Average Kilometres Travelled,2021,Other fuel types,Co. Louth,Private cars,All years,Kilometres,11485
Average Kilometres Travelled,2021,Other fuel types,Co. Louth,Goods vehicles,All years,Kilometres,22630
Average Kilometres Travelled,2021,Other fuel types,Co. Louth,Motor cycles,All years,Kilometres,3083
Average Kilometres Travelled,2021,Other fuel types,Co. Louth,Tractors & Machinery,All years,Kilometres,0
Average Kilometres Travelled,2021,Other fuel types,Co. Louth,Small PSVs,All years,Kilometres,26638
Average Kilometres Travelled,2021,Other fuel types,Co. Louth,Large PSVs,All years,Kilometres,0
Average Kilometres Travelled,2021,Other fuel types,Co. Louth,Exempt vehicles,All years,Kilometres,12184
Average Kilometres Travelled,2021,Other fuel types,Co. Louth,Other vehicles,All years,Kilometres,0
Average Kilometres Travelled,2021,Other fuel types,Co. Meath,Private cars,All years,Kilometres,11542
Average Kilometres Travelled,2021,Other fuel types,Co. Meath,Goods vehicles,All years,Kilometres,25002
Average Kilometres Travelled,2021,Other fuel types,Co. Meath,Motor cycles,All years,Kilometres,3013
Average Kilometres Travelled,2021,Other fuel types,Co. Meath,Tractors & Machinery,All years,Kilometres,0
Average Kilometres Travelled,2021,Other fuel types,Co. Meath,Small PSVs,All years,Kilometres,29976
Average Kilometres Travelled,2021,Other fuel types,Co. Meath,Large PSVs,All years,Kilometres,0
Average Kilometres Travelled,2021,Other fuel types,Co. Meath,Exempt vehicles,All years,Kilometres,12923
Average Kilometres Travelled,2021,Other fuel types,Co. Meath,Other vehicles,All years,Kilometres,4940
Average Kilometres Travelled,2021,Other fuel types,Co. Offaly,Private cars,All years,Kilometres,11609
Average Kilometres Travelled,2021,Other fuel types,Co. Offaly,Goods vehicles,All years,Kilometres,18023
Average Kilometres Travelled,2021,Other fuel types,Co. Offaly,Motor cycles,All years,Kilometres,2342
Average Kilometres Travelled,2021,Other fuel types,Co. Offaly,Tractors & Machinery,All years,Kilometres,0
Average Kilometres Travelled,2021,Other fuel types,Co. Offaly,Small PSVs,All years,Kilometres,32362
Average Kilometres Travelled,2021,Other fuel types,Co. Offaly,Large PSVs,All years,Kilometres,0
Average Kilometres Travelled,2021,Other fuel types,Co. Offaly,Exempt vehicles,All years,Kilometres,14155
Average Kilometres Travelled,2021,Other fuel types,Co. Offaly,Other vehicles,All years,Kilometres,3233
Average Kilometres Travelled,2021,Other fuel types,Co. Westmeath,Private cars,All years,Kilometres,11533
Average Kilometres Travelled,2021,Other fuel types,Co. Westmeath,Goods vehicles,All years,Kilometres,22420
Average Kilometres Travelled,2021,Other fuel types,Co. Westmeath,Motor cycles,All years,Kilometres,2917
Average Kilometres Travelled,2021,Other fuel types,Co. Westmeath,Tractors & Machinery,All years,Kilometres,0
Average Kilometres Travelled,2021,Other fuel types,Co. Westmeath,Small PSVs,All years,Kilometres,27877
Average Kilometres Travelled,2021,Other fuel types,Co. Westmeath,Large PSVs,All years,Kilometres,0
Average Kilometres Travelled,2021,Other fuel types,Co. Westmeath,Exempt vehicles,All years,Kilometres,14238
Average Kilometres Travelled,2021,Other fuel types,Co. Westmeath,Other vehicles,All years,Kilometres,5519
Average Kilometres Travelled,2021,Other fuel types,Co. Wexford,Private cars,All years,Kilometres,11462
Average Kilometres Travelled,2021,Other fuel types,Co. Wexford,Goods vehicles,All years,Kilometres,13523
Average Kilometres Travelled,2021,Other fuel types,Co. Wexford,Motor cycles,All years,Kilometres,2861
Average Kilometres Travelled,2021,Other fuel types,Co. Wexford,Tractors & Machinery,All years,Kilometres,11102
Average Kilometres Travelled,2021,Other fuel types,Co. Wexford,Small PSVs,All years,Kilometres,30202
Average Kilometres Travelled,2021,Other fuel types,Co. Wexford,Large PSVs,All years,Kilometres,0
Average Kilometres Travelled,2021,Other fuel types,Co. Wexford,Exempt vehicles,All years,Kilometres,12427
Average Kilometres Travelled,2021,Other fuel types,Co. Wexford,Other vehicles,All years,Kilometres,3932
Average Kilometres Travelled,2021,Other fuel types,Co. Wicklow,Private cars,All years,Kilometres,11388
Average Kilometres Travelled,2021,Other fuel types,Co. Wicklow,Goods vehicles,All years,Kilometres,21341
Average Kilometres Travelled,2021,Other fuel types,Co. Wicklow,Motor cycles,All years,Kilometres,2935
Average Kilometres Travelled,2021,Other fuel types,Co. Wicklow,Tractors & Machinery,All years,Kilometres,0
Average Kilometres Travelled,2021,Other fuel types,Co. Wicklow,Small PSVs,All years,Kilometres,26662
Average Kilometres Travelled,2021,Other fuel types,Co. Wicklow,Large PSVs,All years,Kilometres,17770
Average Kilometres Travelled,2021,Other fuel types,Co. Wicklow,Exempt vehicles,All years,Kilometres,13064
Average Kilometres Travelled,2021,Other fuel types,Co. Wicklow,Other vehicles,All years,Kilometres,7336
Average Kilometres Travelled,2021,Other fuel types,Co. Clare,Private cars,All years,Kilometres,11553
Average Kilometres Travelled,2021,Other fuel types,Co. Clare,Goods vehicles,All years,Kilometres,30719
Average Kilometres Travelled,2021,Other fuel types,Co. Clare,Motor cycles,All years,Kilometres,1160
Average Kilometres Travelled,2021,Other fuel types,Co. Clare,Tractors & Machinery,All years,Kilometres,5334
Average Kilometres Travelled,2021,Other fuel types,Co. Clare,Small PSVs,All years,Kilometres,26331
Average Kilometres Travelled,2021,Other fuel types,Co. Clare,Large PSVs,All years,Kilometres,0
Average Kilometres Travelled,2021,Other fuel types,Co. Clare,Exempt vehicles,All years,Kilometres,14003
Average Kilometres Travelled,2021,Other fuel types,Co. Clare,Other vehicles,All years,Kilometres,3232
Average Kilometres Travelled,2021,Other fuel types,Co. Cork,Private cars,All years,Kilometres,11175
Average Kilometres Travelled,2021,Other fuel types,Co. Cork,Goods vehicles,All years,Kilometres,15742
Average Kilometres Travelled,2021,Other fuel types,Co. Cork,Motor cycles,All years,Kilometres,2890
Average Kilometres Travelled,2021,Other fuel types,Co. Cork,Tractors & Machinery,All years,Kilometres,9429
Average Kilometres Travelled,2021,Other fuel types,Co. Cork,Small PSVs,All years,Kilometres,32031
Average Kilometres Travelled,2021,Other fuel types,Co. Cork,Large PSVs,All years,Kilometres,0
Average Kilometres Travelled,2021,Other fuel types,Co. Cork,Exempt vehicles,All years,Kilometres,13026
Average Kilometres Travelled,2021,Other fuel types,Co. Cork,Other vehicles,All years,Kilometres,5009
Average Kilometres Travelled,2021,Other fuel types,Co. Kerry,Private cars,All years,Kilometres,11377
Average Kilometres Travelled,2021,Other fuel types,Co. Kerry,Goods vehicles,All years,Kilometres,20454
Average Kilometres Travelled,2021,Other fuel types,Co. Kerry,Motor cycles,All years,Kilometres,2646
Average Kilometres Travelled,2021,Other fuel types,Co. Kerry,Tractors & Machinery,All years,Kilometres,8458
Average Kilometres Travelled,2021,Other fuel types,Co. Kerry,Small PSVs,All years,Kilometres,31196
Average Kilometres Travelled,2021,Other fuel types,Co. Kerry,Large PSVs,All years,Kilometres,0
Average Kilometres Travelled,2021,Other fuel types,Co. Kerry,Exempt vehicles,All years,Kilometres,12305
Average Kilometres Travelled,2021,Other fuel types,Co. Kerry,Other vehicles,All years,Kilometres,3149
Average Kilometres Travelled,2021,Other fuel types,Co. Limerick,Private cars,All years,Kilometres,11521
Average Kilometres Travelled,2021,Other fuel types,Co. Limerick,Goods vehicles,All years,Kilometres,24280
Average Kilometres Travelled,2021,Other fuel types,Co. Limerick,Motor cycles,All years,Kilometres,2946
Average Kilometres Travelled,2021,Other fuel types,Co. Limerick,Tractors & Machinery,All years,Kilometres,7614
Average Kilometres Travelled,2021,Other fuel types,Co. Limerick,Small PSVs,All years,Kilometres,31162
Average Kilometres Travelled,2021,Other fuel types,Co. Limerick,Large PSVs,All years,Kilometres,24754
Average Kilometres Travelled,2021,Other fuel types,Co. Limerick,Exempt vehicles,All years,Kilometres,11315
Average Kilometres Travelled,2021,Other fuel types,Co. Limerick,Other vehicles,All years,Kilometres,3629
Average Kilometres Travelled,2021,Other fuel types,Co. Tipperary,Private cars,All years,Kilometres,11445
Average Kilometres Travelled,2021,Other fuel types,Co. Tipperary,Goods vehicles,All years,Kilometres,21804
Average Kilometres Travelled,2021,Other fuel types,Co. Tipperary,Motor cycles,All years,Kilometres,2758
Average Kilometres Travelled,2021,Other fuel types,Co. Tipperary,Tractors & Machinery,All years,Kilometres,0
Average Kilometres Travelled,2021,Other fuel types,Co. Tipperary,Small PSVs,All years,Kilometres,40099
Average Kilometres Travelled,2021,Other fuel types,Co. Tipperary,Large PSVs,All years,Kilometres,0
Average Kilometres Travelled,2021,Other fuel types,Co. Tipperary,Exempt vehicles,All years,Kilometres,14010
Average Kilometres Travelled,2021,Other fuel types,Co. Tipperary,Other vehicles,All years,Kilometres,3766
Average Kilometres Travelled,2021,Other fuel types,Co. Waterford,Private cars,All years,Kilometres,11432
Average Kilometres Travelled,2021,Other fuel types,Co. Waterford,Goods vehicles,All years,Kilometres,16498
Average Kilometres Travelled,2021,Other fuel types,Co. Waterford,Motor cycles,All years,Kilometres,2936
Average Kilometres Travelled,2021,Other fuel types,Co. Waterford,Tractors & Machinery,All years,Kilometres,6440
Average Kilometres Travelled,2021,Other fuel types,Co. Waterford,Small PSVs,All years,Kilometres,29595
Average Kilometres Travelled,2021,Other fuel types,Co. Waterford,Large PSVs,All years,Kilometres,0
Average Kilometres Travelled,2021,Other fuel types,Co. Waterford,Exempt vehicles,All years,Kilometres,13180
Average Kilometres Travelled,2021,Other fuel types,Co. Waterford,Other vehicles,All years,Kilometres,3619
Average Kilometres Travelled,2021,Other fuel types,Co. Galway,Private cars,All years,Kilometres,11520
Average Kilometres Travelled,2021,Other fuel types,Co. Galway,Goods vehicles,All years,Kilometres,15759
Average Kilometres Travelled,2021,Other fuel types,Co. Galway,Motor cycles,All years,Kilometres,2961
Average Kilometres Travelled,2021,Other fuel types,Co. Galway,Tractors & Machinery,All years,Kilometres,0
Average Kilometres Travelled,2021,Other fuel types,Co. Galway,Small PSVs,All years,Kilometres,28817
Average Kilometres Travelled,2021,Other fuel types,Co. Galway,Large PSVs,All years,Kilometres,27626
Average Kilometres Travelled,2021,Other fuel types,Co. Galway,Exempt vehicles,All years,Kilometres,17204
Average Kilometres Travelled,2021,Other fuel types,Co. Galway,Other vehicles,All years,Kilometres,6580
Average Kilometres Travelled,2021,Other fuel types,Co. Leitrim,Private cars,All years,Kilometres,11703
Average Kilometres Travelled,2021,Other fuel types,Co. Leitrim,Goods vehicles,All years,Kilometres,22199
Average Kilometres Travelled,2021,Other fuel types,Co. Leitrim,Motor cycles,All years,Kilometres,3081
Average Kilometres Travelled,2021,Other fuel types,Co. Leitrim,Tractors & Machinery,All years,Kilometres,0
Average Kilometres Travelled,2021,Other fuel types,Co. Leitrim,Small PSVs,All years,Kilometres,43100
Average Kilometres Travelled,2021,Other fuel types,Co. Leitrim,Large PSVs,All years,Kilometres,0
Average Kilometres Travelled,2021,Other fuel types,Co. Leitrim,Exempt vehicles,All years,Kilometres,13864
Average Kilometres Travelled,2021,Other fuel types,Co. Leitrim,Other vehicles,All years,Kilometres,3118
Average Kilometres Travelled,2021,Other fuel types,Co. Mayo,Private cars,All years,Kilometres,11576
Average Kilometres Travelled,2021,Other fuel types,Co. Mayo,Goods vehicles,All years,Kilometres,21776
Average Kilometres Travelled,2021,Other fuel types,Co. Mayo,Motor cycles,All years,Kilometres,3083
Average Kilometres Travelled,2021,Other fuel types,Co. Mayo,Tractors & Machinery,All years,Kilometres,0
Average Kilometres Travelled,2021,Other fuel types,Co. Mayo,Small PSVs,All years,Kilometres,17819
Average Kilometres Travelled,2021,Other fuel types,Co. Mayo,Large PSVs,All years,Kilometres,0
Average Kilometres Travelled,2021,Other fuel types,Co. Mayo,Exempt vehicles,All years,Kilometres,12909
Average Kilometres Travelled,2021,Other fuel types,Co. Mayo,Other vehicles,All years,Kilometres,3290
Average Kilometres Travelled,2021,Other fuel types,Co. Roscommon,Private cars,All years,Kilometres,11617
Average Kilometres Travelled,2021,Other fuel types,Co. Roscommon,Goods vehicles,All years,Kilometres,37166
Average Kilometres Travelled,2021,Other fuel types,Co. Roscommon,Motor cycles,All years,Kilometres,0
Average Kilometres Travelled,2021,Other fuel types,Co. Roscommon,Tractors & Machinery,All years,Kilometres,0
Average Kilometres Travelled,2021,Other fuel types,Co. Roscommon,Small PSVs,All years,Kilometres,29053
Average Kilometres Travelled,2021,Other fuel types,Co. Roscommon,Large PSVs,All years,Kilometres,0
Average Kilometres Travelled,2021,Other fuel types,Co. Roscommon,Exempt vehicles,All years,Kilometres,14433
Average Kilometres Travelled,2021,Other fuel types,Co. Roscommon,Other vehicles,All years,Kilometres,3118
Average Kilometres Travelled,2021,Other fuel types,Co. Sligo,Private cars,All years,Kilometres,11292
Average Kilometres Travelled,2021,Other fuel types,Co. Sligo,Goods vehicles,All years,Kilometres,22012
Average Kilometres Travelled,2021,Other fuel types,Co. Sligo,Motor cycles,All years,Kilometres,3028
Average Kilometres Travelled,2021,Other fuel types,Co. Sligo,Tractors & Machinery,All years,Kilometres,0
Average Kilometres Travelled,2021,Other fuel types,Co. Sligo,Small PSVs,All years,Kilometres,36729
Average Kilometres Travelled,2021,Other fuel types,Co. Sligo,Large PSVs,All years,Kilometres,0
Average Kilometres Travelled,2021,Other fuel types,Co. Sligo,Exempt vehicles,All years,Kilometres,13956
Average Kilometres Travelled,2021,Other fuel types,Co. Sligo,Other vehicles,All years,Kilometres,3196
Average Kilometres Travelled,2021,Other fuel types,Co. Cavan,Private cars,All years,Kilometres,11533
Average Kilometres Travelled,2021,Other fuel types,Co. Cavan,Goods vehicles,All years,Kilometres,33991
Average Kilometres Travelled,2021,Other fuel types,Co. Cavan,Motor cycles,All years,Kilometres,3083
Average Kilometres Travelled,2021,Other fuel types,Co. Cavan,Tractors & Machinery,All years,Kilometres,11462
Average Kilometres Travelled,2021,Other fuel types,Co. Cavan,Small PSVs,All years,Kilometres,30696
Average Kilometres Travelled,2021,Other fuel types,Co. Cavan,Large PSVs,All years,Kilometres,0
Average Kilometres Travelled,2021,Other fuel types,Co. Cavan,Exempt vehicles,All years,Kilometres,15382
Average Kilometres Travelled,2021,Other fuel types,Co. Cavan,Other vehicles,All years,Kilometres,3118
Average Kilometres Travelled,2021,Other fuel types,Co. Donegal,Private cars,All years,Kilometres,11467
Average Kilometres Travelled,2021,Other fuel types,Co. Donegal,Goods vehicles,All years,Kilometres,17491
Average Kilometres Travelled,2021,Other fuel types,Co. Donegal,Motor cycles,All years,Kilometres,3109
Average Kilometres Travelled,2021,Other fuel types,Co. Donegal,Tractors & Machinery,All years,Kilometres,2628
Average Kilometres Travelled,2021,Other fuel types,Co. Donegal,Small PSVs,All years,Kilometres,33831
Average Kilometres Travelled,2021,Other fuel types,Co. Donegal,Large PSVs,All years,Kilometres,0
Average Kilometres Travelled,2021,Other fuel types,Co. Donegal,Exempt vehicles,All years,Kilometres,14240
Average Kilometres Travelled,2021,Other fuel types,Co. Donegal,Other vehicles,All years,Kilometres,4286
Average Kilometres Travelled,2021,Other fuel types,Co. Monaghan,Private cars,All years,Kilometres,11403
Average Kilometres Travelled,2021,Other fuel types,Co. Monaghan,Goods vehicles,All years,Kilometres,30620
Average Kilometres Travelled,2021,Other fuel types,Co. Monaghan,Motor cycles,All years,Kilometres,3083
Average Kilometres Travelled,2021,Other fuel types,Co. Monaghan,Tractors & Machinery,All years,Kilometres,0
Average Kilometres Travelled,2021,Other fuel types,Co. Monaghan,Small PSVs,All years,Kilometres,28654
Average Kilometres Travelled,2021,Other fuel types,Co. Monaghan,Large PSVs,All years,Kilometres,0
Average Kilometres Travelled,2021,Other fuel types,Co. Monaghan,Exempt vehicles,All years,Kilometres,12139
Average Kilometres Travelled,2021,Other fuel types,Co. Monaghan,Other vehicles,All years,Kilometres,3118
Average Kilometres Travelled,2022,Petrol,Co. Carlow,Private cars,All years,Kilometres,11923
Average Kilometres Travelled,2022,Petrol,Co. Carlow,Goods vehicles,All years,Kilometres,16912
Average Kilometres Travelled,2022,Petrol,Co. Carlow,Motor cycles,All years,Kilometres,2389
Average Kilometres Travelled,2022,Petrol,Co. Carlow,Tractors & Machinery,All years,Kilometres,21713
Average Kilometres Travelled,2022,Petrol,Co. Carlow,Small PSVs,All years,Kilometres,32328
Average Kilometres Travelled,2022,Petrol,Co. Carlow,Large PSVs,All years,Kilometres,0
Average Kilometres Travelled,2022,Petrol,Co. Carlow,Exempt vehicles,All years,Kilometres,11095
Average Kilometres Travelled,2022,Petrol,Co. Carlow,Other vehicles,All years,Kilometres,3663
Average Kilometres Travelled,2022,Petrol,Co. Dublin,Private cars,All years,Kilometres,9512
Average Kilometres Travelled,2022,Petrol,Co. Dublin,Goods vehicles,All years,Kilometres,20206
Average Kilometres Travelled,2022,Petrol,Co. Dublin,Motor cycles,All years,Kilometres,2488
Average Kilometres Travelled,2022,Petrol,Co. Dublin,Tractors & Machinery,All years,Kilometres,10543
Average Kilometres Travelled,2022,Petrol,Co. Dublin,Small PSVs,All years,Kilometres,26857
Average Kilometres Travelled,2022,Petrol,Co. Dublin,Large PSVs,All years,Kilometres,42201
Average Kilometres Travelled,2022,Petrol,Co. Dublin,Exempt vehicles,All years,Kilometres,10991
Average Kilometres Travelled,2022,Petrol,Co. Dublin,Other vehicles,All years,Kilometres,3551
Average Kilometres Travelled,2022,Petrol,Co. Kildare,Private cars,All years,Kilometres,11817
Average Kilometres Travelled,2022,Petrol,Co. Kildare,Goods vehicles,All years,Kilometres,20393
Average Kilometres Travelled,2022,Petrol,Co. Kildare,Motor cycles,All years,Kilometres,2427
Average Kilometres Travelled,2022,Petrol,Co. Kildare,Tractors & Machinery,All years,Kilometres,21329
Average Kilometres Travelled,2022,Petrol,Co. Kildare,Small PSVs,All years,Kilometres,36941
Average Kilometres Travelled,2022,Petrol,Co. Kildare,Large PSVs,All years,Kilometres,20860
Average Kilometres Travelled,2022,Petrol,Co. Kildare,Exempt vehicles,All years,Kilometres,12894
Average Kilometres Travelled,2022,Petrol,Co. Kildare,Other vehicles,All years,Kilometres,3671
Average Kilometres Travelled,2022,Petrol,Co. Kilkenny,Private cars,All years,Kilometres,12039
Average Kilometres Travelled,2022,Petrol,Co. Kilkenny,Goods vehicles,All years,Kilometres,14387
Average Kilometres Travelled,2022,Petrol,Co. Kilkenny,Motor cycles,All years,Kilometres,2369
Average Kilometres Travelled,2022,Petrol,Co. Kilkenny,Tractors & Machinery,All years,Kilometres,18468
Average Kilometres Travelled,2022,Petrol,Co. Kilkenny,Small PSVs,All years,Kilometres,21573
Average Kilometres Travelled,2022,Petrol,Co. Kilkenny,Large PSVs,All years,Kilometres,0
Average Kilometres Travelled,2022,Petrol,Co. Kilkenny,Exempt vehicles,All years,Kilometres,12719
Average Kilometres Travelled,2022,Petrol,Co. Kilkenny,Other vehicles,All years,Kilometres,3573
Average Kilometres Travelled,2022,Petrol,Co. Laois,Private cars,All years,Kilometres,12231
Average Kilometres Travelled,2022,Petrol,Co. Laois,Goods vehicles,All years,Kilometres,20626
Average Kilometres Travelled,2022,Petrol,Co. Laois,Motor cycles,All years,Kilometres,2393
Average Kilometres Travelled,2022,Petrol,Co. Laois,Tractors & Machinery,All years,Kilometres,12517
Average Kilometres Travelled,2022,Petrol,Co. Laois,Small PSVs,All years,Kilometres,30113
Average Kilometres Travelled,2022,Petrol,Co. Laois,Large PSVs,All years,Kilometres,0
Average Kilometres Travelled,2022,Petrol,Co. Laois,Exempt vehicles,All years,Kilometres,13553
Average Kilometres Travelled,2022,Petrol,Co. Laois,Other vehicles,All years,Kilometres,3576
Average Kilometres Travelled,2022,Petrol,Co. Longford,Private cars,All years,Kilometres,12424
Average Kilometres Travelled,2022,Petrol,Co. Longford,Goods vehicles,All years,Kilometres,29389
Average Kilometres Travelled,2022,Petrol,Co. Longford,Motor cycles,All years,Kilometres,2416
Average Kilometres Travelled,2022,Petrol,Co. Longford,Tractors & Machinery,All years,Kilometres,19089
Average Kilometres Travelled,2022,Petrol,Co. Longford,Small PSVs,All years,Kilometres,14430
Average Kilometres Travelled,2022,Petrol,Co. Longford,Large PSVs,All years,Kilometres,0
Average Kilometres Travelled,2022,Petrol,Co. Longford,Exempt vehicles,All years,Kilometres,15124
Average Kilometres Travelled,2022,Petrol,Co. Longford,Other vehicles,All years,Kilometres,3423
Average Kilometres Travelled,2022,Petrol,Co. Louth,Private cars,All years,Kilometres,11469
Average Kilometres Travelled,2022,Petrol,Co. Louth,Goods vehicles,All years,Kilometres,21413
Average Kilometres Travelled,2022,Petrol,Co. Louth,Motor cycles,All years,Kilometres,2457
Average Kilometres Travelled,2022,Petrol,Co. Louth,Tractors & Machinery,All years,Kilometres,7474
Average Kilometres Travelled,2022,Petrol,Co. Louth,Small PSVs,All years,Kilometres,19526
Average Kilometres Travelled,2022,Petrol,Co. Louth,Large PSVs,All years,Kilometres,0
Average Kilometres Travelled,2022,Petrol,Co. Louth,Exempt vehicles,All years,Kilometres,12689
Average Kilometres Travelled,2022,Petrol,Co. Louth,Other vehicles,All years,Kilometres,3482
Average Kilometres Travelled,2022,Petrol,Co. Meath,Private cars,All years,Kilometres,12170
Average Kilometres Travelled,2022,Petrol,Co. Meath,Goods vehicles,All years,Kilometres,18692
Average Kilometres Travelled,2022,Petrol,Co. Meath,Motor cycles,All years,Kilometres,2453
Average Kilometres Travelled,2022,Petrol,Co. Meath,Tractors & Machinery,All years,Kilometres,18750
Average Kilometres Travelled,2022,Petrol,Co. Meath,Small PSVs,All years,Kilometres,23670
Average Kilometres Travelled,2022,Petrol,Co. Meath,Large PSVs,All years,Kilometres,19981
Average Kilometres Travelled,2022,Petrol,Co. Meath,Exempt vehicles,All years,Kilometres,12145
Average Kilometres Travelled,2022,Petrol,Co. Meath,Other vehicles,All years,Kilometres,3590
Average Kilometres Travelled,2022,Petrol,Co. Offaly,Private cars,All years,Kilometres,12049
Average Kilometres Travelled,2022,Petrol,Co. Offaly,Goods vehicles,All years,Kilometres,17035
Average Kilometres Travelled,2022,Petrol,Co. Offaly,Motor cycles,All years,Kilometres,2362
Average Kilometres Travelled,2022,Petrol,Co. Offaly,Tractors & Machinery,All years,Kilometres,19017
Average Kilometres Travelled,2022,Petrol,Co. Offaly,Small PSVs,All years,Kilometres,23034
Average Kilometres Travelled,2022,Petrol,Co. Offaly,Large PSVs,All years,Kilometres,0
Average Kilometres Travelled,2022,Petrol,Co. Offaly,Exempt vehicles,All years,Kilometres,14981
Average Kilometres Travelled,2022,Petrol,Co. Offaly,Other vehicles,All years,Kilometres,3551
Average Kilometres Travelled,2022,Petrol,Co. Westmeath,Private cars,All years,Kilometres,12229
Average Kilometres Travelled,2022,Petrol,Co. Westmeath,Goods vehicles,All years,Kilometres,18656
Average Kilometres Travelled,2022,Petrol,Co. Westmeath,Motor cycles,All years,Kilometres,2384
Average Kilometres Travelled,2022,Petrol,Co. Westmeath,Tractors & Machinery,All years,Kilometres,6612
Average Kilometres Travelled,2022,Petrol,Co. Westmeath,Small PSVs,All years,Kilometres,37884
Average Kilometres Travelled,2022,Petrol,Co. Westmeath,Large PSVs,All years,Kilometres,0
Average Kilometres Travelled,2022,Petrol,Co. Westmeath,Exempt vehicles,All years,Kilometres,14128
Average Kilometres Travelled,2022,Petrol,Co. Westmeath,Other vehicles,All years,Kilometres,3708
Average Kilometres Travelled,2022,Petrol,Co. Wexford,Private cars,All years,Kilometres,12264
Average Kilometres Travelled,2022,Petrol,Co. Wexford,Goods vehicles,All years,Kilometres,18572
Average Kilometres Travelled,2022,Petrol,Co. Wexford,Motor cycles,All years,Kilometres,2358
Average Kilometres Travelled,2022,Petrol,Co. Wexford,Tractors & Machinery,All years,Kilometres,20102
Average Kilometres Travelled,2022,Petrol,Co. Wexford,Small PSVs,All years,Kilometres,28526
Average Kilometres Travelled,2022,Petrol,Co. Wexford,Large PSVs,All years,Kilometres,0
Average Kilometres Travelled,2022,Petrol,Co. Wexford,Exempt vehicles,All years,Kilometres,12788
Average Kilometres Travelled,2022,Petrol,Co. Wexford,Other vehicles,All years,Kilometres,3561
Average Kilometres Travelled,2022,Petrol,Co. Wicklow,Private cars,All years,Kilometres,11442
Average Kilometres Travelled,2022,Petrol,Co. Wicklow,Goods vehicles,All years,Kilometres,18829
Average Kilometres Travelled,2022,Petrol,Co. Wicklow,Motor cycles,All years,Kilometres,2387
Average Kilometres Travelled,2022,Petrol,Co. Wicklow,Tractors & Machinery,All years,Kilometres,20682
Average Kilometres Travelled,2022,Petrol,Co. Wicklow,Small PSVs,All years,Kilometres,31657
Average Kilometres Travelled,2022,Petrol,Co. Wicklow,Large PSVs,All years,Kilometres,0
Average Kilometres Travelled,2022,Petrol,Co. Wicklow,Exempt vehicles,All years,Kilometres,12473
Average Kilometres Travelled,2022,Petrol,Co. Wicklow,Other vehicles,All years,Kilometres,3594
Average Kilometres Travelled,2022,Petrol,Co. Clare,Private cars,All years,Kilometres,12345
Average Kilometres Travelled,2022,Petrol,Co. Clare,Goods vehicles,All years,Kilometres,20809
Average Kilometres Travelled,2022,Petrol,Co. Clare,Motor cycles,All years,Kilometres,2423
Average Kilometres Travelled,2022,Petrol,Co. Clare,Tractors & Machinery,All years,Kilometres,18830
Average Kilometres Travelled,2022,Petrol,Co. Clare,Small PSVs,All years,Kilometres,23630
Average Kilometres Travelled,2022,Petrol,Co. Clare,Large PSVs,All years,Kilometres,0
Average Kilometres Travelled,2022,Petrol,Co. Clare,Exempt vehicles,All years,Kilometres,13335
Average Kilometres Travelled,2022,Petrol,Co. Clare,Other vehicles,All years,Kilometres,3601
Average Kilometres Travelled,2022,Petrol,Co. Cork,Private cars,All years,Kilometres,11369
Average Kilometres Travelled,2022,Petrol,Co. Cork,Goods vehicles,All years,Kilometres,17809
Average Kilometres Travelled,2022,Petrol,Co. Cork,Motor cycles,All years,Kilometres,2386
Average Kilometres Travelled,2022,Petrol,Co. Cork,Tractors & Machinery,All years,Kilometres,12669
Average Kilometres Travelled,2022,Petrol,Co. Cork,Small PSVs,All years,Kilometres,28928
Average Kilometres Travelled,2022,Petrol,Co. Cork,Large PSVs,All years,Kilometres,0
Average Kilometres Travelled,2022,Petrol,Co. Cork,Exempt vehicles,All years,Kilometres,12242
Average Kilometres Travelled,2022,Petrol,Co. Cork,Other vehicles,All years,Kilometres,3550
Average Kilometres Travelled,2022,Petrol,Co. Kerry,Private cars,All years,Kilometres,11915
Average Kilometres Travelled,2022,Petrol,Co. Kerry,Goods vehicles,All years,Kilometres,18579
Average Kilometres Travelled,2022,Petrol,Co. Kerry,Motor cycles,All years,Kilometres,2366
Average Kilometres Travelled,2022,Petrol,Co. Kerry,Tractors & Machinery,All years,Kilometres,15328
Average Kilometres Travelled,2022,Petrol,Co. Kerry,Small PSVs,All years,Kilometres,27929
Average Kilometres Travelled,2022,Petrol,Co. Kerry,Large PSVs,All years,Kilometres,0
Average Kilometres Travelled,2022,Petrol,Co. Kerry,Exempt vehicles,All years,Kilometres,11790
Average Kilometres Travelled,2022,Petrol,Co. Kerry,Other vehicles,All years,Kilometres,3640
Average Kilometres Travelled,2022,Petrol,Co. Limerick,Private cars,All years,Kilometres,11640
Average Kilometres Travelled,2022,Petrol,Co. Limerick,Goods vehicles,All years,Kilometres,21913
Average Kilometres Travelled,2022,Petrol,Co. Limerick,Motor cycles,All years,Kilometres,2370
Average Kilometres Travelled,2022,Petrol,Co. Limerick,Tractors & Machinery,All years,Kilometres,10880
Average Kilometres Travelled,2022,Petrol,Co. Limerick,Small PSVs,All years,Kilometres,29500
Average Kilometres Travelled,2022,Petrol,Co. Limerick,Large PSVs,All years,Kilometres,0
Average Kilometres Travelled,2022,Petrol,Co. Limerick,Exempt vehicles,All years,Kilometres,11515
Average Kilometres Travelled,2022,Petrol,Co. Limerick,Other vehicles,All years,Kilometres,3597
Average Kilometres Travelled,2022,Petrol,Co. Tipperary,Private cars,All years,Kilometres,12167
Average Kilometres Travelled,2022,Petrol,Co. Tipperary,Goods vehicles,All years,Kilometres,16603
Average Kilometres Travelled,2022,Petrol,Co. Tipperary,Motor cycles,All years,Kilometres,2360
Average Kilometres Travelled,2022,Petrol,Co. Tipperary,Tractors & Machinery,All years,Kilometres,16791
Average Kilometres Travelled,2022,Petrol,Co. Tipperary,Small PSVs,All years,Kilometres,24162
Average Kilometres Travelled,2022,Petrol,Co. Tipperary,Large PSVs,All years,Kilometres,0
Average Kilometres Travelled,2022,Petrol,Co. Tipperary,Exempt vehicles,All years,Kilometres,13524
Average Kilometres Travelled,2022,Petrol,Co. Tipperary,Other vehicles,All years,Kilometres,3555
Average Kilometres Travelled,2022,Petrol,Co. Waterford,Private cars,All years,Kilometres,11560
Average Kilometres Travelled,2022,Petrol,Co. Waterford,Goods vehicles,All years,Kilometres,17342
Average Kilometres Travelled,2022,Petrol,Co. Waterford,Motor cycles,All years,Kilometres,2361
Average Kilometres Travelled,2022,Petrol,Co. Waterford,Tractors & Machinery,All years,Kilometres,11261
Average Kilometres Travelled,2022,Petrol,Co. Waterford,Small PSVs,All years,Kilometres,26624
Average Kilometres Travelled,2022,Petrol,Co. Waterford,Large PSVs,All years,Kilometres,23010
Average Kilometres Travelled,2022,Petrol,Co. Waterford,Exempt vehicles,All years,Kilometres,13156
Average Kilometres Travelled,2022,Petrol,Co. Waterford,Other vehicles,All years,Kilometres,3486
Average Kilometres Travelled,2022,Petrol,Co. Galway,Private cars,All years,Kilometres,11856
Average Kilometres Travelled,2022,Petrol,Co. Galway,Goods vehicles,All years,Kilometres,19542
Average Kilometres Travelled,2022,Petrol,Co. Galway,Motor cycles,All years,Kilometres,2401
Average Kilometres Travelled,2022,Petrol,Co. Galway,Tractors & Machinery,All years,Kilometres,12348
Average Kilometres Travelled,2022,Petrol,Co. Galway,Small PSVs,All years,Kilometres,34238
Average Kilometres Travelled,2022,Petrol,Co. Galway,Large PSVs,All years,Kilometres,22271
Average Kilometres Travelled,2022,Petrol,Co. Galway,Exempt vehicles,All years,Kilometres,16201
Average Kilometres Travelled,2022,Petrol,Co. Galway,Other vehicles,All years,Kilometres,3972
Average Kilometres Travelled,2022,Petrol,Co. Leitrim,Private cars,All years,Kilometres,12718
Average Kilometres Travelled,2022,Petrol,Co. Leitrim,Goods vehicles,All years,Kilometres,21682
Average Kilometres Travelled,2022,Petrol,Co. Leitrim,Motor cycles,All years,Kilometres,2431
Average Kilometres Travelled,2022,Petrol,Co. Leitrim,Tractors & Machinery,All years,Kilometres,18919
Average Kilometres Travelled,2022,Petrol,Co. Leitrim,Small PSVs,All years,Kilometres,0
Average Kilometres Travelled,2022,Petrol,Co. Leitrim,Large PSVs,All years,Kilometres,0
Average Kilometres Travelled,2022,Petrol,Co. Leitrim,Exempt vehicles,All years,Kilometres,14613
Average Kilometres Travelled,2022,Petrol,Co. Leitrim,Other vehicles,All years,Kilometres,3691
Average Kilometres Travelled,2022,Petrol,Co. Mayo,Private cars,All years,Kilometres,12067
Average Kilometres Travelled,2022,Petrol,Co. Mayo,Goods vehicles,All years,Kilometres,18523
Average Kilometres Travelled,2022,Petrol,Co. Mayo,Motor cycles,All years,Kilometres,2404
Average Kilometres Travelled,2022,Petrol,Co. Mayo,Tractors & Machinery,All years,Kilometres,15098
Average Kilometres Travelled,2022,Petrol,Co. Mayo,Small PSVs,All years,Kilometres,29004
Average Kilometres Travelled,2022,Petrol,Co. Mayo,Large PSVs,All years,Kilometres,0
Average Kilometres Travelled,2022,Petrol,Co. Mayo,Exempt vehicles,All years,Kilometres,12342
Average Kilometres Travelled,2022,Petrol,Co. Mayo,Other vehicles,All years,Kilometres,3580
Average Kilometres Travelled,2022,Petrol,Co. Roscommon,Private cars,All years,Kilometres,15595
Average Kilometres Travelled,2022,Petrol,Co. Roscommon,Goods vehicles,All years,Kilometres,19668
Average Kilometres Travelled,2022,Petrol,Co. Roscommon,Motor cycles,All years,Kilometres,2429
Average Kilometres Travelled,2022,Petrol,Co. Roscommon,Tractors & Machinery,All years,Kilometres,21308
Average Kilometres Travelled,2022,Petrol,Co. Roscommon,Small PSVs,All years,Kilometres,34953
Average Kilometres Travelled,2022,Petrol,Co. Roscommon,Large PSVs,All years,Kilometres,0
Average Kilometres Travelled,2022,Petrol,Co. Roscommon,Exempt vehicles,All years,Kilometres,14403
Average Kilometres Travelled,2022,Petrol,Co. Roscommon,Other vehicles,All years,Kilometres,3545
Average Kilometres Travelled,2022,Petrol,Co. Sligo,Private cars,All years,Kilometres,11712
Average Kilometres Travelled,2022,Petrol,Co. Sligo,Goods vehicles,All years,Kilometres,13168
Average Kilometres Travelled,2022,Petrol,Co. Sligo,Motor cycles,All years,Kilometres,2298
Average Kilometres Travelled,2022,Petrol,Co. Sligo,Tractors & Machinery,All years,Kilometres,10348
Average Kilometres Travelled,2022,Petrol,Co. Sligo,Small PSVs,All years,Kilometres,17648
Average Kilometres Travelled,2022,Petrol,Co. Sligo,Large PSVs,All years,Kilometres,0
Average Kilometres Travelled,2022,Petrol,Co. Sligo,Exempt vehicles,All years,Kilometres,13443
Average Kilometres Travelled,2022,Petrol,Co. Sligo,Other vehicles,All years,Kilometres,3616
Average Kilometres Travelled,2022,Petrol,Co. Cavan,Private cars,All years,Kilometres,12446
Average Kilometres Travelled,2022,Petrol,Co. Cavan,Goods vehicles,All years,Kilometres,15915
Average Kilometres Travelled,2022,Petrol,Co. Cavan,Motor cycles,All years,Kilometres,2426
Average Kilometres Travelled,2022,Petrol,Co. Cavan,Tractors & Machinery,All years,Kilometres,9811
Average Kilometres Travelled,2022,Petrol,Co. Cavan,Small PSVs,All years,Kilometres,26457
Average Kilometres Travelled,2022,Petrol,Co. Cavan,Large PSVs,All years,Kilometres,0
Average Kilometres Travelled,2022,Petrol,Co. Cavan,Exempt vehicles,All years,Kilometres,14164
Average Kilometres Travelled,2022,Petrol,Co. Cavan,Other vehicles,All years,Kilometres,3534
Average Kilometres Travelled,2022,Petrol,Co. Donegal,Private cars,All years,Kilometres,12177
Average Kilometres Travelled,2022,Petrol,Co. Donegal,Goods vehicles,All years,Kilometres,18169
Average Kilometres Travelled,2022,Petrol,Co. Donegal,Motor cycles,All years,Kilometres,2478
Average Kilometres Travelled,2022,Petrol,Co. Donegal,Tractors & Machinery,All years,Kilometres,17413
Average Kilometres Travelled,2022,Petrol,Co. Donegal,Small PSVs,All years,Kilometres,24745
Average Kilometres Travelled,2022,Petrol,Co. Donegal,Large PSVs,All years,Kilometres,15355
Average Kilometres Travelled,2022,Petrol,Co. Donegal,Exempt vehicles,All years,Kilometres,13787
Average Kilometres Travelled,2022,Petrol,Co. Donegal,Other vehicles,All years,Kilometres,3730
Average Kilometres Travelled,2022,Petrol,Co. Monaghan,Private cars,All years,Kilometres,12054
Average Kilometres Travelled,2022,Petrol,Co. Monaghan,Goods vehicles,All years,Kilometres,24040
Average Kilometres Travelled,2022,Petrol,Co. Monaghan,Motor cycles,All years,Kilometres,2530
Average Kilometres Travelled,2022,Petrol,Co. Monaghan,Tractors & Machinery,All years,Kilometres,21402
Average Kilometres Travelled,2022,Petrol,Co. Monaghan,Small PSVs,All years,Kilometres,0
Average Kilometres Travelled,2022,Petrol,Co. Monaghan,Large PSVs,All years,Kilometres,0
Average Kilometres Travelled,2022,Petrol,Co. Monaghan,Exempt vehicles,All years,Kilometres,10893
Average Kilometres Travelled,2022,Petrol,Co. Monaghan,Other vehicles,All years,Kilometres,3573
Average Kilometres Travelled,2022,Diesel,Co. Carlow,Private cars,All years,Kilometres,19478
Average Kilometres Travelled,2022,Diesel,Co. Carlow,Goods vehicles,All years,Kilometres,24661
Average Kilometres Travelled,2022,Diesel,Co. Carlow,Motor cycles,All years,Kilometres,2045
Average Kilometres Travelled,2022,Diesel,Co. Carlow,Tractors & Machinery,All years,Kilometres,14673
Average Kilometres Travelled,2022,Diesel,Co. Carlow,Small PSVs,All years,Kilometres,37193
Average Kilometres Travelled,2022,Diesel,Co. Carlow,Large PSVs,All years,Kilometres,17696
Average Kilometres Travelled,2022,Diesel,Co. Carlow,Exempt vehicles,All years,Kilometres,13506
Average Kilometres Travelled,2022,Diesel,Co. Carlow,Other vehicles,All years,Kilometres,7766
Average Kilometres Travelled,2022,Diesel,Co. Dublin,Private cars,All years,Kilometres,15762
Average Kilometres Travelled,2022,Diesel,Co. Dublin,Goods vehicles,All years,Kilometres,25218
Average Kilometres Travelled,2022,Diesel,Co. Dublin,Motor cycles,All years,Kilometres,2858
Average Kilometres Travelled,2022,Diesel,Co. Dublin,Tractors & Machinery,All years,Kilometres,15142
Average Kilometres Travelled,2022,Diesel,Co. Dublin,Small PSVs,All years,Kilometres,33110
Average Kilometres Travelled,2022,Diesel,Co. Dublin,Large PSVs,All years,Kilometres,41949
Average Kilometres Travelled,2022,Diesel,Co. Dublin,Exempt vehicles,All years,Kilometres,14816
Average Kilometres Travelled,2022,Diesel,Co. Dublin,Other vehicles,All years,Kilometres,10377
Average Kilometres Travelled,2022,Diesel,Co. Kildare,Private cars,All years,Kilometres,18368
Average Kilometres Travelled,2022,Diesel,Co. Kildare,Goods vehicles,All years,Kilometres,25078
Average Kilometres Travelled,2022,Diesel,Co. Kildare,Motor cycles,All years,Kilometres,2834
Average Kilometres Travelled,2022,Diesel,Co. Kildare,Tractors & Machinery,All years,Kilometres,15237
Average Kilometres Travelled,2022,Diesel,Co. Kildare,Small PSVs,All years,Kilometres,37025
Average Kilometres Travelled,2022,Diesel,Co. Kildare,Large PSVs,All years,Kilometres,19889
Average Kilometres Travelled,2022,Diesel,Co. Kildare,Exempt vehicles,All years,Kilometres,13865
Average Kilometres Travelled,2022,Diesel,Co. Kildare,Other vehicles,All years,Kilometres,7276
Average Kilometres Travelled,2022,Diesel,Co. Kilkenny,Private cars,All years,Kilometres,19578
Average Kilometres Travelled,2022,Diesel,Co. Kilkenny,Goods vehicles,All years,Kilometres,24273
Average Kilometres Travelled,2022,Diesel,Co. Kilkenny,Motor cycles,All years,Kilometres,2957
Average Kilometres Travelled,2022,Diesel,Co. Kilkenny,Tractors & Machinery,All years,Kilometres,15374
Average Kilometres Travelled,2022,Diesel,Co. Kilkenny,Small PSVs,All years,Kilometres,36256
Average Kilometres Travelled,2022,Diesel,Co. Kilkenny,Large PSVs,All years,Kilometres,26579
Average Kilometres Travelled,2022,Diesel,Co. Kilkenny,Exempt vehicles,All years,Kilometres,15243
Average Kilometres Travelled,2022,Diesel,Co. Kilkenny,Other vehicles,All years,Kilometres,6574
Average Kilometres Travelled,2022,Diesel,Co. Laois,Private cars,All years,Kilometres,20059
Average Kilometres Travelled,2022,Diesel,Co. Laois,Goods vehicles,All years,Kilometres,24769
Average Kilometres Travelled,2022,Diesel,Co. Laois,Motor cycles,All years,Kilometres,2965
Average Kilometres Travelled,2022,Diesel,Co. Laois,Tractors & Machinery,All years,Kilometres,14897
Average Kilometres Travelled,2022,Diesel,Co. Laois,Small PSVs,All years,Kilometres,36883
Average Kilometres Travelled,2022,Diesel,Co. Laois,Large PSVs,All years,Kilometres,20733
Average Kilometres Travelled,2022,Diesel,Co. Laois,Exempt vehicles,All years,Kilometres,13257
Average Kilometres Travelled,2022,Diesel,Co. Laois,Other vehicles,All years,Kilometres,7561
Average Kilometres Travelled,2022,Diesel,Co. Longford,Private cars,All years,Kilometres,20153
Average Kilometres Travelled,2022,Diesel,Co. Longford,Goods vehicles,All years,Kilometres,24506
Average Kilometres Travelled,2022,Diesel,Co. Longford,Motor cycles,All years,Kilometres,2899
Average Kilometres Travelled,2022,Diesel,Co. Longford,Tractors & Machinery,All years,Kilometres,15564
Average Kilometres Travelled,2022,Diesel,Co. Longford,Small PSVs,All years,Kilometres,42461
Average Kilometres Travelled,2022,Diesel,Co. Longford,Large PSVs,All years,Kilometres,21851
Average Kilometres Travelled,2022,Diesel,Co. Longford,Exempt vehicles,All years,Kilometres,17854
Average Kilometres Travelled,2022,Diesel,Co. Longford,Other vehicles,All years,Kilometres,5528
Average Kilometres Travelled,2022,Diesel,Co. Louth,Private cars,All years,Kilometres,18263
Average Kilometres Travelled,2022,Diesel,Co. Louth,Goods vehicles,All years,Kilometres,24505
Average Kilometres Travelled,2022,Diesel,Co. Louth,Motor cycles,All years,Kilometres,2275
Average Kilometres Travelled,2022,Diesel,Co. Louth,Tractors & Machinery,All years,Kilometres,16045
Average Kilometres Travelled,2022,Diesel,Co. Louth,Small PSVs,All years,Kilometres,37081
Average Kilometres Travelled,2022,Diesel,Co. Louth,Large PSVs,All years,Kilometres,22698
Average Kilometres Travelled,2022,Diesel,Co. Louth,Exempt vehicles,All years,Kilometres,13965
Average Kilometres Travelled,2022,Diesel,Co. Louth,Other vehicles,All years,Kilometres,8341
Average Kilometres Travelled,2022,Diesel,Co. Meath,Private cars,All years,Kilometres,18751
Average Kilometres Travelled,2022,Diesel,Co. Meath,Goods vehicles,All years,Kilometres,25917
Average Kilometres Travelled,2022,Diesel,Co. Meath,Motor cycles,All years,Kilometres,2982
Average Kilometres Travelled,2022,Diesel,Co. Meath,Tractors & Machinery,All years,Kilometres,15606
Average Kilometres Travelled,2022,Diesel,Co. Meath,Small PSVs,All years,Kilometres,38425
Average Kilometres Travelled,2022,Diesel,Co. Meath,Large PSVs,All years,Kilometres,25495
Average Kilometres Travelled,2022,Diesel,Co. Meath,Exempt vehicles,All years,Kilometres,13689
Average Kilometres Travelled,2022,Diesel,Co. Meath,Other vehicles,All years,Kilometres,8822
Average Kilometres Travelled,2022,Diesel,Co. Offaly,Private cars,All years,Kilometres,19948
Average Kilometres Travelled,2022,Diesel,Co. Offaly,Goods vehicles,All years,Kilometres,23885
Average Kilometres Travelled,2022,Diesel,Co. Offaly,Motor cycles,All years,Kilometres,2529
Average Kilometres Travelled,2022,Diesel,Co. Offaly,Tractors & Machinery,All years,Kilometres,15932
Average Kilometres Travelled,2022,Diesel,Co. Offaly,Small PSVs,All years,Kilometres,37242
Average Kilometres Travelled,2022,Diesel,Co. Offaly,Large PSVs,All years,Kilometres,22870
Average Kilometres Travelled,2022,Diesel,Co. Offaly,Exempt vehicles,All years,Kilometres,14245
Average Kilometres Travelled,2022,Diesel,Co. Offaly,Other vehicles,All years,Kilometres,5797
Average Kilometres Travelled,2022,Diesel,Co. Westmeath,Private cars,All years,Kilometres,19809
Average Kilometres Travelled,2022,Diesel,Co. Westmeath,Goods vehicles,All years,Kilometres,23606
Average Kilometres Travelled,2022,Diesel,Co. Westmeath,Motor cycles,All years,Kilometres,2859
Average Kilometres Travelled,2022,Diesel,Co. Westmeath,Tractors & Machinery,All years,Kilometres,15669
Average Kilometres Travelled,2022,Diesel,Co. Westmeath,Small PSVs,All years,Kilometres,39082
Average Kilometres Travelled,2022,Diesel,Co. Westmeath,Large PSVs,All years,Kilometres,26486
Average Kilometres Travelled,2022,Diesel,Co. Westmeath,Exempt vehicles,All years,Kilometres,15415
Average Kilometres Travelled,2022,Diesel,Co. Westmeath,Other vehicles,All years,Kilometres,6577
Average Kilometres Travelled,2022,Diesel,Co. Wexford,Private cars,All years,Kilometres,19306
Average Kilometres Travelled,2022,Diesel,Co. Wexford,Goods vehicles,All years,Kilometres,25167
Average Kilometres Travelled,2022,Diesel,Co. Wexford,Motor cycles,All years,Kilometres,2611
Average Kilometres Travelled,2022,Diesel,Co. Wexford,Tractors & Machinery,All years,Kilometres,15608
Average Kilometres Travelled,2022,Diesel,Co. Wexford,Small PSVs,All years,Kilometres,38538
Average Kilometres Travelled,2022,Diesel,Co. Wexford,Large PSVs,All years,Kilometres,29063
Average Kilometres Travelled,2022,Diesel,Co. Wexford,Exempt vehicles,All years,Kilometres,14939
Average Kilometres Travelled,2022,Diesel,Co. Wexford,Other vehicles,All years,Kilometres,7044
Average Kilometres Travelled,2022,Diesel,Co. Wicklow,Private cars,All years,Kilometres,17969
Average Kilometres Travelled,2022,Diesel,Co. Wicklow,Goods vehicles,All years,Kilometres,22633
Average Kilometres Travelled,2022,Diesel,Co. Wicklow,Motor cycles,All years,Kilometres,2875
Average Kilometres Travelled,2022,Diesel,Co. Wicklow,Tractors & Machinery,All years,Kilometres,15106
Average Kilometres Travelled,2022,Diesel,Co. Wicklow,Small PSVs,All years,Kilometres,37247
Average Kilometres Travelled,2022,Diesel,Co. Wicklow,Large PSVs,All years,Kilometres,19105
Average Kilometres Travelled,2022,Diesel,Co. Wicklow,Exempt vehicles,All years,Kilometres,13633
Average Kilometres Travelled,2022,Diesel,Co. Wicklow,Other vehicles,All years,Kilometres,7096
Average Kilometres Travelled,2022,Diesel,Co. Clare,Private cars,All years,Kilometres,19692
Average Kilometres Travelled,2022,Diesel,Co. Clare,Goods vehicles,All years,Kilometres,23450
Average Kilometres Travelled,2022,Diesel,Co. Clare,Motor cycles,All years,Kilometres,2730
Average Kilometres Travelled,2022,Diesel,Co. Clare,Tractors & Machinery,All years,Kilometres,16142
Average Kilometres Travelled,2022,Diesel,Co. Clare,Small PSVs,All years,Kilometres,35794
Average Kilometres Travelled,2022,Diesel,Co. Clare,Large PSVs,All years,Kilometres,20584
Average Kilometres Travelled,2022,Diesel,Co. Clare,Exempt vehicles,All years,Kilometres,14761
Average Kilometres Travelled,2022,Diesel,Co. Clare,Other vehicles,All years,Kilometres,5616
Average Kilometres Travelled,2022,Diesel,Co. Cork,Private cars,All years,Kilometres,17776
Average Kilometres Travelled,2022,Diesel,Co. Cork,Goods vehicles,All years,Kilometres,23374
Average Kilometres Travelled,2022,Diesel,Co. Cork,Motor cycles,All years,Kilometres,2824
Average Kilometres Travelled,2022,Diesel,Co. Cork,Tractors & Machinery,All years,Kilometres,15425
Average Kilometres Travelled,2022,Diesel,Co. Cork,Small PSVs,All years,Kilometres,35336
Average Kilometres Travelled,2022,Diesel,Co. Cork,Large PSVs,All years,Kilometres,20313
Average Kilometres Travelled,2022,Diesel,Co. Cork,Exempt vehicles,All years,Kilometres,14735
Average Kilometres Travelled,2022,Diesel,Co. Cork,Other vehicles,All years,Kilometres,6530
Average Kilometres Travelled,2022,Diesel,Co. Kerry,Private cars,All years,Kilometres,18904
Average Kilometres Travelled,2022,Diesel,Co. Kerry,Goods vehicles,All years,Kilometres,23102
Average Kilometres Travelled,2022,Diesel,Co. Kerry,Motor cycles,All years,Kilometres,2991
Average Kilometres Travelled,2022,Diesel,Co. Kerry,Tractors & Machinery,All years,Kilometres,15559
Average Kilometres Travelled,2022,Diesel,Co. Kerry,Small PSVs,All years,Kilometres,32748
Average Kilometres Travelled,2022,Diesel,Co. Kerry,Large PSVs,All years,Kilometres,19692
Average Kilometres Travelled,2022,Diesel,Co. Kerry,Exempt vehicles,All years,Kilometres,14050
Average Kilometres Travelled,2022,Diesel,Co. Kerry,Other vehicles,All years,Kilometres,4999
Average Kilometres Travelled,2022,Diesel,Co. Limerick,Private cars,All years,Kilometres,19036
Average Kilometres Travelled,2022,Diesel,Co. Limerick,Goods vehicles,All years,Kilometres,24942
Average Kilometres Travelled,2022,Diesel,Co. Limerick,Motor cycles,All years,Kilometres,2989
Average Kilometres Travelled,2022,Diesel,Co. Limerick,Tractors & Machinery,All years,Kilometres,15603
Average Kilometres Travelled,2022,Diesel,Co. Limerick,Small PSVs,All years,Kilometres,33764
Average Kilometres Travelled,2022,Diesel,Co. Limerick,Large PSVs,All years,Kilometres,23922
Average Kilometres Travelled,2022,Diesel,Co. Limerick,Exempt vehicles,All years,Kilometres,13309
Average Kilometres Travelled,2022,Diesel,Co. Limerick,Other vehicles,All years,Kilometres,5852
Average Kilometres Travelled,2022,Diesel,Co. Tipperary,Private cars,All years,Kilometres,20067
Average Kilometres Travelled,2022,Diesel,Co. Tipperary,Goods vehicles,All years,Kilometres,23776
Average Kilometres Travelled,2022,Diesel,Co. Tipperary,Motor cycles,All years,Kilometres,2717
Average Kilometres Travelled,2022,Diesel,Co. Tipperary,Tractors & Machinery,All years,Kilometres,15869
Average Kilometres Travelled,2022,Diesel,Co. Tipperary,Small PSVs,All years,Kilometres,33278
Average Kilometres Travelled,2022,Diesel,Co. Tipperary,Large PSVs,All years,Kilometres,24066
Average Kilometres Travelled,2022,Diesel,Co. Tipperary,Exempt vehicles,All years,Kilometres,15685
Average Kilometres Travelled,2022,Diesel,Co. Tipperary,Other vehicles,All years,Kilometres,6479
Average Kilometres Travelled,2022,Diesel,Co. Waterford,Private cars,All years,Kilometres,18268
Average Kilometres Travelled,2022,Diesel,Co. Waterford,Goods vehicles,All years,Kilometres,21945
Average Kilometres Travelled,2022,Diesel,Co. Waterford,Motor cycles,All years,Kilometres,2859
Average Kilometres Travelled,2022,Diesel,Co. Waterford,Tractors & Machinery,All years,Kilometres,15449
Average Kilometres Travelled,2022,Diesel,Co. Waterford,Small PSVs,All years,Kilometres,36507
Average Kilometres Travelled,2022,Diesel,Co. Waterford,Large PSVs,All years,Kilometres,21293
Average Kilometres Travelled,2022,Diesel,Co. Waterford,Exempt vehicles,All years,Kilometres,15202
Average Kilometres Travelled,2022,Diesel,Co. Waterford,Other vehicles,All years,Kilometres,7011
Average Kilometres Travelled,2022,Diesel,Co. Galway,Private cars,All years,Kilometres,19366
Average Kilometres Travelled,2022,Diesel,Co. Galway,Goods vehicles,All years,Kilometres,23810
Average Kilometres Travelled,2022,Diesel,Co. Galway,Motor cycles,All years,Kilometres,2896
Average Kilometres Travelled,2022,Diesel,Co. Galway,Tractors & Machinery,All years,Kilometres,15833
Average Kilometres Travelled,2022,Diesel,Co. Galway,Small PSVs,All years,Kilometres,38245
Average Kilometres Travelled,2022,Diesel,Co. Galway,Large PSVs,All years,Kilometres,26343
Average Kilometres Travelled,2022,Diesel,Co. Galway,Exempt vehicles,All years,Kilometres,19514
Average Kilometres Travelled,2022,Diesel,Co. Galway,Other vehicles,All years,Kilometres,6868
Average Kilometres Travelled,2022,Diesel,Co. Leitrim,Private cars,All years,Kilometres,20038
Average Kilometres Travelled,2022,Diesel,Co. Leitrim,Goods vehicles,All years,Kilometres,21988
Average Kilometres Travelled,2022,Diesel,Co. Leitrim,Motor cycles,All years,Kilometres,2341
Average Kilometres Travelled,2022,Diesel,Co. Leitrim,Tractors & Machinery,All years,Kilometres,16104
Average Kilometres Travelled,2022,Diesel,Co. Leitrim,Small PSVs,All years,Kilometres,35300
Average Kilometres Travelled,2022,Diesel,Co. Leitrim,Large PSVs,All years,Kilometres,21028
Average Kilometres Travelled,2022,Diesel,Co. Leitrim,Exempt vehicles,All years,Kilometres,15695
Average Kilometres Travelled,2022,Diesel,Co. Leitrim,Other vehicles,All years,Kilometres,4904
Average Kilometres Travelled,2022,Diesel,Co. Mayo,Private cars,All years,Kilometres,19497
Average Kilometres Travelled,2022,Diesel,Co. Mayo,Goods vehicles,All years,Kilometres,22772
Average Kilometres Travelled,2022,Diesel,Co. Mayo,Motor cycles,All years,Kilometres,0
Average Kilometres Travelled,2022,Diesel,Co. Mayo,Tractors & Machinery,All years,Kilometres,15666
Average Kilometres Travelled,2022,Diesel,Co. Mayo,Small PSVs,All years,Kilometres,36250
Average Kilometres Travelled,2022,Diesel,Co. Mayo,Large PSVs,All years,Kilometres,25978
Average Kilometres Travelled,2022,Diesel,Co. Mayo,Exempt vehicles,All years,Kilometres,14446
Average Kilometres Travelled,2022,Diesel,Co. Mayo,Other vehicles,All years,Kilometres,6738
Average Kilometres Travelled,2022,Diesel,Co. Roscommon,Private cars,All years,Kilometres,20750
Average Kilometres Travelled,2022,Diesel,Co. Roscommon,Goods vehicles,All years,Kilometres,23618
Average Kilometres Travelled,2022,Diesel,Co. Roscommon,Motor cycles,All years,Kilometres,2642
Average Kilometres Travelled,2022,Diesel,Co. Roscommon,Tractors & Machinery,All years,Kilometres,16118
Average Kilometres Travelled,2022,Diesel,Co. Roscommon,Small PSVs,All years,Kilometres,35951
Average Kilometres Travelled,2022,Diesel,Co. Roscommon,Large PSVs,All years,Kilometres,22821
Average Kilometres Travelled,2022,Diesel,Co. Roscommon,Exempt vehicles,All years,Kilometres,15999
Average Kilometres Travelled,2022,Diesel,Co. Roscommon,Other vehicles,All years,Kilometres,5424
Average Kilometres Travelled,2022,Diesel,Co. Sligo,Private cars,All years,Kilometres,19188
Average Kilometres Travelled,2022,Diesel,Co. Sligo,Goods vehicles,All years,Kilometres,22091
Average Kilometres Travelled,2022,Diesel,Co. Sligo,Motor cycles,All years,Kilometres,2525
Average Kilometres Travelled,2022,Diesel,Co. Sligo,Tractors & Machinery,All years,Kilometres,16084
Average Kilometres Travelled,2022,Diesel,Co. Sligo,Small PSVs,All years,Kilometres,35876
Average Kilometres Travelled,2022,Diesel,Co. Sligo,Large PSVs,All years,Kilometres,22354
Average Kilometres Travelled,2022,Diesel,Co. Sligo,Exempt vehicles,All years,Kilometres,15597
Average Kilometres Travelled,2022,Diesel,Co. Sligo,Other vehicles,All years,Kilometres,6364
Average Kilometres Travelled,2022,Diesel,Co. Cavan,Private cars,All years,Kilometres,19832
Average Kilometres Travelled,2022,Diesel,Co. Cavan,Goods vehicles,All years,Kilometres,23349
Average Kilometres Travelled,2022,Diesel,Co. Cavan,Motor cycles,All years,Kilometres,2729
Average Kilometres Travelled,2022,Diesel,Co. Cavan,Tractors & Machinery,All years,Kilometres,15396
Average Kilometres Travelled,2022,Diesel,Co. Cavan,Small PSVs,All years,Kilometres,40967
Average Kilometres Travelled,2022,Diesel,Co. Cavan,Large PSVs,All years,Kilometres,27164
Average Kilometres Travelled,2022,Diesel,Co. Cavan,Exempt vehicles,All years,Kilometres,15636
Average Kilometres Travelled,2022,Diesel,Co. Cavan,Other vehicles,All years,Kilometres,6438
Average Kilometres Travelled,2022,Diesel,Co. Donegal,Private cars,All years,Kilometres,18756
Average Kilometres Travelled,2022,Diesel,Co. Donegal,Goods vehicles,All years,Kilometres,22224
Average Kilometres Travelled,2022,Diesel,Co. Donegal,Motor cycles,All years,Kilometres,2323
Average Kilometres Travelled,2022,Diesel,Co. Donegal,Tractors & Machinery,All years,Kilometres,16920
Average Kilometres Travelled,2022,Diesel,Co. Donegal,Small PSVs,All years,Kilometres,40176
Average Kilometres Travelled,2022,Diesel,Co. Donegal,Large PSVs,All years,Kilometres,22984
Average Kilometres Travelled,2022,Diesel,Co. Donegal,Exempt vehicles,All years,Kilometres,15033
Average Kilometres Travelled,2022,Diesel,Co. Donegal,Other vehicles,All years,Kilometres,5235
Average Kilometres Travelled,2022,Diesel,Co. Monaghan,Private cars,All years,Kilometres,19567
Average Kilometres Travelled,2022,Diesel,Co. Monaghan,Goods vehicles,All years,Kilometres,26332
Average Kilometres Travelled,2022,Diesel,Co. Monaghan,Motor cycles,All years,Kilometres,3084
Average Kilometres Travelled,2022,Diesel,Co. Monaghan,Tractors & Machinery,All years,Kilometres,16158
Average Kilometres Travelled,2022,Diesel,Co. Monaghan,Small PSVs,All years,Kilometres,32649
Average Kilometres Travelled,2022,Diesel,Co. Monaghan,Large PSVs,All years,Kilometres,30841
Average Kilometres Travelled,2022,Diesel,Co. Monaghan,Exempt vehicles,All years,Kilometres,12058
Average Kilometres Travelled,2022,Diesel,Co. Monaghan,Other vehicles,All years,Kilometres,6302
Average Kilometres Travelled,2022,Other fuel types,Co. Carlow,Private cars,All years,Kilometres,13393
Average Kilometres Travelled,2022,Other fuel types,Co. Carlow,Goods vehicles,All years,Kilometres,22834
Average Kilometres Travelled,2022,Other fuel types,Co. Carlow,Motor cycles,All years,Kilometres,3177
Average Kilometres Travelled,2022,Other fuel types,Co. Carlow,Tractors & Machinery,All years,Kilometres,0
Average Kilometres Travelled,2022,Other fuel types,Co. Carlow,Small PSVs,All years,Kilometres,35474
Average Kilometres Travelled,2022,Other fuel types,Co. Carlow,Large PSVs,All years,Kilometres,0
Average Kilometres Travelled,2022,Other fuel types,Co. Carlow,Exempt vehicles,All years,Kilometres,14175
Average Kilometres Travelled,2022,Other fuel types,Co. Carlow,Other vehicles,All years,Kilometres,3517
Average Kilometres Travelled,2022,Other fuel types,Co. Dublin,Private cars,All years,Kilometres,12817
Average Kilometres Travelled,2022,Other fuel types,Co. Dublin,Goods vehicles,All years,Kilometres,18081
Average Kilometres Travelled,2022,Other fuel types,Co. Dublin,Motor cycles,All years,Kilometres,2917
Average Kilometres Travelled,2022,Other fuel types,Co. Dublin,Tractors & Machinery,All years,Kilometres,6286
Average Kilometres Travelled,2022,Other fuel types,Co. Dublin,Small PSVs,All years,Kilometres,38251
Average Kilometres Travelled,2022,Other fuel types,Co. Dublin,Large PSVs,All years,Kilometres,43104
Average Kilometres Travelled,2022,Other fuel types,Co. Dublin,Exempt vehicles,All years,Kilometres,12746
Average Kilometres Travelled,2022,Other fuel types,Co. Dublin,Other vehicles,All years,Kilometres,6192
Average Kilometres Travelled,2022,Other fuel types,Co. Kildare,Private cars,All years,Kilometres,13440
Average Kilometres Travelled,2022,Other fuel types,Co. Kildare,Goods vehicles,All years,Kilometres,30040
Average Kilometres Travelled,2022,Other fuel types,Co. Kildare,Motor cycles,All years,Kilometres,2857
Average Kilometres Travelled,2022,Other fuel types,Co. Kildare,Tractors & Machinery,All years,Kilometres,8570
Average Kilometres Travelled,2022,Other fuel types,Co. Kildare,Small PSVs,All years,Kilometres,42379
Average Kilometres Travelled,2022,Other fuel types,Co. Kildare,Large PSVs,All years,Kilometres,0
Average Kilometres Travelled,2022,Other fuel types,Co. Kildare,Exempt vehicles,All years,Kilometres,13727
Average Kilometres Travelled,2022,Other fuel types,Co. Kildare,Other vehicles,All years,Kilometres,10496
Average Kilometres Travelled,2022,Other fuel types,Co. Kilkenny,Private cars,All years,Kilometres,13461
Average Kilometres Travelled,2022,Other fuel types,Co. Kilkenny,Goods vehicles,All years,Kilometres,21068
Average Kilometres Travelled,2022,Other fuel types,Co. Kilkenny,Motor cycles,All years,Kilometres,2420
Average Kilometres Travelled,2022,Other fuel types,Co. Kilkenny,Tractors & Machinery,All years,Kilometres,15511
Average Kilometres Travelled,2022,Other fuel types,Co. Kilkenny,Small PSVs,All years,Kilometres,41537
Average Kilometres Travelled,2022,Other fuel types,Co. Kilkenny,Large PSVs,All years,Kilometres,0
Average Kilometres Travelled,2022,Other fuel types,Co. Kilkenny,Exempt vehicles,All years,Kilometres,14673
Average Kilometres Travelled,2022,Other fuel types,Co. Kilkenny,Other vehicles,All years,Kilometres,4101
Average Kilometres Travelled,2022,Other fuel types,Co. Laois,Private cars,All years,Kilometres,13848
Average Kilometres Travelled,2022,Other fuel types,Co. Laois,Goods vehicles,All years,Kilometres,20962
Average Kilometres Travelled,2022,Other fuel types,Co. Laois,Motor cycles,All years,Kilometres,2899
Average Kilometres Travelled,2022,Other fuel types,Co. Laois,Tractors & Machinery,All years,Kilometres,0
Average Kilometres Travelled,2022,Other fuel types,Co. Laois,Small PSVs,All years,Kilometres,39373
Average Kilometres Travelled,2022,Other fuel types,Co. Laois,Large PSVs,All years,Kilometres,0
Average Kilometres Travelled,2022,Other fuel types,Co. Laois,Exempt vehicles,All years,Kilometres,14336
Average Kilometres Travelled,2022,Other fuel types,Co. Laois,Other vehicles,All years,Kilometres,5423
Average Kilometres Travelled,2022,Other fuel types,Co. Longford,Private cars,All years,Kilometres,13455
Average Kilometres Travelled,2022,Other fuel types,Co. Longford,Goods vehicles,All years,Kilometres,32444
Average Kilometres Travelled,2022,Other fuel types,Co. Longford,Motor cycles,All years,Kilometres,3088
Average Kilometres Travelled,2022,Other fuel types,Co. Longford,Tractors & Machinery,All years,Kilometres,0
Average Kilometres Travelled,2022,Other fuel types,Co. Longford,Small PSVs,All years,Kilometres,53934
Average Kilometres Travelled,2022,Other fuel types,Co. Longford,Large PSVs,All years,Kilometres,0
Average Kilometres Travelled,2022,Other fuel types,Co. Longford,Exempt vehicles,All years,Kilometres,18867
Average Kilometres Travelled,2022,Other fuel types,Co. Longford,Other vehicles,All years,Kilometres,3586
Average Kilometres Travelled,2022,Other fuel types,Co. Louth,Private cars,All years,Kilometres,13490
Average Kilometres Travelled,2022,Other fuel types,Co. Louth,Goods vehicles,All years,Kilometres,24189
Average Kilometres Travelled,2022,Other fuel types,Co. Louth,Motor cycles,All years,Kilometres,3047
Average Kilometres Travelled,2022,Other fuel types,Co. Louth,Tractors & Machinery,All years,Kilometres,0
Average Kilometres Travelled,2022,Other fuel types,Co. Louth,Small PSVs,All years,Kilometres,33887
Average Kilometres Travelled,2022,Other fuel types,Co. Louth,Large PSVs,All years,Kilometres,0
Average Kilometres Travelled,2022,Other fuel types,Co. Louth,Exempt vehicles,All years,Kilometres,13774
Average Kilometres Travelled,2022,Other fuel types,Co. Louth,Other vehicles,All years,Kilometres,0
Average Kilometres Travelled,2022,Other fuel types,Co. Meath,Private cars,All years,Kilometres,13561
Average Kilometres Travelled,2022,Other fuel types,Co. Meath,Goods vehicles,All years,Kilometres,25403
Average Kilometres Travelled,2022,Other fuel types,Co. Meath,Motor cycles,All years,Kilometres,2995
Average Kilometres Travelled,2022,Other fuel types,Co. Meath,Tractors & Machinery,All years,Kilometres,0
Average Kilometres Travelled,2022,Other fuel types,Co. Meath,Small PSVs,All years,Kilometres,41175
Average Kilometres Travelled,2022,Other fuel types,Co. Meath,Large PSVs,All years,Kilometres,0
Average Kilometres Travelled,2022,Other fuel types,Co. Meath,Exempt vehicles,All years,Kilometres,13236
Average Kilometres Travelled,2022,Other fuel types,Co. Meath,Other vehicles,All years,Kilometres,5151
Average Kilometres Travelled,2022,Other fuel types,Co. Offaly,Private cars,All years,Kilometres,13745
Average Kilometres Travelled,2022,Other fuel types,Co. Offaly,Goods vehicles,All years,Kilometres,23998
Average Kilometres Travelled,2022,Other fuel types,Co. Offaly,Motor cycles,All years,Kilometres,2891
Average Kilometres Travelled,2022,Other fuel types,Co. Offaly,Tractors & Machinery,All years,Kilometres,0
Average Kilometres Travelled,2022,Other fuel types,Co. Offaly,Small PSVs,All years,Kilometres,43391
Average Kilometres Travelled,2022,Other fuel types,Co. Offaly,Large PSVs,All years,Kilometres,0
Average Kilometres Travelled,2022,Other fuel types,Co. Offaly,Exempt vehicles,All years,Kilometres,15498
Average Kilometres Travelled,2022,Other fuel types,Co. Offaly,Other vehicles,All years,Kilometres,3471
Average Kilometres Travelled,2022,Other fuel types,Co. Westmeath,Private cars,All years,Kilometres,13593
Average Kilometres Travelled,2022,Other fuel types,Co. Westmeath,Goods vehicles,All years,Kilometres,23095
Average Kilometres Travelled,2022,Other fuel types,Co. Westmeath,Motor cycles,All years,Kilometres,2987
Average Kilometres Travelled,2022,Other fuel types,Co. Westmeath,Tractors & Machinery,All years,Kilometres,0
Average Kilometres Travelled,2022,Other fuel types,Co. Westmeath,Small PSVs,All years,Kilometres,42480
Average Kilometres Travelled,2022,Other fuel types,Co. Westmeath,Large PSVs,All years,Kilometres,22085
Average Kilometres Travelled,2022,Other fuel types,Co. Westmeath,Exempt vehicles,All years,Kilometres,15900
Average Kilometres Travelled,2022,Other fuel types,Co. Westmeath,Other vehicles,All years,Kilometres,6928
Average Kilometres Travelled,2022,Other fuel types,Co. Wexford,Private cars,All years,Kilometres,13481
Average Kilometres Travelled,2022,Other fuel types,Co. Wexford,Goods vehicles,All years,Kilometres,20848
Average Kilometres Travelled,2022,Other fuel types,Co. Wexford,Motor cycles,All years,Kilometres,2806
Average Kilometres Travelled,2022,Other fuel types,Co. Wexford,Tractors & Machinery,All years,Kilometres,11870
Average Kilometres Travelled,2022,Other fuel types,Co. Wexford,Small PSVs,All years,Kilometres,37275
Average Kilometres Travelled,2022,Other fuel types,Co. Wexford,Large PSVs,All years,Kilometres,0
Average Kilometres Travelled,2022,Other fuel types,Co. Wexford,Exempt vehicles,All years,Kilometres,14606
Average Kilometres Travelled,2022,Other fuel types,Co. Wexford,Other vehicles,All years,Kilometres,5292
Average Kilometres Travelled,2022,Other fuel types,Co. Wicklow,Private cars,All years,Kilometres,13406
Average Kilometres Travelled,2022,Other fuel types,Co. Wicklow,Goods vehicles,All years,Kilometres,22169
Average Kilometres Travelled,2022,Other fuel types,Co. Wicklow,Motor cycles,All years,Kilometres,2870
Average Kilometres Travelled,2022,Other fuel types,Co. Wicklow,Tractors & Machinery,All years,Kilometres,0
Average Kilometres Travelled,2022,Other fuel types,Co. Wicklow,Small PSVs,All years,Kilometres,37716
Average Kilometres Travelled,2022,Other fuel types,Co. Wicklow,Large PSVs,All years,Kilometres,22683
Average Kilometres Travelled,2022,Other fuel types,Co. Wicklow,Exempt vehicles,All years,Kilometres,14606
Average Kilometres Travelled,2022,Other fuel types,Co. Wicklow,Other vehicles,All years,Kilometres,6897
Average Kilometres Travelled,2022,Other fuel types,Co. Clare,Private cars,All years,Kilometres,13637
Average Kilometres Travelled,2022,Other fuel types,Co. Clare,Goods vehicles,All years,Kilometres,29183
Average Kilometres Travelled,2022,Other fuel types,Co. Clare,Motor cycles,All years,Kilometres,1842
Average Kilometres Travelled,2022,Other fuel types,Co. Clare,Tractors & Machinery,All years,Kilometres,5932
Average Kilometres Travelled,2022,Other fuel types,Co. Clare,Small PSVs,All years,Kilometres,39875
Average Kilometres Travelled,2022,Other fuel types,Co. Clare,Large PSVs,All years,Kilometres,0
Average Kilometres Travelled,2022,Other fuel types,Co. Clare,Exempt vehicles,All years,Kilometres,14819
Average Kilometres Travelled,2022,Other fuel types,Co. Clare,Other vehicles,All years,Kilometres,4269
Average Kilometres Travelled,2022,Other fuel types,Co. Cork,Private cars,All years,Kilometres,13190
Average Kilometres Travelled,2022,Other fuel types,Co. Cork,Goods vehicles,All years,Kilometres,19905
Average Kilometres Travelled,2022,Other fuel types,Co. Cork,Motor cycles,All years,Kilometres,2915
Average Kilometres Travelled,2022,Other fuel types,Co. Cork,Tractors & Machinery,All years,Kilometres,10336
Average Kilometres Travelled,2022,Other fuel types,Co. Cork,Small PSVs,All years,Kilometres,38810
Average Kilometres Travelled,2022,Other fuel types,Co. Cork,Large PSVs,All years,Kilometres,0
Average Kilometres Travelled,2022,Other fuel types,Co. Cork,Exempt vehicles,All years,Kilometres,13919
Average Kilometres Travelled,2022,Other fuel types,Co. Cork,Other vehicles,All years,Kilometres,5207
Average Kilometres Travelled,2022,Other fuel types,Co. Kerry,Private cars,All years,Kilometres,13426
Average Kilometres Travelled,2022,Other fuel types,Co. Kerry,Goods vehicles,All years,Kilometres,21574
Average Kilometres Travelled,2022,Other fuel types,Co. Kerry,Motor cycles,All years,Kilometres,2791
Average Kilometres Travelled,2022,Other fuel types,Co. Kerry,Tractors & Machinery,All years,Kilometres,9050
Average Kilometres Travelled,2022,Other fuel types,Co. Kerry,Small PSVs,All years,Kilometres,37567
Average Kilometres Travelled,2022,Other fuel types,Co. Kerry,Large PSVs,All years,Kilometres,0
Average Kilometres Travelled,2022,Other fuel types,Co. Kerry,Exempt vehicles,All years,Kilometres,13738
Average Kilometres Travelled,2022,Other fuel types,Co. Kerry,Other vehicles,All years,Kilometres,3645
Average Kilometres Travelled,2022,Other fuel types,Co. Limerick,Private cars,All years,Kilometres,13443
Average Kilometres Travelled,2022,Other fuel types,Co. Limerick,Goods vehicles,All years,Kilometres,24957
Average Kilometres Travelled,2022,Other fuel types,Co. Limerick,Motor cycles,All years,Kilometres,2941
Average Kilometres Travelled,2022,Other fuel types,Co. Limerick,Tractors & Machinery,All years,Kilometres,8002
Average Kilometres Travelled,2022,Other fuel types,Co. Limerick,Small PSVs,All years,Kilometres,37584
Average Kilometres Travelled,2022,Other fuel types,Co. Limerick,Large PSVs,All years,Kilometres,29477
Average Kilometres Travelled,2022,Other fuel types,Co. Limerick,Exempt vehicles,All years,Kilometres,12808
Average Kilometres Travelled,2022,Other fuel types,Co. Limerick,Other vehicles,All years,Kilometres,3582
Average Kilometres Travelled,2022,Other fuel types,Co. Tipperary,Private cars,All years,Kilometres,13487
Average Kilometres Travelled,2022,Other fuel types,Co. Tipperary,Goods vehicles,All years,Kilometres,23638
Average Kilometres Travelled,2022,Other fuel types,Co. Tipperary,Motor cycles,All years,Kilometres,2882
Average Kilometres Travelled,2022,Other fuel types,Co. Tipperary,Tractors & Machinery,All years,Kilometres,7253
Average Kilometres Travelled,2022,Other fuel types,Co. Tipperary,Small PSVs,All years,Kilometres,34979
Average Kilometres Travelled,2022,Other fuel types,Co. Tipperary,Large PSVs,All years,Kilometres,0
Average Kilometres Travelled,2022,Other fuel types,Co. Tipperary,Exempt vehicles,All years,Kilometres,15913
Average Kilometres Travelled,2022,Other fuel types,Co. Tipperary,Other vehicles,All years,Kilometres,4601
Average Kilometres Travelled,2022,Other fuel types,Co. Waterford,Private cars,All years,Kilometres,13360
Average Kilometres Travelled,2022,Other fuel types,Co. Waterford,Goods vehicles,All years,Kilometres,19437
Average Kilometres Travelled,2022,Other fuel types,Co. Waterford,Motor cycles,All years,Kilometres,2902
Average Kilometres Travelled,2022,Other fuel types,Co. Waterford,Tractors & Machinery,All years,Kilometres,6769
Average Kilometres Travelled,2022,Other fuel types,Co. Waterford,Small PSVs,All years,Kilometres,39295
Average Kilometres Travelled,2022,Other fuel types,Co. Waterford,Large PSVs,All years,Kilometres,0
Average Kilometres Travelled,2022,Other fuel types,Co. Waterford,Exempt vehicles,All years,Kilometres,15060
Average Kilometres Travelled,2022,Other fuel types,Co. Waterford,Other vehicles,All years,Kilometres,6532
Average Kilometres Travelled,2022,Other fuel types,Co. Galway,Private cars,All years,Kilometres,13579
Average Kilometres Travelled,2022,Other fuel types,Co. Galway,Goods vehicles,All years,Kilometres,21040
Average Kilometres Travelled,2022,Other fuel types,Co. Galway,Motor cycles,All years,Kilometres,2971
Average Kilometres Travelled,2022,Other fuel types,Co. Galway,Tractors & Machinery,All years,Kilometres,0
Average Kilometres Travelled,2022,Other fuel types,Co. Galway,Small PSVs,All years,Kilometres,41320
Average Kilometres Travelled,2022,Other fuel types,Co. Galway,Large PSVs,All years,Kilometres,34889
Average Kilometres Travelled,2022,Other fuel types,Co. Galway,Exempt vehicles,All years,Kilometres,19101
Average Kilometres Travelled,2022,Other fuel types,Co. Galway,Other vehicles,All years,Kilometres,8696
Average Kilometres Travelled,2022,Other fuel types,Co. Leitrim,Private cars,All years,Kilometres,14000
Average Kilometres Travelled,2022,Other fuel types,Co. Leitrim,Goods vehicles,All years,Kilometres,22811
Average Kilometres Travelled,2022,Other fuel types,Co. Leitrim,Motor cycles,All years,Kilometres,2975
Average Kilometres Travelled,2022,Other fuel types,Co. Leitrim,Tractors & Machinery,All years,Kilometres,0
Average Kilometres Travelled,2022,Other fuel types,Co. Leitrim,Small PSVs,All years,Kilometres,42888
Average Kilometres Travelled,2022,Other fuel types,Co. Leitrim,Large PSVs,All years,Kilometres,0
Average Kilometres Travelled,2022,Other fuel types,Co. Leitrim,Exempt vehicles,All years,Kilometres,15834
Average Kilometres Travelled,2022,Other fuel types,Co. Leitrim,Other vehicles,All years,Kilometres,3543
Average Kilometres Travelled,2022,Other fuel types,Co. Mayo,Private cars,All years,Kilometres,13704
Average Kilometres Travelled,2022,Other fuel types,Co. Mayo,Goods vehicles,All years,Kilometres,22835
Average Kilometres Travelled,2022,Other fuel types,Co. Mayo,Motor cycles,All years,Kilometres,3049
Average Kilometres Travelled,2022,Other fuel types,Co. Mayo,Tractors & Machinery,All years,Kilometres,0
Average Kilometres Travelled,2022,Other fuel types,Co. Mayo,Small PSVs,All years,Kilometres,43193
Average Kilometres Travelled,2022,Other fuel types,Co. Mayo,Large PSVs,All years,Kilometres,0
Average Kilometres Travelled,2022,Other fuel types,Co. Mayo,Exempt vehicles,All years,Kilometres,14426
Average Kilometres Travelled,2022,Other fuel types,Co. Mayo,Other vehicles,All years,Kilometres,3834
Average Kilometres Travelled,2022,Other fuel types,Co. Roscommon,Private cars,All years,Kilometres,13668
Average Kilometres Travelled,2022,Other fuel types,Co. Roscommon,Goods vehicles,All years,Kilometres,29568
Average Kilometres Travelled,2022,Other fuel types,Co. Roscommon,Motor cycles,All years,Kilometres,0
Average Kilometres Travelled,2022,Other fuel types,Co. Roscommon,Tractors & Machinery,All years,Kilometres,0
Average Kilometres Travelled,2022,Other fuel types,Co. Roscommon,Small PSVs,All years,Kilometres,35215
Average Kilometres Travelled,2022,Other fuel types,Co. Roscommon,Large PSVs,All years,Kilometres,0
Average Kilometres Travelled,2022,Other fuel types,Co. Roscommon,Exempt vehicles,All years,Kilometres,16157
Average Kilometres Travelled,2022,Other fuel types,Co. Roscommon,Other vehicles,All years,Kilometres,3533
Average Kilometres Travelled,2022,Other fuel types,Co. Sligo,Private cars,All years,Kilometres,13328
Average Kilometres Travelled,2022,Other fuel types,Co. Sligo,Goods vehicles,All years,Kilometres,23480
Average Kilometres Travelled,2022,Other fuel types,Co. Sligo,Motor cycles,All years,Kilometres,3074
Average Kilometres Travelled,2022,Other fuel types,Co. Sligo,Tractors & Machinery,All years,Kilometres,0
Average Kilometres Travelled,2022,Other fuel types,Co. Sligo,Small PSVs,All years,Kilometres,40220
Average Kilometres Travelled,2022,Other fuel types,Co. Sligo,Large PSVs,All years,Kilometres,0
Average Kilometres Travelled,2022,Other fuel types,Co. Sligo,Exempt vehicles,All years,Kilometres,15375
Average Kilometres Travelled,2022,Other fuel types,Co. Sligo,Other vehicles,All years,Kilometres,3521
Average Kilometres Travelled,2022,Other fuel types,Co. Cavan,Private cars,All years,Kilometres,13516
Average Kilometres Travelled,2022,Other fuel types,Co. Cavan,Goods vehicles,All years,Kilometres,31986
Average Kilometres Travelled,2022,Other fuel types,Co. Cavan,Motor cycles,All years,Kilometres,2989
Average Kilometres Travelled,2022,Other fuel types,Co. Cavan,Tractors & Machinery,All years,Kilometres,13064
Average Kilometres Travelled,2022,Other fuel types,Co. Cavan,Small PSVs,All years,Kilometres,36487
Average Kilometres Travelled,2022,Other fuel types,Co. Cavan,Large PSVs,All years,Kilometres,0
Average Kilometres Travelled,2022,Other fuel types,Co. Cavan,Exempt vehicles,All years,Kilometres,17416
Average Kilometres Travelled,2022,Other fuel types,Co. Cavan,Other vehicles,All years,Kilometres,5049
Average Kilometres Travelled,2022,Other fuel types,Co. Donegal,Private cars,All years,Kilometres,13538
Average Kilometres Travelled,2022,Other fuel types,Co. Donegal,Goods vehicles,All years,Kilometres,20338
Average Kilometres Travelled,2022,Other fuel types,Co. Donegal,Motor cycles,All years,Kilometres,3043
Average Kilometres Travelled,2022,Other fuel types,Co. Donegal,Tractors & Machinery,All years,Kilometres,2585
Average Kilometres Travelled,2022,Other fuel types,Co. Donegal,Small PSVs,All years,Kilometres,37891
Average Kilometres Travelled,2022,Other fuel types,Co. Donegal,Large PSVs,All years,Kilometres,0
Average Kilometres Travelled,2022,Other fuel types,Co. Donegal,Exempt vehicles,All years,Kilometres,15341
Average Kilometres Travelled,2022,Other fuel types,Co. Donegal,Other vehicles,All years,Kilometres,4110
Average Kilometres Travelled,2022,Other fuel types,Co. Monaghan,Private cars,All years,Kilometres,13434
Average Kilometres Travelled,2022,Other fuel types,Co. Monaghan,Goods vehicles,All years,Kilometres,31440
Average Kilometres Travelled,2022,Other fuel types,Co. Monaghan,Motor cycles,All years,Kilometres,3089
Average Kilometres Travelled,2022,Other fuel types,Co. Monaghan,Tractors & Machinery,All years,Kilometres,0
Average Kilometres Travelled,2022,Other fuel types,Co. Monaghan,Small PSVs,All years,Kilometres,24845
Average Kilometres Travelled,2022,Other fuel types,Co. Monaghan,Large PSVs,All years,Kilometres,0
Average Kilometres Travelled,2022,Other fuel types,Co. Monaghan,Exempt vehicles,All years,Kilometres,12470
Average Kilometres Travelled,2022,Other fuel types,Co. Monaghan,Other vehicles,All years,Kilometres,3543
Average Kilometres Travelled,2023,Petrol,Co. Carlow,Private cars,All years,Kilometres,11968
Average Kilometres Travelled,2023,Petrol,Co. Carlow,Goods vehicles,All years,Kilometres,16578
Average Kilometres Travelled,2023,Petrol,Co. Carlow,Motor cycles,All years,Kilometres,2578
Average Kilometres Travelled,2023,Petrol,Co. Carlow,Tractors & Machinery,All years,Kilometres,22626
Average Kilometres Travelled,2023,Petrol,Co. Carlow,Small PSVs,All years,Kilometres,30374
Average Kilometres Travelled,2023,Petrol,Co. Carlow,Large PSVs,All years,Kilometres,0
Average Kilometres Travelled,2023,Petrol,Co. Carlow,Exempt vehicles,All years,Kilometres,10423
Average Kilometres Travelled,2023,Petrol,Co. Carlow,Other vehicles,All years,Kilometres,3385
Average Kilometres Travelled,2023,Petrol,Co. Dublin,Private cars,All years,Kilometres,9484
Average Kilometres Travelled,2023,Petrol,Co. Dublin,Goods vehicles,All years,Kilometres,20292
Average Kilometres Travelled,2023,Petrol,Co. Dublin,Motor cycles,All years,Kilometres,2719
Average Kilometres Travelled,2023,Petrol,Co. Dublin,Tractors & Machinery,All years,Kilometres,9966
Average Kilometres Travelled,2023,Petrol,Co. Dublin,Small PSVs,All years,Kilometres,30819
Average Kilometres Travelled,2023,Petrol,Co. Dublin,Large PSVs,All years,Kilometres,55659
Average Kilometres Travelled,2023,Petrol,Co. Dublin,Exempt vehicles,All years,Kilometres,10665
Average Kilometres Travelled,2023,Petrol,Co. Dublin,Other vehicles,All years,Kilometres,3285
Average Kilometres Travelled,2023,Petrol,Co. Kildare,Private cars,All years,Kilometres,11812
Average Kilometres Travelled,2023,Petrol,Co. Kildare,Goods vehicles,All years,Kilometres,16809
Average Kilometres Travelled,2023,Petrol,Co. Kildare,Motor cycles,All years,Kilometres,2651
Average Kilometres Travelled,2023,Petrol,Co. Kildare,Tractors & Machinery,All years,Kilometres,21837
Average Kilometres Travelled,2023,Petrol,Co. Kildare,Small PSVs,All years,Kilometres,40427
Average Kilometres Travelled,2023,Petrol,Co. Kildare,Large PSVs,All years,Kilometres,32543
Average Kilometres Travelled,2023,Petrol,Co. Kildare,Exempt vehicles,All years,Kilometres,13041
Average Kilometres Travelled,2023,Petrol,Co. Kildare,Other vehicles,All years,Kilometres,3512
Average Kilometres Travelled,2023,Petrol,Co. Kilkenny,Private cars,All years,Kilometres,12036
Average Kilometres Travelled,2023,Petrol,Co. Kilkenny,Goods vehicles,All years,Kilometres,13358
Average Kilometres Travelled,2023,Petrol,Co. Kilkenny,Motor cycles,All years,Kilometres,2569
Average Kilometres Travelled,2023,Petrol,Co. Kilkenny,Tractors & Machinery,All years,Kilometres,18758
Average Kilometres Travelled,2023,Petrol,Co. Kilkenny,Small PSVs,All years,Kilometres,23061
Average Kilometres Travelled,2023,Petrol,Co. Kilkenny,Large PSVs,All years,Kilometres,0
Average Kilometres Travelled,2023,Petrol,Co. Kilkenny,Exempt vehicles,All years,Kilometres,11947
Average Kilometres Travelled,2023,Petrol,Co. Kilkenny,Other vehicles,All years,Kilometres,3335
Average Kilometres Travelled,2023,Petrol,Co. Laois,Private cars,All years,Kilometres,12301
Average Kilometres Travelled,2023,Petrol,Co. Laois,Goods vehicles,All years,Kilometres,16161
Average Kilometres Travelled,2023,Petrol,Co. Laois,Motor cycles,All years,Kilometres,2604
Average Kilometres Travelled,2023,Petrol,Co. Laois,Tractors & Machinery,All years,Kilometres,13638
Average Kilometres Travelled,2023,Petrol,Co. Laois,Small PSVs,All years,Kilometres,43145
Average Kilometres Travelled,2023,Petrol,Co. Laois,Large PSVs,All years,Kilometres,0
Average Kilometres Travelled,2023,Petrol,Co. Laois,Exempt vehicles,All years,Kilometres,14028
Average Kilometres Travelled,2023,Petrol,Co. Laois,Other vehicles,All years,Kilometres,3403
Average Kilometres Travelled,2023,Petrol,Co. Longford,Private cars,All years,Kilometres,12382
Average Kilometres Travelled,2023,Petrol,Co. Longford,Goods vehicles,All years,Kilometres,20956
Average Kilometres Travelled,2023,Petrol,Co. Longford,Motor cycles,All years,Kilometres,2639
Average Kilometres Travelled,2023,Petrol,Co. Longford,Tractors & Machinery,All years,Kilometres,19410
Average Kilometres Travelled,2023,Petrol,Co. Longford,Small PSVs,All years,Kilometres,32268
Average Kilometres Travelled,2023,Petrol,Co. Longford,Large PSVs,All years,Kilometres,0
Average Kilometres Travelled,2023,Petrol,Co. Longford,Exempt vehicles,All years,Kilometres,14642
Average Kilometres Travelled,2023,Petrol,Co. Longford,Other vehicles,All years,Kilometres,3144
Average Kilometres Travelled,2023,Petrol,Co. Louth,Private cars,All years,Kilometres,11480
Average Kilometres Travelled,2023,Petrol,Co. Louth,Goods vehicles,All years,Kilometres,18252
Average Kilometres Travelled,2023,Petrol,Co. Louth,Motor cycles,All years,Kilometres,2670
Average Kilometres Travelled,2023,Petrol,Co. Louth,Tractors & Machinery,All years,Kilometres,8647
Average Kilometres Travelled,2023,Petrol,Co. Louth,Small PSVs,All years,Kilometres,20464
Average Kilometres Travelled,2023,Petrol,Co. Louth,Large PSVs,All years,Kilometres,0
Average Kilometres Travelled,2023,Petrol,Co. Louth,Exempt vehicles,All years,Kilometres,11768
Average Kilometres Travelled,2023,Petrol,Co. Louth,Other vehicles,All years,Kilometres,3277
Average Kilometres Travelled,2023,Petrol,Co. Meath,Private cars,All years,Kilometres,12139
Average Kilometres Travelled,2023,Petrol,Co. Meath,Goods vehicles,All years,Kilometres,18789
Average Kilometres Travelled,2023,Petrol,Co. Meath,Motor cycles,All years,Kilometres,2690
Average Kilometres Travelled,2023,Petrol,Co. Meath,Tractors & Machinery,All years,Kilometres,18638
Average Kilometres Travelled,2023,Petrol,Co. Meath,Small PSVs,All years,Kilometres,31833
Average Kilometres Travelled,2023,Petrol,Co. Meath,Large PSVs,All years,Kilometres,0
Average Kilometres Travelled,2023,Petrol,Co. Meath,Exempt vehicles,All years,Kilometres,12384
Average Kilometres Travelled,2023,Petrol,Co. Meath,Other vehicles,All years,Kilometres,3289
Average Kilometres Travelled,2023,Petrol,Co. Offaly,Private cars,All years,Kilometres,12261
Average Kilometres Travelled,2023,Petrol,Co. Offaly,Goods vehicles,All years,Kilometres,16954
Average Kilometres Travelled,2023,Petrol,Co. Offaly,Motor cycles,All years,Kilometres,2580
Average Kilometres Travelled,2023,Petrol,Co. Offaly,Tractors & Machinery,All years,Kilometres,19242
Average Kilometres Travelled,2023,Petrol,Co. Offaly,Small PSVs,All years,Kilometres,23992
Average Kilometres Travelled,2023,Petrol,Co. Offaly,Large PSVs,All years,Kilometres,0
Average Kilometres Travelled,2023,Petrol,Co. Offaly,Exempt vehicles,All years,Kilometres,15684
Average Kilometres Travelled,2023,Petrol,Co. Offaly,Other vehicles,All years,Kilometres,3423
Average Kilometres Travelled,2023,Petrol,Co. Westmeath,Private cars,All years,Kilometres,12077
Average Kilometres Travelled,2023,Petrol,Co. Westmeath,Goods vehicles,All years,Kilometres,18371
Average Kilometres Travelled,2023,Petrol,Co. Westmeath,Motor cycles,All years,Kilometres,2615
Average Kilometres Travelled,2023,Petrol,Co. Westmeath,Tractors & Machinery,All years,Kilometres,6410
Average Kilometres Travelled,2023,Petrol,Co. Westmeath,Small PSVs,All years,Kilometres,43196
Average Kilometres Travelled,2023,Petrol,Co. Westmeath,Large PSVs,All years,Kilometres,0
Average Kilometres Travelled,2023,Petrol,Co. Westmeath,Exempt vehicles,All years,Kilometres,13263
Average Kilometres Travelled,2023,Petrol,Co. Westmeath,Other vehicles,All years,Kilometres,3260
Average Kilometres Travelled,2023,Petrol,Co. Wexford,Private cars,All years,Kilometres,12237
Average Kilometres Travelled,2023,Petrol,Co. Wexford,Goods vehicles,All years,Kilometres,17226
Average Kilometres Travelled,2023,Petrol,Co. Wexford,Motor cycles,All years,Kilometres,2571
Average Kilometres Travelled,2023,Petrol,Co. Wexford,Tractors & Machinery,All years,Kilometres,20915
Average Kilometres Travelled,2023,Petrol,Co. Wexford,Small PSVs,All years,Kilometres,25117
Average Kilometres Travelled,2023,Petrol,Co. Wexford,Large PSVs,All years,Kilometres,0
Average Kilometres Travelled,2023,Petrol,Co. Wexford,Exempt vehicles,All years,Kilometres,12363
Average Kilometres Travelled,2023,Petrol,Co. Wexford,Other vehicles,All years,Kilometres,3259
Average Kilometres Travelled,2023,Petrol,Co. Wicklow,Private cars,All years,Kilometres,11435
Average Kilometres Travelled,2023,Petrol,Co. Wicklow,Goods vehicles,All years,Kilometres,15108
Average Kilometres Travelled,2023,Petrol,Co. Wicklow,Motor cycles,All years,Kilometres,2610
Average Kilometres Travelled,2023,Petrol,Co. Wicklow,Tractors & Machinery,All years,Kilometres,20536
Average Kilometres Travelled,2023,Petrol,Co. Wicklow,Small PSVs,All years,Kilometres,38461
Average Kilometres Travelled,2023,Petrol,Co. Wicklow,Large PSVs,All years,Kilometres,0
Average Kilometres Travelled,2023,Petrol,Co. Wicklow,Exempt vehicles,All years,Kilometres,11563
Average Kilometres Travelled,2023,Petrol,Co. Wicklow,Other vehicles,All years,Kilometres,3332
Average Kilometres Travelled,2023,Petrol,Co. Clare,Private cars,All years,Kilometres,12297
Average Kilometres Travelled,2023,Petrol,Co. Clare,Goods vehicles,All years,Kilometres,15963
Average Kilometres Travelled,2023,Petrol,Co. Clare,Motor cycles,All years,Kilometres,2621
Average Kilometres Travelled,2023,Petrol,Co. Clare,Tractors & Machinery,All years,Kilometres,17462
Average Kilometres Travelled,2023,Petrol,Co. Clare,Small PSVs,All years,Kilometres,31118
Average Kilometres Travelled,2023,Petrol,Co. Clare,Large PSVs,All years,Kilometres,0
Average Kilometres Travelled,2023,Petrol,Co. Clare,Exempt vehicles,All years,Kilometres,12675
Average Kilometres Travelled,2023,Petrol,Co. Clare,Other vehicles,All years,Kilometres,3371
Average Kilometres Travelled,2023,Petrol,Co. Cork,Private cars,All years,Kilometres,11292
Average Kilometres Travelled,2023,Petrol,Co. Cork,Goods vehicles,All years,Kilometres,16520
Average Kilometres Travelled,2023,Petrol,Co. Cork,Motor cycles,All years,Kilometres,2614
Average Kilometres Travelled,2023,Petrol,Co. Cork,Tractors & Machinery,All years,Kilometres,13317
Average Kilometres Travelled,2023,Petrol,Co. Cork,Small PSVs,All years,Kilometres,32456
Average Kilometres Travelled,2023,Petrol,Co. Cork,Large PSVs,All years,Kilometres,0
Average Kilometres Travelled,2023,Petrol,Co. Cork,Exempt vehicles,All years,Kilometres,12043
Average Kilometres Travelled,2023,Petrol,Co. Cork,Other vehicles,All years,Kilometres,3266
Average Kilometres Travelled,2023,Petrol,Co. Kerry,Private cars,All years,Kilometres,11787
Average Kilometres Travelled,2023,Petrol,Co. Kerry,Goods vehicles,All years,Kilometres,16842
Average Kilometres Travelled,2023,Petrol,Co. Kerry,Motor cycles,All years,Kilometres,2599
Average Kilometres Travelled,2023,Petrol,Co. Kerry,Tractors & Machinery,All years,Kilometres,16783
Average Kilometres Travelled,2023,Petrol,Co. Kerry,Small PSVs,All years,Kilometres,31993
Average Kilometres Travelled,2023,Petrol,Co. Kerry,Large PSVs,All years,Kilometres,0
Average Kilometres Travelled,2023,Petrol,Co. Kerry,Exempt vehicles,All years,Kilometres,12657
Average Kilometres Travelled,2023,Petrol,Co. Kerry,Other vehicles,All years,Kilometres,3300
Average Kilometres Travelled,2023,Petrol,Co. Limerick,Private cars,All years,Kilometres,11624
Average Kilometres Travelled,2023,Petrol,Co. Limerick,Goods vehicles,All years,Kilometres,23729
Average Kilometres Travelled,2023,Petrol,Co. Limerick,Motor cycles,All years,Kilometres,2583
Average Kilometres Travelled,2023,Petrol,Co. Limerick,Tractors & Machinery,All years,Kilometres,11272
Average Kilometres Travelled,2023,Petrol,Co. Limerick,Small PSVs,All years,Kilometres,33758
Average Kilometres Travelled,2023,Petrol,Co. Limerick,Large PSVs,All years,Kilometres,0
Average Kilometres Travelled,2023,Petrol,Co. Limerick,Exempt vehicles,All years,Kilometres,11259
Average Kilometres Travelled,2023,Petrol,Co. Limerick,Other vehicles,All years,Kilometres,3316
Average Kilometres Travelled,2023,Petrol,Co. Tipperary,Private cars,All years,Kilometres,12041
Average Kilometres Travelled,2023,Petrol,Co. Tipperary,Goods vehicles,All years,Kilometres,14621
Average Kilometres Travelled,2023,Petrol,Co. Tipperary,Motor cycles,All years,Kilometres,2577
Average Kilometres Travelled,2023,Petrol,Co. Tipperary,Tractors & Machinery,All years,Kilometres,18501
Average Kilometres Travelled,2023,Petrol,Co. Tipperary,Small PSVs,All years,Kilometres,38259
Average Kilometres Travelled,2023,Petrol,Co. Tipperary,Large PSVs,All years,Kilometres,0
Average Kilometres Travelled,2023,Petrol,Co. Tipperary,Exempt vehicles,All years,Kilometres,14275
Average Kilometres Travelled,2023,Petrol,Co. Tipperary,Other vehicles,All years,Kilometres,3262
Average Kilometres Travelled,2023,Petrol,Co. Waterford,Private cars,All years,Kilometres,11605
Average Kilometres Travelled,2023,Petrol,Co. Waterford,Goods vehicles,All years,Kilometres,14320
Average Kilometres Travelled,2023,Petrol,Co. Waterford,Motor cycles,All years,Kilometres,2587
Average Kilometres Travelled,2023,Petrol,Co. Waterford,Tractors & Machinery,All years,Kilometres,11524
Average Kilometres Travelled,2023,Petrol,Co. Waterford,Small PSVs,All years,Kilometres,27700
Average Kilometres Travelled,2023,Petrol,Co. Waterford,Large PSVs,All years,Kilometres,25268
Average Kilometres Travelled,2023,Petrol,Co. Waterford,Exempt vehicles,All years,Kilometres,11679
Average Kilometres Travelled,2023,Petrol,Co. Waterford,Other vehicles,All years,Kilometres,3258
Average Kilometres Travelled,2023,Petrol,Co. Galway,Private cars,All years,Kilometres,11795
Average Kilometres Travelled,2023,Petrol,Co. Galway,Goods vehicles,All years,Kilometres,18811
Average Kilometres Travelled,2023,Petrol,Co. Galway,Motor cycles,All years,Kilometres,2617
Average Kilometres Travelled,2023,Petrol,Co. Galway,Tractors & Machinery,All years,Kilometres,12802
Average Kilometres Travelled,2023,Petrol,Co. Galway,Small PSVs,All years,Kilometres,36883
Average Kilometres Travelled,2023,Petrol,Co. Galway,Large PSVs,All years,Kilometres,0
Average Kilometres Travelled,2023,Petrol,Co. Galway,Exempt vehicles,All years,Kilometres,16501
Average Kilometres Travelled,2023,Petrol,Co. Galway,Other vehicles,All years,Kilometres,3733
Average Kilometres Travelled,2023,Petrol,Co. Leitrim,Private cars,All years,Kilometres,12799
Average Kilometres Travelled,2023,Petrol,Co. Leitrim,Goods vehicles,All years,Kilometres,17787
Average Kilometres Travelled,2023,Petrol,Co. Leitrim,Motor cycles,All years,Kilometres,2664
Average Kilometres Travelled,2023,Petrol,Co. Leitrim,Tractors & Machinery,All years,Kilometres,20390
Average Kilometres Travelled,2023,Petrol,Co. Leitrim,Small PSVs,All years,Kilometres,0
Average Kilometres Travelled,2023,Petrol,Co. Leitrim,Large PSVs,All years,Kilometres,0
Average Kilometres Travelled,2023,Petrol,Co. Leitrim,Exempt vehicles,All years,Kilometres,14803
Average Kilometres Travelled,2023,Petrol,Co. Leitrim,Other vehicles,All years,Kilometres,3437
Average Kilometres Travelled,2023,Petrol,Co. Mayo,Private cars,All years,Kilometres,11954
Average Kilometres Travelled,2023,Petrol,Co. Mayo,Goods vehicles,All years,Kilometres,15359
Average Kilometres Travelled,2023,Petrol,Co. Mayo,Motor cycles,All years,Kilometres,2624
Average Kilometres Travelled,2023,Petrol,Co. Mayo,Tractors & Machinery,All years,Kilometres,17322
Average Kilometres Travelled,2023,Petrol,Co. Mayo,Small PSVs,All years,Kilometres,34611
Average Kilometres Travelled,2023,Petrol,Co. Mayo,Large PSVs,All years,Kilometres,0
Average Kilometres Travelled,2023,Petrol,Co. Mayo,Exempt vehicles,All years,Kilometres,12920
Average Kilometres Travelled,2023,Petrol,Co. Mayo,Other vehicles,All years,Kilometres,3273
Average Kilometres Travelled,2023,Petrol,Co. Roscommon,Private cars,All years,Kilometres,16635
Average Kilometres Travelled,2023,Petrol,Co. Roscommon,Goods vehicles,All years,Kilometres,15742
Average Kilometres Travelled,2023,Petrol,Co. Roscommon,Motor cycles,All years,Kilometres,2663
Average Kilometres Travelled,2023,Petrol,Co. Roscommon,Tractors & Machinery,All years,Kilometres,22047
Average Kilometres Travelled,2023,Petrol,Co. Roscommon,Small PSVs,All years,Kilometres,37340
Average Kilometres Travelled,2023,Petrol,Co. Roscommon,Large PSVs,All years,Kilometres,0
Average Kilometres Travelled,2023,Petrol,Co. Roscommon,Exempt vehicles,All years,Kilometres,13513
Average Kilometres Travelled,2023,Petrol,Co. Roscommon,Other vehicles,All years,Kilometres,3365
Average Kilometres Travelled,2023,Petrol,Co. Sligo,Private cars,All years,Kilometres,11698
Average Kilometres Travelled,2023,Petrol,Co. Sligo,Goods vehicles,All years,Kilometres,13996
Average Kilometres Travelled,2023,Petrol,Co. Sligo,Motor cycles,All years,Kilometres,2508
Average Kilometres Travelled,2023,Petrol,Co. Sligo,Tractors & Machinery,All years,Kilometres,9875
Average Kilometres Travelled,2023,Petrol,Co. Sligo,Small PSVs,All years,Kilometres,15953
Average Kilometres Travelled,2023,Petrol,Co. Sligo,Large PSVs,All years,Kilometres,46056
Average Kilometres Travelled,2023,Petrol,Co. Sligo,Exempt vehicles,All years,Kilometres,12955
Average Kilometres Travelled,2023,Petrol,Co. Sligo,Other vehicles,All years,Kilometres,3261
Average Kilometres Travelled,2023,Petrol,Co. Cavan,Private cars,All years,Kilometres,12437
Average Kilometres Travelled,2023,Petrol,Co. Cavan,Goods vehicles,All years,Kilometres,17148
Average Kilometres Travelled,2023,Petrol,Co. Cavan,Motor cycles,All years,Kilometres,2684
Average Kilometres Travelled,2023,Petrol,Co. Cavan,Tractors & Machinery,All years,Kilometres,10256
Average Kilometres Travelled,2023,Petrol,Co. Cavan,Small PSVs,All years,Kilometres,26040
Average Kilometres Travelled,2023,Petrol,Co. Cavan,Large PSVs,All years,Kilometres,0
Average Kilometres Travelled,2023,Petrol,Co. Cavan,Exempt vehicles,All years,Kilometres,15169
Average Kilometres Travelled,2023,Petrol,Co. Cavan,Other vehicles,All years,Kilometres,3275
Average Kilometres Travelled,2023,Petrol,Co. Donegal,Private cars,All years,Kilometres,12303
Average Kilometres Travelled,2023,Petrol,Co. Donegal,Goods vehicles,All years,Kilometres,16407
Average Kilometres Travelled,2023,Petrol,Co. Donegal,Motor cycles,All years,Kilometres,2703
Average Kilometres Travelled,2023,Petrol,Co. Donegal,Tractors & Machinery,All years,Kilometres,17287
Average Kilometres Travelled,2023,Petrol,Co. Donegal,Small PSVs,All years,Kilometres,42385
Average Kilometres Travelled,2023,Petrol,Co. Donegal,Large PSVs,All years,Kilometres,25523
Average Kilometres Travelled,2023,Petrol,Co. Donegal,Exempt vehicles,All years,Kilometres,12299
Average Kilometres Travelled,2023,Petrol,Co. Donegal,Other vehicles,All years,Kilometres,3399
Average Kilometres Travelled,2023,Petrol,Co. Monaghan,Private cars,All years,Kilometres,12102
Average Kilometres Travelled,2023,Petrol,Co. Monaghan,Goods vehicles,All years,Kilometres,19130
Average Kilometres Travelled,2023,Petrol,Co. Monaghan,Motor cycles,All years,Kilometres,2733
Average Kilometres Travelled,2023,Petrol,Co. Monaghan,Tractors & Machinery,All years,Kilometres,21634
Average Kilometres Travelled,2023,Petrol,Co. Monaghan,Small PSVs,All years,Kilometres,0
Average Kilometres Travelled,2023,Petrol,Co. Monaghan,Large PSVs,All years,Kilometres,0
Average Kilometres Travelled,2023,Petrol,Co. Monaghan,Exempt vehicles,All years,Kilometres,12442
Average Kilometres Travelled,2023,Petrol,Co. Monaghan,Other vehicles,All years,Kilometres,3215
Average Kilometres Travelled,2023,Diesel,Co. Carlow,Private cars,All years,Kilometres,19070
Average Kilometres Travelled,2023,Diesel,Co. Carlow,Goods vehicles,All years,Kilometres,22309
Average Kilometres Travelled,2023,Diesel,Co. Carlow,Motor cycles,All years,Kilometres,2164
Average Kilometres Travelled,2023,Diesel,Co. Carlow,Tractors & Machinery,All years,Kilometres,14786
Average Kilometres Travelled,2023,Diesel,Co. Carlow,Small PSVs,All years,Kilometres,39141
Average Kilometres Travelled,2023,Diesel,Co. Carlow,Large PSVs,All years,Kilometres,21201
Average Kilometres Travelled,2023,Diesel,Co. Carlow,Exempt vehicles,All years,Kilometres,12336
Average Kilometres Travelled,2023,Diesel,Co. Carlow,Other vehicles,All years,Kilometres,7637
Average Kilometres Travelled,2023,Diesel,Co. Dublin,Private cars,All years,Kilometres,15163
Average Kilometres Travelled,2023,Diesel,Co. Dublin,Goods vehicles,All years,Kilometres,24310
Average Kilometres Travelled,2023,Diesel,Co. Dublin,Motor cycles,All years,Kilometres,3026
Average Kilometres Travelled,2023,Diesel,Co. Dublin,Tractors & Machinery,All years,Kilometres,15161
Average Kilometres Travelled,2023,Diesel,Co. Dublin,Small PSVs,All years,Kilometres,36681
Average Kilometres Travelled,2023,Diesel,Co. Dublin,Large PSVs,All years,Kilometres,46960
Average Kilometres Travelled,2023,Diesel,Co. Dublin,Exempt vehicles,All years,Kilometres,13728
Average Kilometres Travelled,2023,Diesel,Co. Dublin,Other vehicles,All years,Kilometres,9476
Average Kilometres Travelled,2023,Diesel,Co. Kildare,Private cars,All years,Kilometres,18129
Average Kilometres Travelled,2023,Diesel,Co. Kildare,Goods vehicles,All years,Kilometres,23304
Average Kilometres Travelled,2023,Diesel,Co. Kildare,Motor cycles,All years,Kilometres,2964
Average Kilometres Travelled,2023,Diesel,Co. Kildare,Tractors & Machinery,All years,Kilometres,15252
Average Kilometres Travelled,2023,Diesel,Co. Kildare,Small PSVs,All years,Kilometres,40666
Average Kilometres Travelled,2023,Diesel,Co. Kildare,Large PSVs,All years,Kilometres,28046
Average Kilometres Travelled,2023,Diesel,Co. Kildare,Exempt vehicles,All years,Kilometres,14908
Average Kilometres Travelled,2023,Diesel,Co. Kildare,Other vehicles,All years,Kilometres,7109
Average Kilometres Travelled,2023,Diesel,Co. Kilkenny,Private cars,All years,Kilometres,19149
Average Kilometres Travelled,2023,Diesel,Co. Kilkenny,Goods vehicles,All years,Kilometres,22372
Average Kilometres Travelled,2023,Diesel,Co. Kilkenny,Motor cycles,All years,Kilometres,2498
Average Kilometres Travelled,2023,Diesel,Co. Kilkenny,Tractors & Machinery,All years,Kilometres,15392
Average Kilometres Travelled,2023,Diesel,Co. Kilkenny,Small PSVs,All years,Kilometres,39592
Average Kilometres Travelled,2023,Diesel,Co. Kilkenny,Large PSVs,All years,Kilometres,32002
Average Kilometres Travelled,2023,Diesel,Co. Kilkenny,Exempt vehicles,All years,Kilometres,13483
Average Kilometres Travelled,2023,Diesel,Co. Kilkenny,Other vehicles,All years,Kilometres,6212
Average Kilometres Travelled,2023,Diesel,Co. Laois,Private cars,All years,Kilometres,19503
Average Kilometres Travelled,2023,Diesel,Co. Laois,Goods vehicles,All years,Kilometres,22133
Average Kilometres Travelled,2023,Diesel,Co. Laois,Motor cycles,All years,Kilometres,3111
Average Kilometres Travelled,2023,Diesel,Co. Laois,Tractors & Machinery,All years,Kilometres,14812
Average Kilometres Travelled,2023,Diesel,Co. Laois,Small PSVs,All years,Kilometres,40029
Average Kilometres Travelled,2023,Diesel,Co. Laois,Large PSVs,All years,Kilometres,26996
Average Kilometres Travelled,2023,Diesel,Co. Laois,Exempt vehicles,All years,Kilometres,13540
Average Kilometres Travelled,2023,Diesel,Co. Laois,Other vehicles,All years,Kilometres,7000
Average Kilometres Travelled,2023,Diesel,Co. Longford,Private cars,All years,Kilometres,19757
Average Kilometres Travelled,2023,Diesel,Co. Longford,Goods vehicles,All years,Kilometres,22334
Average Kilometres Travelled,2023,Diesel,Co. Longford,Motor cycles,All years,Kilometres,0
Average Kilometres Travelled,2023,Diesel,Co. Longford,Tractors & Machinery,All years,Kilometres,15590
Average Kilometres Travelled,2023,Diesel,Co. Longford,Small PSVs,All years,Kilometres,43074
Average Kilometres Travelled,2023,Diesel,Co. Longford,Large PSVs,All years,Kilometres,30248
Average Kilometres Travelled,2023,Diesel,Co. Longford,Exempt vehicles,All years,Kilometres,15744
Average Kilometres Travelled,2023,Diesel,Co. Longford,Other vehicles,All years,Kilometres,5145
Average Kilometres Travelled,2023,Diesel,Co. Louth,Private cars,All years,Kilometres,17909
Average Kilometres Travelled,2023,Diesel,Co. Louth,Goods vehicles,All years,Kilometres,22180
Average Kilometres Travelled,2023,Diesel,Co. Louth,Motor cycles,All years,Kilometres,2443
Average Kilometres Travelled,2023,Diesel,Co. Louth,Tractors & Machinery,All years,Kilometres,16081
Average Kilometres Travelled,2023,Diesel,Co. Louth,Small PSVs,All years,Kilometres,39510
Average Kilometres Travelled,2023,Diesel,Co. Louth,Large PSVs,All years,Kilometres,27207
Average Kilometres Travelled,2023,Diesel,Co. Louth,Exempt vehicles,All years,Kilometres,12730
Average Kilometres Travelled,2023,Diesel,Co. Louth,Other vehicles,All years,Kilometres,6958
Average Kilometres Travelled,2023,Diesel,Co. Meath,Private cars,All years,Kilometres,18339
Average Kilometres Travelled,2023,Diesel,Co. Meath,Goods vehicles,All years,Kilometres,23860
Average Kilometres Travelled,2023,Diesel,Co. Meath,Motor cycles,All years,Kilometres,3241
Average Kilometres Travelled,2023,Diesel,Co. Meath,Tractors & Machinery,All years,Kilometres,15528
Average Kilometres Travelled,2023,Diesel,Co. Meath,Small PSVs,All years,Kilometres,42162
Average Kilometres Travelled,2023,Diesel,Co. Meath,Large PSVs,All years,Kilometres,27730
Average Kilometres Travelled,2023,Diesel,Co. Meath,Exempt vehicles,All years,Kilometres,13225
Average Kilometres Travelled,2023,Diesel,Co. Meath,Other vehicles,All years,Kilometres,7558
Average Kilometres Travelled,2023,Diesel,Co. Offaly,Private cars,All years,Kilometres,19491
Average Kilometres Travelled,2023,Diesel,Co. Offaly,Goods vehicles,All years,Kilometres,21663
Average Kilometres Travelled,2023,Diesel,Co. Offaly,Motor cycles,All years,Kilometres,2666
Average Kilometres Travelled,2023,Diesel,Co. Offaly,Tractors & Machinery,All years,Kilometres,15820
Average Kilometres Travelled,2023,Diesel,Co. Offaly,Small PSVs,All years,Kilometres,38618
Average Kilometres Travelled,2023,Diesel,Co. Offaly,Large PSVs,All years,Kilometres,26294
Average Kilometres Travelled,2023,Diesel,Co. Offaly,Exempt vehicles,All years,Kilometres,14396
Average Kilometres Travelled,2023,Diesel,Co. Offaly,Other vehicles,All years,Kilometres,5161
Average Kilometres Travelled,2023,Diesel,Co. Westmeath,Private cars,All years,Kilometres,19293
Average Kilometres Travelled,2023,Diesel,Co. Westmeath,Goods vehicles,All years,Kilometres,21478
Average Kilometres Travelled,2023,Diesel,Co. Westmeath,Motor cycles,All years,Kilometres,3033
Average Kilometres Travelled,2023,Diesel,Co. Westmeath,Tractors & Machinery,All years,Kilometres,15502
Average Kilometres Travelled,2023,Diesel,Co. Westmeath,Small PSVs,All years,Kilometres,41621
Average Kilometres Travelled,2023,Diesel,Co. Westmeath,Large PSVs,All years,Kilometres,31532
Average Kilometres Travelled,2023,Diesel,Co. Westmeath,Exempt vehicles,All years,Kilometres,14042
Average Kilometres Travelled,2023,Diesel,Co. Westmeath,Other vehicles,All years,Kilometres,6322
Average Kilometres Travelled,2023,Diesel,Co. Wexford,Private cars,All years,Kilometres,18924
Average Kilometres Travelled,2023,Diesel,Co. Wexford,Goods vehicles,All years,Kilometres,23714
Average Kilometres Travelled,2023,Diesel,Co. Wexford,Motor cycles,All years,Kilometres,3068
Average Kilometres Travelled,2023,Diesel,Co. Wexford,Tractors & Machinery,All years,Kilometres,15573
Average Kilometres Travelled,2023,Diesel,Co. Wexford,Small PSVs,All years,Kilometres,40251
Average Kilometres Travelled,2023,Diesel,Co. Wexford,Large PSVs,All years,Kilometres,31673
Average Kilometres Travelled,2023,Diesel,Co. Wexford,Exempt vehicles,All years,Kilometres,14296
Average Kilometres Travelled,2023,Diesel,Co. Wexford,Other vehicles,All years,Kilometres,6436
Average Kilometres Travelled,2023,Diesel,Co. Wicklow,Private cars,All years,Kilometres,17644
Average Kilometres Travelled,2023,Diesel,Co. Wicklow,Goods vehicles,All years,Kilometres,20545
Average Kilometres Travelled,2023,Diesel,Co. Wicklow,Motor cycles,All years,Kilometres,3040
Average Kilometres Travelled,2023,Diesel,Co. Wicklow,Tractors & Machinery,All years,Kilometres,14868
Average Kilometres Travelled,2023,Diesel,Co. Wicklow,Small PSVs,All years,Kilometres,38651
Average Kilometres Travelled,2023,Diesel,Co. Wicklow,Large PSVs,All years,Kilometres,26131
Average Kilometres Travelled,2023,Diesel,Co. Wicklow,Exempt vehicles,All years,Kilometres,12582
Average Kilometres Travelled,2023,Diesel,Co. Wicklow,Other vehicles,All years,Kilometres,7038
Average Kilometres Travelled,2023,Diesel,Co. Clare,Private cars,All years,Kilometres,19355
Average Kilometres Travelled,2023,Diesel,Co. Clare,Goods vehicles,All years,Kilometres,20460
Average Kilometres Travelled,2023,Diesel,Co. Clare,Motor cycles,All years,Kilometres,2888
Average Kilometres Travelled,2023,Diesel,Co. Clare,Tractors & Machinery,All years,Kilometres,16116
Average Kilometres Travelled,2023,Diesel,Co. Clare,Small PSVs,All years,Kilometres,39022
Average Kilometres Travelled,2023,Diesel,Co. Clare,Large PSVs,All years,Kilometres,26841
Average Kilometres Travelled,2023,Diesel,Co. Clare,Exempt vehicles,All years,Kilometres,13613
Average Kilometres Travelled,2023,Diesel,Co. Clare,Other vehicles,All years,Kilometres,5398
Average Kilometres Travelled,2023,Diesel,Co. Cork,Private cars,All years,Kilometres,17501
Average Kilometres Travelled,2023,Diesel,Co. Cork,Goods vehicles,All years,Kilometres,20954
Average Kilometres Travelled,2023,Diesel,Co. Cork,Motor cycles,All years,Kilometres,3015
Average Kilometres Travelled,2023,Diesel,Co. Cork,Tractors & Machinery,All years,Kilometres,15367
Average Kilometres Travelled,2023,Diesel,Co. Cork,Small PSVs,All years,Kilometres,37579
Average Kilometres Travelled,2023,Diesel,Co. Cork,Large PSVs,All years,Kilometres,28329
Average Kilometres Travelled,2023,Diesel,Co. Cork,Exempt vehicles,All years,Kilometres,14452
Average Kilometres Travelled,2023,Diesel,Co. Cork,Other vehicles,All years,Kilometres,6069
Average Kilometres Travelled,2023,Diesel,Co. Kerry,Private cars,All years,Kilometres,18395
Average Kilometres Travelled,2023,Diesel,Co. Kerry,Goods vehicles,All years,Kilometres,20819
Average Kilometres Travelled,2023,Diesel,Co. Kerry,Motor cycles,All years,Kilometres,3067
Average Kilometres Travelled,2023,Diesel,Co. Kerry,Tractors & Machinery,All years,Kilometres,15513
Average Kilometres Travelled,2023,Diesel,Co. Kerry,Small PSVs,All years,Kilometres,39027
Average Kilometres Travelled,2023,Diesel,Co. Kerry,Large PSVs,All years,Kilometres,30470
Average Kilometres Travelled,2023,Diesel,Co. Kerry,Exempt vehicles,All years,Kilometres,14392
Average Kilometres Travelled,2023,Diesel,Co. Kerry,Other vehicles,All years,Kilometres,4966
Average Kilometres Travelled,2023,Diesel,Co. Limerick,Private cars,All years,Kilometres,18627
Average Kilometres Travelled,2023,Diesel,Co. Limerick,Goods vehicles,All years,Kilometres,22854
Average Kilometres Travelled,2023,Diesel,Co. Limerick,Motor cycles,All years,Kilometres,3161
Average Kilometres Travelled,2023,Diesel,Co. Limerick,Tractors & Machinery,All years,Kilometres,15572
Average Kilometres Travelled,2023,Diesel,Co. Limerick,Small PSVs,All years,Kilometres,36986
Average Kilometres Travelled,2023,Diesel,Co. Limerick,Large PSVs,All years,Kilometres,31998
Average Kilometres Travelled,2023,Diesel,Co. Limerick,Exempt vehicles,All years,Kilometres,12788
Average Kilometres Travelled,2023,Diesel,Co. Limerick,Other vehicles,All years,Kilometres,5450
Average Kilometres Travelled,2023,Diesel,Co. Tipperary,Private cars,All years,Kilometres,19586
Average Kilometres Travelled,2023,Diesel,Co. Tipperary,Goods vehicles,All years,Kilometres,21296
Average Kilometres Travelled,2023,Diesel,Co. Tipperary,Motor cycles,All years,Kilometres,2933
Average Kilometres Travelled,2023,Diesel,Co. Tipperary,Tractors & Machinery,All years,Kilometres,15791
Average Kilometres Travelled,2023,Diesel,Co. Tipperary,Small PSVs,All years,Kilometres,35074
Average Kilometres Travelled,2023,Diesel,Co. Tipperary,Large PSVs,All years,Kilometres,28622
Average Kilometres Travelled,2023,Diesel,Co. Tipperary,Exempt vehicles,All years,Kilometres,15099
Average Kilometres Travelled,2023,Diesel,Co. Tipperary,Other vehicles,All years,Kilometres,6170
Average Kilometres Travelled,2023,Diesel,Co. Waterford,Private cars,All years,Kilometres,17982
Average Kilometres Travelled,2023,Diesel,Co. Waterford,Goods vehicles,All years,Kilometres,19933
Average Kilometres Travelled,2023,Diesel,Co. Waterford,Motor cycles,All years,Kilometres,3115
Average Kilometres Travelled,2023,Diesel,Co. Waterford,Tractors & Machinery,All years,Kilometres,15430
Average Kilometres Travelled,2023,Diesel,Co. Waterford,Small PSVs,All years,Kilometres,40558
Average Kilometres Travelled,2023,Diesel,Co. Waterford,Large PSVs,All years,Kilometres,26279
Average Kilometres Travelled,2023,Diesel,Co. Waterford,Exempt vehicles,All years,Kilometres,13530
Average Kilometres Travelled,2023,Diesel,Co. Waterford,Other vehicles,All years,Kilometres,6824
Average Kilometres Travelled,2023,Diesel,Co. Galway,Private cars,All years,Kilometres,18991
Average Kilometres Travelled,2023,Diesel,Co. Galway,Goods vehicles,All years,Kilometres,21620
Average Kilometres Travelled,2023,Diesel,Co. Galway,Motor cycles,All years,Kilometres,3083
Average Kilometres Travelled,2023,Diesel,Co. Galway,Tractors & Machinery,All years,Kilometres,15657
Average Kilometres Travelled,2023,Diesel,Co. Galway,Small PSVs,All years,Kilometres,40475
Average Kilometres Travelled,2023,Diesel,Co. Galway,Large PSVs,All years,Kilometres,35439
Average Kilometres Travelled,2023,Diesel,Co. Galway,Exempt vehicles,All years,Kilometres,19302
Average Kilometres Travelled,2023,Diesel,Co. Galway,Other vehicles,All years,Kilometres,6633
Average Kilometres Travelled,2023,Diesel,Co. Leitrim,Private cars,All years,Kilometres,19734
Average Kilometres Travelled,2023,Diesel,Co. Leitrim,Goods vehicles,All years,Kilometres,19879
Average Kilometres Travelled,2023,Diesel,Co. Leitrim,Motor cycles,All years,Kilometres,3260
Average Kilometres Travelled,2023,Diesel,Co. Leitrim,Tractors & Machinery,All years,Kilometres,15871
Average Kilometres Travelled,2023,Diesel,Co. Leitrim,Small PSVs,All years,Kilometres,42352
Average Kilometres Travelled,2023,Diesel,Co. Leitrim,Large PSVs,All years,Kilometres,21963
Average Kilometres Travelled,2023,Diesel,Co. Leitrim,Exempt vehicles,All years,Kilometres,15882
Average Kilometres Travelled,2023,Diesel,Co. Leitrim,Other vehicles,All years,Kilometres,4699
Average Kilometres Travelled,2023,Diesel,Co. Mayo,Private cars,All years,Kilometres,19080
Average Kilometres Travelled,2023,Diesel,Co. Mayo,Goods vehicles,All years,Kilometres,19983
Average Kilometres Travelled,2023,Diesel,Co. Mayo,Motor cycles,All years,Kilometres,0
Average Kilometres Travelled,2023,Diesel,Co. Mayo,Tractors & Machinery,All years,Kilometres,15524
Average Kilometres Travelled,2023,Diesel,Co. Mayo,Small PSVs,All years,Kilometres,37681
Average Kilometres Travelled,2023,Diesel,Co. Mayo,Large PSVs,All years,Kilometres,33185
Average Kilometres Travelled,2023,Diesel,Co. Mayo,Exempt vehicles,All years,Kilometres,14783
Average Kilometres Travelled,2023,Diesel,Co. Mayo,Other vehicles,All years,Kilometres,5869
Average Kilometres Travelled,2023,Diesel,Co. Roscommon,Private cars,All years,Kilometres,20474
Average Kilometres Travelled,2023,Diesel,Co. Roscommon,Goods vehicles,All years,Kilometres,20808
Average Kilometres Travelled,2023,Diesel,Co. Roscommon,Motor cycles,All years,Kilometres,2888
Average Kilometres Travelled,2023,Diesel,Co. Roscommon,Tractors & Machinery,All years,Kilometres,16039
Average Kilometres Travelled,2023,Diesel,Co. Roscommon,Small PSVs,All years,Kilometres,39324
Average Kilometres Travelled,2023,Diesel,Co. Roscommon,Large PSVs,All years,Kilometres,30653
Average Kilometres Travelled,2023,Diesel,Co. Roscommon,Exempt vehicles,All years,Kilometres,14413
Average Kilometres Travelled,2023,Diesel,Co. Roscommon,Other vehicles,All years,Kilometres,4791
Average Kilometres Travelled,2023,Diesel,Co. Sligo,Private cars,All years,Kilometres,18782
Average Kilometres Travelled,2023,Diesel,Co. Sligo,Goods vehicles,All years,Kilometres,19721
Average Kilometres Travelled,2023,Diesel,Co. Sligo,Motor cycles,All years,Kilometres,2648
Average Kilometres Travelled,2023,Diesel,Co. Sligo,Tractors & Machinery,All years,Kilometres,16049
Average Kilometres Travelled,2023,Diesel,Co. Sligo,Small PSVs,All years,Kilometres,39645
Average Kilometres Travelled,2023,Diesel,Co. Sligo,Large PSVs,All years,Kilometres,35793
Average Kilometres Travelled,2023,Diesel,Co. Sligo,Exempt vehicles,All years,Kilometres,14452
Average Kilometres Travelled,2023,Diesel,Co. Sligo,Other vehicles,All years,Kilometres,5901
Average Kilometres Travelled,2023,Diesel,Co. Cavan,Private cars,All years,Kilometres,19420
Average Kilometres Travelled,2023,Diesel,Co. Cavan,Goods vehicles,All years,Kilometres,21747
Average Kilometres Travelled,2023,Diesel,Co. Cavan,Motor cycles,All years,Kilometres,2947
Average Kilometres Travelled,2023,Diesel,Co. Cavan,Tractors & Machinery,All years,Kilometres,15295
Average Kilometres Travelled,2023,Diesel,Co. Cavan,Small PSVs,All years,Kilometres,38289
Average Kilometres Travelled,2023,Diesel,Co. Cavan,Large PSVs,All years,Kilometres,31086
Average Kilometres Travelled,2023,Diesel,Co. Cavan,Exempt vehicles,All years,Kilometres,15189
Average Kilometres Travelled,2023,Diesel,Co. Cavan,Other vehicles,All years,Kilometres,6585
Average Kilometres Travelled,2023,Diesel,Co. Donegal,Private cars,All years,Kilometres,18639
Average Kilometres Travelled,2023,Diesel,Co. Donegal,Goods vehicles,All years,Kilometres,19700
Average Kilometres Travelled,2023,Diesel,Co. Donegal,Motor cycles,All years,Kilometres,2601
Average Kilometres Travelled,2023,Diesel,Co. Donegal,Tractors & Machinery,All years,Kilometres,16770
Average Kilometres Travelled,2023,Diesel,Co. Donegal,Small PSVs,All years,Kilometres,42925
Average Kilometres Travelled,2023,Diesel,Co. Donegal,Large PSVs,All years,Kilometres,31605
Average Kilometres Travelled,2023,Diesel,Co. Donegal,Exempt vehicles,All years,Kilometres,13312
Average Kilometres Travelled,2023,Diesel,Co. Donegal,Other vehicles,All years,Kilometres,4854
Average Kilometres Travelled,2023,Diesel,Co. Monaghan,Private cars,All years,Kilometres,19052
Average Kilometres Travelled,2023,Diesel,Co. Monaghan,Goods vehicles,All years,Kilometres,24702
Average Kilometres Travelled,2023,Diesel,Co. Monaghan,Motor cycles,All years,Kilometres,0
Average Kilometres Travelled,2023,Diesel,Co. Monaghan,Tractors & Machinery,All years,Kilometres,16155
Average Kilometres Travelled,2023,Diesel,Co. Monaghan,Small PSVs,All years,Kilometres,39509
Average Kilometres Travelled,2023,Diesel,Co. Monaghan,Large PSVs,All years,Kilometres,36443
Average Kilometres Travelled,2023,Diesel,Co. Monaghan,Exempt vehicles,All years,Kilometres,12902
Average Kilometres Travelled,2023,Diesel,Co. Monaghan,Other vehicles,All years,Kilometres,5642
Average Kilometres Travelled,2023,Other fuel types,Co. Carlow,Private cars,All years,Kilometres,14130
Average Kilometres Travelled,2023,Other fuel types,Co. Carlow,Goods vehicles,All years,Kilometres,24386
Average Kilometres Travelled,2023,Other fuel types,Co. Carlow,Motor cycles,All years,Kilometres,3359
Average Kilometres Travelled,2023,Other fuel types,Co. Carlow,Tractors & Machinery,All years,Kilometres,0
Average Kilometres Travelled,2023,Other fuel types,Co. Carlow,Small PSVs,All years,Kilometres,45675
Average Kilometres Travelled,2023,Other fuel types,Co. Carlow,Large PSVs,All years,Kilometres,0
Average Kilometres Travelled,2023,Other fuel types,Co. Carlow,Exempt vehicles,All years,Kilometres,13359
Average Kilometres Travelled,2023,Other fuel types,Co. Carlow,Other vehicles,All years,Kilometres,3274
Average Kilometres Travelled,2023,Other fuel types,Co. Dublin,Private cars,All years,Kilometres,13334
Average Kilometres Travelled,2023,Other fuel types,Co. Dublin,Goods vehicles,All years,Kilometres,14781
Average Kilometres Travelled,2023,Other fuel types,Co. Dublin,Motor cycles,All years,Kilometres,3170
Average Kilometres Travelled,2023,Other fuel types,Co. Dublin,Tractors & Machinery,All years,Kilometres,9622
Average Kilometres Travelled,2023,Other fuel types,Co. Dublin,Small PSVs,All years,Kilometres,40983
Average Kilometres Travelled,2023,Other fuel types,Co. Dublin,Large PSVs,All years,Kilometres,51951
Average Kilometres Travelled,2023,Other fuel types,Co. Dublin,Exempt vehicles,All years,Kilometres,12362
Average Kilometres Travelled,2023,Other fuel types,Co. Dublin,Other vehicles,All years,Kilometres,7221
Average Kilometres Travelled,2023,Other fuel types,Co. Kildare,Private cars,All years,Kilometres,14081
Average Kilometres Travelled,2023,Other fuel types,Co. Kildare,Goods vehicles,All years,Kilometres,27120
Average Kilometres Travelled,2023,Other fuel types,Co. Kildare,Motor cycles,All years,Kilometres,3037
Average Kilometres Travelled,2023,Other fuel types,Co. Kildare,Tractors & Machinery,All years,Kilometres,8307
Average Kilometres Travelled,2023,Other fuel types,Co. Kildare,Small PSVs,All years,Kilometres,45412
Average Kilometres Travelled,2023,Other fuel types,Co. Kildare,Large PSVs,All years,Kilometres,0
Average Kilometres Travelled,2023,Other fuel types,Co. Kildare,Exempt vehicles,All years,Kilometres,15193
Average Kilometres Travelled,2023,Other fuel types,Co. Kildare,Other vehicles,All years,Kilometres,17017
Average Kilometres Travelled,2023,Other fuel types,Co. Kilkenny,Private cars,All years,Kilometres,14206
Average Kilometres Travelled,2023,Other fuel types,Co. Kilkenny,Goods vehicles,All years,Kilometres,16861
Average Kilometres Travelled,2023,Other fuel types,Co. Kilkenny,Motor cycles,All years,Kilometres,2423
Average Kilometres Travelled,2023,Other fuel types,Co. Kilkenny,Tractors & Machinery,All years,Kilometres,14163
Average Kilometres Travelled,2023,Other fuel types,Co. Kilkenny,Small PSVs,All years,Kilometres,44264
Average Kilometres Travelled,2023,Other fuel types,Co. Kilkenny,Large PSVs,All years,Kilometres,0
Average Kilometres Travelled,2023,Other fuel types,Co. Kilkenny,Exempt vehicles,All years,Kilometres,13423
Average Kilometres Travelled,2023,Other fuel types,Co. Kilkenny,Other vehicles,All years,Kilometres,3167
Average Kilometres Travelled,2023,Other fuel types,Co. Laois,Private cars,All years,Kilometres,14606
Average Kilometres Travelled,2023,Other fuel types,Co. Laois,Goods vehicles,All years,Kilometres,19306
Average Kilometres Travelled,2023,Other fuel types,Co. Laois,Motor cycles,All years,Kilometres,3069
Average Kilometres Travelled,2023,Other fuel types,Co. Laois,Tractors & Machinery,All years,Kilometres,0
Average Kilometres Travelled,2023,Other fuel types,Co. Laois,Small PSVs,All years,Kilometres,43146
Average Kilometres Travelled,2023,Other fuel types,Co. Laois,Large PSVs,All years,Kilometres,0
Average Kilometres Travelled,2023,Other fuel types,Co. Laois,Exempt vehicles,All years,Kilometres,16228
Average Kilometres Travelled,2023,Other fuel types,Co. Laois,Other vehicles,All years,Kilometres,9217
Average Kilometres Travelled,2023,Other fuel types,Co. Longford,Private cars,All years,Kilometres,14485
Average Kilometres Travelled,2023,Other fuel types,Co. Longford,Goods vehicles,All years,Kilometres,25087
Average Kilometres Travelled,2023,Other fuel types,Co. Longford,Motor cycles,All years,Kilometres,3146
Average Kilometres Travelled,2023,Other fuel types,Co. Longford,Tractors & Machinery,All years,Kilometres,0
Average Kilometres Travelled,2023,Other fuel types,Co. Longford,Small PSVs,All years,Kilometres,46685
Average Kilometres Travelled,2023,Other fuel types,Co. Longford,Large PSVs,All years,Kilometres,0
Average Kilometres Travelled,2023,Other fuel types,Co. Longford,Exempt vehicles,All years,Kilometres,17238
Average Kilometres Travelled,2023,Other fuel types,Co. Longford,Other vehicles,All years,Kilometres,3238
Average Kilometres Travelled,2023,Other fuel types,Co. Louth,Private cars,All years,Kilometres,14174
Average Kilometres Travelled,2023,Other fuel types,Co. Louth,Goods vehicles,All years,Kilometres,20481
Average Kilometres Travelled,2023,Other fuel types,Co. Louth,Motor cycles,All years,Kilometres,3266
Average Kilometres Travelled,2023,Other fuel types,Co. Louth,Tractors & Machinery,All years,Kilometres,0
Average Kilometres Travelled,2023,Other fuel types,Co. Louth,Small PSVs,All years,Kilometres,39147
Average Kilometres Travelled,2023,Other fuel types,Co. Louth,Large PSVs,All years,Kilometres,0
Average Kilometres Travelled,2023,Other fuel types,Co. Louth,Exempt vehicles,All years,Kilometres,12872
Average Kilometres Travelled,2023,Other fuel types,Co. Louth,Other vehicles,All years,Kilometres,25760
Average Kilometres Travelled,2023,Other fuel types,Co. Meath,Private cars,All years,Kilometres,14223
Average Kilometres Travelled,2023,Other fuel types,Co. Meath,Goods vehicles,All years,Kilometres,24032
Average Kilometres Travelled,2023,Other fuel types,Co. Meath,Motor cycles,All years,Kilometres,3215
Average Kilometres Travelled,2023,Other fuel types,Co. Meath,Tractors & Machinery,All years,Kilometres,0
Average Kilometres Travelled,2023,Other fuel types,Co. Meath,Small PSVs,All years,Kilometres,43980
Average Kilometres Travelled,2023,Other fuel types,Co. Meath,Large PSVs,All years,Kilometres,0
Average Kilometres Travelled,2023,Other fuel types,Co. Meath,Exempt vehicles,All years,Kilometres,13328
Average Kilometres Travelled,2023,Other fuel types,Co. Meath,Other vehicles,All years,Kilometres,6731
Average Kilometres Travelled,2023,Other fuel types,Co. Offaly,Private cars,All years,Kilometres,14542
Average Kilometres Travelled,2023,Other fuel types,Co. Offaly,Goods vehicles,All years,Kilometres,20888
Average Kilometres Travelled,2023,Other fuel types,Co. Offaly,Motor cycles,All years,Kilometres,3044
Average Kilometres Travelled,2023,Other fuel types,Co. Offaly,Tractors & Machinery,All years,Kilometres,0
Average Kilometres Travelled,2023,Other fuel types,Co. Offaly,Small PSVs,All years,Kilometres,43834
Average Kilometres Travelled,2023,Other fuel types,Co. Offaly,Large PSVs,All years,Kilometres,0
Average Kilometres Travelled,2023,Other fuel types,Co. Offaly,Exempt vehicles,All years,Kilometres,16280
Average Kilometres Travelled,2023,Other fuel types,Co. Offaly,Other vehicles,All years,Kilometres,3281
Average Kilometres Travelled,2023,Other fuel types,Co. Westmeath,Private cars,All years,Kilometres,14262
Average Kilometres Travelled,2023,Other fuel types,Co. Westmeath,Goods vehicles,All years,Kilometres,21562
Average Kilometres Travelled,2023,Other fuel types,Co. Westmeath,Motor cycles,All years,Kilometres,2864
Average Kilometres Travelled,2023,Other fuel types,Co. Westmeath,Tractors & Machinery,All years,Kilometres,0
Average Kilometres Travelled,2023,Other fuel types,Co. Westmeath,Small PSVs,All years,Kilometres,44769
Average Kilometres Travelled,2023,Other fuel types,Co. Westmeath,Large PSVs,All years,Kilometres,39820
Average Kilometres Travelled,2023,Other fuel types,Co. Westmeath,Exempt vehicles,All years,Kilometres,14748
Average Kilometres Travelled,2023,Other fuel types,Co. Westmeath,Other vehicles,All years,Kilometres,6454
Average Kilometres Travelled,2023,Other fuel types,Co. Wexford,Private cars,All years,Kilometres,14199
Average Kilometres Travelled,2023,Other fuel types,Co. Wexford,Goods vehicles,All years,Kilometres,18890
Average Kilometres Travelled,2023,Other fuel types,Co. Wexford,Motor cycles,All years,Kilometres,3081
Average Kilometres Travelled,2023,Other fuel types,Co. Wexford,Tractors & Machinery,All years,Kilometres,11556
Average Kilometres Travelled,2023,Other fuel types,Co. Wexford,Small PSVs,All years,Kilometres,43470
Average Kilometres Travelled,2023,Other fuel types,Co. Wexford,Large PSVs,All years,Kilometres,0
Average Kilometres Travelled,2023,Other fuel types,Co. Wexford,Exempt vehicles,All years,Kilometres,14178
Average Kilometres Travelled,2023,Other fuel types,Co. Wexford,Other vehicles,All years,Kilometres,6128
Average Kilometres Travelled,2023,Other fuel types,Co. Wicklow,Private cars,All years,Kilometres,13995
Average Kilometres Travelled,2023,Other fuel types,Co. Wicklow,Goods vehicles,All years,Kilometres,21187
Average Kilometres Travelled,2023,Other fuel types,Co. Wicklow,Motor cycles,All years,Kilometres,2973
Average Kilometres Travelled,2023,Other fuel types,Co. Wicklow,Tractors & Machinery,All years,Kilometres,7937
Average Kilometres Travelled,2023,Other fuel types,Co. Wicklow,Small PSVs,All years,Kilometres,42741
Average Kilometres Travelled,2023,Other fuel types,Co. Wicklow,Large PSVs,All years,Kilometres,30416
Average Kilometres Travelled,2023,Other fuel types,Co. Wicklow,Exempt vehicles,All years,Kilometres,13194
Average Kilometres Travelled,2023,Other fuel types,Co. Wicklow,Other vehicles,All years,Kilometres,4126
Average Kilometres Travelled,2023,Other fuel types,Co. Clare,Private cars,All years,Kilometres,14156
Average Kilometres Travelled,2023,Other fuel types,Co. Clare,Goods vehicles,All years,Kilometres,21234
Average Kilometres Travelled,2023,Other fuel types,Co. Clare,Motor cycles,All years,Kilometres,2415
Average Kilometres Travelled,2023,Other fuel types,Co. Clare,Tractors & Machinery,All years,Kilometres,5886
Average Kilometres Travelled,2023,Other fuel types,Co. Clare,Small PSVs,All years,Kilometres,39347
Average Kilometres Travelled,2023,Other fuel types,Co. Clare,Large PSVs,All years,Kilometres,0
Average Kilometres Travelled,2023,Other fuel types,Co. Clare,Exempt vehicles,All years,Kilometres,13844
Average Kilometres Travelled,2023,Other fuel types,Co. Clare,Other vehicles,All years,Kilometres,3822
Average Kilometres Travelled,2023,Other fuel types,Co. Cork,Private cars,All years,Kilometres,13883
Average Kilometres Travelled,2023,Other fuel types,Co. Cork,Goods vehicles,All years,Kilometres,18704
Average Kilometres Travelled,2023,Other fuel types,Co. Cork,Motor cycles,All years,Kilometres,3175
Average Kilometres Travelled,2023,Other fuel types,Co. Cork,Tractors & Machinery,All years,Kilometres,10348
Average Kilometres Travelled,2023,Other fuel types,Co. Cork,Small PSVs,All years,Kilometres,41975
Average Kilometres Travelled,2023,Other fuel types,Co. Cork,Large PSVs,All years,Kilometres,0
Average Kilometres Travelled,2023,Other fuel types,Co. Cork,Exempt vehicles,All years,Kilometres,13913
Average Kilometres Travelled,2023,Other fuel types,Co. Cork,Other vehicles,All years,Kilometres,5037
Average Kilometres Travelled,2023,Other fuel types,Co. Kerry,Private cars,All years,Kilometres,14021
Average Kilometres Travelled,2023,Other fuel types,Co. Kerry,Goods vehicles,All years,Kilometres,22124
Average Kilometres Travelled,2023,Other fuel types,Co. Kerry,Motor cycles,All years,Kilometres,3009
Average Kilometres Travelled,2023,Other fuel types,Co. Kerry,Tractors & Machinery,All years,Kilometres,8681
Average Kilometres Travelled,2023,Other fuel types,Co. Kerry,Small PSVs,All years,Kilometres,42688
Average Kilometres Travelled,2023,Other fuel types,Co. Kerry,Large PSVs,All years,Kilometres,0
Average Kilometres Travelled,2023,Other fuel types,Co. Kerry,Exempt vehicles,All years,Kilometres,14541
Average Kilometres Travelled,2023,Other fuel types,Co. Kerry,Other vehicles,All years,Kilometres,3331
Average Kilometres Travelled,2023,Other fuel types,Co. Limerick,Private cars,All years,Kilometres,14025
Average Kilometres Travelled,2023,Other fuel types,Co. Limerick,Goods vehicles,All years,Kilometres,24802
Average Kilometres Travelled,2023,Other fuel types,Co. Limerick,Motor cycles,All years,Kilometres,3132
Average Kilometres Travelled,2023,Other fuel types,Co. Limerick,Tractors & Machinery,All years,Kilometres,10379
Average Kilometres Travelled,2023,Other fuel types,Co. Limerick,Small PSVs,All years,Kilometres,41502
Average Kilometres Travelled,2023,Other fuel types,Co. Limerick,Large PSVs,All years,Kilometres,60258
Average Kilometres Travelled,2023,Other fuel types,Co. Limerick,Exempt vehicles,All years,Kilometres,12597
Average Kilometres Travelled,2023,Other fuel types,Co. Limerick,Other vehicles,All years,Kilometres,4472
Average Kilometres Travelled,2023,Other fuel types,Co. Tipperary,Private cars,All years,Kilometres,14187
Average Kilometres Travelled,2023,Other fuel types,Co. Tipperary,Goods vehicles,All years,Kilometres,19138
Average Kilometres Travelled,2023,Other fuel types,Co. Tipperary,Motor cycles,All years,Kilometres,3053
Average Kilometres Travelled,2023,Other fuel types,Co. Tipperary,Tractors & Machinery,All years,Kilometres,7215
Average Kilometres Travelled,2023,Other fuel types,Co. Tipperary,Small PSVs,All years,Kilometres,32567
Average Kilometres Travelled,2023,Other fuel types,Co. Tipperary,Large PSVs,All years,Kilometres,0
Average Kilometres Travelled,2023,Other fuel types,Co. Tipperary,Exempt vehicles,All years,Kilometres,16003
Average Kilometres Travelled,2023,Other fuel types,Co. Tipperary,Other vehicles,All years,Kilometres,4538
Average Kilometres Travelled,2023,Other fuel types,Co. Waterford,Private cars,All years,Kilometres,13922
Average Kilometres Travelled,2023,Other fuel types,Co. Waterford,Goods vehicles,All years,Kilometres,16975
Average Kilometres Travelled,2023,Other fuel types,Co. Waterford,Motor cycles,All years,Kilometres,3232
Average Kilometres Travelled,2023,Other fuel types,Co. Waterford,Tractors & Machinery,All years,Kilometres,4601
Average Kilometres Travelled,2023,Other fuel types,Co. Waterford,Small PSVs,All years,Kilometres,45452
Average Kilometres Travelled,2023,Other fuel types,Co. Waterford,Large PSVs,All years,Kilometres,0
Average Kilometres Travelled,2023,Other fuel types,Co. Waterford,Exempt vehicles,All years,Kilometres,13249
Average Kilometres Travelled,2023,Other fuel types,Co. Waterford,Other vehicles,All years,Kilometres,3705
Average Kilometres Travelled,2023,Other fuel types,Co. Galway,Private cars,All years,Kilometres,14185
Average Kilometres Travelled,2023,Other fuel types,Co. Galway,Goods vehicles,All years,Kilometres,20124
Average Kilometres Travelled,2023,Other fuel types,Co. Galway,Motor cycles,All years,Kilometres,3229
Average Kilometres Travelled,2023,Other fuel types,Co. Galway,Tractors & Machinery,All years,Kilometres,7360
Average Kilometres Travelled,2023,Other fuel types,Co. Galway,Small PSVs,All years,Kilometres,42086
Average Kilometres Travelled,2023,Other fuel types,Co. Galway,Large PSVs,All years,Kilometres,55563
Average Kilometres Travelled,2023,Other fuel types,Co. Galway,Exempt vehicles,All years,Kilometres,19333
Average Kilometres Travelled,2023,Other fuel types,Co. Galway,Other vehicles,All years,Kilometres,9878
Average Kilometres Travelled,2023,Other fuel types,Co. Leitrim,Private cars,All years,Kilometres,14613
Average Kilometres Travelled,2023,Other fuel types,Co. Leitrim,Goods vehicles,All years,Kilometres,17872
Average Kilometres Travelled,2023,Other fuel types,Co. Leitrim,Motor cycles,All years,Kilometres,3262
Average Kilometres Travelled,2023,Other fuel types,Co. Leitrim,Tractors & Machinery,All years,Kilometres,0
Average Kilometres Travelled,2023,Other fuel types,Co. Leitrim,Small PSVs,All years,Kilometres,58098
Average Kilometres Travelled,2023,Other fuel types,Co. Leitrim,Large PSVs,All years,Kilometres,0
Average Kilometres Travelled,2023,Other fuel types,Co. Leitrim,Exempt vehicles,All years,Kilometres,16222
Average Kilometres Travelled,2023,Other fuel types,Co. Leitrim,Other vehicles,All years,Kilometres,3270
Average Kilometres Travelled,2023,Other fuel types,Co. Mayo,Private cars,All years,Kilometres,14388
Average Kilometres Travelled,2023,Other fuel types,Co. Mayo,Goods vehicles,All years,Kilometres,19894
Average Kilometres Travelled,2023,Other fuel types,Co. Mayo,Motor cycles,All years,Kilometres,3265
Average Kilometres Travelled,2023,Other fuel types,Co. Mayo,Tractors & Machinery,All years,Kilometres,0
Average Kilometres Travelled,2023,Other fuel types,Co. Mayo,Small PSVs,All years,Kilometres,44097
Average Kilometres Travelled,2023,Other fuel types,Co. Mayo,Large PSVs,All years,Kilometres,38759
Average Kilometres Travelled,2023,Other fuel types,Co. Mayo,Exempt vehicles,All years,Kilometres,14923
Average Kilometres Travelled,2023,Other fuel types,Co. Mayo,Other vehicles,All years,Kilometres,3273
Average Kilometres Travelled,2023,Other fuel types,Co. Roscommon,Private cars,All years,Kilometres,14364
Average Kilometres Travelled,2023,Other fuel types,Co. Roscommon,Goods vehicles,All years,Kilometres,23264
Average Kilometres Travelled,2023,Other fuel types,Co. Roscommon,Motor cycles,All years,Kilometres,0
Average Kilometres Travelled,2023,Other fuel types,Co. Roscommon,Tractors & Machinery,All years,Kilometres,0
Average Kilometres Travelled,2023,Other fuel types,Co. Roscommon,Small PSVs,All years,Kilometres,43637
Average Kilometres Travelled,2023,Other fuel types,Co. Roscommon,Large PSVs,All years,Kilometres,0
Average Kilometres Travelled,2023,Other fuel types,Co. Roscommon,Exempt vehicles,All years,Kilometres,15010
Average Kilometres Travelled,2023,Other fuel types,Co. Roscommon,Other vehicles,All years,Kilometres,0
Average Kilometres Travelled,2023,Other fuel types,Co. Sligo,Private cars,All years,Kilometres,14139
Average Kilometres Travelled,2023,Other fuel types,Co. Sligo,Goods vehicles,All years,Kilometres,17126
Average Kilometres Travelled,2023,Other fuel types,Co. Sligo,Motor cycles,All years,Kilometres,3220
Average Kilometres Travelled,2023,Other fuel types,Co. Sligo,Tractors & Machinery,All years,Kilometres,0
Average Kilometres Travelled,2023,Other fuel types,Co. Sligo,Small PSVs,All years,Kilometres,45090
Average Kilometres Travelled,2023,Other fuel types,Co. Sligo,Large PSVs,All years,Kilometres,0
Average Kilometres Travelled,2023,Other fuel types,Co. Sligo,Exempt vehicles,All years,Kilometres,14543
Average Kilometres Travelled,2023,Other fuel types,Co. Sligo,Other vehicles,All years,Kilometres,3834
Average Kilometres Travelled,2023,Other fuel types,Co. Cavan,Private cars,All years,Kilometres,14427
Average Kilometres Travelled,2023,Other fuel types,Co. Cavan,Goods vehicles,All years,Kilometres,28816
Average Kilometres Travelled,2023,Other fuel types,Co. Cavan,Motor cycles,All years,Kilometres,3157
Average Kilometres Travelled,2023,Other fuel types,Co. Cavan,Tractors & Machinery,All years,Kilometres,12662
Average Kilometres Travelled,2023,Other fuel types,Co. Cavan,Small PSVs,All years,Kilometres,40129
Average Kilometres Travelled,2023,Other fuel types,Co. Cavan,Large PSVs,All years,Kilometres,0
Average Kilometres Travelled,2023,Other fuel types,Co. Cavan,Exempt vehicles,All years,Kilometres,17304
Average Kilometres Travelled,2023,Other fuel types,Co. Cavan,Other vehicles,All years,Kilometres,4817
Average Kilometres Travelled,2023,Other fuel types,Co. Donegal,Private cars,All years,Kilometres,14243
Average Kilometres Travelled,2023,Other fuel types,Co. Donegal,Goods vehicles,All years,Kilometres,18848
Average Kilometres Travelled,2023,Other fuel types,Co. Donegal,Motor cycles,All years,Kilometres,3203
Average Kilometres Travelled,2023,Other fuel types,Co. Donegal,Tractors & Machinery,All years,Kilometres,20515
Average Kilometres Travelled,2023,Other fuel types,Co. Donegal,Small PSVs,All years,Kilometres,34815
Average Kilometres Travelled,2023,Other fuel types,Co. Donegal,Large PSVs,All years,Kilometres,0
Average Kilometres Travelled,2023,Other fuel types,Co. Donegal,Exempt vehicles,All years,Kilometres,13644
Average Kilometres Travelled,2023,Other fuel types,Co. Donegal,Other vehicles,All years,Kilometres,5457
Average Kilometres Travelled,2023,Other fuel types,Co. Monaghan,Private cars,All years,Kilometres,14109
Average Kilometres Travelled,2023,Other fuel types,Co. Monaghan,Goods vehicles,All years,Kilometres,38776
Average Kilometres Travelled,2023,Other fuel types,Co. Monaghan,Motor cycles,All years,Kilometres,3325
Average Kilometres Travelled,2023,Other fuel types,Co. Monaghan,Tractors & Machinery,All years,Kilometres,0
Average Kilometres Travelled,2023,Other fuel types,Co. Monaghan,Small PSVs,All years,Kilometres,26406
Average Kilometres Travelled,2023,Other fuel types,Co. Monaghan,Large PSVs,All years,Kilometres,36605
Average Kilometres Travelled,2023,Other fuel types,Co. Monaghan,Exempt vehicles,All years,Kilometres,13448
Average Kilometres Travelled,2023,Other fuel types,Co. Monaghan,Other vehicles,All years,Kilometres,3270
